{"item":[{"id":"8378e388-a490-48f4-a9f6-17a304238de6","name":"cardtokenservice/mss/cards/token","item":[{"id":"8bef694f-3e42-4de2-be1a-e0aec5832e02","name":"Update Card","request":{"name":"Update Card","description":{"content":"Update Card API modifies a card account.<br>This API to be used only when the provider is Finxact and Cards on EPOC Debit platform.<br>To download the API Specifications and Postman Collection, click <a href=\"../docs/?path=docs/resources/resources.md\" title=\"Click to open\">Resources</a>.","type":"text/plain"},"url":{"path":["cardtokenservice","mss","cards","token"],"host":["{{baseUrl}}"],"query":[],"variable":[]},"header":[{"disabled":false,"description":"(Required) EFX Header is a common and required component for all API calls, it contains client-related parameters. Please note that the header parameters should be sent as a JSON object under the EFXHeader parameter. To view the list of header parameters, <a href=\"../docs?path=docs/api-ref-EFX-header.md\" title=\"Click to open\"> click here.</a>","key":"EFXHeader","value":"OrganizationId,<string>,TrnId,<string>,VendorId,<string>,Context,[object Object]"},{"key":"Content-Type","value":"application/json"},{"key":"Accept","value":"application/json"}],"method":"PUT","auth":null,"body":{"mode":"raw","raw":"{\n  \"CardTokenInfo\": {\n    \"CardDtlStatus\": \"<string>\",\n    \"CardStatusReason\": \"<string>\"\n  },\n  \"CardTokenKeys\": {\n    \"Token\": \"<string>\",\n    \"CardSeqNum\": \"<string>\"\n  }\n}","options":{"raw":{"language":"json"}}}},"response":[{"id":"67c55b78-3f44-46d9-bdbe-5e2c354e6f68","name":"Success","originalRequest":{"url":{"path":["cardtokenservice","mss","cards","token"],"host":["{{baseUrl}}"],"query":[],"variable":[]},"header":[{"disabled":false,"description":"(Required) EFX Header is a common and required component for all API calls, it contains client-related parameters. Please note that the header parameters should be sent as a JSON object under the EFXHeader parameter. To view the list of header parameters, <a href=\"../docs?path=docs/api-ref-EFX-header.md\" title=\"Click to open\"> click here.</a>","key":"EFXHeader","value":"OrganizationId,<string>,TrnId,<string>,VendorId,<string>,Context,[object Object]"},{"key":"Accept","value":"application/json"}],"method":"PUT","body":{"mode":"raw","raw":"{\n  \"CardTokenInfo\": {\n    \"CardDtlStatus\": \"<string>\",\n    \"CardStatusReason\": \"<string>\"\n  },\n  \"CardTokenKeys\": {\n    \"Token\": \"<string>\",\n    \"CardSeqNum\": \"<string>\"\n  }\n}","options":{"raw":{"language":"json"}}}},"status":"OK","code":200,"header":[{"key":"Content-Type","value":"application/json"}],"body":"{\n  \"CardTokenStatusRec\": {\n    \"CardTokenKeys\": {\n      \"Token\": \"occaecat id\"\n    },\n    \"CardTokenStatus\": {\n      \"CardTokenStatusCode\": \"Valid\",\n      \"EffDt\": \"3515-68-47T29:78\"\n    }\n  },\n  \"Status\": {\n    \"Severity\": \"Warning\",\n    \"StatusCode\": \"in\",\n    \"StatusDesc\": \"Lorem amet\",\n    \"SvcProviderName\": \"proident\",\n    \"Id\": \"sunt amet\",\n    \"ServerStatusCode\": \"laboris \",\n    \"ServerStatusDesc\": \"ullamco\",\n    \"OvrdExceptionInd\": true,\n    \"SubjectRole\": \"mollit\",\n    \"SubjectElement\": [\n      {\n        \"Path\": \"aute laboris elit voluptate\",\n        \"ServerPath\": \"adipisicing occaecat Duis qui aute\",\n        \"Value\": \"dolor commodo Duis\"\n      },\n      {\n        \"Path\": \"id\",\n        \"ServerPath\": \"amet mollit nostrud incididunt\",\n        \"Value\": \"ullamco nisi\"\n      }\n    ],\n    \"ContentHTML\": \"non consectetur\",\n    \"AdditionalStatus\": [\n      {\n        \"StatusCode\": \"non sunt\",\n        \"StatusDesc\": \"sunt sed\",\n        \"Severity\": \"Warning\",\n        \"SvcProviderName\": \"do Ut\",\n        \"ServerStatusCode\": \"in dolore qui cill\",\n        \"ServerStatusDesc\": \"et occaecat mollit\",\n        \"OvrdExceptionInd\": true,\n        \"SubjectElement\": [\n          {\n            \"Path\": \"aliqua occaecat\",\n            \"ServerPath\": \"eiusmod do ut sed sit\",\n            \"Value\": \"nulla et cillum anim\"\n          },\n          {\n            \"Path\": \"voluptate\",\n            \"ServerPath\": \"Duis elit officia consequat\",\n            \"Value\": \"dolor adipisicing deserunt\"\n          }\n        ]\n      },\n      {\n        \"StatusCode\": \"dolor sunt est \",\n        \"StatusDesc\": \"anim pariatur eu qui\",\n        \"Severity\": \"Warning\",\n        \"SvcProviderName\": \"Ut ipsum dolore veniam\",\n        \"ServerStatusCode\": \"ut\",\n        \"ServerStatusDesc\": \"mollit cupidatat dolore\",\n        \"OvrdExceptionInd\": true,\n        \"SubjectElement\": [\n          {\n            \"Path\": \"consectetur sed\",\n            \"ServerPath\": \"Ut laborum adipisicing in\",\n            \"Value\": \"non ex culpa\"\n          },\n          {\n            \"Path\": \"est in\",\n            \"ServerPath\": \"enim aliqua Ut sit exercitation\",\n            \"Value\": \"velit\"\n          }\n        ]\n      }\n    ]\n  }\n}","cookie":[],"_postman_previewlanguage":"json"},{"id":"6c058d0a-30fc-4b5b-91ea-711e5db77ca1","name":"To view the complete list of response codes, <a href=\"../docs/?path=docs/response-codes.md\" title=\"Click to open\">click here.</a>","originalRequest":{"url":{"path":["cardtokenservice","mss","cards","token"],"host":["{{baseUrl}}"],"query":[],"variable":[]},"header":[{"disabled":false,"description":"(Required) EFX Header is a common and required component for all API calls, it contains client-related parameters. Please note that the header parameters should be sent as a JSON object under the EFXHeader parameter. To view the list of header parameters, <a href=\"../docs?path=docs/api-ref-EFX-header.md\" title=\"Click to open\"> click here.</a>","key":"EFXHeader","value":"OrganizationId,<string>,TrnId,<string>,VendorId,<string>,Context,[object Object]"},{"key":"Accept","value":"application/json"}],"method":"PUT","body":{"mode":"raw","raw":"{\n  \"CardTokenInfo\": {\n    \"CardDtlStatus\": \"<string>\",\n    \"CardStatusReason\": \"<string>\"\n  },\n  \"CardTokenKeys\": {\n    \"Token\": \"<string>\",\n    \"CardSeqNum\": \"<string>\"\n  }\n}","options":{"raw":{"language":"json"}}}},"status":"Internal Server Error","code":500,"header":[{"key":"Content-Type","value":"application/json"}],"body":"{\n  \"CardTokenStatusRec\": {\n    \"CardTokenKeys\": {\n      \"Token\": \"dolore eiusmod aliqua velit\"\n    },\n    \"CardTokenStatus\": {\n      \"CardTokenStatusCode\": \"Valid\",\n      \"EffDt\": \"0449-16-54\"\n    }\n  },\n  \"Status\": {\n    \"Severity\": \"Warning\",\n    \"StatusCode\": \"proident exercit\",\n    \"StatusDesc\": \"irure\",\n    \"SvcProviderName\": \"commodo\",\n    \"Id\": \"quis minim mollit esse\",\n    \"ServerStatusCode\": \"dolor aut\",\n    \"ServerStatusDesc\": \"sint dolor\",\n    \"OvrdExceptionInd\": true,\n    \"SubjectRole\": \"in esse in aliqua\",\n    \"SubjectElement\": [\n      {\n        \"Path\": \"consequat ut sunt nulla est\",\n        \"ServerPath\": \"aute Excepteur\",\n        \"Value\": \"culpa labore in\"\n      },\n      {\n        \"Path\": \"mollit esse Excepteur sunt\",\n        \"ServerPath\": \"ea aute\",\n        \"Value\": \"occaecat\"\n      }\n    ],\n    \"ContentHTML\": \"magna ea cillum\",\n    \"AdditionalStatus\": [\n      {\n        \"StatusCode\": \"\",\n        \"StatusDesc\": \"occaecat esse nostrud quis\",\n        \"Severity\": \"Info\",\n        \"SvcProviderName\": \"Lorem deserunt do fugiat cupidatat\",\n        \"ServerStatusCode\": \"exe\",\n        \"ServerStatusDesc\": \"dolor amet est\",\n        \"OvrdExceptionInd\": true,\n        \"SubjectElement\": [\n          {\n            \"Path\": \"Lorem\",\n            \"ServerPath\": \"velit magna sed\",\n            \"Value\": \"qui fugiat commodo proident\"\n          },\n          {\n            \"Path\": \"nostrud Duis pariatur qui\",\n            \"ServerPath\": \"aliqua mollit Duis\",\n            \"Value\": \"anim Ut\"\n          }\n        ]\n      },\n      {\n        \"StatusCode\": \"deserunt veniam \",\n        \"StatusDesc\": \"id sed cupidatat\",\n        \"Severity\": \"Info\",\n        \"SvcProviderName\": \"quis\",\n        \"ServerStatusCode\": \"dolor\",\n        \"ServerStatusDesc\": \"ullamco amet anim dolore in\",\n        \"OvrdExceptionInd\": true,\n        \"SubjectElement\": [\n          {\n            \"Path\": \"qui\",\n            \"ServerPath\": \"aliqua proident\",\n            \"Value\": \"dolore amet consequat adipisicing pariatur\"\n          },\n          {\n            \"Path\": \"Lorem non irure dolore\",\n            \"ServerPath\": \"quis dolore qui laborum\",\n            \"Value\": \"quis deserunt\"\n          }\n        ]\n      }\n    ]\n  }\n}","cookie":[],"_postman_previewlanguage":"json"}],"event":[],"protocolProfileBehavior":{"disableBodyPruning":true}},{"id":"c45e2edf-6acb-4aba-94e1-808ddf77e2ad","name":"Add Card","request":{"name":"Add Card","description":{"content":"Add Card API is used for the following card use cases:<ul><li>Request a new Debit Card with or without plastic</li><li>Replace a Debit Card with same card number due to a damaged scenario</li><li>Re-issue a Debit Card with new card number due to lost/stolen scenario</li></ul>This API to be used only when the provider is Finxact and Cards on EPOC Debit platform.<br>To download the API Specifications and Postman Collection, click <a href=\"../docs/?path=docs/resources/resources.md\" title=\"Click to open\">Resources</a>.","type":"text/plain"},"url":{"path":["cardtokenservice","mss","cards","token"],"host":["{{baseUrl}}"],"query":[],"variable":[]},"header":[{"disabled":false,"description":"(Required) EFX Header is a common and required component for all API calls, it contains client-related parameters. Please note that the header parameters should be sent as a JSON object under the EFXHeader parameter. To view the list of header parameters, <a href=\"../docs?path=docs/api-ref-EFX-header.md\" title=\"Click to open\"> click here.</a>","key":"EFXHeader","value":"OrganizationId,<string>,TrnId,<string>,VendorId,<string>,Context,[object Object]"},{"key":"Content-Type","value":"application/json"},{"key":"Accept","value":"application/json"}],"method":"POST","auth":null,"body":{"mode":"raw","raw":"{\n  \"CardTokenInfo\": {\n    \"CardSeqNum\": \"<string>\",\n    \"ProductIdent\": \"<string>\",\n    \"ReplaceCardToken\": \"<string>\",\n    \"PreviousCardToken\": \"<string>\",\n    \"Expiry\": \"<string>\",\n    \"PersonEmbossingName\": {\n      \"NameSuffix\": \"<string>\"\n    },\n    \"EmbossingName\": \"<string>\",\n    \"SecondaryEmbossingName\": \"<string>\",\n    \"PictureRefIdent\": \"<string>\",\n    \"CardDesign\": \"<string>\",\n    \"PostAddr\": {\n      \"AddrType\": \"<string>\",\n      \"Addr1\": \"<string>\",\n      \"Addr2\": \"<string>\",\n      \"City\": \"<string>\",\n      \"StateProv\": \"<string>\",\n      \"PostalCode\": \"<string>\",\n      \"CountryCode\": {\n        \"CountryCodeValue\": \"<string>\",\n        \"CountryCodeSource\": \"<string>\"\n      },\n      \"PINMailerInd\": \"<boolean>\",\n      \"CardMailerInd\": \"<boolean>\"\n    },\n    \"OriginatingBranch\": \"<string>\",\n    \"GenerateCardOrder\": \"<string>\",\n    \"GeneratePINMailer\": \"<string>\",\n    \"UpdaterSvcOptOutInd\": \"<boolean>\",\n    \"ExpediteType\": \"<string>\",\n    \"TextAlertData\": {\n      \"AlertContact\": [\n        {\n          \"PhoneNum\": {\n            \"PhoneType\": \"<string>\",\n            \"Phone\": \"<string>\"\n          },\n          \"Email\": {\n            \"EmailAddr\": \"<string>\"\n          }\n        },\n        {\n          \"PhoneNum\": {\n            \"PhoneType\": \"<string>\",\n            \"Phone\": \"<string>\"\n          },\n          \"Email\": {\n            \"EmailAddr\": \"<string>\"\n          }\n        }\n      ]\n    },\n    \"PersonContactInfo\": {\n      \"AlternateContactName\": \"<string>\",\n      \"BirthDt\": \"<date>\",\n      \"VerificationText\": \"<string>\",\n      \"TaxIdent\": \"<string>\",\n      \"MotherMaidenName\": \"<string>\",\n      \"ActivationType\": \"<string>\",\n      \"ActivationValue\": \"<string>\"\n    },\n    \"AcctLinkData\": [\n      {\n        \"AcctRef\": {\n          \"AcctKeys\": {\n            \"AcctId\": \"<string>\",\n            \"AcctType\": \"<string>\"\n          }\n        },\n        \"OtherAcctRel\": \"<long>\",\n        \"Desc\": \"<string>\"\n      },\n      {\n        \"AcctRef\": {\n          \"AcctKeys\": {\n            \"AcctId\": \"<string>\",\n            \"AcctType\": \"<string>\"\n          }\n        },\n        \"OtherAcctRel\": \"<long>\",\n        \"Desc\": \"<string>\"\n      }\n    ]\n  }\n}","options":{"raw":{"language":"json"}}}},"response":[{"id":"543bd2c7-1fc3-468d-acb9-d7f6bb0f9b06","name":"Created","originalRequest":{"url":{"path":["cardtokenservice","mss","cards","token"],"host":["{{baseUrl}}"],"query":[],"variable":[]},"header":[{"disabled":false,"description":"(Required) EFX Header is a common and required component for all API calls, it contains client-related parameters. Please note that the header parameters should be sent as a JSON object under the EFXHeader parameter. To view the list of header parameters, <a href=\"../docs?path=docs/api-ref-EFX-header.md\" title=\"Click to open\"> click here.</a>","key":"EFXHeader","value":"OrganizationId,<string>,TrnId,<string>,VendorId,<string>,Context,[object Object]"},{"key":"Accept","value":"application/json"}],"method":"POST","body":{"mode":"raw","raw":"{\n  \"CardTokenInfo\": {\n    \"CardSeqNum\": \"<string>\",\n    \"ProductIdent\": \"<string>\",\n    \"ReplaceCardToken\": \"<string>\",\n    \"PreviousCardToken\": \"<string>\",\n    \"Expiry\": \"<string>\",\n    \"PersonEmbossingName\": {\n      \"NameSuffix\": \"<string>\"\n    },\n    \"EmbossingName\": \"<string>\",\n    \"SecondaryEmbossingName\": \"<string>\",\n    \"PictureRefIdent\": \"<string>\",\n    \"CardDesign\": \"<string>\",\n    \"PostAddr\": {\n      \"AddrType\": \"<string>\",\n      \"Addr1\": \"<string>\",\n      \"Addr2\": \"<string>\",\n      \"City\": \"<string>\",\n      \"StateProv\": \"<string>\",\n      \"PostalCode\": \"<string>\",\n      \"CountryCode\": {\n        \"CountryCodeValue\": \"<string>\",\n        \"CountryCodeSource\": \"<string>\"\n      },\n      \"PINMailerInd\": \"<boolean>\",\n      \"CardMailerInd\": \"<boolean>\"\n    },\n    \"OriginatingBranch\": \"<string>\",\n    \"GenerateCardOrder\": \"<string>\",\n    \"GeneratePINMailer\": \"<string>\",\n    \"UpdaterSvcOptOutInd\": \"<boolean>\",\n    \"ExpediteType\": \"<string>\",\n    \"TextAlertData\": {\n      \"AlertContact\": [\n        {\n          \"PhoneNum\": {\n            \"PhoneType\": \"<string>\",\n            \"Phone\": \"<string>\"\n          },\n          \"Email\": {\n            \"EmailAddr\": \"<string>\"\n          }\n        },\n        {\n          \"PhoneNum\": {\n            \"PhoneType\": \"<string>\",\n            \"Phone\": \"<string>\"\n          },\n          \"Email\": {\n            \"EmailAddr\": \"<string>\"\n          }\n        }\n      ]\n    },\n    \"PersonContactInfo\": {\n      \"AlternateContactName\": \"<string>\",\n      \"BirthDt\": \"<date>\",\n      \"VerificationText\": \"<string>\",\n      \"TaxIdent\": \"<string>\",\n      \"MotherMaidenName\": \"<string>\",\n      \"ActivationType\": \"<string>\",\n      \"ActivationValue\": \"<string>\"\n    },\n    \"AcctLinkData\": [\n      {\n        \"AcctRef\": {\n          \"AcctKeys\": {\n            \"AcctId\": \"<string>\",\n            \"AcctType\": \"<string>\"\n          }\n        },\n        \"OtherAcctRel\": \"<long>\",\n        \"Desc\": \"<string>\"\n      },\n      {\n        \"AcctRef\": {\n          \"AcctKeys\": {\n            \"AcctId\": \"<string>\",\n            \"AcctType\": \"<string>\"\n          }\n        },\n        \"OtherAcctRel\": \"<long>\",\n        \"Desc\": \"<string>\"\n      }\n    ]\n  }\n}","options":{"raw":{"language":"json"}}}},"status":"Created","code":201,"header":[{"key":"Content-Type","value":"application/json"}],"body":"{\n  \"CardTokenStatusRec\": {\n    \"CardTokenKeys\": {\n      \"Token\": \"elit velit qui cillum\",\n      \"CardSeqNum\": \"in \"\n    },\n    \"CardTokenStatus\": {\n      \"CardTokenStatusCode\": \"Valid\",\n      \"EffDt\": \"5706-52-70T64:43\"\n    }\n  },\n  \"Status\": {\n    \"Severity\": \"Info\",\n    \"StatusCode\": \"ad v\",\n    \"StatusDesc\": \"ea magna aliquip\",\n    \"SvcProviderName\": \"est sint ullamco\",\n    \"Id\": \"id ullamco do incididunt\",\n    \"ServerStatusCode\": \"veniam ut in dolor \",\n    \"ServerStatusDesc\": \"cupidatat enim reprehenderit ut\",\n    \"OvrdExceptionInd\": true,\n    \"SubjectRole\": \"enim occaecat dolor Lorem\",\n    \"SubjectElement\": [\n      {\n        \"Path\": \"incididunt exercitation Lorem fugiat\",\n        \"ServerPath\": \"sit Excepteur nisi eu\",\n        \"Value\": \"nostrud ad\"\n      },\n      {\n        \"Path\": \"adipisicing aliquip officia\",\n        \"ServerPath\": \"voluptate consectetur ut\",\n        \"Value\": \"aliquip\"\n      }\n    ],\n    \"ContentHTML\": \"do dolore\",\n    \"AdditionalStatus\": [\n      {\n        \"StatusCode\": \"deserunt Ut \",\n        \"StatusDesc\": \"sit irure do Ut\",\n        \"Severity\": \"Warning\",\n        \"SvcProviderName\": \"sint qui laborum enim\",\n        \"ServerStatusCode\": \"pariatur cill\",\n        \"ServerStatusDesc\": \"dolor ullamco eiusmod nostrud sed\",\n        \"OvrdExceptionInd\": true,\n        \"SubjectElement\": [\n          {\n            \"Path\": \"id a\",\n            \"ServerPath\": \"anim reprehenderit sed\",\n            \"Value\": \"do eiusmod Duis in\"\n          },\n          {\n            \"Path\": \"magna\",\n            \"ServerPath\": \"anim ut exercitation ipsum\",\n            \"Value\": \"nisi nostrud\"\n          }\n        ]\n      },\n      {\n        \"StatusCode\": \"sint\",\n        \"StatusDesc\": \"ut incididunt nulla culpa\",\n        \"Severity\": \"Info\",\n        \"SvcProviderName\": \"Excepteur dolor fugiat in qui\",\n        \"ServerStatusCode\": \"in proident ad d\",\n        \"ServerStatusDesc\": \"dolor elit esse quis ex\",\n        \"OvrdExceptionInd\": true,\n        \"SubjectElement\": [\n          {\n            \"Path\": \"sint cupidatat comm\",\n            \"ServerPath\": \"ea voluptate labore\",\n            \"Value\": \"magna conse\"\n          },\n          {\n            \"Path\": \"irure elit aliqua incididunt\",\n            \"ServerPath\": \"Duis nisi aliquip Ut aute\",\n            \"Value\": \"proident ea Duis\"\n          }\n        ]\n      }\n    ]\n  }\n}","cookie":[],"_postman_previewlanguage":"json"},{"id":"b0fd17e4-927e-4d02-8381-f21b1f587af1","name":"To view the complete list of response codes, <a href=\"../docs/?path=docs/response-codes.md\" title=\"Click to open\">click here.</a>","originalRequest":{"url":{"path":["cardtokenservice","mss","cards","token"],"host":["{{baseUrl}}"],"query":[],"variable":[]},"header":[{"disabled":false,"description":"(Required) EFX Header is a common and required component for all API calls, it contains client-related parameters. Please note that the header parameters should be sent as a JSON object under the EFXHeader parameter. To view the list of header parameters, <a href=\"../docs?path=docs/api-ref-EFX-header.md\" title=\"Click to open\"> click here.</a>","key":"EFXHeader","value":"OrganizationId,<string>,TrnId,<string>,VendorId,<string>,Context,[object Object]"},{"key":"Accept","value":"application/json"}],"method":"POST","body":{"mode":"raw","raw":"{\n  \"CardTokenInfo\": {\n    \"CardSeqNum\": \"<string>\",\n    \"ProductIdent\": \"<string>\",\n    \"ReplaceCardToken\": \"<string>\",\n    \"PreviousCardToken\": \"<string>\",\n    \"Expiry\": \"<string>\",\n    \"PersonEmbossingName\": {\n      \"NameSuffix\": \"<string>\"\n    },\n    \"EmbossingName\": \"<string>\",\n    \"SecondaryEmbossingName\": \"<string>\",\n    \"PictureRefIdent\": \"<string>\",\n    \"CardDesign\": \"<string>\",\n    \"PostAddr\": {\n      \"AddrType\": \"<string>\",\n      \"Addr1\": \"<string>\",\n      \"Addr2\": \"<string>\",\n      \"City\": \"<string>\",\n      \"StateProv\": \"<string>\",\n      \"PostalCode\": \"<string>\",\n      \"CountryCode\": {\n        \"CountryCodeValue\": \"<string>\",\n        \"CountryCodeSource\": \"<string>\"\n      },\n      \"PINMailerInd\": \"<boolean>\",\n      \"CardMailerInd\": \"<boolean>\"\n    },\n    \"OriginatingBranch\": \"<string>\",\n    \"GenerateCardOrder\": \"<string>\",\n    \"GeneratePINMailer\": \"<string>\",\n    \"UpdaterSvcOptOutInd\": \"<boolean>\",\n    \"ExpediteType\": \"<string>\",\n    \"TextAlertData\": {\n      \"AlertContact\": [\n        {\n          \"PhoneNum\": {\n            \"PhoneType\": \"<string>\",\n            \"Phone\": \"<string>\"\n          },\n          \"Email\": {\n            \"EmailAddr\": \"<string>\"\n          }\n        },\n        {\n          \"PhoneNum\": {\n            \"PhoneType\": \"<string>\",\n            \"Phone\": \"<string>\"\n          },\n          \"Email\": {\n            \"EmailAddr\": \"<string>\"\n          }\n        }\n      ]\n    },\n    \"PersonContactInfo\": {\n      \"AlternateContactName\": \"<string>\",\n      \"BirthDt\": \"<date>\",\n      \"VerificationText\": \"<string>\",\n      \"TaxIdent\": \"<string>\",\n      \"MotherMaidenName\": \"<string>\",\n      \"ActivationType\": \"<string>\",\n      \"ActivationValue\": \"<string>\"\n    },\n    \"AcctLinkData\": [\n      {\n        \"AcctRef\": {\n          \"AcctKeys\": {\n            \"AcctId\": \"<string>\",\n            \"AcctType\": \"<string>\"\n          }\n        },\n        \"OtherAcctRel\": \"<long>\",\n        \"Desc\": \"<string>\"\n      },\n      {\n        \"AcctRef\": {\n          \"AcctKeys\": {\n            \"AcctId\": \"<string>\",\n            \"AcctType\": \"<string>\"\n          }\n        },\n        \"OtherAcctRel\": \"<long>\",\n        \"Desc\": \"<string>\"\n      }\n    ]\n  }\n}","options":{"raw":{"language":"json"}}}},"status":"Internal Server Error","code":500,"header":[{"key":"Content-Type","value":"application/json"}],"body":"{\n  \"CardTokenStatusRec\": {\n    \"CardTokenKeys\": {\n      \"Token\": \"elit velit qui cillum\",\n      \"CardSeqNum\": \"in \"\n    },\n    \"CardTokenStatus\": {\n      \"CardTokenStatusCode\": \"Valid\",\n      \"EffDt\": \"5706-52-70T64:43\"\n    }\n  },\n  \"Status\": {\n    \"Severity\": \"Info\",\n    \"StatusCode\": \"ad v\",\n    \"StatusDesc\": \"ea magna aliquip\",\n    \"SvcProviderName\": \"est sint ullamco\",\n    \"Id\": \"id ullamco do incididunt\",\n    \"ServerStatusCode\": \"veniam ut in dolor \",\n    \"ServerStatusDesc\": \"cupidatat enim reprehenderit ut\",\n    \"OvrdExceptionInd\": true,\n    \"SubjectRole\": \"enim occaecat dolor Lorem\",\n    \"SubjectElement\": [\n      {\n        \"Path\": \"incididunt exercitation Lorem fugiat\",\n        \"ServerPath\": \"sit Excepteur nisi eu\",\n        \"Value\": \"nostrud ad\"\n      },\n      {\n        \"Path\": \"adipisicing aliquip officia\",\n        \"ServerPath\": \"voluptate consectetur ut\",\n        \"Value\": \"aliquip\"\n      }\n    ],\n    \"ContentHTML\": \"do dolore\",\n    \"AdditionalStatus\": [\n      {\n        \"StatusCode\": \"deserunt Ut \",\n        \"StatusDesc\": \"sit irure do Ut\",\n        \"Severity\": \"Warning\",\n        \"SvcProviderName\": \"sint qui laborum enim\",\n        \"ServerStatusCode\": \"pariatur cill\",\n        \"ServerStatusDesc\": \"dolor ullamco eiusmod nostrud sed\",\n        \"OvrdExceptionInd\": true,\n        \"SubjectElement\": [\n          {\n            \"Path\": \"id a\",\n            \"ServerPath\": \"anim reprehenderit sed\",\n            \"Value\": \"do eiusmod Duis in\"\n          },\n          {\n            \"Path\": \"magna\",\n            \"ServerPath\": \"anim ut exercitation ipsum\",\n            \"Value\": \"nisi nostrud\"\n          }\n        ]\n      },\n      {\n        \"StatusCode\": \"sint\",\n        \"StatusDesc\": \"ut incididunt nulla culpa\",\n        \"Severity\": \"Info\",\n        \"SvcProviderName\": \"Excepteur dolor fugiat in qui\",\n        \"ServerStatusCode\": \"in proident ad d\",\n        \"ServerStatusDesc\": \"dolor elit esse quis ex\",\n        \"OvrdExceptionInd\": true,\n        \"SubjectElement\": [\n          {\n            \"Path\": \"sint cupidatat comm\",\n            \"ServerPath\": \"ea voluptate labore\",\n            \"Value\": \"magna conse\"\n          },\n          {\n            \"Path\": \"irure elit aliqua incididunt\",\n            \"ServerPath\": \"Duis nisi aliquip Ut aute\",\n            \"Value\": \"proident ea Duis\"\n          }\n        ]\n      }\n    ]\n  }\n}","cookie":[],"_postman_previewlanguage":"json"}],"event":[],"protocolProfileBehavior":{"disableBodyPruning":true}},{"id":"f8adc0ff-2855-4858-b2a7-2b4e586f6922","name":"secured","item":[{"id":"963c1154-b079-4fd5-a5f6-a9e62af41415","name":"Get Card","request":{"name":"Get Card","description":{"content":"Get Card API retrieves the card holder information and card related information.<br>This API to be used only when the provider is Finxact and Cards on EPOC Debit platform.<br>To download the API Specifications and Postman Collection, click <a href=\"../docs/?path=docs/resources/resources.md\" title=\"Click to open\">Resources</a>.","type":"text/plain"},"url":{"path":["cardtokenservice","mss","cards","token","secured"],"host":["{{baseUrl}}"],"query":[],"variable":[]},"header":[{"disabled":false,"description":"(Required) EFX Header is a common and required component for all API calls, it contains client-related parameters. Please note that the header parameters should be sent as a JSON object under the EFXHeader parameter. To view the list of header parameters, <a href=\"../docs?path=docs/api-ref-EFX-header.md\" title=\"Click to open\"> click here.</a>","key":"EFXHeader","value":"OrganizationId,<string>,TrnId,<string>,VendorId,<string>,Context,[object Object]"},{"key":"Content-Type","value":"application/json"},{"key":"Accept","value":"application/json"}],"method":"POST","auth":null,"body":{"mode":"raw","raw":"{\n  \"CardTokenSel\": {\n    \"CardTokenKeys\": {\n      \"Token\": \"<string>\"\n    }\n  }\n}","options":{"raw":{"language":"json"}}}},"response":[{"id":"b58ade56-e731-4c5b-80aa-ff26d5302286","name":"Success","originalRequest":{"url":{"path":["cardtokenservice","mss","cards","token","secured"],"host":["{{baseUrl}}"],"query":[],"variable":[]},"header":[{"disabled":false,"description":"(Required) EFX Header is a common and required component for all API calls, it contains client-related parameters. Please note that the header parameters should be sent as a JSON object under the EFXHeader parameter. To view the list of header parameters, <a href=\"../docs?path=docs/api-ref-EFX-header.md\" title=\"Click to open\"> click here.</a>","key":"EFXHeader","value":"OrganizationId,<string>,TrnId,<string>,VendorId,<string>,Context,[object Object]"},{"key":"Accept","value":"application/json"}],"method":"POST","body":{"mode":"raw","raw":"{\n  \"CardTokenSel\": {\n    \"CardTokenKeys\": {\n      \"Token\": \"<string>\"\n    }\n  }\n}","options":{"raw":{"language":"json"}}}},"status":"OK","code":200,"header":[{"key":"Content-Type","value":"application/json"}],"body":"{\n  \"CardTokenRec\": [\n    {\n      \"CardTokenInfo\": {\n        \"LastFourCardNum\": \"\",\n        \"CardSeqNum\": \"\",\n        \"CardTypeCode\": \"ad dolore dolor\",\n        \"ProductIdent\": \"id do\",\n        \"CardDtlStatus\": \"Restricted\",\n        \"CardStatusReason\": \"CustomerRequest\",\n        \"Expiry\": \"Lor\",\n        \"EmbossingName\": \"dolore in officia\",\n        \"PostAddr\": {\n          \"AddrType\": \"Primary\",\n          \"Addr1\": \"dolore\",\n          \"Addr2\": \"fugiat Excepteur sed\",\n          \"City\": \"qui Ut\",\n          \"StateProv\": \"anim Duis Excepteur culpa eu\",\n          \"PostalCode\": \"do\",\n          \"CountryCode\": {\n            \"CountryCodeValue\": \"\",\n            \"CountryCodeSource\": \"ISO3166-Alpha-3\"\n          }\n        },\n        \"ActivationData\": {\n          \"ActivationRequiredByDt\": \"1965-06-25\",\n          \"AvailableForUseDt\": \"1953-01-02\",\n          \"ActivationDt\": \"2917-35-47T24:47:76.769-07:94\",\n          \"ActivationStatus\": \"StolenOrLost\",\n          \"LastActivationAttemptDt\": \"9680-32-76T53:51\",\n          \"AttemtpsNum\": -60035079,\n          \"ActivationMethod\": \"esse id\",\n          \"VerificationCallerId\": \"do proident occaecat in dolor\"\n        },\n        \"CardTrnLimit\": [\n          {\n            \"TrnTypeValue\": \"SignatureDebit\",\n            \"TrnSrc\": \"Retail\",\n            \"TempLimitInd\": false,\n            \"LimitType\": \"TrnMin\",\n            \"HoursInCycle\": 37665469,\n            \"CurAmt\": {\n              \"Amt\": -19912706.110249132,\n              \"CurCode\": {\n                \"CurCodeValue\": \"eu dolore nostrud Excepteur incididunt\",\n                \"CurCodeType\": \"ISO4217-Alpha\"\n              }\n            },\n            \"LimitCount\": -4169730,\n            \"TempTrnLimitExpDt\": \"2021-05-15\"\n          },\n          {\n            \"TrnTypeValue\": \"Advances\",\n            \"TrnSrc\": \"POS\",\n            \"TempLimitInd\": true,\n            \"LimitType\": \"CycleMax\",\n            \"HoursInCycle\": -77438735,\n            \"CurAmt\": {\n              \"Amt\": -88579126.69606756,\n              \"CurCode\": {\n                \"CurCodeValue\": \"eiusmod fugiat\",\n                \"CurCodeType\": \"ISO4217-Alpha\"\n              }\n            },\n            \"LimitCount\": 73524934,\n            \"TempTrnLimitExpDt\": \"1997-06-12\"\n          }\n        ],\n        \"TextAlertData\": {\n          \"AlertContact\": [\n            {\n              \"PhoneNum\": {\n                \"PhoneType\": \"Text\",\n                \"Phone\": \"adipisicing\"\n              },\n              \"Email\": {\n                \"EmailAddr\": \"<string>\"\n              }\n            },\n            {\n              \"PhoneNum\": {\n                \"PhoneType\": \"Work\",\n                \"Phone\": \"commodo est in amet\"\n              },\n              \"Email\": {\n                \"EmailAddr\": \"<string>\"\n              }\n            }\n          ]\n        }\n      },\n      \"CardTokenKeys\": {\n        \"Token\": \"elit proident commodo aliqua\",\n        \"CardSeqNum\": \"ut\"\n      },\n      \"CardTokenStatus\": {\n        \"CardTokenStatusCode\": \"Valid\",\n        \"EffDt\": \"0382-59-25\"\n      }\n    },\n    {\n      \"CardTokenInfo\": {\n        \"LastFourCardNum\": \"al\",\n        \"CardSeqNum\": \"a\",\n        \"CardTypeCode\": \"culpa do enim eu\",\n        \"ProductIdent\": \"sit deserunt aliquip exercitation ad\",\n        \"CardDtlStatus\": \"Restricted\",\n        \"CardStatusReason\": \"Revoked\",\n        \"Expiry\": \"in i\",\n        \"EmbossingName\": \"la\",\n        \"PostAddr\": {\n          \"AddrType\": \"Secondary\",\n          \"Addr1\": \"commodo\",\n          \"Addr2\": \"et dolor ullamco magna\",\n          \"City\": \"ad\",\n          \"StateProv\": \"in eu\",\n          \"PostalCode\": \"am\",\n          \"CountryCode\": {\n            \"CountryCodeValue\": \"exercitation\",\n            \"CountryCodeSource\": \"ISO3166-Alpha-3\"\n          }\n        },\n        \"ActivationData\": {\n          \"ActivationRequiredByDt\": \"2010-04-27\",\n          \"AvailableForUseDt\": \"1997-06-24\",\n          \"ActivationDt\": \"9231-95-95\",\n          \"ActivationStatus\": \"ActivatedBeforeAvailUseDate\",\n          \"LastActivationAttemptDt\": \"5467-51-63\",\n          \"AttemtpsNum\": -44491049,\n          \"ActivationMethod\": \"reprehenderit \",\n          \"VerificationCallerId\": \"proident aliquip deserunt qui incididunt\"\n        },\n        \"CardTrnLimit\": [\n          {\n            \"TrnTypeValue\": \"CardOpenToBuy\",\n            \"TrnSrc\": \"P2POffline\",\n            \"TempLimitInd\": false,\n            \"LimitType\": \"CycleMax\",\n            \"HoursInCycle\": 87707502,\n            \"CurAmt\": {\n              \"Amt\": -95027430.24074194,\n              \"CurCode\": {\n                \"CurCodeValue\": \"laborum ea\",\n                \"CurCodeType\": \"ISO4217-Alpha\"\n              }\n            },\n            \"LimitCount\": 64742735,\n            \"TempTrnLimitExpDt\": \"1992-02-16\"\n          },\n          {\n            \"TrnTypeValue\": \"All\",\n            \"TrnSrc\": \"CashEquivOffLine\",\n            \"TempLimitInd\": false,\n            \"LimitType\": \"TrnMax\",\n            \"HoursInCycle\": 31546037,\n            \"CurAmt\": {\n              \"Amt\": 71920079.86020315,\n              \"CurCode\": {\n                \"CurCodeValue\": \"fugiat ut ea culpa\",\n                \"CurCodeType\": \"ISO4217-Alpha\"\n              }\n            },\n            \"LimitCount\": 83331772,\n            \"TempTrnLimitExpDt\": \"1952-10-19\"\n          }\n        ],\n        \"TextAlertData\": {\n          \"AlertContact\": [\n            {\n              \"PhoneNum\": {\n                \"PhoneType\": \"Home\",\n                \"Phone\": \"aliqua in\"\n              },\n              \"Email\": {\n                \"EmailAddr\": \"<string>\"\n              }\n            },\n            {\n              \"PhoneNum\": {\n                \"PhoneType\": \"Home\",\n                \"Phone\": \"in Ut enim\"\n              },\n              \"Email\": {\n                \"EmailAddr\": \"<string>\"\n              }\n            }\n          ]\n        }\n      },\n      \"CardTokenKeys\": {\n        \"Token\": \"ea fugiat sed mollit\",\n        \"CardSeqNum\": \"te\"\n      },\n      \"CardTokenStatus\": {\n        \"CardTokenStatusCode\": \"Valid\",\n        \"EffDt\": \"5770-49-28\"\n      }\n    }\n  ],\n  \"Status\": {\n    \"Severity\": \"Info\",\n    \"StatusCode\": \"o\",\n    \"StatusDesc\": \"nostrud\",\n    \"SvcProviderName\": \"tempor in\",\n    \"Id\": \"Duis culpa incididunt in\",\n    \"ServerStatusCode\": \"Ut a\",\n    \"ServerStatusDesc\": \"ad\",\n    \"OvrdExceptionInd\": true,\n    \"SubjectRole\": \"consequat esse laboris velit veniam\",\n    \"SubjectElement\": [\n      {\n        \"Path\": \"moll\",\n        \"ServerPath\": \"minim nisi cupidatat\",\n        \"Value\": \"ad laborum Duis do\"\n      },\n      {\n        \"Path\": \"minim\",\n        \"ServerPath\": \"aute ex reprehenderi\",\n        \"Value\": \"ut nulla ea\"\n      }\n    ],\n    \"ContentHTML\": \"occaecat deserunt\",\n    \"AdditionalStatus\": [\n      {\n        \"StatusCode\": \"nisi quis enim\",\n        \"StatusDesc\": \"pariatur culpa qui\",\n        \"Severity\": \"Warning\",\n        \"SvcProviderName\": \"qui nostrud sit amet\",\n        \"ServerStatusCode\": \"ullamco ad cil\",\n        \"ServerStatusDesc\": \"Excepteur\",\n        \"OvrdExceptionInd\": true,\n        \"SubjectElement\": [\n          {\n            \"Path\": \"laborum ex consectetur qui\",\n            \"ServerPath\": \"in voluptate occaecat consequat\",\n            \"Value\": \"magna adipisicing incididunt fugiat pariatur\"\n          },\n          {\n            \"Path\": \"esse fugiat\",\n            \"ServerPath\": \"magna ex\",\n            \"Value\": \"cupidatat qui dolore fugiat in\"\n          }\n        ]\n      },\n      {\n        \"StatusCode\": \"quis nostrud sunt el\",\n        \"StatusDesc\": \"occaecat\",\n        \"Severity\": \"Error\",\n        \"SvcProviderName\": \"nostrud proident minim\",\n        \"ServerStatusCode\": \"adip\",\n        \"ServerStatusDesc\": \"irure deserunt Lorem pariatur commodo\",\n        \"OvrdExceptionInd\": false,\n        \"SubjectElement\": [\n          {\n            \"Path\": \"id nostrud do\",\n            \"ServerPath\": \"elit enim est\",\n            \"Value\": \"in sint commodo\"\n          },\n          {\n            \"Path\": \"ad fugiat minim reprehenderit\",\n            \"ServerPath\": \"officia proid\",\n            \"Value\": \"irure labore fugiat\"\n          }\n        ]\n      }\n    ]\n  }\n}","cookie":[],"_postman_previewlanguage":"json"},{"id":"a094a93d-1149-402c-93b3-abcfb262d7bc","name":"To view the complete list of response codes, <a href=\"../docs/?path=docs/response-codes.md\" title=\"Click to open\">click here.</a>","originalRequest":{"url":{"path":["cardtokenservice","mss","cards","token","secured"],"host":["{{baseUrl}}"],"query":[],"variable":[]},"header":[{"disabled":false,"description":"(Required) EFX Header is a common and required component for all API calls, it contains client-related parameters. Please note that the header parameters should be sent as a JSON object under the EFXHeader parameter. To view the list of header parameters, <a href=\"../docs?path=docs/api-ref-EFX-header.md\" title=\"Click to open\"> click here.</a>","key":"EFXHeader","value":"OrganizationId,<string>,TrnId,<string>,VendorId,<string>,Context,[object Object]"},{"key":"Accept","value":"application/json"}],"method":"POST","body":{"mode":"raw","raw":"{\n  \"CardTokenSel\": {\n    \"CardTokenKeys\": {\n      \"Token\": \"<string>\"\n    }\n  }\n}","options":{"raw":{"language":"json"}}}},"status":"Internal Server Error","code":500,"header":[{"key":"Content-Type","value":"application/json"}],"body":"{\n  \"CardTokenRec\": [\n    {\n      \"CardTokenInfo\": {\n        \"LastFourCardNum\": \"fug\",\n        \"CardSeqNum\": \"\",\n        \"CardTypeCode\": \"officia\",\n        \"ProductIdent\": \"ea\",\n        \"CardDtlStatus\": \"Issued\",\n        \"CardStatusReason\": \"Revoked\",\n        \"Expiry\": \"\",\n        \"EmbossingName\": \"laborum qui quis dolore aliquip\",\n        \"PostAddr\": {\n          \"AddrType\": \"Primary\",\n          \"Addr1\": \"dolore qui\",\n          \"Addr2\": \"dolor labore\",\n          \"City\": \"aliqua non dolore dolore\",\n          \"StateProv\": \"elit labore Ut et in\",\n          \"PostalCode\": \"sunt e\",\n          \"CountryCode\": {\n            \"CountryCodeValue\": \"esse Ut sit ipsum occaecat\",\n            \"CountryCodeSource\": \"ISO3166-Alpha-3\"\n          }\n        },\n        \"ActivationData\": {\n          \"ActivationRequiredByDt\": \"1975-06-12\",\n          \"AvailableForUseDt\": \"2003-05-09\",\n          \"ActivationDt\": \"5272-51-52\",\n          \"ActivationStatus\": \"ActivationRequired\",\n          \"LastActivationAttemptDt\": \"0802-54-12T15:85:15.526\",\n          \"AttemtpsNum\": -39125084,\n          \"ActivationMethod\": \"magna velit Ut sed cillum\",\n          \"VerificationCallerId\": \"in qui commodo officia\"\n        },\n        \"CardTrnLimit\": [\n          {\n            \"TrnTypeValue\": \"Credit\",\n            \"TrnSrc\": \"POSOffline\",\n            \"TempLimitInd\": false,\n            \"LimitType\": \"TrnMin\",\n            \"HoursInCycle\": -44361177,\n            \"CurAmt\": {\n              \"Amt\": 66205820.38034618,\n              \"CurCode\": {\n                \"CurCodeValue\": \"Ut mollit id nulla\",\n                \"CurCodeType\": \"ISO4217-Alpha\"\n              }\n            },\n            \"LimitCount\": 45420394,\n            \"TempTrnLimitExpDt\": \"1999-08-26\"\n          },\n          {\n            \"TrnTypeValue\": \"Transfer\",\n            \"TrnSrc\": \"CashEquivOffLine\",\n            \"TempLimitInd\": true,\n            \"LimitType\": \"TrnMax\",\n            \"HoursInCycle\": -32297226,\n            \"CurAmt\": {\n              \"Amt\": 8191372.161351711,\n              \"CurCode\": {\n                \"CurCodeValue\": \"cillum ipsum aliquip\",\n                \"CurCodeType\": \"ISO4217-Alpha\"\n              }\n            },\n            \"LimitCount\": 22725495,\n            \"TempTrnLimitExpDt\": \"1994-09-17\"\n          }\n        ],\n        \"TextAlertData\": {\n          \"AlertContact\": [\n            {\n              \"PhoneNum\": {\n                \"PhoneType\": \"Home\",\n                \"Phone\": \"minim commodo dolore mollit\"\n              },\n              \"Email\": {\n                \"EmailAddr\": \"<string>\"\n              }\n            },\n            {\n              \"PhoneNum\": {\n                \"PhoneType\": \"Text\",\n                \"Phone\": \"ut ullamco veniam\"\n              },\n              \"Email\": {\n                \"EmailAddr\": \"<string>\"\n              }\n            }\n          ]\n        }\n      },\n      \"CardTokenKeys\": {\n        \"Token\": \"commodo\",\n        \"CardSeqNum\": \"et\"\n      },\n      \"CardTokenStatus\": {\n        \"CardTokenStatusCode\": \"Valid\",\n        \"EffDt\": \"4616-19-57\"\n      }\n    },\n    {\n      \"CardTokenInfo\": {\n        \"LastFourCardNum\": \"al\",\n        \"CardSeqNum\": \"e\",\n        \"CardTypeCode\": \"labore \",\n        \"ProductIdent\": \"ut eiusmod\",\n        \"CardDtlStatus\": \"HotCard\",\n        \"CardStatusReason\": \"Closed\",\n        \"Expiry\": \"off\",\n        \"EmbossingName\": \"tempor ad\",\n        \"PostAddr\": {\n          \"AddrType\": \"Primary\",\n          \"Addr1\": \"ut reprehenderit\",\n          \"Addr2\": \"quis reprehenderit Ut pariatur\",\n          \"City\": \"elit\",\n          \"StateProv\": \"in dolor\",\n          \"PostalCode\": \"nostrud\",\n          \"CountryCode\": {\n            \"CountryCodeValue\": \"Ut irure elit non\",\n            \"CountryCodeSource\": \"ISO3166-Alpha-3\"\n          }\n        },\n        \"ActivationData\": {\n          \"ActivationRequiredByDt\": \"1965-06-24\",\n          \"AvailableForUseDt\": \"1997-09-22\",\n          \"ActivationDt\": \"0197-66-98T87:01:86-75:43\",\n          \"ActivationStatus\": \"Activated\",\n          \"LastActivationAttemptDt\": \"7677-70-98\",\n          \"AttemtpsNum\": -96415979,\n          \"ActivationMethod\": \"non\",\n          \"VerificationCallerId\": \"aliquip irure amet\"\n        },\n        \"CardTrnLimit\": [\n          {\n            \"TrnTypeValue\": \"All\",\n            \"TrnSrc\": \"ATM\",\n            \"TempLimitInd\": false,\n            \"LimitType\": \"DailyMax\",\n            \"HoursInCycle\": -9127818,\n            \"CurAmt\": {\n              \"Amt\": 40993209.271188885,\n              \"CurCode\": {\n                \"CurCodeValue\": \"tempor Excepteur in\",\n                \"CurCodeType\": \"ISO4217-Alpha\"\n              }\n            },\n            \"LimitCount\": -83327213,\n            \"TempTrnLimitExpDt\": \"2013-01-16\"\n          },\n          {\n            \"TrnTypeValue\": \"Transfer\",\n            \"TrnSrc\": \"CustomerNPOffline\",\n            \"TempLimitInd\": false,\n            \"LimitType\": \"TrnMax\",\n            \"HoursInCycle\": 3574524,\n            \"CurAmt\": {\n              \"Amt\": -90178712.7767991,\n              \"CurCode\": {\n                \"CurCodeValue\": \"proident voluptate\",\n                \"CurCodeType\": \"ISO4217-Alpha\"\n              }\n            },\n            \"LimitCount\": 2475322,\n            \"TempTrnLimitExpDt\": \"1962-01-11\"\n          }\n        ],\n        \"TextAlertData\": {\n          \"AlertContact\": [\n            {\n              \"PhoneNum\": {\n                \"PhoneType\": \"Work\",\n                \"Phone\": \"aute\"\n              },\n              \"Email\": {\n                \"EmailAddr\": \"<string>\"\n              }\n            },\n            {\n              \"PhoneNum\": {\n                \"PhoneType\": \"Text\",\n                \"Phone\": \"ea laborum\"\n              },\n              \"Email\": {\n                \"EmailAddr\": \"<string>\"\n              }\n            }\n          ]\n        }\n      },\n      \"CardTokenKeys\": {\n        \"Token\": \"Excepteur dolore occaecat incididunt\",\n        \"CardSeqNum\": \"qui\"\n      },\n      \"CardTokenStatus\": {\n        \"CardTokenStatusCode\": \"Valid\",\n        \"EffDt\": \"1778-83-97T73:16\"\n      }\n    }\n  ],\n  \"Status\": {\n    \"Severity\": \"Error\",\n    \"StatusCode\": \"nisi nostrud\",\n    \"StatusDesc\": \"id dolore occaecat velit\",\n    \"SvcProviderName\": \"in in velit\",\n    \"Id\": \"ut nostrud dolore esse sunt\",\n    \"ServerStatusCode\": \"dolore sit\",\n    \"ServerStatusDesc\": \"reprehenderit et\",\n    \"OvrdExceptionInd\": true,\n    \"SubjectRole\": \"e\",\n    \"SubjectElement\": [\n      {\n        \"Path\": \"id\",\n        \"ServerPath\": \"laborum elit nulla\",\n        \"Value\": \"laborum dolore veniam dolore amet\"\n      },\n      {\n        \"Path\": \"sed velit est dolor\",\n        \"ServerPath\": \"in do incididunt Lorem\",\n        \"Value\": \"eu tempor qui\"\n      }\n    ],\n    \"ContentHTML\": \"ea amet labore cillum\",\n    \"AdditionalStatus\": [\n      {\n        \"StatusCode\": \"irure ex\",\n        \"StatusDesc\": \"mollit\",\n        \"Severity\": \"Warning\",\n        \"SvcProviderName\": \"elit nulla\",\n        \"ServerStatusCode\": \"molli\",\n        \"ServerStatusDesc\": \"id quis anim\",\n        \"OvrdExceptionInd\": true,\n        \"SubjectElement\": [\n          {\n            \"Path\": \"ex commodo adipisicing est\",\n            \"ServerPath\": \"qui eu pariatur laborum Lorem\",\n            \"Value\": \"est\"\n          },\n          {\n            \"Path\": \"Duis veniam\",\n            \"ServerPath\": \"dolor aliquip\",\n            \"Value\": \"fugiat\"\n          }\n        ]\n      },\n      {\n        \"StatusCode\": \"tempor laborum ad d\",\n        \"StatusDesc\": \"dolore commodo dolor\",\n        \"Severity\": \"Warning\",\n        \"SvcProviderName\": \"ullamco laboris dolore\",\n        \"ServerStatusCode\": \"non sit Ut i\",\n        \"ServerStatusDesc\": \"enim magna qui\",\n        \"OvrdExceptionInd\": false,\n        \"SubjectElement\": [\n          {\n            \"Path\": \"dolor officia dolore\",\n            \"ServerPath\": \"nostrud reprehenderit laboris\",\n            \"Value\": \"consectetur dolore\"\n          },\n          {\n            \"Path\": \"exercitation officia occaecat dolor sint\",\n            \"ServerPath\": \"et aliqua in incididunt\",\n            \"Value\": \"incididunt enim\"\n          }\n        ]\n      }\n    ]\n  }\n}","cookie":[],"_postman_previewlanguage":"json"}],"event":[],"protocolProfileBehavior":{"disableBodyPruning":true}},{"id":"d67b6a53-0543-4ff3-92c1-a0d09816eece","name":"Get Card List","request":{"name":"Get Card List","description":{"content":"Get Card List API retrieves the list of cards based on at least one of the exact match search criteria as account number, SSN/tax identifier, last name/family name, phone or email address. Along with the exact match fields, the search can be refined further by using the other fields. <br>This API to be used only when the provider is Finxact and Cards on EPOC Debit platform.<br> To download the API Specifications and Postman Collection, click <a href=\"../docs/?path=docs/resources/resources.md\" title=\"Click to open\">Resources</a>.","type":"text/plain"},"url":{"path":["cardtokenservice","mss","cards","token","secured","list"],"host":["{{baseUrl}}"],"query":[],"variable":[]},"header":[{"disabled":false,"description":"(Required) EFX Header is a common and required component for all API calls, it contains client-related parameters. Please note that the header parameters should be sent as a JSON object under the EFXHeader parameter. To view the list of header parameters, <a href=\"../docs?path=docs/api-ref-EFX-header.md\" title=\"Click to open\"> click here.</a>","key":"EFXHeader","value":"OrganizationId,<string>,TrnId,<string>,VendorId,<string>,Context,[object Object]"},{"key":"Content-Type","value":"application/json"},{"key":"Accept","value":"application/json"}],"method":"PUT","auth":null,"body":{"mode":"raw","raw":"{\n  \"CardTokenListSel\": {\n    \"AcctId\": \"<string>\",\n    \"TaxIdent\": \"<string>\",\n    \"FamilyName\": \"<string>\",\n    \"Phone\": \"<string>\",\n    \"EmailAddr\": \"<string>\",\n    \"LastFourAcctNum\": \"<string>\",\n    \"LastFourCardNum\": \"<string>\",\n    \"LastFourSSNOrTaxId\": \"<string>\",\n    \"BirthDt\": \"<date>\"\n  }\n}","options":{"raw":{"language":"json"}}}},"response":[{"id":"0cc44a22-53d4-4946-90cf-d3de00cf30d0","name":"Success","originalRequest":{"url":{"path":["cardtokenservice","mss","cards","token","secured","list"],"host":["{{baseUrl}}"],"query":[],"variable":[]},"header":[{"disabled":false,"description":"(Required) EFX Header is a common and required component for all API calls, it contains client-related parameters. Please note that the header parameters should be sent as a JSON object under the EFXHeader parameter. To view the list of header parameters, <a href=\"../docs?path=docs/api-ref-EFX-header.md\" title=\"Click to open\"> click here.</a>","key":"EFXHeader","value":"OrganizationId,<string>,TrnId,<string>,VendorId,<string>,Context,[object Object]"},{"key":"Accept","value":"application/json"}],"method":"PUT","body":{"mode":"raw","raw":"{\n  \"CardTokenListSel\": {\n    \"AcctId\": \"<string>\",\n    \"TaxIdent\": \"<string>\",\n    \"FamilyName\": \"<string>\",\n    \"Phone\": \"<string>\",\n    \"EmailAddr\": \"<string>\",\n    \"LastFourAcctNum\": \"<string>\",\n    \"LastFourCardNum\": \"<string>\",\n    \"LastFourSSNOrTaxId\": \"<string>\",\n    \"BirthDt\": \"<date>\"\n  }\n}","options":{"raw":{"language":"json"}}}},"status":"OK","code":200,"header":[{"key":"Content-Type","value":"application/json"}],"body":"{\n  \"CardTokenListRec\": [\n    {\n      \"CardTokenKeys\": {\n        \"Token\": \"esse occaecat\"\n      },\n      \"CardTokenListInfo\": {\n        \"LastFourCardNum\": \"sint\",\n        \"CardSeqNum\": \"fu\",\n        \"CardType\": \"occaecat Duis\",\n        \"ProductIdent\": \"eiusmod ut adipisicing a\",\n        \"Expiry\": \"vol\",\n        \"EmbossingName\": \"aliquip sunt\",\n        \"BirthDt\": \"2008-08-20\",\n        \"PostalCode\": \"commo\"\n      },\n      \"CardTokenStatus\": {\n        \"CardTokenStatusCode\": \"Valid\",\n        \"EffDt\": \"4047-67-37T61:56\"\n      }\n    },\n    {\n      \"CardTokenKeys\": {\n        \"Token\": \"est aute et\"\n      },\n      \"CardTokenListInfo\": {\n        \"LastFourCardNum\": \"\",\n        \"CardSeqNum\": \"do\",\n        \"CardType\": \"voluptate adipisicing occaecat\",\n        \"ProductIdent\": \"anim\",\n        \"Expiry\": \"no\",\n        \"EmbossingName\": \"labore amet do\",\n        \"BirthDt\": \"2024-07-28\",\n        \"PostalCode\": \"dolor adi\"\n      },\n      \"CardTokenStatus\": {\n        \"CardTokenStatusCode\": \"Valid\",\n        \"EffDt\": \"7507-71-86T64:21:68+73:79\"\n      }\n    }\n  ],\n  \"Status\": {\n    \"Severity\": \"Warning\",\n    \"StatusCode\": \"in\",\n    \"StatusDesc\": \"Lorem\",\n    \"SvcProviderName\": \"Excepteur deserunt\",\n    \"Id\": \"aliquip non magna Ut\",\n    \"ServerStatusCode\": \"id dolo\",\n    \"ServerStatusDesc\": \"in tempor\",\n    \"OvrdExceptionInd\": false,\n    \"SubjectRole\": \"non Lorem laboris cillum aute\",\n    \"SubjectElement\": [\n      {\n        \"Path\": \"dolore magna u\",\n        \"ServerPath\": \"consectetur eu sed consequat\",\n        \"Value\": \"irure sunt quis amet\"\n      },\n      {\n        \"Path\": \"reprehenderit dolor sunt proident\",\n        \"ServerPath\": \"Duis et ullamco\",\n        \"Value\": \"et nisi\"\n      }\n    ],\n    \"ContentHTML\": \"officia occaecat minim cupidatat elit\",\n    \"AdditionalStatus\": [\n      {\n        \"StatusCode\": \"ea veniam aliquip \",\n        \"StatusDesc\": \"fugiat in reprehenderit do\",\n        \"Severity\": \"Warning\",\n        \"SvcProviderName\": \"aliquip occaecat\",\n        \"ServerStatusCode\": \"sed officia\",\n        \"ServerStatusDesc\": \"occaecat reprehenderit commodo\",\n        \"OvrdExceptionInd\": true,\n        \"SubjectElement\": [\n          {\n            \"Path\": \"est tempor veniam exercitation\",\n            \"ServerPath\": \"in ut\",\n            \"Value\": \"commodo a\"\n          },\n          {\n            \"Path\": \"qui\",\n            \"ServerPath\": \"Duis cillum Excepteur anim\",\n            \"Value\": \"enim\"\n          }\n        ]\n      },\n      {\n        \"StatusCode\": \"laborum occae\",\n        \"StatusDesc\": \"deserunt irure eu\",\n        \"Severity\": \"Error\",\n        \"SvcProviderName\": \"cupidatat dolore nisi in\",\n        \"ServerStatusCode\": \"dolore Ut est d\",\n        \"ServerStatusDesc\": \"officia ea occaecat voluptate\",\n        \"OvrdExceptionInd\": false,\n        \"SubjectElement\": [\n          {\n            \"Path\": \"labore mollit sunt\",\n            \"ServerPath\": \"anim Lorem culpa Duis et\",\n            \"Value\": \"anim ea occaecat\"\n          },\n          {\n            \"Path\": \"magna culpa consectetur dolore\",\n            \"ServerPath\": \"anim Lorem Ut\",\n            \"Value\": \"aute esse\"\n          }\n        ]\n      }\n    ]\n  }\n}","cookie":[],"_postman_previewlanguage":"json"},{"id":"a28a81b9-adec-454c-a430-65570f2b1aac","name":"To view the complete list of response codes, <a href=\"../docs/?path=docs/response-codes.md\" title=\"Click to open\">click here.</a>","originalRequest":{"url":{"path":["cardtokenservice","mss","cards","token","secured","list"],"host":["{{baseUrl}}"],"query":[],"variable":[]},"header":[{"disabled":false,"description":"(Required) EFX Header is a common and required component for all API calls, it contains client-related parameters. Please note that the header parameters should be sent as a JSON object under the EFXHeader parameter. To view the list of header parameters, <a href=\"../docs?path=docs/api-ref-EFX-header.md\" title=\"Click to open\"> click here.</a>","key":"EFXHeader","value":"OrganizationId,<string>,TrnId,<string>,VendorId,<string>,Context,[object Object]"},{"key":"Accept","value":"application/json"}],"method":"PUT","body":{"mode":"raw","raw":"{\n  \"CardTokenListSel\": {\n    \"AcctId\": \"<string>\",\n    \"TaxIdent\": \"<string>\",\n    \"FamilyName\": \"<string>\",\n    \"Phone\": \"<string>\",\n    \"EmailAddr\": \"<string>\",\n    \"LastFourAcctNum\": \"<string>\",\n    \"LastFourCardNum\": \"<string>\",\n    \"LastFourSSNOrTaxId\": \"<string>\",\n    \"BirthDt\": \"<date>\"\n  }\n}","options":{"raw":{"language":"json"}}}},"status":"Internal Server Error","code":500,"header":[{"key":"Content-Type","value":"application/json"}],"body":"{\n  \"CardTokenListRec\": [\n    {\n      \"CardTokenKeys\": {\n        \"Token\": \"in tempor\"\n      },\n      \"CardTokenListInfo\": {\n        \"LastFourCardNum\": \"p\",\n        \"CardSeqNum\": \"re\",\n        \"CardType\": \"consequat amet\",\n        \"ProductIdent\": \"Lorem ad\",\n        \"Expiry\": \"nul\",\n        \"EmbossingName\": \"deserunt\",\n        \"BirthDt\": \"2001-09-28\",\n        \"PostalCode\": \"in\"\n      },\n      \"CardTokenStatus\": {\n        \"CardTokenStatusCode\": \"Valid\",\n        \"EffDt\": \"9966-25-71\"\n      }\n    },\n    {\n      \"CardTokenKeys\": {\n        \"Token\": \"i\"\n      },\n      \"CardTokenListInfo\": {\n        \"LastFourCardNum\": \"pro\",\n        \"CardSeqNum\": \"do\",\n        \"CardType\": \"deserunt\",\n        \"ProductIdent\": \"i\",\n        \"Expiry\": \"la\",\n        \"EmbossingName\": \"dolore\",\n        \"BirthDt\": \"1979-07-20\",\n        \"PostalCode\": \"mollit U\"\n      },\n      \"CardTokenStatus\": {\n        \"CardTokenStatusCode\": \"Valid\",\n        \"EffDt\": \"8833-57-23T03:64\"\n      }\n    }\n  ],\n  \"Status\": {\n    \"Severity\": \"Warning\",\n    \"StatusCode\": \"l\",\n    \"StatusDesc\": \"do adipisicing ipsum\",\n    \"SvcProviderName\": \"anim cillum ut deserunt elit\",\n    \"Id\": \"officia nulla\",\n    \"ServerStatusCode\": \"mollit\",\n    \"ServerStatusDesc\": \"non ipsum la\",\n    \"OvrdExceptionInd\": true,\n    \"SubjectRole\": \"incididunt officia qui eiusmod\",\n    \"SubjectElement\": [\n      {\n        \"Path\": \"et elit in consectetur laboris\",\n        \"ServerPath\": \"laboris ut\",\n        \"Value\": \"Duis sint tempor\"\n      },\n      {\n        \"Path\": \"eu non Duis\",\n        \"ServerPath\": \"exercitation dolore\",\n        \"Value\": \"cupidatat dolore\"\n      }\n    ],\n    \"ContentHTML\": \"incididunt qui aliquip consequat exercitation\",\n    \"AdditionalStatus\": [\n      {\n        \"StatusCode\": \"deserunt ea mol\",\n        \"StatusDesc\": \"ipsum aliquip enim sit\",\n        \"Severity\": \"Error\",\n        \"SvcProviderName\": \"veniam Ut culpa\",\n        \"ServerStatusCode\": \"nulla est u\",\n        \"ServerStatusDesc\": \"laboris enim\",\n        \"OvrdExceptionInd\": true,\n        \"SubjectElement\": [\n          {\n            \"Path\": \"id exercitation in anim cupidatat\",\n            \"ServerPath\": \"anim deserunt\",\n            \"Value\": \"sunt elit laboris\"\n          },\n          {\n            \"Path\": \"quis veniam aliquip\",\n            \"ServerPath\": \"esse adipisicing\",\n            \"Value\": \"cillum officia\"\n          }\n        ]\n      },\n      {\n        \"StatusCode\": \"ipsum enim\",\n        \"StatusDesc\": \"Lorem in\",\n        \"Severity\": \"Info\",\n        \"SvcProviderName\": \"et id\",\n        \"ServerStatusCode\": \"Duis mollit aute\",\n        \"ServerStatusDesc\": \"voluptate elit\",\n        \"OvrdExceptionInd\": true,\n        \"SubjectElement\": [\n          {\n            \"Path\": \"amet velit \",\n            \"ServerPath\": \"veniam ex Duis ut\",\n            \"Value\": \"ipsum\"\n          },\n          {\n            \"Path\": \"nostrud culpa\",\n            \"ServerPath\": \"velit et ex laborum\",\n            \"Value\": \"incididunt ad deserunt est\"\n          }\n        ]\n      }\n    ]\n  }\n}","cookie":[],"_postman_previewlanguage":"json"}],"event":[],"protocolProfileBehavior":{"disableBodyPruning":true}}],"event":[]}],"event":[]}],"event":[],"variable":[{"type":"string","value":"https://swaggerhub.onefiserv.net/virts/Bank_Sol_Org/CardTokenServiceFNX/11.0.0_FIN","key":"baseUrl"}],"info":{"_postman_id":"1f7bd9ea-60cb-46ba-a9c2-707b107f93f1","name":"Card Token Service","schema":"https://schema.getpostman.com/json/collection/v2.1.0/collection.json","description":{"content":"The Card service supports operations managing credit, debit, prepaid and private label cards.","type":"text/plain"}}}