{"item":[{"id":"899f88fa-f613-4f40-980c-7b014b8ddc35","name":"Get Accounts.","request":{"name":"Get Accounts.","description":{"content":"Get Account API retrieves the account-related information for the Installment Loan Account (ILA). This API supports specific consumer lending products, such as Commercial Loans, Mortgages and Line of Credit. <br> <br> To download the API Specifications and Postman Collection, click <a href=\"../docs/?path=docs/resources/resources.md\" title=\"Click to open\">Resources</a>.","type":"text/plain"},"url":{"path":["acctservice","acctmgmt","accounts","secured"],"host":["{{baseUrl}}"],"query":[],"variable":[]},"header":[{"disabled":false,"description":"(Required) EFX Header is a common and required component for all API calls, it contains client-related parameters. Please note that the header parameters should be sent as a JSON object under the EFXHeader parameter. To view the list of header parameters, <a href=\"../docs?path=docs/api-ref-EFX-header.md\" title=\"Click to open\"> click here.</a>","key":"EFXHeader","value":"OrganizationId,<string>,TrnId,<string>,VendorId,<string>,Context,[object Object]"},{"key":"Content-Type","value":"application/json"},{"key":"Accept","value":"application/json"}],"method":"POST","auth":null,"body":{"mode":"raw","raw":"{\n  \"AcctSel\": {\n    \"AcctKeys\": {\n      \"AcctId\": \"<string>\",\n      \"AcctType\": \"<string>\"\n    }\n  }\n}","options":{"raw":{"language":"json"}}}},"response":[{"id":"128ac4d9-711f-444d-90ba-efd52db4ac66","name":"Success","originalRequest":{"url":{"path":["acctservice","acctmgmt","accounts","secured"],"host":["{{baseUrl}}"],"query":[],"variable":[]},"header":[{"disabled":false,"description":"(Required) EFX Header is a common and required component for all API calls, it contains client-related parameters. Please note that the header parameters should be sent as a JSON object under the EFXHeader parameter. To view the list of header parameters, <a href=\"../docs?path=docs/api-ref-EFX-header.md\" title=\"Click to open\"> click here.</a>","key":"EFXHeader","value":"OrganizationId,<string>,TrnId,<string>,VendorId,<string>,Context,[object Object]"},{"key":"Accept","value":"application/json"}],"method":"POST","body":{"mode":"raw","raw":"{\n  \"AcctSel\": {\n    \"AcctKeys\": {\n      \"AcctId\": \"<string>\",\n      \"AcctType\": \"<string>\"\n    }\n  }\n}","options":{"raw":{"language":"json"}}}},"status":"OK","code":200,"header":[{"key":"Content-Type","value":"application/json"}],"body":"{\n  \"AcctRec\": {\n    \"AcctKeys\": {\n      \"AcctId\": \"aliquip consectetur quis ad\",\n      \"AcctType\": \"ILA\"\n    },\n    \"AcctStatus\": {\n      \"AcctStatusCode\": \"Valid\",\n      \"EffDt\": \"8036-66-85\"\n    },\n    \"LoanAcctInfo\": {\n      \"GoodThruDt\": \"1971-10-18\",\n      \"AcctDtlStatus\": \"Inactive\",\n      \"AcctDtlStatusEnumDesc\": \"q\",\n      \"FederalInsuranceEligibility\": \"NotApplicable\",\n      \"ProductIdent\": \"laborum amet\",\n      \"InitialAmount\": {\n        \"Amt\": -36563045.669049025\n      },\n      \"OpenDt\": \"2004-07-21\",\n      \"Term\": {\n        \"TermUnits\": \"Months\",\n        \"Count\": -14898577\n      },\n      \"MaturityDt\": \"1988-05-28\",\n      \"DateData\": [\n        {\n          \"DateType\": \"NonAccrual\",\n          \"DateTypeEnumDesc\": \"elit aliqua eiusmod\"\n        },\n        {\n          \"DateType\": \"ChargeOff\",\n          \"DateTypeEnumDesc\": \"commodo ad tempor Ut\"\n        }\n      ],\n      \"RelationshipMgr\": [\n        {\n          \"RelationshipMgrIdent\": \"consequat labore\",\n          \"RelationshipMgrIdentEnumDesc\": \"qui anim in commodo\",\n          \"RelationshipRole\": \"Officer\",\n          \"RelationshipRoleEnumDesc\": \"minim\"\n        },\n        {\n          \"RelationshipMgrIdent\": \"in\",\n          \"RelationshipMgrIdentEnumDesc\": \"sit laborum\",\n          \"RelationshipRole\": \"Officer\",\n          \"RelationshipRoleEnumDesc\": \"proident culpa \"\n        }\n      ],\n      \"OriginatingBranch\": \"Duis adipisicing\",\n      \"OriginatingBranchEnumDesc\": \"cul\",\n      \"AcctTitleOption\": \"officia laborum ea\",\n      \"OEDCode\": \"in irure cillum anim ex\",\n      \"OEDCodeEnumDesc\": \"ut ut laborum veniam elit\",\n      \"EmployeeInd\": true,\n      \"NoticeData\": [\n        {\n          \"NoticeType\": \"eu proident culpa\"\n        },\n        {\n          \"NoticeType\": \"anim labore esse ad\"\n        }\n      ],\n      \"Rate\": 32603089.97644885,\n      \"EffectiveRate\": 84052526.4357574,\n      \"IntRateData\": {\n        \"AccrualMethod\": \"sed cupidatat\"\n      },\n      \"AcctBal\": [\n        {\n          \"BalType\": \"ChargeOff\",\n          \"CurAmt\": {\n            \"Amt\": {\n              \"value\": \"<Error: Too many levels of nesting to fake this schema>\"\n            }\n          },\n          \"BalTypeEnumDesc\": \"est tempor dolor \"\n        },\n        {\n          \"BalType\": \"InterestDue\",\n          \"CurAmt\": {\n            \"Amt\": {\n              \"value\": \"<Error: Too many levels of nesting to fake this schema>\"\n            }\n          },\n          \"BalTypeEnumDesc\": \"mollit\"\n        }\n      ],\n      \"AcctPeriodData\": [\n        {\n          \"AcctAmtType\": \"LateFee LateFeePaid\",\n          \"AcctAmtTypeEnumDesc\": \"cillum velit in\",\n          \"AcctPeriodType\": \"PriorYr\",\n          \"AcctPeriodTypeEnumDesc\": \"id\",\n          \"Amt\": 33656183.93551682,\n          \"Count\": 14335914\n        },\n        {\n          \"AcctAmtType\": \"IntPrepaid\",\n          \"AcctAmtTypeEnumDesc\": \"voluptate eiusmod cillum adipisicing\",\n          \"AcctPeriodType\": \"PriorYr\",\n          \"AcctPeriodTypeEnumDesc\": \"enim ullamco est\",\n          \"Amt\": -69954903.47891806,\n          \"Count\": -58846675\n        }\n      ],\n      \"Fee\": [\n        {\n          \"FeeCalcOption\": \"esse tempor\",\n          \"CurAmt\": {\n            \"Amt\": {\n              \"value\": \"<Error: Too many levels of nesting to fake this schema>\"\n            }\n          },\n          \"BalPercent\": 93016049.0044874\n        },\n        {\n          \"FeeCalcOption\": \"ut exercitation voluptate id\",\n          \"CurAmt\": {\n            \"Amt\": {\n              \"value\": \"<Error: Too many levels of nesting to fake this schema>\"\n            }\n          },\n          \"BalPercent\": 83009620.03570214\n        }\n      ],\n      \"CreditRisk\": [\n        {\n          \"RiskCategory\": \"RiskScore2\",\n          \"InternalScore\": \"Ut laborum pariatur adipisicing\"\n        },\n        {\n          \"RiskCategory\": \"RiskScore1\",\n          \"InternalScore\": \"quis velit\"\n        }\n      ],\n      \"RestrictedInd\": true,\n      \"SoldPercent\": 26762807.330149487,\n      \"OriginationDt\": \"1970-07-14\",\n      \"LastRenewalDt\": \"2019-12-30\",\n      \"Freq\": \"Monthly\",\n      \"CollateralCode\": \"nostrud\",\n      \"CollateralCodeEnumDesc\": \"qui su\",\n      \"Insurance\": [\n        {\n          \"InsuranceType\": \"pariatur amet\"\n        },\n        {\n          \"InsuranceType\": \"aliquip minim\"\n        }\n      ],\n      \"CreditLineCycle\": 3280591,\n      \"LoanBilling\": {\n        \"BillingMethod\": \"BillingNotice\",\n        \"BillingMethodEnumDesc\": \"occaecat\",\n        \"LOCPaymentMethodEnumDesc\": \"reprehenderit aliquip\",\n        \"FromAcctKeys\": {\n          \"AcctId\": \"aliquip ut\"\n        }\n      },\n      \"TotalPmtCount\": 460859,\n      \"RegPmt\": {\n        \"PmtCompositeAmt\": [\n          {\n            \"CurAmt\": {\n              \"value\": \"<Error: Too many levels of nesting to fake this schema>\"\n            },\n            \"CompositeCurAmtType\": {\n              \"value\": \"<Error: Too many levels of nesting to fake this schema>\"\n            },\n            \"CompositeCurAmtTypeEnumDesc\": {\n              \"value\": \"<Error: Too many levels of nesting to fake this schema>\"\n            }\n          },\n          {\n            \"CurAmt\": {\n              \"value\": \"<Error: Too many levels of nesting to fake this schema>\"\n            },\n            \"CompositeCurAmtType\": {\n              \"value\": \"<Error: Too many levels of nesting to fake this schema>\"\n            },\n            \"CompositeCurAmtTypeEnumDesc\": {\n              \"value\": \"<Error: Too many levels of nesting to fake this schema>\"\n            }\n          }\n        ]\n      },\n      \"PmtSched\": [\n        {\n          \"PmtAmtOption\": \"PrincipalAndInterest\"\n        },\n        {\n          \"PmtAmtOption\": \"FixedPrinCalcInt\"\n        }\n      ],\n      \"LateFee\": {\n        \"GraceDays\": 78200403\n      },\n      \"NextPmt\": {\n        \"PmtCompositeAmt\": [\n          {\n            \"CurAmt\": {\n              \"value\": \"<Error: Too many levels of nesting to fake this schema>\"\n            },\n            \"CompositeCurAmtType\": {\n              \"value\": \"<Error: Too many levels of nesting to fake this schema>\"\n            },\n            \"CompositeCurAmtTypeEnumDesc\": {\n              \"value\": \"<Error: Too many levels of nesting to fake this schema>\"\n            }\n          },\n          {\n            \"CurAmt\": {\n              \"value\": \"<Error: Too many levels of nesting to fake this schema>\"\n            },\n            \"CompositeCurAmtType\": {\n              \"value\": \"<Error: Too many levels of nesting to fake this schema>\"\n            },\n            \"CompositeCurAmtTypeEnumDesc\": {\n              \"value\": \"<Error: Too many levels of nesting to fake this schema>\"\n            }\n          }\n        ],\n        \"PmtDt\": \"2009-04-23\"\n      },\n      \"LastPmt\": {\n        \"PmtDt\": \"1993-10-03\"\n      },\n      \"NonAccrualInd\": true,\n      \"PmtPostingRestrictions\": {\n        \"RestrictionReasonCode\": \"Duis commodo ut incididunt\"\n      },\n      \"Dealer\": [\n        {\n          \"DealerIdent\": \"enim velit\",\n          \"DealerReserveAmt\": {\n            \"Amt\": {\n              \"value\": \"<Error: Too many levels of nesting to fake this schema>\"\n            }\n          }\n        },\n        {\n          \"DealerIdent\": \"quis occaecat s\",\n          \"DealerReserveAmt\": {\n            \"Amt\": {\n              \"value\": \"<Error: Too many levels of nesting to fake this schema>\"\n            }\n          }\n        }\n      ],\n      \"LOCAdvance\": {\n        \"LimitAmt\": {\n          \"Amt\": 94248224.34879655\n        }\n      },\n      \"IncYearEndReportCode\": \"1098Only\",\n      \"HomeMortgageDisclosure\": {\n        \"MortgageType\": \"ex aute aliquip dolor\",\n        \"PropertyType\": \"labore ullamco magna\",\n        \"PurposeCode\": \"fugiat ullamco culpa aliqui\"\n      },\n      \"CreditBureauAcctData\": {\n        \"BureauStatus\": \"in officia sint\"\n      }\n    }\n  },\n  \"Status\": {\n    \"Severity\": \"Info\",\n    \"StatusCode\": \"dolor amet ad\",\n    \"StatusDesc\": \"ea cillum\",\n    \"SvcProviderName\": \"fugiat eiusmod non\",\n    \"Id\": \"esse Excepteur elit aliquip\",\n    \"ServerStatusCode\": \"et anim lab\",\n    \"ServerStatusDesc\": \"non\",\n    \"OvrdExceptionInd\": true,\n    \"SubjectRole\": \"sint\",\n    \"SubjectElement\": [\n      {\n        \"Path\": \"tempor occaecat nisi Duis\",\n        \"ServerPath\": \"incididunt adipisicing est consectetur in\",\n        \"Value\": \"eu officia id\"\n      },\n      {\n        \"Path\": \"in est\",\n        \"ServerPath\": \"aute proident sunt\",\n        \"Value\": \"labore ad deserunt Lorem\"\n      }\n    ],\n    \"ContentHTML\": \"pariatur\",\n    \"AdditionalStatus\": [\n      {\n        \"StatusCode\": \"qui do\",\n        \"StatusDesc\": \"ipsum esse\",\n        \"Severity\": \"Error\",\n        \"SvcProviderName\": \"Excepteur in anim tempor\",\n        \"ServerStatusCode\": \"sint \",\n        \"ServerStatusDesc\": \"occaecat ipsum elit\",\n        \"OvrdExceptionInd\": true,\n        \"SubjectElement\": [\n          {\n            \"Path\": \"aliqua cupidatat dolore\",\n            \"ServerPath\": \"pariatur commodo proident\",\n            \"Value\": \"consectetur fugiat sed\"\n          },\n          {\n            \"Path\": \"exercitation velit qui\",\n            \"ServerPath\": \"esse Excepteur\",\n            \"Value\": \"quis\"\n          }\n        ]\n      },\n      {\n        \"StatusCode\": \"cons\",\n        \"StatusDesc\": \"deserunt ex\",\n        \"Severity\": \"Error\",\n        \"SvcProviderName\": \"laborum dolore u\",\n        \"ServerStatusCode\": \"enim incididunt \",\n        \"ServerStatusDesc\": \"sed exercitation irure amet\",\n        \"OvrdExceptionInd\": true,\n        \"SubjectElement\": [\n          {\n            \"Path\": \"dolore sint aute in\",\n            \"ServerPath\": \"voluptate\",\n            \"Value\": \"est ut nisi labore\"\n          },\n          {\n            \"Path\": \"proident ullamco pariatur aliquip\",\n            \"ServerPath\": \"ad sit\",\n            \"Value\": \"commodo in voluptate non\"\n          }\n        ]\n      }\n    ]\n  }\n}","cookie":[],"_postman_previewlanguage":"json"},{"id":"00180cec-70ed-4952-a006-8d4758972597","name":"To view the complete list of response codes, <a href=\"../docs/?path=docs/response-codes.md\" title=\"Click to open\">click here.</a>","originalRequest":{"url":{"path":["acctservice","acctmgmt","accounts","secured"],"host":["{{baseUrl}}"],"query":[],"variable":[]},"header":[{"disabled":false,"description":"(Required) EFX Header is a common and required component for all API calls, it contains client-related parameters. Please note that the header parameters should be sent as a JSON object under the EFXHeader parameter. To view the list of header parameters, <a href=\"../docs?path=docs/api-ref-EFX-header.md\" title=\"Click to open\"> click here.</a>","key":"EFXHeader","value":"OrganizationId,<string>,TrnId,<string>,VendorId,<string>,Context,[object Object]"},{"key":"Accept","value":"application/json"}],"method":"POST","body":{"mode":"raw","raw":"{\n  \"AcctSel\": {\n    \"AcctKeys\": {\n      \"AcctId\": \"<string>\",\n      \"AcctType\": \"<string>\"\n    }\n  }\n}","options":{"raw":{"language":"json"}}}},"status":"Internal Server Error","code":500,"header":[{"key":"Content-Type","value":"application/json"}],"body":"{\n  \"AcctRec\": {\n    \"AcctKeys\": {\n      \"AcctId\": \"aliquip\",\n      \"AcctType\": \"ILA\"\n    },\n    \"AcctStatus\": {\n      \"AcctStatusCode\": \"Valid\",\n      \"EffDt\": \"7187-52-44T15:26\"\n    },\n    \"LoanAcctInfo\": {\n      \"GoodThruDt\": \"2005-06-09\",\n      \"AcctDtlStatus\": \"Closed\",\n      \"AcctDtlStatusEnumDesc\": \"sint dolore\",\n      \"FederalInsuranceEligibility\": \"NotApplicable\",\n      \"ProductIdent\": \"cupidat\",\n      \"InitialAmount\": {\n        \"Amt\": -86235784.31216954\n      },\n      \"OpenDt\": \"1981-12-01\",\n      \"Term\": {\n        \"TermUnits\": \"Months\",\n        \"Count\": 65316437\n      },\n      \"MaturityDt\": \"1961-08-16\",\n      \"DateData\": [\n        {\n          \"DateType\": \"LastTrn\",\n          \"DateTypeEnumDesc\": \"quis est nulla\"\n        },\n        {\n          \"DateType\": \"LastTrn\",\n          \"DateTypeEnumDesc\": \"voluptate esse ipsum in\"\n        }\n      ],\n      \"RelationshipMgr\": [\n        {\n          \"RelationshipMgrIdent\": \"tempor deserunt e\",\n          \"RelationshipMgrIdentEnumDesc\": \"nulla tempor\",\n          \"RelationshipRole\": \"Officer\",\n          \"RelationshipRoleEnumDesc\": \"anim ex Ut\"\n        },\n        {\n          \"RelationshipMgrIdent\": \"incididun\",\n          \"RelationshipMgrIdentEnumDesc\": \"non amet eu Ut\",\n          \"RelationshipRole\": \"Officer\",\n          \"RelationshipRoleEnumDesc\": \"ex pariatur sed sit\"\n        }\n      ],\n      \"OriginatingBranch\": \"occaecat ipsum ex\",\n      \"OriginatingBranchEnumDesc\": \"cu\",\n      \"AcctTitleOption\": \"mollit ullamco anim \",\n      \"OEDCode\": \"irure ea U\",\n      \"OEDCodeEnumDesc\": \"ipsum\",\n      \"EmployeeInd\": false,\n      \"NoticeData\": [\n        {\n          \"NoticeType\": \"qui minim\"\n        },\n        {\n          \"NoticeType\": \"et deserunt cillum\"\n        }\n      ],\n      \"Rate\": -26279277.364408627,\n      \"EffectiveRate\": 86112010.73178494,\n      \"IntRateData\": {\n        \"AccrualMethod\": \"ex elit anim\"\n      },\n      \"AcctBal\": [\n        {\n          \"BalType\": \"LateFee\",\n          \"CurAmt\": {\n            \"Amt\": {\n              \"value\": \"<Error: Too many levels of nesting to fake this schema>\"\n            }\n          },\n          \"BalTypeEnumDesc\": \"eiusmod et\"\n        },\n        {\n          \"BalType\": \"LateFee\",\n          \"CurAmt\": {\n            \"Amt\": {\n              \"value\": \"<Error: Too many levels of nesting to fake this schema>\"\n            }\n          },\n          \"BalTypeEnumDesc\": \"proident laboris\"\n        }\n      ],\n      \"AcctPeriodData\": [\n        {\n          \"AcctAmtType\": \"DelqCycle4\",\n          \"AcctAmtTypeEnumDesc\": \"labore Ut\",\n          \"AcctPeriodType\": \"LTD\",\n          \"AcctPeriodTypeEnumDesc\": \"exercitation\",\n          \"Amt\": 56791694.37880534,\n          \"Count\": 12713177\n        },\n        {\n          \"AcctAmtType\": \"DelqCycle2\",\n          \"AcctAmtTypeEnumDesc\": \"cupidatat\",\n          \"AcctPeriodType\": \"PriorYr\",\n          \"AcctPeriodTypeEnumDesc\": \"l\",\n          \"Amt\": -27873201.381681547,\n          \"Count\": -72647557\n        }\n      ],\n      \"Fee\": [\n        {\n          \"FeeCalcOption\": \"tempor laboris do laborum\",\n          \"CurAmt\": {\n            \"Amt\": {\n              \"value\": \"<Error: Too many levels of nesting to fake this schema>\"\n            }\n          },\n          \"BalPercent\": 59231348.13869712\n        },\n        {\n          \"FeeCalcOption\": \"reprehenderit occaecat n\",\n          \"CurAmt\": {\n            \"Amt\": {\n              \"value\": \"<Error: Too many levels of nesting to fake this schema>\"\n            }\n          },\n          \"BalPercent\": -80346767.93268752\n        }\n      ],\n      \"CreditRisk\": [\n        {\n          \"RiskCategory\": \"RiskScore1\",\n          \"InternalScore\": \"qui et\"\n        },\n        {\n          \"RiskCategory\": \"RiskScore1\",\n          \"InternalScore\": \"in ullamco sit laborum\"\n        }\n      ],\n      \"RestrictedInd\": false,\n      \"SoldPercent\": 47874202.418966144,\n      \"OriginationDt\": \"2018-09-21\",\n      \"LastRenewalDt\": \"1997-06-09\",\n      \"Freq\": \"SinglePay\",\n      \"CollateralCode\": \"i\",\n      \"CollateralCodeEnumDesc\": \"in eu\",\n      \"Insurance\": [\n        {\n          \"InsuranceType\": \"in commodo veniam aliquip Duis\"\n        },\n        {\n          \"InsuranceType\": \"cupidatat tempor officia\"\n        }\n      ],\n      \"CreditLineCycle\": 56892819,\n      \"LoanBilling\": {\n        \"BillingMethod\": \"None\",\n        \"BillingMethodEnumDesc\": \"labore officia\",\n        \"LOCPaymentMethodEnumDesc\": \"officia dolore\",\n        \"FromAcctKeys\": {\n          \"AcctId\": \"pariatur\"\n        }\n      },\n      \"TotalPmtCount\": -79399812,\n      \"RegPmt\": {\n        \"PmtCompositeAmt\": [\n          {\n            \"CurAmt\": {\n              \"value\": \"<Error: Too many levels of nesting to fake this schema>\"\n            },\n            \"CompositeCurAmtType\": {\n              \"value\": \"<Error: Too many levels of nesting to fake this schema>\"\n            },\n            \"CompositeCurAmtTypeEnumDesc\": {\n              \"value\": \"<Error: Too many levels of nesting to fake this schema>\"\n            }\n          },\n          {\n            \"CurAmt\": {\n              \"value\": \"<Error: Too many levels of nesting to fake this schema>\"\n            },\n            \"CompositeCurAmtType\": {\n              \"value\": \"<Error: Too many levels of nesting to fake this schema>\"\n            },\n            \"CompositeCurAmtTypeEnumDesc\": {\n              \"value\": \"<Error: Too many levels of nesting to fake this schema>\"\n            }\n          }\n        ]\n      },\n      \"PmtSched\": [\n        {\n          \"PmtAmtOption\": \"PrincipalAndInterest\"\n        },\n        {\n          \"PmtAmtOption\": \"SinglePmt\"\n        }\n      ],\n      \"LateFee\": {\n        \"GraceDays\": 12163932\n      },\n      \"NextPmt\": {\n        \"PmtCompositeAmt\": [\n          {\n            \"CurAmt\": {\n              \"value\": \"<Error: Too many levels of nesting to fake this schema>\"\n            },\n            \"CompositeCurAmtType\": {\n              \"value\": \"<Error: Too many levels of nesting to fake this schema>\"\n            },\n            \"CompositeCurAmtTypeEnumDesc\": {\n              \"value\": \"<Error: Too many levels of nesting to fake this schema>\"\n            }\n          },\n          {\n            \"CurAmt\": {\n              \"value\": \"<Error: Too many levels of nesting to fake this schema>\"\n            },\n            \"CompositeCurAmtType\": {\n              \"value\": \"<Error: Too many levels of nesting to fake this schema>\"\n            },\n            \"CompositeCurAmtTypeEnumDesc\": {\n              \"value\": \"<Error: Too many levels of nesting to fake this schema>\"\n            }\n          }\n        ],\n        \"PmtDt\": \"1988-08-25\"\n      },\n      \"LastPmt\": {\n        \"PmtDt\": \"2022-06-10\"\n      },\n      \"NonAccrualInd\": true,\n      \"PmtPostingRestrictions\": {\n        \"RestrictionReasonCode\": \"qui ad in\"\n      },\n      \"Dealer\": [\n        {\n          \"DealerIdent\": \"ut a\",\n          \"DealerReserveAmt\": {\n            \"Amt\": {\n              \"value\": \"<Error: Too many levels of nesting to fake this schema>\"\n            }\n          }\n        },\n        {\n          \"DealerIdent\": \"amet\",\n          \"DealerReserveAmt\": {\n            \"Amt\": {\n              \"value\": \"<Error: Too many levels of nesting to fake this schema>\"\n            }\n          }\n        }\n      ],\n      \"LOCAdvance\": {\n        \"LimitAmt\": {\n          \"Amt\": 58878668.57589817\n        }\n      },\n      \"IncYearEndReportCode\": \"HistStmtandIntNotice\",\n      \"HomeMortgageDisclosure\": {\n        \"MortgageType\": \"commodo minim\",\n        \"PropertyType\": \"sunt in aliqua Duis\",\n        \"PurposeCode\": \"culpa laborum consequat ex amet\"\n      },\n      \"CreditBureauAcctData\": {\n        \"BureauStatus\": \"est minim ullamco laborum\"\n      }\n    }\n  },\n  \"Status\": {\n    \"Severity\": \"Error\",\n    \"StatusCode\": \"s\",\n    \"StatusDesc\": \"consectetur consequat\",\n    \"SvcProviderName\": \"aliqua\",\n    \"Id\": \"voluptate veniam mollit\",\n    \"ServerStatusCode\": \"\",\n    \"ServerStatusDesc\": \"esse Excepteur\",\n    \"OvrdExceptionInd\": true,\n    \"SubjectRole\": \"dolor amet\",\n    \"SubjectElement\": [\n      {\n        \"Path\": \"non nisi exercitation ad\",\n        \"ServerPath\": \"proident\",\n        \"Value\": \"et eu Lorem min\"\n      },\n      {\n        \"Path\": \"nisi velit\",\n        \"ServerPath\": \"proident culpa ipsum eiusmod eu\",\n        \"Value\": \"enim eiusmod proident ullamco\"\n      }\n    ],\n    \"ContentHTML\": \"commodo\",\n    \"AdditionalStatus\": [\n      {\n        \"StatusCode\": \"in pariatur in\",\n        \"StatusDesc\": \"dolore\",\n        \"Severity\": \"Info\",\n        \"SvcProviderName\": \"velit non\",\n        \"ServerStatusCode\": \"dolore enim do\",\n        \"ServerStatusDesc\": \"Duis ad non enim\",\n        \"OvrdExceptionInd\": true,\n        \"SubjectElement\": [\n          {\n            \"Path\": \"nulla est in velit\",\n            \"ServerPath\": \"paria\",\n            \"Value\": \"id magna\"\n          },\n          {\n            \"Path\": \"nostrud minim cupidatat in\",\n            \"ServerPath\": \"consectetur cupidatat laboris exercitation deserunt\",\n            \"Value\": \"culpa in reprehenderit pariatur Ut\"\n          }\n        ]\n      },\n      {\n        \"StatusCode\": \"non id quis e\",\n        \"StatusDesc\": \"voluptate Excepteur aliquip\",\n        \"Severity\": \"Info\",\n        \"SvcProviderName\": \"laborum velit officia aliquip\",\n        \"ServerStatusCode\": \"et do volup\",\n        \"ServerStatusDesc\": \"eiusmod consectetur\",\n        \"OvrdExceptionInd\": false,\n        \"SubjectElement\": [\n          {\n            \"Path\": \"sunt ipsum elit\",\n            \"ServerPath\": \"laborum anim esse irure\",\n            \"Value\": \"dolore dolor adipisicing sunt\"\n          },\n          {\n            \"Path\": \"occaecat enim quis labore\",\n            \"ServerPath\": \"sit Lorem in\",\n            \"Value\": \"in est id Excepteur\"\n          }\n        ]\n      }\n    ]\n  }\n}","cookie":[],"_postman_previewlanguage":"json"}],"event":[],"protocolProfileBehavior":{"disableBodyPruning":true}}],"event":[],"variable":[{"type":"string","value":"/","key":"baseUrl"}],"info":{"_postman_id":"72dccb14-2f51-4a08-a108-51a2e8739e8e","name":"Account Service","schema":"https://schema.getpostman.com/json/collection/v2.1.0/collection.json","description":{"content":"The account service helps to create and manage product accounts serviced by the financial institutions. It is also used to retrieve information about the existing accounts and maintain information of new accounts.","type":"text/plain"}}}