{"item":[{"id":"257d3214-1652-450c-a294-a0c069bac115","name":"Add Account","request":{"name":"Add Account","description":{"content":"Add Account API creates a new Line of Credit Account (LOC). <br>For Cleartouch, this API adds the primary or seasonal addresses to the account during the account set up of the new account only. Cleartouch does not update the address anywhere in the system or at the customer record.<br> <br> To download the API Specifications and Postman Collection, click <a href=\"../docs/?path=docs/resources/resources.md\" title=\"Click to open\">Resources</a>.","type":"text/plain"},"url":{"path":["acctservice","acctmgmt","accounts"],"host":["{{baseUrl}}"],"query":[],"variable":[]},"header":[{"disabled":false,"description":"(Required) EFX Header is a common and required component for all API calls, it contains client-related parameters. Please note that the header parameters should be sent as a JSON object under the EFXHeader parameter. To view the list of header parameters, <a href=\"../docs?path=docs/api-ref-EFX-header.md\" title=\"Click to open\"> click here.</a>","key":"EFXHeader","value":"OrganizationId,<string>,TrnId,<string>,VendorId,<string>,Context,[object Object]"},{"key":"Content-Type","value":"application/json"},{"key":"Accept","value":"application/json"}],"method":"POST","auth":null,"body":{"mode":"raw","raw":"{\n  \"PartyAcctRelInfo\": [\n    {\n      \"PartyRef\": {\n        \"PartyKeys\": {\n          \"PartyId\": \"<string>\"\n        }\n      },\n      \"PartyAcctRelData\": [\n        {\n          \"PartyAcctRelType\": \"<string>\",\n          \"OwnershipType\": \"<string>\"\n        },\n        {\n          \"PartyAcctRelType\": \"<string>\",\n          \"OwnershipType\": \"<string>\"\n        }\n      ],\n      \"PrimaryOwnerInd\": \"<boolean>\"\n    },\n    {\n      \"PartyRef\": {\n        \"PartyKeys\": {\n          \"PartyId\": \"<string>\"\n        }\n      },\n      \"PartyAcctRelData\": [\n        {\n          \"PartyAcctRelType\": \"<string>\",\n          \"OwnershipType\": \"<string>\"\n        },\n        {\n          \"PartyAcctRelType\": \"<string>\",\n          \"OwnershipType\": \"<string>\"\n        }\n      ],\n      \"PrimaryOwnerInd\": \"<boolean>\"\n    }\n  ],\n  \"LoanAcctInfo\": {\n    \"CurCode\": {\n      \"CurCodeValue\": \"<string>\",\n      \"CurCodeType\": \"<string>\"\n    },\n    \"AcctIdent\": [\n      {\n        \"AcctIdentType\": \"<string>\",\n        \"AcctIdentValue\": \"<string>\"\n      },\n      {\n        \"AcctIdentType\": \"<string>\",\n        \"AcctIdentValue\": \"<string>\"\n      }\n    ],\n    \"ProductIdent\": \"<string>\",\n    \"AcctType\": \"<string>\",\n    \"AcctUse\": \"<string>\",\n    \"InitialAmount\": {\n      \"Amt\": \"<number>\",\n      \"CurCode\": {\n        \"CurCodeValue\": \"<string>\",\n        \"CurCodeType\": \"<string>\"\n      }\n    },\n    \"OpenDt\": \"<date>\",\n    \"MaturityDt\": \"<date>\",\n    \"RelationshipMgr\": [\n      {\n        \"RelationshipMgrIdent\": \"<string>\",\n        \"RelationshipRole\": \"<string>\",\n        \"RelationshipRoleEnumDesc\": \"<string>\"\n      },\n      {\n        \"RelationshipMgrIdent\": \"<string>\",\n        \"RelationshipRole\": \"<string>\",\n        \"RelationshipRoleEnumDesc\": \"<string>\"\n      }\n    ],\n    \"OriginatingBranch\": \"<string>\",\n    \"Nickname\": \"<string>\",\n    \"AddtlTitles\": [\n      {\n        \"AcctTitleType\": \"<string>\",\n        \"AcctTitle\": \"<string>\"\n      },\n      {\n        \"AcctTitleType\": \"<string>\",\n        \"AcctTitle\": \"<string>\"\n      }\n    ],\n    \"Rate\": \"<number>\",\n    \"EffectiveRate\": \"<number>\",\n    \"PostAddr\": [\n      {\n        \"AddrType\": \"<string>\",\n        \"AddrUse\": \"<string>\",\n        \"Addr1\": \"<string>\",\n        \"Addr2\": \"<string>\",\n        \"City\": \"<string>\",\n        \"StateProv\": \"<string>\",\n        \"PostalCode\": \"<string>\",\n        \"CountryCode\": {\n          \"CountryCodeValue\": \"<string>\",\n          \"CountryCodeSource\": \"<string>\"\n        },\n        \"TimeFrame\": {\n          \"StartDt\": \"<string>\",\n          \"EndDt\": \"<string>\"\n        }\n      },\n      {\n        \"AddrType\": \"<string>\",\n        \"AddrUse\": \"<string>\",\n        \"Addr1\": \"<string>\",\n        \"Addr2\": \"<string>\",\n        \"City\": \"<string>\",\n        \"StateProv\": \"<string>\",\n        \"PostalCode\": \"<string>\",\n        \"CountryCode\": {\n          \"CountryCodeValue\": \"<string>\",\n          \"CountryCodeSource\": \"<string>\"\n        },\n        \"TimeFrame\": {\n          \"StartDt\": \"<string>\",\n          \"EndDt\": \"<string>\"\n        }\n      }\n    ],\n    \"DuePmt\": {\n      \"DueDt\": \"<string>\"\n    }\n  }\n}","options":{"raw":{"language":"json"}}}},"response":[{"id":"753ba43c-9604-4aa0-a5cd-0769a580992d","name":"Created","originalRequest":{"url":{"path":["acctservice","acctmgmt","accounts"],"host":["{{baseUrl}}"],"query":[],"variable":[]},"header":[{"disabled":false,"description":"(Required) EFX Header is a common and required component for all API calls, it contains client-related parameters. Please note that the header parameters should be sent as a JSON object under the EFXHeader parameter. To view the list of header parameters, <a href=\"../docs?path=docs/api-ref-EFX-header.md\" title=\"Click to open\"> click here.</a>","key":"EFXHeader","value":"OrganizationId,<string>,TrnId,<string>,VendorId,<string>,Context,[object Object]"},{"key":"Accept","value":"application/json"}],"method":"POST","body":{"mode":"raw","raw":"{\n  \"PartyAcctRelInfo\": [\n    {\n      \"PartyRef\": {\n        \"PartyKeys\": {\n          \"PartyId\": \"<string>\"\n        }\n      },\n      \"PartyAcctRelData\": [\n        {\n          \"PartyAcctRelType\": \"<string>\",\n          \"OwnershipType\": \"<string>\"\n        },\n        {\n          \"PartyAcctRelType\": \"<string>\",\n          \"OwnershipType\": \"<string>\"\n        }\n      ],\n      \"PrimaryOwnerInd\": \"<boolean>\"\n    },\n    {\n      \"PartyRef\": {\n        \"PartyKeys\": {\n          \"PartyId\": \"<string>\"\n        }\n      },\n      \"PartyAcctRelData\": [\n        {\n          \"PartyAcctRelType\": \"<string>\",\n          \"OwnershipType\": \"<string>\"\n        },\n        {\n          \"PartyAcctRelType\": \"<string>\",\n          \"OwnershipType\": \"<string>\"\n        }\n      ],\n      \"PrimaryOwnerInd\": \"<boolean>\"\n    }\n  ],\n  \"LoanAcctInfo\": {\n    \"CurCode\": {\n      \"CurCodeValue\": \"<string>\",\n      \"CurCodeType\": \"<string>\"\n    },\n    \"AcctIdent\": [\n      {\n        \"AcctIdentType\": \"<string>\",\n        \"AcctIdentValue\": \"<string>\"\n      },\n      {\n        \"AcctIdentType\": \"<string>\",\n        \"AcctIdentValue\": \"<string>\"\n      }\n    ],\n    \"ProductIdent\": \"<string>\",\n    \"AcctType\": \"<string>\",\n    \"AcctUse\": \"<string>\",\n    \"InitialAmount\": {\n      \"Amt\": \"<number>\",\n      \"CurCode\": {\n        \"CurCodeValue\": \"<string>\",\n        \"CurCodeType\": \"<string>\"\n      }\n    },\n    \"OpenDt\": \"<date>\",\n    \"MaturityDt\": \"<date>\",\n    \"RelationshipMgr\": [\n      {\n        \"RelationshipMgrIdent\": \"<string>\",\n        \"RelationshipRole\": \"<string>\",\n        \"RelationshipRoleEnumDesc\": \"<string>\"\n      },\n      {\n        \"RelationshipMgrIdent\": \"<string>\",\n        \"RelationshipRole\": \"<string>\",\n        \"RelationshipRoleEnumDesc\": \"<string>\"\n      }\n    ],\n    \"OriginatingBranch\": \"<string>\",\n    \"Nickname\": \"<string>\",\n    \"AddtlTitles\": [\n      {\n        \"AcctTitleType\": \"<string>\",\n        \"AcctTitle\": \"<string>\"\n      },\n      {\n        \"AcctTitleType\": \"<string>\",\n        \"AcctTitle\": \"<string>\"\n      }\n    ],\n    \"Rate\": \"<number>\",\n    \"EffectiveRate\": \"<number>\",\n    \"PostAddr\": [\n      {\n        \"AddrType\": \"<string>\",\n        \"AddrUse\": \"<string>\",\n        \"Addr1\": \"<string>\",\n        \"Addr2\": \"<string>\",\n        \"City\": \"<string>\",\n        \"StateProv\": \"<string>\",\n        \"PostalCode\": \"<string>\",\n        \"CountryCode\": {\n          \"CountryCodeValue\": \"<string>\",\n          \"CountryCodeSource\": \"<string>\"\n        },\n        \"TimeFrame\": {\n          \"StartDt\": \"<string>\",\n          \"EndDt\": \"<string>\"\n        }\n      },\n      {\n        \"AddrType\": \"<string>\",\n        \"AddrUse\": \"<string>\",\n        \"Addr1\": \"<string>\",\n        \"Addr2\": \"<string>\",\n        \"City\": \"<string>\",\n        \"StateProv\": \"<string>\",\n        \"PostalCode\": \"<string>\",\n        \"CountryCode\": {\n          \"CountryCodeValue\": \"<string>\",\n          \"CountryCodeSource\": \"<string>\"\n        },\n        \"TimeFrame\": {\n          \"StartDt\": \"<string>\",\n          \"EndDt\": \"<string>\"\n        }\n      }\n    ],\n    \"DuePmt\": {\n      \"DueDt\": \"<string>\"\n    }\n  }\n}","options":{"raw":{"language":"json"}}}},"status":"Created","code":201,"header":[{"key":"Content-Type","value":"application/json"}],"body":"{\n  \"AcctStatusRec\": {\n    \"AcctKeys\": {\n      \"AcctId\": \"in amet ut ex\",\n      \"AcctType\": \"LOC\"\n    },\n    \"AcctStatus\": {\n      \"AcctStatusCode\": \"Valid\",\n      \"EffDt\": \"6564-22-87\"\n    }\n  },\n  \"Status\": {\n    \"Severity\": \"Error\",\n    \"StatusCode\": \"sint ir\",\n    \"StatusDesc\": \"enim magna sint consectetur\",\n    \"SvcProviderName\": \"in magna sit\",\n    \"Id\": \"ipsum consequat minim\",\n    \"ServerStatusCode\": \"non d\",\n    \"ServerStatusDesc\": \"ut dolore in et Duis\",\n    \"OvrdExceptionInd\": true,\n    \"SubjectRole\": \"id Lorem incididunt\",\n    \"SubjectElement\": [\n      {\n        \"Path\": \"nulla fugiat\",\n        \"ServerPath\": \"nostrud adipisicing amet mollit Excepteur\",\n        \"Value\": \"elit in nisi voluptate nostrud\"\n      },\n      {\n        \"Path\": \"qui anim\",\n        \"ServerPath\": \"eiusmod ut qui adipisicing\",\n        \"Value\": \"adipisicing irure officia\"\n      }\n    ],\n    \"ContentHTML\": \"sed dolore nostrud\",\n    \"AdditionalStatus\": [\n      {\n        \"StatusCode\": \"dolor s\",\n        \"StatusDesc\": \"esse aliqua ea aute\",\n        \"Severity\": \"Error\",\n        \"SvcProviderName\": \"exercitation eu est\",\n        \"ServerStatusCode\": \"nulla est\",\n        \"ServerStatusDesc\": \"minim anim consectetur\",\n        \"OvrdExceptionInd\": true,\n        \"SubjectElement\": [\n          {\n            \"Path\": \"adipisicin\",\n            \"ServerPath\": \"est proident quis fugiat ut\",\n            \"Value\": \"amet\"\n          },\n          {\n            \"Path\": \"Ut incididunt\",\n            \"ServerPath\": \"eu do aliquip non\",\n            \"Value\": \"quis Duis aute\"\n          }\n        ]\n      },\n      {\n        \"StatusCode\": \"cillum L\",\n        \"StatusDesc\": \"sunt dolor commodo\",\n        \"Severity\": \"Warning\",\n        \"SvcProviderName\": \"sunt aliqua Ut\",\n        \"ServerStatusCode\": \"et ven\",\n        \"ServerStatusDesc\": \"sit in culpa\",\n        \"OvrdExceptionInd\": true,\n        \"SubjectElement\": [\n          {\n            \"Path\": \"voluptate ad cillum si\",\n            \"ServerPath\": \"ut\",\n            \"Value\": \"in veniam\"\n          },\n          {\n            \"Path\": \"dolore aliquip\",\n            \"ServerPath\": \"id com\",\n            \"Value\": \"in Duis adipisicing\"\n          }\n        ]\n      }\n    ]\n  }\n}","cookie":[],"_postman_previewlanguage":"json"},{"id":"c6c6bd28-5060-424f-b0f9-c3193e7f8d40","name":"To view the complete list of response codes, <a href=\"../docs/?path=docs/response-codes.md\" title=\"Click to open\">click here.</a>","originalRequest":{"url":{"path":["acctservice","acctmgmt","accounts"],"host":["{{baseUrl}}"],"query":[],"variable":[]},"header":[{"disabled":false,"description":"(Required) EFX Header is a common and required component for all API calls, it contains client-related parameters. Please note that the header parameters should be sent as a JSON object under the EFXHeader parameter. To view the list of header parameters, <a href=\"../docs?path=docs/api-ref-EFX-header.md\" title=\"Click to open\"> click here.</a>","key":"EFXHeader","value":"OrganizationId,<string>,TrnId,<string>,VendorId,<string>,Context,[object Object]"},{"key":"Accept","value":"application/json"}],"method":"POST","body":{"mode":"raw","raw":"{\n  \"PartyAcctRelInfo\": [\n    {\n      \"PartyRef\": {\n        \"PartyKeys\": {\n          \"PartyId\": \"<string>\"\n        }\n      },\n      \"PartyAcctRelData\": [\n        {\n          \"PartyAcctRelType\": \"<string>\",\n          \"OwnershipType\": \"<string>\"\n        },\n        {\n          \"PartyAcctRelType\": \"<string>\",\n          \"OwnershipType\": \"<string>\"\n        }\n      ],\n      \"PrimaryOwnerInd\": \"<boolean>\"\n    },\n    {\n      \"PartyRef\": {\n        \"PartyKeys\": {\n          \"PartyId\": \"<string>\"\n        }\n      },\n      \"PartyAcctRelData\": [\n        {\n          \"PartyAcctRelType\": \"<string>\",\n          \"OwnershipType\": \"<string>\"\n        },\n        {\n          \"PartyAcctRelType\": \"<string>\",\n          \"OwnershipType\": \"<string>\"\n        }\n      ],\n      \"PrimaryOwnerInd\": \"<boolean>\"\n    }\n  ],\n  \"LoanAcctInfo\": {\n    \"CurCode\": {\n      \"CurCodeValue\": \"<string>\",\n      \"CurCodeType\": \"<string>\"\n    },\n    \"AcctIdent\": [\n      {\n        \"AcctIdentType\": \"<string>\",\n        \"AcctIdentValue\": \"<string>\"\n      },\n      {\n        \"AcctIdentType\": \"<string>\",\n        \"AcctIdentValue\": \"<string>\"\n      }\n    ],\n    \"ProductIdent\": \"<string>\",\n    \"AcctType\": \"<string>\",\n    \"AcctUse\": \"<string>\",\n    \"InitialAmount\": {\n      \"Amt\": \"<number>\",\n      \"CurCode\": {\n        \"CurCodeValue\": \"<string>\",\n        \"CurCodeType\": \"<string>\"\n      }\n    },\n    \"OpenDt\": \"<date>\",\n    \"MaturityDt\": \"<date>\",\n    \"RelationshipMgr\": [\n      {\n        \"RelationshipMgrIdent\": \"<string>\",\n        \"RelationshipRole\": \"<string>\",\n        \"RelationshipRoleEnumDesc\": \"<string>\"\n      },\n      {\n        \"RelationshipMgrIdent\": \"<string>\",\n        \"RelationshipRole\": \"<string>\",\n        \"RelationshipRoleEnumDesc\": \"<string>\"\n      }\n    ],\n    \"OriginatingBranch\": \"<string>\",\n    \"Nickname\": \"<string>\",\n    \"AddtlTitles\": [\n      {\n        \"AcctTitleType\": \"<string>\",\n        \"AcctTitle\": \"<string>\"\n      },\n      {\n        \"AcctTitleType\": \"<string>\",\n        \"AcctTitle\": \"<string>\"\n      }\n    ],\n    \"Rate\": \"<number>\",\n    \"EffectiveRate\": \"<number>\",\n    \"PostAddr\": [\n      {\n        \"AddrType\": \"<string>\",\n        \"AddrUse\": \"<string>\",\n        \"Addr1\": \"<string>\",\n        \"Addr2\": \"<string>\",\n        \"City\": \"<string>\",\n        \"StateProv\": \"<string>\",\n        \"PostalCode\": \"<string>\",\n        \"CountryCode\": {\n          \"CountryCodeValue\": \"<string>\",\n          \"CountryCodeSource\": \"<string>\"\n        },\n        \"TimeFrame\": {\n          \"StartDt\": \"<string>\",\n          \"EndDt\": \"<string>\"\n        }\n      },\n      {\n        \"AddrType\": \"<string>\",\n        \"AddrUse\": \"<string>\",\n        \"Addr1\": \"<string>\",\n        \"Addr2\": \"<string>\",\n        \"City\": \"<string>\",\n        \"StateProv\": \"<string>\",\n        \"PostalCode\": \"<string>\",\n        \"CountryCode\": {\n          \"CountryCodeValue\": \"<string>\",\n          \"CountryCodeSource\": \"<string>\"\n        },\n        \"TimeFrame\": {\n          \"StartDt\": \"<string>\",\n          \"EndDt\": \"<string>\"\n        }\n      }\n    ],\n    \"DuePmt\": {\n      \"DueDt\": \"<string>\"\n    }\n  }\n}","options":{"raw":{"language":"json"}}}},"status":"Internal Server Error","code":500,"header":[{"key":"Content-Type","value":"application/json"}],"body":"{\n  \"AcctStatusRec\": {\n    \"AcctKeys\": {\n      \"AcctId\": \"velit in exercitation\",\n      \"AcctType\": \"LOC\"\n    },\n    \"AcctStatus\": {\n      \"AcctStatusCode\": \"Valid\",\n      \"EffDt\": \"8685-43-05T19:57:75+95:66\"\n    }\n  },\n  \"Status\": {\n    \"Severity\": \"Error\",\n    \"StatusCode\": \"exercitation\",\n    \"StatusDesc\": \"est do\",\n    \"SvcProviderName\": \"veniam irure ut minim\",\n    \"Id\": \"exercitation cupidatat\",\n    \"ServerStatusCode\": \"cillum reprehe\",\n    \"ServerStatusDesc\": \"pariatur\",\n    \"OvrdExceptionInd\": true,\n    \"SubjectRole\": \"quis cillum\",\n    \"SubjectElement\": [\n      {\n        \"Path\": \"proident cupidatat anim ut\",\n        \"ServerPath\": \"ipsum exercitation in\",\n        \"Value\": \"rep\"\n      },\n      {\n        \"Path\": \"id dolore cillum\",\n        \"ServerPath\": \"laborum cillum eiusmod nulla\",\n        \"Value\": \"ex in nu\"\n      }\n    ],\n    \"ContentHTML\": \"magna consectetur aliquip\",\n    \"AdditionalStatus\": [\n      {\n        \"StatusCode\": \"commodo e\",\n        \"StatusDesc\": \"ea et mollit\",\n        \"Severity\": \"Error\",\n        \"SvcProviderName\": \"enim laborum nostrud dolor voluptate\",\n        \"ServerStatusCode\": \"\",\n        \"ServerStatusDesc\": \"dolore incididunt\",\n        \"OvrdExceptionInd\": true,\n        \"SubjectElement\": [\n          {\n            \"Path\": \"eu eiusmod aute in of\",\n            \"ServerPath\": \"est eiusmod\",\n            \"Value\": \"ex amet proident\"\n          },\n          {\n            \"Path\": \"nulla mollit dolore id in\",\n            \"ServerPath\": \"do Lorem ex\",\n            \"Value\": \"aute id velit\"\n          }\n        ]\n      },\n      {\n        \"StatusCode\": \"qui consequat moll\",\n        \"StatusDesc\": \"aliqua ad ullamco ut\",\n        \"Severity\": \"Info\",\n        \"SvcProviderName\": \"ullamco consectetur\",\n        \"ServerStatusCode\": \"nulla cillum exerc\",\n        \"ServerStatusDesc\": \"laboris aliqua officia fugiat\",\n        \"OvrdExceptionInd\": false,\n        \"SubjectElement\": [\n          {\n            \"Path\": \"ex\",\n            \"ServerPath\": \"ut non\",\n            \"Value\": \"mollit culpa\"\n          },\n          {\n            \"Path\": \"sed cupidatat magna officia\",\n            \"ServerPath\": \"incididunt qui\",\n            \"Value\": \"pariatur tempor dolor non\"\n          }\n        ]\n      }\n    ]\n  }\n}","cookie":[],"_postman_previewlanguage":"json"}],"event":[],"protocolProfileBehavior":{"disableBodyPruning":true}}],"event":[],"variable":[{"type":"string","value":"/","key":"baseUrl"}],"info":{"_postman_id":"5b9c3607-beaa-44f8-8bd6-2aef6823051e","name":"Account Service","schema":"https://schema.getpostman.com/json/collection/v2.1.0/collection.json","description":{"content":"The account service helps to create and manage product accounts serviced by the financial institutions. It is also used to retrieve information about the existing accounts and maintain information of new accounts.","type":"text/plain"}}}