{"item":[{"id":"30d43288-2504-4af3-96ca-eb652618951a","name":"documentservice/document/document","item":[{"id":"e0fcced3-7b41-4e19-b534-439de49029f5","name":"Update Document.","request":{"name":"Update Document.","description":{"content":"Update Document API updates keywords on an existing document in the document management system, Director or Nautilus, as applicable using the Document Identifier (DocumentId). <br> <br> To download the API Specifications and Postman Collection, click <a href=\"../docs/?path=docs/resources/resources.md\" title=\"Click to open\">Resources</a>.","type":"text/plain"},"url":{"path":["documentservice","document","document"],"host":["{{baseUrl}}"],"query":[],"variable":[]},"header":[{"disabled":false,"description":"(Required) EFX Header is a common and required component for all API calls, it contains client-related parameters. Please note that the header parameters should be sent as a JSON object under the EFXHeader parameter. To view the list of header parameters, <a href=\"../docs?path=docs/api-ref-EFX-header.md\" title=\"Click to open\"> click here.</a>","key":"EFXHeader","value":"OrganizationId,<string>,TrnId,<string>,VendorId,<string>,Context,[object Object]"},{"key":"Content-Type","value":"application/json"},{"key":"Accept","value":"application/json"}],"method":"PUT","auth":null,"body":{"mode":"raw","raw":"{\n  \"DocumentInfo\": {\n    \"KeywordData\": [\n      {\n        \"Keyword\": \"<string>\",\n        \"KeywordValue\": \"<string>\"\n      },\n      {\n        \"Keyword\": \"<string>\",\n        \"KeywordValue\": \"<string>\"\n      }\n    ]\n  },\n  \"DocumentKeys\": {\n    \"DocumentId\": \"<string>\"\n  }\n}","options":{"raw":{"language":"json"}}}},"response":[{"id":"e13c397e-72ad-463b-80b7-acb18504dbef","name":"Success","originalRequest":{"url":{"path":["documentservice","document","document"],"host":["{{baseUrl}}"],"query":[],"variable":[]},"header":[{"disabled":false,"description":"(Required) EFX Header is a common and required component for all API calls, it contains client-related parameters. Please note that the header parameters should be sent as a JSON object under the EFXHeader parameter. To view the list of header parameters, <a href=\"../docs?path=docs/api-ref-EFX-header.md\" title=\"Click to open\"> click here.</a>","key":"EFXHeader","value":"OrganizationId,<string>,TrnId,<string>,VendorId,<string>,Context,[object Object]"},{"key":"Accept","value":"application/json"}],"method":"PUT","body":{"mode":"raw","raw":"{\n  \"DocumentInfo\": {\n    \"KeywordData\": [\n      {\n        \"Keyword\": \"<string>\",\n        \"KeywordValue\": \"<string>\"\n      },\n      {\n        \"Keyword\": \"<string>\",\n        \"KeywordValue\": \"<string>\"\n      }\n    ]\n  },\n  \"DocumentKeys\": {\n    \"DocumentId\": \"<string>\"\n  }\n}","options":{"raw":{"language":"json"}}}},"status":"OK","code":200,"header":[{"key":"Content-Type","value":"application/json"}],"body":"{\n  \"DocumentStatusRec\": {\n    \"DocumentKeys\": {\n      \"DocumentId\": \"<string>\"\n    },\n    \"DocumentStatus\": {\n      \"DocumentStatusCode\": \"Valid\",\n      \"EffDt\": \"1326-63-21\"\n    }\n  },\n  \"Status\": {\n    \"Severity\": \"Info\",\n    \"StatusCode\": \"sint eiusm\",\n    \"StatusDesc\": \"ullamco et quis irure\",\n    \"SvcProviderName\": \"nulla consectetur\",\n    \"Id\": \"Lorem Excepteur tempor laborum\",\n    \"ServerStatusCode\": \"dolore laboris\",\n    \"ServerStatusDesc\": \"mollit ipsum nisi fugiat\",\n    \"OvrdExceptionInd\": true,\n    \"SubjectRole\": \"elit qui ips\",\n    \"SubjectElement\": [\n      {\n        \"Path\": \"ex elit aliqua esse\",\n        \"ServerPath\": \"exercitation magna deserunt sint aliqua\",\n        \"Value\": \"dolor adip\"\n      },\n      {\n        \"Path\": \"cupidatat eiusmod laborum\",\n        \"ServerPath\": \"cupidatat ullamco magna dolore dolor\",\n        \"Value\": \"irure enim ullamco\"\n      }\n    ],\n    \"ContentHTML\": \"qui voluptate officia\",\n    \"AdditionalStatus\": [\n      {\n        \"StatusCode\": \"pariatur lab\",\n        \"StatusDesc\": \"eu magna adipisicing\",\n        \"Severity\": \"Error\",\n        \"SvcProviderName\": \"nisi anim reprehenderit minim ullamco\",\n        \"ServerStatusCode\": \"consequ\",\n        \"ServerStatusDesc\": \"tempor nostrud aliqua cupidatat\",\n        \"OvrdExceptionInd\": false,\n        \"SubjectElement\": [\n          {\n            \"Path\": \"tempor esse\",\n            \"ServerPath\": \"sunt commodo reprehenderit\",\n            \"Value\": \"tempor velit ex Ut\"\n          },\n          {\n            \"Path\": \"aliqua cupidatat commodo sit eiusmod\",\n            \"ServerPath\": \"ut dolore cupidatat\",\n            \"Value\": \"officia culpa in\"\n          }\n        ]\n      },\n      {\n        \"StatusCode\": \"aliqua en\",\n        \"StatusDesc\": \"reprehenderit quis\",\n        \"Severity\": \"Warning\",\n        \"SvcProviderName\": \"dolor sint nulla adipisicing aute\",\n        \"ServerStatusCode\": \"dolor\",\n        \"ServerStatusDesc\": \"sed eiusmod ut\",\n        \"OvrdExceptionInd\": true,\n        \"SubjectElement\": [\n          {\n            \"Path\": \"nulla\",\n            \"ServerPath\": \"elit sunt\",\n            \"Value\": \"sint adipisicing qui\"\n          },\n          {\n            \"Path\": \"nostrud in ea sit\",\n            \"ServerPath\": \"sunt id\",\n            \"Value\": \"ut eu\"\n          }\n        ]\n      }\n    ]\n  }\n}","cookie":[],"_postman_previewlanguage":"json"},{"id":"89bdcf5c-4fcf-4fd3-a2af-e7e2aedbcbba","name":"To view the complete list of response codes, <a href=\"../docs/?path=docs/response-codes.md\" title=\"Click to open\">click here.</a>","originalRequest":{"url":{"path":["documentservice","document","document"],"host":["{{baseUrl}}"],"query":[],"variable":[]},"header":[{"disabled":false,"description":"(Required) EFX Header is a common and required component for all API calls, it contains client-related parameters. Please note that the header parameters should be sent as a JSON object under the EFXHeader parameter. To view the list of header parameters, <a href=\"../docs?path=docs/api-ref-EFX-header.md\" title=\"Click to open\"> click here.</a>","key":"EFXHeader","value":"OrganizationId,<string>,TrnId,<string>,VendorId,<string>,Context,[object Object]"},{"key":"Accept","value":"application/json"}],"method":"PUT","body":{"mode":"raw","raw":"{\n  \"DocumentInfo\": {\n    \"KeywordData\": [\n      {\n        \"Keyword\": \"<string>\",\n        \"KeywordValue\": \"<string>\"\n      },\n      {\n        \"Keyword\": \"<string>\",\n        \"KeywordValue\": \"<string>\"\n      }\n    ]\n  },\n  \"DocumentKeys\": {\n    \"DocumentId\": \"<string>\"\n  }\n}","options":{"raw":{"language":"json"}}}},"status":"Internal Server Error","code":500,"header":[{"key":"Content-Type","value":"application/json"}],"body":"{\n  \"DocumentStatusRec\": {\n    \"DocumentKeys\": {\n      \"DocumentId\": \"<string>\"\n    },\n    \"DocumentStatus\": {\n      \"DocumentStatusCode\": \"Valid\",\n      \"EffDt\": \"6621-63-60\"\n    }\n  },\n  \"Status\": {\n    \"Severity\": \"Error\",\n    \"StatusCode\": \"proide\",\n    \"StatusDesc\": \"enim exercitation\",\n    \"SvcProviderName\": \"anim tempor aliqua\",\n    \"Id\": \"aliqua exercitation nulla et\",\n    \"ServerStatusCode\": \"dolore occ\",\n    \"ServerStatusDesc\": \"Duis\",\n    \"OvrdExceptionInd\": true,\n    \"SubjectRole\": \"voluptate velit\",\n    \"SubjectElement\": [\n      {\n        \"Path\": \"nostrud esse id dolore enim\",\n        \"ServerPath\": \"officia veniam\",\n        \"Value\": \"culpa dolor commodo\"\n      },\n      {\n        \"Path\": \"sed Excepteur qui\",\n        \"ServerPath\": \"Lorem labore ut\",\n        \"Value\": \"dolore minim irure\"\n      }\n    ],\n    \"ContentHTML\": \"magna et enim\",\n    \"AdditionalStatus\": [\n      {\n        \"StatusCode\": \"\",\n        \"StatusDesc\": \"voluptate Ut laborum\",\n        \"Severity\": \"Info\",\n        \"SvcProviderName\": \"ad\",\n        \"ServerStatusCode\": \"esse aliqua tempor d\",\n        \"ServerStatusDesc\": \"consequat exercitation in sed ex\",\n        \"OvrdExceptionInd\": false,\n        \"SubjectElement\": [\n          {\n            \"Path\": \"dolore labore\",\n            \"ServerPath\": \"pariatur minim occaecat\",\n            \"Value\": \"in tempor\"\n          },\n          {\n            \"Path\": \"ad officia do aliquip esse\",\n            \"ServerPath\": \"ipsum dolor\",\n            \"Value\": \"eiusmod est laboris\"\n          }\n        ]\n      },\n      {\n        \"StatusCode\": \"sint\",\n        \"StatusDesc\": \"sunt irure proident\",\n        \"Severity\": \"Error\",\n        \"SvcProviderName\": \"irur\",\n        \"ServerStatusCode\": \"deserunt ad\",\n        \"ServerStatusDesc\": \"sed tempor cillum\",\n        \"OvrdExceptionInd\": true,\n        \"SubjectElement\": [\n          {\n            \"Path\": \"Duis in occaecat sed\",\n            \"ServerPath\": \"dolore laboris\",\n            \"Value\": \"enim fugiat nisi exercitation\"\n          },\n          {\n            \"Path\": \"magna aute dolor velit dolore\",\n            \"ServerPath\": \"culpa do sunt dolor dolore\",\n            \"Value\": \"officia nisi enim\"\n          }\n        ]\n      }\n    ]\n  }\n}","cookie":[],"_postman_previewlanguage":"json"}],"event":[],"protocolProfileBehavior":{"disableBodyPruning":true}},{"id":"662f3152-4ff4-4bf1-b050-3a54b80ecfa2","name":"Add Document.","request":{"name":"Add Document.","description":{"content":"Add Document API uploads various formats of documents to the document management systems, Director or Nautilus, as applicable. <br> For this API, it is important to specify the right document group, document type, appropriate keywords and the Base64 encoded document data. <br> <br> To download the API Specifications and Postman Collection, click <a href=\"../docs/?path=docs/resources/resources.md\" title=\"Click to open\">Resources</a>.","type":"text/plain"},"url":{"path":["documentservice","document","document"],"host":["{{baseUrl}}"],"query":[],"variable":[]},"header":[{"disabled":false,"description":"(Required) EFX Header is a common and required component for all API calls, it contains client-related parameters. Please note that the header parameters should be sent as a JSON object under the EFXHeader parameter. To view the list of header parameters, <a href=\"../docs?path=docs/api-ref-EFX-header.md\" title=\"Click to open\"> click here.</a>","key":"EFXHeader","value":"OrganizationId,<string>,TrnId,<string>,VendorId,<string>,Context,[object Object]"},{"key":"Content-Type","value":"application/json"},{"key":"Accept","value":"application/json"}],"method":"POST","auth":null,"body":{"mode":"raw","raw":"{\n  \"DocumentInfo\": {\n    \"DiskGroup\": \"<long>\",\n    \"DocType\": \"<long>\",\n    \"DocTypeName\": \"<string>\",\n    \"KeywordData\": [\n      {\n        \"Keyword\": \"<string>\",\n        \"KeywordValue\": \"<string>\"\n      },\n      {\n        \"Keyword\": \"<string>\",\n        \"KeywordValue\": \"<string>\"\n      }\n    ],\n    \"PageData\": [\n      {\n        \"PageNum\": \"<long>\",\n        \"PageFormat\": \"<string>\",\n        \"PageValue\": {\n          \"BinData\": \"<object>\"\n        }\n      },\n      {\n        \"PageNum\": \"<long>\",\n        \"PageFormat\": \"<string>\",\n        \"PageValue\": {\n          \"BinData\": \"<object>\"\n        }\n      }\n    ]\n  }\n}","options":{"raw":{"language":"json"}}}},"response":[{"id":"c6d6f3bc-5045-4ef0-a0ea-92454c8a4728","name":"Success","originalRequest":{"url":{"path":["documentservice","document","document"],"host":["{{baseUrl}}"],"query":[],"variable":[]},"header":[{"disabled":false,"description":"(Required) EFX Header is a common and required component for all API calls, it contains client-related parameters. Please note that the header parameters should be sent as a JSON object under the EFXHeader parameter. To view the list of header parameters, <a href=\"../docs?path=docs/api-ref-EFX-header.md\" title=\"Click to open\"> click here.</a>","key":"EFXHeader","value":"OrganizationId,<string>,TrnId,<string>,VendorId,<string>,Context,[object Object]"},{"key":"Accept","value":"application/json"}],"method":"POST","body":{"mode":"raw","raw":"{\n  \"DocumentInfo\": {\n    \"DiskGroup\": \"<long>\",\n    \"DocType\": \"<long>\",\n    \"DocTypeName\": \"<string>\",\n    \"KeywordData\": [\n      {\n        \"Keyword\": \"<string>\",\n        \"KeywordValue\": \"<string>\"\n      },\n      {\n        \"Keyword\": \"<string>\",\n        \"KeywordValue\": \"<string>\"\n      }\n    ],\n    \"PageData\": [\n      {\n        \"PageNum\": \"<long>\",\n        \"PageFormat\": \"<string>\",\n        \"PageValue\": {\n          \"BinData\": \"<object>\"\n        }\n      },\n      {\n        \"PageNum\": \"<long>\",\n        \"PageFormat\": \"<string>\",\n        \"PageValue\": {\n          \"BinData\": \"<object>\"\n        }\n      }\n    ]\n  }\n}","options":{"raw":{"language":"json"}}}},"status":"OK","code":200,"header":[{"key":"Content-Type","value":"application/json"}],"body":"{\n  \"DocumentStatusRec\": {\n    \"DocumentKeys\": {\n      \"DocumentId\": \"<string>\"\n    },\n    \"DocumentStatus\": {\n      \"DocumentStatusCode\": \"Valid\",\n      \"EffDt\": \"3301-76-08T54:03:10.344+99:73\"\n    }\n  },\n  \"Status\": {\n    \"Severity\": \"Error\",\n    \"StatusCode\": \"moll\",\n    \"StatusDesc\": \"reprehenderit in velit\",\n    \"SvcProviderName\": \"officia anim esse\",\n    \"Id\": \"esse eiusmod\",\n    \"ServerStatusCode\": \"eu do\",\n    \"ServerStatusDesc\": \"inc\",\n    \"OvrdExceptionInd\": true,\n    \"SubjectRole\": \"non\",\n    \"SubjectElement\": [\n      {\n        \"Path\": \"in dolore Ut aute\",\n        \"ServerPath\": \"est et\",\n        \"Value\": \"veniam dolore aliqua pariatur labore\"\n      },\n      {\n        \"Path\": \"aute\",\n        \"ServerPath\": \"consequat aliqua\",\n        \"Value\": \"aliquip\"\n      }\n    ],\n    \"ContentHTML\": \"quis tempor exercitation enim\",\n    \"AdditionalStatus\": [\n      {\n        \"StatusCode\": \"ut dolor repreh\",\n        \"StatusDesc\": \"sunt adipisicing amet\",\n        \"Severity\": \"Warning\",\n        \"SvcProviderName\": \"aliqua dolore\",\n        \"ServerStatusCode\": \"dolore \",\n        \"ServerStatusDesc\": \"eiusmod non\",\n        \"OvrdExceptionInd\": false,\n        \"SubjectElement\": [\n          {\n            \"Path\": \"laborum fugiat\",\n            \"ServerPath\": \"Duis dolor reprehenderit\",\n            \"Value\": \"officia labore consequat in sint\"\n          },\n          {\n            \"Path\": \"nostrud id magna\",\n            \"ServerPath\": \"ipsum quis\",\n            \"Value\": \"dolor amet ut\"\n          }\n        ]\n      },\n      {\n        \"StatusCode\": \"veniam dolor \",\n        \"StatusDesc\": \"labore nostrud aliqua adipisicing\",\n        \"Severity\": \"Error\",\n        \"SvcProviderName\": \"Duis cillum\",\n        \"ServerStatusCode\": \"eu\",\n        \"ServerStatusDesc\": \"ex et fugiat\",\n        \"OvrdExceptionInd\": true,\n        \"SubjectElement\": [\n          {\n            \"Path\": \"nostrud anim adipisicing ullamco\",\n            \"ServerPath\": \"commodo ip\",\n            \"Value\": \"nisi sint culpa sed\"\n          },\n          {\n            \"Path\": \"anim sed cupidatat qui esse\",\n            \"ServerPath\": \"veniam eiusmod\",\n            \"Value\": \"commodo eiusmod pariatur\"\n          }\n        ]\n      }\n    ]\n  }\n}","cookie":[],"_postman_previewlanguage":"json"},{"id":"ef762cd1-4fe1-42f5-8676-56c8cfdb91e5","name":"To view the complete list of response codes, <a href=\"../docs/?path=docs/response-codes.md\" title=\"Click to open\">click here.</a>","originalRequest":{"url":{"path":["documentservice","document","document"],"host":["{{baseUrl}}"],"query":[],"variable":[]},"header":[{"disabled":false,"description":"(Required) EFX Header is a common and required component for all API calls, it contains client-related parameters. Please note that the header parameters should be sent as a JSON object under the EFXHeader parameter. To view the list of header parameters, <a href=\"../docs?path=docs/api-ref-EFX-header.md\" title=\"Click to open\"> click here.</a>","key":"EFXHeader","value":"OrganizationId,<string>,TrnId,<string>,VendorId,<string>,Context,[object Object]"},{"key":"Accept","value":"application/json"}],"method":"POST","body":{"mode":"raw","raw":"{\n  \"DocumentInfo\": {\n    \"DiskGroup\": \"<long>\",\n    \"DocType\": \"<long>\",\n    \"DocTypeName\": \"<string>\",\n    \"KeywordData\": [\n      {\n        \"Keyword\": \"<string>\",\n        \"KeywordValue\": \"<string>\"\n      },\n      {\n        \"Keyword\": \"<string>\",\n        \"KeywordValue\": \"<string>\"\n      }\n    ],\n    \"PageData\": [\n      {\n        \"PageNum\": \"<long>\",\n        \"PageFormat\": \"<string>\",\n        \"PageValue\": {\n          \"BinData\": \"<object>\"\n        }\n      },\n      {\n        \"PageNum\": \"<long>\",\n        \"PageFormat\": \"<string>\",\n        \"PageValue\": {\n          \"BinData\": \"<object>\"\n        }\n      }\n    ]\n  }\n}","options":{"raw":{"language":"json"}}}},"status":"Internal Server Error","code":500,"header":[{"key":"Content-Type","value":"application/json"}],"body":"{\n  \"DocumentStatusRec\": {\n    \"DocumentKeys\": {\n      \"DocumentId\": \"<string>\"\n    },\n    \"DocumentStatus\": {\n      \"DocumentStatusCode\": \"Valid\",\n      \"EffDt\": \"3301-76-08T54:03:10.344+99:73\"\n    }\n  },\n  \"Status\": {\n    \"Severity\": \"Error\",\n    \"StatusCode\": \"moll\",\n    \"StatusDesc\": \"reprehenderit in velit\",\n    \"SvcProviderName\": \"officia anim esse\",\n    \"Id\": \"esse eiusmod\",\n    \"ServerStatusCode\": \"eu do\",\n    \"ServerStatusDesc\": \"inc\",\n    \"OvrdExceptionInd\": true,\n    \"SubjectRole\": \"non\",\n    \"SubjectElement\": [\n      {\n        \"Path\": \"in dolore Ut aute\",\n        \"ServerPath\": \"est et\",\n        \"Value\": \"veniam dolore aliqua pariatur labore\"\n      },\n      {\n        \"Path\": \"aute\",\n        \"ServerPath\": \"consequat aliqua\",\n        \"Value\": \"aliquip\"\n      }\n    ],\n    \"ContentHTML\": \"quis tempor exercitation enim\",\n    \"AdditionalStatus\": [\n      {\n        \"StatusCode\": \"ut dolor repreh\",\n        \"StatusDesc\": \"sunt adipisicing amet\",\n        \"Severity\": \"Warning\",\n        \"SvcProviderName\": \"aliqua dolore\",\n        \"ServerStatusCode\": \"dolore \",\n        \"ServerStatusDesc\": \"eiusmod non\",\n        \"OvrdExceptionInd\": false,\n        \"SubjectElement\": [\n          {\n            \"Path\": \"laborum fugiat\",\n            \"ServerPath\": \"Duis dolor reprehenderit\",\n            \"Value\": \"officia labore consequat in sint\"\n          },\n          {\n            \"Path\": \"nostrud id magna\",\n            \"ServerPath\": \"ipsum quis\",\n            \"Value\": \"dolor amet ut\"\n          }\n        ]\n      },\n      {\n        \"StatusCode\": \"veniam dolor \",\n        \"StatusDesc\": \"labore nostrud aliqua adipisicing\",\n        \"Severity\": \"Error\",\n        \"SvcProviderName\": \"Duis cillum\",\n        \"ServerStatusCode\": \"eu\",\n        \"ServerStatusDesc\": \"ex et fugiat\",\n        \"OvrdExceptionInd\": true,\n        \"SubjectElement\": [\n          {\n            \"Path\": \"nostrud anim adipisicing ullamco\",\n            \"ServerPath\": \"commodo ip\",\n            \"Value\": \"nisi sint culpa sed\"\n          },\n          {\n            \"Path\": \"anim sed cupidatat qui esse\",\n            \"ServerPath\": \"veniam eiusmod\",\n            \"Value\": \"commodo eiusmod pariatur\"\n          }\n        ]\n      }\n    ]\n  }\n}","cookie":[],"_postman_previewlanguage":"json"}],"event":[],"protocolProfileBehavior":{"disableBodyPruning":true}},{"id":"ca432be4-d03a-4f73-b96d-d80a1161f834","name":"secured","item":[{"id":"0c28ce2e-b613-4d37-a072-4515cd906089","name":"Delete Document.","request":{"name":"Delete Document.","description":{"content":"Delete Document API deletes an existing document from the document management system, Director or Nautilus, as applicable using the Document Identifier (DocumentId). <br> <br> To download the API Specifications and Postman Collection, click <a href=\"../docs/?path=docs/resources/resources.md\" title=\"Click to open\">Resources</a>.","type":"text/plain"},"url":{"path":["documentservice","document","document","secured"],"host":["{{baseUrl}}"],"query":[],"variable":[]},"header":[{"disabled":false,"description":"(Required) EFX Header is a common and required component for all API calls, it contains client-related parameters. Please note that the header parameters should be sent as a JSON object under the EFXHeader parameter. To view the list of header parameters, <a href=\"../docs?path=docs/api-ref-EFX-header.md\" title=\"Click to open\"> click here.</a>","key":"EFXHeader","value":"OrganizationId,<string>,TrnId,<string>,VendorId,<string>,Context,[object Object]"},{"key":"Content-Type","value":"application/json"},{"key":"Accept","value":"application/json"}],"method":"PUT","auth":null,"body":{"mode":"raw","raw":"{\n  \"DocumentKeys\": {\n    \"DocumentId\": \"<string>\"\n  }\n}","options":{"raw":{"language":"json"}}}},"response":[{"id":"1cefd945-5c7c-42c4-8da3-dc0d027cd816","name":"Success","originalRequest":{"url":{"path":["documentservice","document","document","secured"],"host":["{{baseUrl}}"],"query":[],"variable":[]},"header":[{"disabled":false,"description":"(Required) EFX Header is a common and required component for all API calls, it contains client-related parameters. Please note that the header parameters should be sent as a JSON object under the EFXHeader parameter. To view the list of header parameters, <a href=\"../docs?path=docs/api-ref-EFX-header.md\" title=\"Click to open\"> click here.</a>","key":"EFXHeader","value":"OrganizationId,<string>,TrnId,<string>,VendorId,<string>,Context,[object Object]"},{"key":"Accept","value":"application/json"}],"method":"PUT","body":{"mode":"raw","raw":"{\n  \"DocumentKeys\": {\n    \"DocumentId\": \"<string>\"\n  }\n}","options":{"raw":{"language":"json"}}}},"status":"OK","code":200,"header":[{"key":"Content-Type","value":"application/json"}],"body":"{\n  \"DocumentStatusRec\": {\n    \"DocumentKeys\": {\n      \"DocumentId\": \"<string>\"\n    },\n    \"DocumentStatus\": {\n      \"DocumentStatusCode\": \"Deleted\",\n      \"EffDt\": \"5817-60-47T50:64:88.421\"\n    }\n  },\n  \"Status\": {\n    \"Severity\": \"Info\",\n    \"StatusCode\": \"a\",\n    \"StatusDesc\": \"ipsum Ut nisi\",\n    \"SvcProviderName\": \"eiusmod laboris incididunt fugiat dolor\",\n    \"Id\": \"culpa in sit\",\n    \"ServerStatusCode\": \"ea laborum eli\",\n    \"ServerStatusDesc\": \"Duis laboris qui\",\n    \"OvrdExceptionInd\": true,\n    \"SubjectRole\": \"culpa irure enim eiusmod laboris\",\n    \"SubjectElement\": [\n      {\n        \"Path\": \"eu\",\n        \"ServerPath\": \"eu ipsum\",\n        \"Value\": \"eiusmod\"\n      },\n      {\n        \"Path\": \"incididunt adipisicing\",\n        \"ServerPath\": \"ad esse amet\",\n        \"Value\": \"proident\"\n      }\n    ],\n    \"ContentHTML\": \"sunt reprehenderit\",\n    \"AdditionalStatus\": [\n      {\n        \"StatusCode\": \"elit\",\n        \"StatusDesc\": \"Ut sint proident\",\n        \"Severity\": \"Error\",\n        \"SvcProviderName\": \"do culpa voluptate\",\n        \"ServerStatusCode\": \"d\",\n        \"ServerStatusDesc\": \"proident esse incididunt\",\n        \"OvrdExceptionInd\": false,\n        \"SubjectElement\": [\n          {\n            \"Path\": \"proident enim ea irure ut\",\n            \"ServerPath\": \"velit officia\",\n            \"Value\": \"ea labore\"\n          },\n          {\n            \"Path\": \"ipsum nisi amet cupidatat sit\",\n            \"ServerPath\": \"nisi voluptate\",\n            \"Value\": \"laborum ex laboris\"\n          }\n        ]\n      },\n      {\n        \"StatusCode\": \"occaecat ir\",\n        \"StatusDesc\": \"officia Lorem adipisicing\",\n        \"Severity\": \"Warning\",\n        \"SvcProviderName\": \"irure cupidatat\",\n        \"ServerStatusCode\": \"nostrud a\",\n        \"ServerStatusDesc\": \"Lorem eu sint\",\n        \"OvrdExceptionInd\": false,\n        \"SubjectElement\": [\n          {\n            \"Path\": \"labore deserunt esse\",\n            \"ServerPath\": \"exercitation cillum veniam fugiat minim\",\n            \"Value\": \"fugiat ut sint voluptate\"\n          },\n          {\n            \"Path\": \"quis proident in Lorem reprehenderit\",\n            \"ServerPath\": \"quis adipisicing aliqua\",\n            \"Value\": \"ex eiusmod dolor\"\n          }\n        ]\n      }\n    ]\n  }\n}","cookie":[],"_postman_previewlanguage":"json"},{"id":"bea210a3-101e-41b5-8a71-6e05657511e0","name":"To view the complete list of response codes, <a href=\"../docs/?path=docs/response-codes.md\" title=\"Click to open\">click here.</a>","originalRequest":{"url":{"path":["documentservice","document","document","secured"],"host":["{{baseUrl}}"],"query":[],"variable":[]},"header":[{"disabled":false,"description":"(Required) EFX Header is a common and required component for all API calls, it contains client-related parameters. Please note that the header parameters should be sent as a JSON object under the EFXHeader parameter. To view the list of header parameters, <a href=\"../docs?path=docs/api-ref-EFX-header.md\" title=\"Click to open\"> click here.</a>","key":"EFXHeader","value":"OrganizationId,<string>,TrnId,<string>,VendorId,<string>,Context,[object Object]"},{"key":"Accept","value":"application/json"}],"method":"PUT","body":{"mode":"raw","raw":"{\n  \"DocumentKeys\": {\n    \"DocumentId\": \"<string>\"\n  }\n}","options":{"raw":{"language":"json"}}}},"status":"Internal Server Error","code":500,"header":[{"key":"Content-Type","value":"application/json"}],"body":"{\n  \"DocumentStatusRec\": {\n    \"DocumentKeys\": {\n      \"DocumentId\": \"<string>\"\n    },\n    \"DocumentStatus\": {\n      \"DocumentStatusCode\": \"Deleted\",\n      \"EffDt\": \"5817-60-47T50:64:88.421\"\n    }\n  },\n  \"Status\": {\n    \"Severity\": \"Info\",\n    \"StatusCode\": \"a\",\n    \"StatusDesc\": \"ipsum Ut nisi\",\n    \"SvcProviderName\": \"eiusmod laboris incididunt fugiat dolor\",\n    \"Id\": \"culpa in sit\",\n    \"ServerStatusCode\": \"ea laborum eli\",\n    \"ServerStatusDesc\": \"Duis laboris qui\",\n    \"OvrdExceptionInd\": true,\n    \"SubjectRole\": \"culpa irure enim eiusmod laboris\",\n    \"SubjectElement\": [\n      {\n        \"Path\": \"eu\",\n        \"ServerPath\": \"eu ipsum\",\n        \"Value\": \"eiusmod\"\n      },\n      {\n        \"Path\": \"incididunt adipisicing\",\n        \"ServerPath\": \"ad esse amet\",\n        \"Value\": \"proident\"\n      }\n    ],\n    \"ContentHTML\": \"sunt reprehenderit\",\n    \"AdditionalStatus\": [\n      {\n        \"StatusCode\": \"elit\",\n        \"StatusDesc\": \"Ut sint proident\",\n        \"Severity\": \"Error\",\n        \"SvcProviderName\": \"do culpa voluptate\",\n        \"ServerStatusCode\": \"d\",\n        \"ServerStatusDesc\": \"proident esse incididunt\",\n        \"OvrdExceptionInd\": false,\n        \"SubjectElement\": [\n          {\n            \"Path\": \"proident enim ea irure ut\",\n            \"ServerPath\": \"velit officia\",\n            \"Value\": \"ea labore\"\n          },\n          {\n            \"Path\": \"ipsum nisi amet cupidatat sit\",\n            \"ServerPath\": \"nisi voluptate\",\n            \"Value\": \"laborum ex laboris\"\n          }\n        ]\n      },\n      {\n        \"StatusCode\": \"occaecat ir\",\n        \"StatusDesc\": \"officia Lorem adipisicing\",\n        \"Severity\": \"Warning\",\n        \"SvcProviderName\": \"irure cupidatat\",\n        \"ServerStatusCode\": \"nostrud a\",\n        \"ServerStatusDesc\": \"Lorem eu sint\",\n        \"OvrdExceptionInd\": false,\n        \"SubjectElement\": [\n          {\n            \"Path\": \"labore deserunt esse\",\n            \"ServerPath\": \"exercitation cillum veniam fugiat minim\",\n            \"Value\": \"fugiat ut sint voluptate\"\n          },\n          {\n            \"Path\": \"quis proident in Lorem reprehenderit\",\n            \"ServerPath\": \"quis adipisicing aliqua\",\n            \"Value\": \"ex eiusmod dolor\"\n          }\n        ]\n      }\n    ]\n  }\n}","cookie":[],"_postman_previewlanguage":"json"}],"event":[],"protocolProfileBehavior":{"disableBodyPruning":true}},{"id":"6eb5f25e-4b56-4457-a095-a975bb10d298","name":"Get Document.","request":{"name":"Get Document.","description":{"content":"Get Document API retrieves a single document from the document management system, Director or Nautilus, as applicable using the Document Identifier (DocumentId).<br> This API returns various properties of the document including the format and the Base64 encoded document data. <br> <br> To download the API Specifications and Postman Collection, click <a href=\"../docs/?path=docs/resources/resources.md\" title=\"Click to open\">Resources</a>.","type":"text/plain"},"url":{"path":["documentservice","document","document","secured"],"host":["{{baseUrl}}"],"query":[],"variable":[]},"header":[{"disabled":false,"description":"(Required) EFX Header is a common and required component for all API calls, it contains client-related parameters. Please note that the header parameters should be sent as a JSON object under the EFXHeader parameter. To view the list of header parameters, <a href=\"../docs?path=docs/api-ref-EFX-header.md\" title=\"Click to open\"> click here.</a>","key":"EFXHeader","value":"OrganizationId,<string>,TrnId,<string>,VendorId,<string>,Context,[object Object]"},{"key":"Content-Type","value":"application/json"},{"key":"Accept","value":"application/json"}],"method":"POST","auth":null,"body":{"mode":"raw","raw":"{\n  \"DocumentSel\": {\n    \"DocumentKeys\": {\n      \"DocumentId\": \"<string>\"\n    },\n    \"DocSelCriteria\": [\n      {\n        \"DocSelType\": \"<string>\",\n        \"DocSelValue\": \"<string>\"\n      },\n      {\n        \"DocSelType\": \"<string>\",\n        \"DocSelValue\": \"<string>\"\n      }\n    ],\n    \"DtRange\": {\n      \"StartDt\": \"<string>\",\n      \"EndDt\": \"<string>\"\n    },\n    \"UseXferKeywordInd\": \"<boolean>\",\n    \"KeywordSel\": [\n      {\n        \"Keyword\": \"<string>\",\n        \"KeywordValue\": \"<string>\",\n        \"Operand\": \"<string>\",\n        \"AndorOr\": \"<string>\"\n      },\n      {\n        \"Keyword\": \"<string>\",\n        \"KeywordValue\": \"<string>\",\n        \"Operand\": \"<string>\",\n        \"AndorOr\": \"<string>\"\n      }\n    ],\n    \"DocProperties\": [\n      {\n        \"IncDocPropertyInd\": \"<boolean>\",\n        \"DocPropertyType\": \"<string>\"\n      },\n      {\n        \"IncDocPropertyInd\": \"<boolean>\",\n        \"DocPropertyType\": \"<string>\"\n      }\n    ],\n    \"KeywordMultireplace\": \"<string>\",\n    \"KeywordsRequested\": [\n      {\n        \"Keyword\": \"<string>\"\n      },\n      {\n        \"Keyword\": \"<string>\"\n      }\n    ],\n    \"PageFormat\": \"<string>\",\n    \"PageNumRange\": {\n      \"StartPageNum\": \"<long>\",\n      \"EndPageNum\": \"<long>\"\n    },\n    \"PageNum\": \"<long>\",\n    \"IncAllPagesInd\": \"<boolean>\",\n    \"MetaData\": [\n      {\n        \"Value\": \"<string>\",\n        \"IncValueInd\": \"<boolean>\"\n      },\n      {\n        \"Value\": \"<string>\",\n        \"IncValueInd\": \"<boolean>\"\n      }\n    ]\n  },\n  \"RecCtrlIn\": {\n    \"MaxRecLimit\": \"<long>\"\n  }\n}","options":{"raw":{"language":"json"}}}},"response":[{"id":"4e8cfef1-239e-4ab5-8564-19301e39dc60","name":"Success","originalRequest":{"url":{"path":["documentservice","document","document","secured"],"host":["{{baseUrl}}"],"query":[],"variable":[]},"header":[{"disabled":false,"description":"(Required) EFX Header is a common and required component for all API calls, it contains client-related parameters. Please note that the header parameters should be sent as a JSON object under the EFXHeader parameter. To view the list of header parameters, <a href=\"../docs?path=docs/api-ref-EFX-header.md\" title=\"Click to open\"> click here.</a>","key":"EFXHeader","value":"OrganizationId,<string>,TrnId,<string>,VendorId,<string>,Context,[object Object]"},{"key":"Accept","value":"application/json"}],"method":"POST","body":{"mode":"raw","raw":"{\n  \"DocumentSel\": {\n    \"DocumentKeys\": {\n      \"DocumentId\": \"<string>\"\n    },\n    \"DocSelCriteria\": [\n      {\n        \"DocSelType\": \"<string>\",\n        \"DocSelValue\": \"<string>\"\n      },\n      {\n        \"DocSelType\": \"<string>\",\n        \"DocSelValue\": \"<string>\"\n      }\n    ],\n    \"DtRange\": {\n      \"StartDt\": \"<string>\",\n      \"EndDt\": \"<string>\"\n    },\n    \"UseXferKeywordInd\": \"<boolean>\",\n    \"KeywordSel\": [\n      {\n        \"Keyword\": \"<string>\",\n        \"KeywordValue\": \"<string>\",\n        \"Operand\": \"<string>\",\n        \"AndorOr\": \"<string>\"\n      },\n      {\n        \"Keyword\": \"<string>\",\n        \"KeywordValue\": \"<string>\",\n        \"Operand\": \"<string>\",\n        \"AndorOr\": \"<string>\"\n      }\n    ],\n    \"DocProperties\": [\n      {\n        \"IncDocPropertyInd\": \"<boolean>\",\n        \"DocPropertyType\": \"<string>\"\n      },\n      {\n        \"IncDocPropertyInd\": \"<boolean>\",\n        \"DocPropertyType\": \"<string>\"\n      }\n    ],\n    \"KeywordMultireplace\": \"<string>\",\n    \"KeywordsRequested\": [\n      {\n        \"Keyword\": \"<string>\"\n      },\n      {\n        \"Keyword\": \"<string>\"\n      }\n    ],\n    \"PageFormat\": \"<string>\",\n    \"PageNumRange\": {\n      \"StartPageNum\": \"<long>\",\n      \"EndPageNum\": \"<long>\"\n    },\n    \"PageNum\": \"<long>\",\n    \"IncAllPagesInd\": \"<boolean>\",\n    \"MetaData\": [\n      {\n        \"Value\": \"<string>\",\n        \"IncValueInd\": \"<boolean>\"\n      },\n      {\n        \"Value\": \"<string>\",\n        \"IncValueInd\": \"<boolean>\"\n      }\n    ]\n  },\n  \"RecCtrlIn\": {\n    \"MaxRecLimit\": \"<long>\"\n  }\n}","options":{"raw":{"language":"json"}}}},"status":"OK","code":200,"header":[{"key":"Content-Type","value":"application/json"}],"body":"{\n  \"DocumentRec\": [\n    {\n      \"DocumentInfo\": {\n        \"DocName\": \"ut culpa\",\n        \"CreatedDt\": \"7634-40-27T75:60\",\n        \"RevisionDt\": \"2015-12-12\",\n        \"RevisionId\": 25826664,\n        \"MaxRevisionId\": -22791584,\n        \"OriginalStoredDt\": \"2000-09-11\",\n        \"DocGroupTypeName\": \"fugiat cillum tempor ut dolor\",\n        \"DocTypeName\": \"officia cupidatat\",\n        \"KeywordData\": [\n          {\n            \"Keyword\": \"ullamco pariatur elit\",\n            \"KeywordValue\": \"do incididunt dolore\",\n            \"KeywordId\": \"pariatur ea nostrud\",\n            \"KeywordGroup\": \"et irure est\",\n            \"KeywordGroupName\": \"m\"\n          },\n          {\n            \"Keyword\": \"veniam quis in culpa id\",\n            \"KeywordValue\": \"elit dolore id qui\",\n            \"KeywordId\": \"id la\",\n            \"KeywordGroup\": \"sit amet\",\n            \"KeywordGroupName\": \"des\"\n          }\n        ],\n        \"SearchableKeyword\": [\n          {\n            \"Keyword\": \"Ut\",\n            \"SearchFlag\": true\n          },\n          {\n            \"Keyword\": \"Lorem qui\",\n            \"SearchFlag\": true\n          }\n        ],\n        \"BatchNum\": \"sunt\",\n        \"TotalPageNum\": 11428059,\n        \"PageData\": [\n          {\n            \"PageNum\": -22106672,\n            \"PageFormat\": \"PNG\",\n            \"PageValue\": {\n              \"value\": \"<Error: Too many levels of nesting to fake this schema>\"\n            }\n          },\n          {\n            \"PageNum\": 8722510,\n            \"PageFormat\": \"TIFF\",\n            \"PageValue\": {\n              \"value\": \"<Error: Too many levels of nesting to fake this schema>\"\n            }\n          }\n        ]\n      },\n      \"DocumentKeys\": {\n        \"DocumentId\": \"eiusmod reprehenderit ad\"\n      },\n      \"DocumentStatus\": {\n        \"DocumentStatusCode\": \"Valid\",\n        \"EffDt\": \"0905-78-33T79:74\"\n      }\n    },\n    {\n      \"DocumentInfo\": {\n        \"DocName\": \"consectetur esse nulla\",\n        \"CreatedDt\": \"9911-30-74T79:86\",\n        \"RevisionDt\": \"1989-01-08\",\n        \"RevisionId\": 31239500,\n        \"MaxRevisionId\": 9067174,\n        \"OriginalStoredDt\": \"1968-09-29\",\n        \"DocGroupTypeName\": \"minim esse deserunt\",\n        \"DocTypeName\": \"ex velit in cupidatat eu\",\n        \"KeywordData\": [\n          {\n            \"Keyword\": \"amet\",\n            \"KeywordValue\": \"labore laborum amet\",\n            \"KeywordId\": \"in e\",\n            \"KeywordGroup\": \"nostrud\",\n            \"KeywordGroupName\": \"quis\"\n          },\n          {\n            \"Keyword\": \"est enim\",\n            \"KeywordValue\": \"officia\",\n            \"KeywordId\": \"in labo\",\n            \"KeywordGroup\": \"laboris nisi\",\n            \"KeywordGroupName\": \"Lorem in \"\n          }\n        ],\n        \"SearchableKeyword\": [\n          {\n            \"Keyword\": \"occaecat cupidatat ullamco in\",\n            \"SearchFlag\": true\n          },\n          {\n            \"Keyword\": \"nulla\",\n            \"SearchFlag\": true\n          }\n        ],\n        \"BatchNum\": \"quis adip\",\n        \"TotalPageNum\": -39473904,\n        \"PageData\": [\n          {\n            \"PageNum\": 88314018,\n            \"PageFormat\": \"PNG\",\n            \"PageValue\": {\n              \"value\": \"<Error: Too many levels of nesting to fake this schema>\"\n            }\n          },\n          {\n            \"PageNum\": 17454422,\n            \"PageFormat\": \"TXT\",\n            \"PageValue\": {\n              \"value\": \"<Error: Too many levels of nesting to fake this schema>\"\n            }\n          }\n        ]\n      },\n      \"DocumentKeys\": {\n        \"DocumentId\": \"repreh\"\n      },\n      \"DocumentStatus\": {\n        \"DocumentStatusCode\": \"Valid\",\n        \"EffDt\": \"4979-67-23\"\n      }\n    }\n  ],\n  \"Status\": {\n    \"Severity\": \"Error\",\n    \"StatusCode\": \"nis\",\n    \"StatusDesc\": \"eu cillum\",\n    \"SvcProviderName\": \"magna dolor qui\",\n    \"Id\": \"sed in anim\",\n    \"ServerStatusCode\": \"ea voluptat\",\n    \"ServerStatusDesc\": \"dolore cillum\",\n    \"OvrdExceptionInd\": true,\n    \"SubjectRole\": \"id sed do culpa\",\n    \"SubjectElement\": [\n      {\n        \"Path\": \"consequat mollit esse commodo\",\n        \"ServerPath\": \"cillum laboris in\",\n        \"Value\": \"ea consequat mollit\"\n      },\n      {\n        \"Path\": \"ut magna sed Ut\",\n        \"ServerPath\": \"velit pariatur\",\n        \"Value\": \"do non exercitation\"\n      }\n    ],\n    \"ContentHTML\": \"in ullamco mollit\",\n    \"AdditionalStatus\": [\n      {\n        \"StatusCode\": \"do\",\n        \"StatusDesc\": \"ipsum labore et Lorem\",\n        \"Severity\": \"Info\",\n        \"SvcProviderName\": \"qui esse tempor occaecat\",\n        \"ServerStatusCode\": \"m\",\n        \"ServerStatusDesc\": \"tempor\",\n        \"OvrdExceptionInd\": false,\n        \"SubjectElement\": [\n          {\n            \"Path\": \"tempor sed\",\n            \"ServerPath\": \"Excepteur magna occaecat\",\n            \"Value\": \"Excepteur\"\n          },\n          {\n            \"Path\": \"dolore\",\n            \"ServerPath\": \"laboris pariatur laborum magna ad\",\n            \"Value\": \"proident dolor laboris\"\n          }\n        ]\n      },\n      {\n        \"StatusCode\": \"incididu\",\n        \"StatusDesc\": \"dolore\",\n        \"Severity\": \"Info\",\n        \"SvcProviderName\": \"aliqua elit voluptate esse\",\n        \"ServerStatusCode\": \"do sed \",\n        \"ServerStatusDesc\": \"ea magna proident\",\n        \"OvrdExceptionInd\": true,\n        \"SubjectElement\": [\n          {\n            \"Path\": \"mollit des\",\n            \"ServerPath\": \"Lorem minim\",\n            \"Value\": \"dolore\"\n          },\n          {\n            \"Path\": \"sit in culpa id\",\n            \"ServerPath\": \"dolor in veniam\",\n            \"Value\": \"enim ut ullamco sint\"\n          }\n        ]\n      }\n    ]\n  },\n  \"RecCtrlOut\": {\n    \"SentRecCount\": -32947641,\n    \"RemainRecCount\": -94780858,\n    \"Cursor\": \"sunt exercitation in\"\n  }\n}","cookie":[],"_postman_previewlanguage":"json"},{"id":"f685712f-4803-4a14-8022-bb214f6ddb1b","name":"To view the complete list of response codes, <a href=\"../docs/?path=docs/response-codes.md\" title=\"Click to open\">click here.</a>","originalRequest":{"url":{"path":["documentservice","document","document","secured"],"host":["{{baseUrl}}"],"query":[],"variable":[]},"header":[{"disabled":false,"description":"(Required) EFX Header is a common and required component for all API calls, it contains client-related parameters. Please note that the header parameters should be sent as a JSON object under the EFXHeader parameter. To view the list of header parameters, <a href=\"../docs?path=docs/api-ref-EFX-header.md\" title=\"Click to open\"> click here.</a>","key":"EFXHeader","value":"OrganizationId,<string>,TrnId,<string>,VendorId,<string>,Context,[object Object]"},{"key":"Accept","value":"application/json"}],"method":"POST","body":{"mode":"raw","raw":"{\n  \"DocumentSel\": {\n    \"DocumentKeys\": {\n      \"DocumentId\": \"<string>\"\n    },\n    \"DocSelCriteria\": [\n      {\n        \"DocSelType\": \"<string>\",\n        \"DocSelValue\": \"<string>\"\n      },\n      {\n        \"DocSelType\": \"<string>\",\n        \"DocSelValue\": \"<string>\"\n      }\n    ],\n    \"DtRange\": {\n      \"StartDt\": \"<string>\",\n      \"EndDt\": \"<string>\"\n    },\n    \"UseXferKeywordInd\": \"<boolean>\",\n    \"KeywordSel\": [\n      {\n        \"Keyword\": \"<string>\",\n        \"KeywordValue\": \"<string>\",\n        \"Operand\": \"<string>\",\n        \"AndorOr\": \"<string>\"\n      },\n      {\n        \"Keyword\": \"<string>\",\n        \"KeywordValue\": \"<string>\",\n        \"Operand\": \"<string>\",\n        \"AndorOr\": \"<string>\"\n      }\n    ],\n    \"DocProperties\": [\n      {\n        \"IncDocPropertyInd\": \"<boolean>\",\n        \"DocPropertyType\": \"<string>\"\n      },\n      {\n        \"IncDocPropertyInd\": \"<boolean>\",\n        \"DocPropertyType\": \"<string>\"\n      }\n    ],\n    \"KeywordMultireplace\": \"<string>\",\n    \"KeywordsRequested\": [\n      {\n        \"Keyword\": \"<string>\"\n      },\n      {\n        \"Keyword\": \"<string>\"\n      }\n    ],\n    \"PageFormat\": \"<string>\",\n    \"PageNumRange\": {\n      \"StartPageNum\": \"<long>\",\n      \"EndPageNum\": \"<long>\"\n    },\n    \"PageNum\": \"<long>\",\n    \"IncAllPagesInd\": \"<boolean>\",\n    \"MetaData\": [\n      {\n        \"Value\": \"<string>\",\n        \"IncValueInd\": \"<boolean>\"\n      },\n      {\n        \"Value\": \"<string>\",\n        \"IncValueInd\": \"<boolean>\"\n      }\n    ]\n  },\n  \"RecCtrlIn\": {\n    \"MaxRecLimit\": \"<long>\"\n  }\n}","options":{"raw":{"language":"json"}}}},"status":"Internal Server Error","code":500,"header":[{"key":"Content-Type","value":"application/json"}],"body":"{\n  \"DocumentRec\": [\n    {\n      \"DocumentInfo\": {\n        \"DocName\": \"dolore irure\",\n        \"CreatedDt\": \"8877-16-58T49:79:00\",\n        \"RevisionDt\": \"1977-04-27\",\n        \"RevisionId\": 7427927,\n        \"MaxRevisionId\": -13401563,\n        \"OriginalStoredDt\": \"1984-11-14\",\n        \"DocGroupTypeName\": \"consectetur aute\",\n        \"DocTypeName\": \"dolor reprehenderit sint\",\n        \"KeywordData\": [\n          {\n            \"Keyword\": \"do mollit dolore veniam\",\n            \"KeywordValue\": \"adipisicing eiusmod enim\",\n            \"KeywordId\": \"fugiat pariatur eius\",\n            \"KeywordGroup\": \"minim esse do\",\n            \"KeywordGroupName\": \"est Lorem Ut\"\n          },\n          {\n            \"Keyword\": \"in fugiat tempor reprehenderit Lorem\",\n            \"KeywordValue\": \"ex\",\n            \"KeywordId\": \"velit incididunt ad sint non\",\n            \"KeywordGroup\": \"cillum dolor cupidatat\",\n            \"KeywordGroupName\": \"laboris laborum\"\n          }\n        ],\n        \"SearchableKeyword\": [\n          {\n            \"Keyword\": \"consectetur ipsum qui eu\",\n            \"SearchFlag\": true\n          },\n          {\n            \"Keyword\": \"aute consequat est\",\n            \"SearchFlag\": false\n          }\n        ],\n        \"BatchNum\": \"qui reprehenderit\",\n        \"TotalPageNum\": 25093449,\n        \"PageData\": [\n          {\n            \"PageNum\": -39768488,\n            \"PageFormat\": \"PNG\",\n            \"PageValue\": {\n              \"value\": \"<Error: Too many levels of nesting to fake this schema>\"\n            }\n          },\n          {\n            \"PageNum\": -83982312,\n            \"PageFormat\": \"TXT\",\n            \"PageValue\": {\n              \"value\": \"<Error: Too many levels of nesting to fake this schema>\"\n            }\n          }\n        ]\n      },\n      \"DocumentKeys\": {\n        \"DocumentId\": \"amet ut adipisicing tempor\"\n      },\n      \"DocumentStatus\": {\n        \"DocumentStatusCode\": \"Valid\",\n        \"EffDt\": \"4750-57-90T85:93\"\n      }\n    },\n    {\n      \"DocumentInfo\": {\n        \"DocName\": \"elit et in magna nulla\",\n        \"CreatedDt\": \"4885-15-46T93:29:28\",\n        \"RevisionDt\": \"1982-04-01\",\n        \"RevisionId\": 21568415,\n        \"MaxRevisionId\": -7694844,\n        \"OriginalStoredDt\": \"1977-10-05\",\n        \"DocGroupTypeName\": \"labor\",\n        \"DocTypeName\": \"tempor in id\",\n        \"KeywordData\": [\n          {\n            \"Keyword\": \"consequat irure\",\n            \"KeywordValue\": \"\",\n            \"KeywordId\": \"pariatur ut cillum esse\",\n            \"KeywordGroup\": \"ullamco pariatur ad elit\",\n            \"KeywordGroupName\": \"in magna\"\n          },\n          {\n            \"Keyword\": \"ex\",\n            \"KeywordValue\": \"sunt proident laborum\",\n            \"KeywordId\": \"eiusmo\",\n            \"KeywordGroup\": \"fugiat labore id tempor sit\",\n            \"KeywordGroupName\": \"anim elit\"\n          }\n        ],\n        \"SearchableKeyword\": [\n          {\n            \"Keyword\": \"est\",\n            \"SearchFlag\": true\n          },\n          {\n            \"Keyword\": \"occaecat\",\n            \"SearchFlag\": true\n          }\n        ],\n        \"BatchNum\": \"est do non\",\n        \"TotalPageNum\": 12547681,\n        \"PageData\": [\n          {\n            \"PageNum\": 6797145,\n            \"PageFormat\": \"JPG\",\n            \"PageValue\": {\n              \"value\": \"<Error: Too many levels of nesting to fake this schema>\"\n            }\n          },\n          {\n            \"PageNum\": 88155671,\n            \"PageFormat\": \"BMP\",\n            \"PageValue\": {\n              \"value\": \"<Error: Too many levels of nesting to fake this schema>\"\n            }\n          }\n        ]\n      },\n      \"DocumentKeys\": {\n        \"DocumentId\": \"ut\"\n      },\n      \"DocumentStatus\": {\n        \"DocumentStatusCode\": \"Valid\",\n        \"EffDt\": \"5193-25-11T83:13:48.544+36:96\"\n      }\n    }\n  ],\n  \"Status\": {\n    \"Severity\": \"Error\",\n    \"StatusCode\": \"in\",\n    \"StatusDesc\": \"anim id ipsum do culpa\",\n    \"SvcProviderName\": \"tempor aliquip\",\n    \"Id\": \"dolore velit commodo\",\n    \"ServerStatusCode\": \"commod\",\n    \"ServerStatusDesc\": \"occaecat mollit aute\",\n    \"OvrdExceptionInd\": true,\n    \"SubjectRole\": \"sit amet fugiat\",\n    \"SubjectElement\": [\n      {\n        \"Path\": \"incididunt commodo exercitation\",\n        \"ServerPath\": \"reprehenderit\",\n        \"Value\": \"qui in\"\n      },\n      {\n        \"Path\": \"incididunt\",\n        \"ServerPath\": \"ex irure ad\",\n        \"Value\": \"sed in\"\n      }\n    ],\n    \"ContentHTML\": \"nulla ullamco irure\",\n    \"AdditionalStatus\": [\n      {\n        \"StatusCode\": \"sed E\",\n        \"StatusDesc\": \"in\",\n        \"Severity\": \"Error\",\n        \"SvcProviderName\": \"amet enim commodo laborum\",\n        \"ServerStatusCode\": \"elit id\",\n        \"ServerStatusDesc\": \"pariatur\",\n        \"OvrdExceptionInd\": true,\n        \"SubjectElement\": [\n          {\n            \"Path\": \"dolor quis voluptate sit\",\n            \"ServerPath\": \"irure officia cillum ex\",\n            \"Value\": \"laboris fugiat labore ullamco\"\n          },\n          {\n            \"Path\": \"id nulla aliqua sed\",\n            \"ServerPath\": \"ad \",\n            \"Value\": \"eu nostrud eiusmod\"\n          }\n        ]\n      },\n      {\n        \"StatusCode\": \"quis commodo\",\n        \"StatusDesc\": \"deserunt voluptate U\",\n        \"Severity\": \"Info\",\n        \"SvcProviderName\": \"aliquip ad ea reprehenderit\",\n        \"ServerStatusCode\": \"est elit labor\",\n        \"ServerStatusDesc\": \"deserunt officia exercitation quis\",\n        \"OvrdExceptionInd\": false,\n        \"SubjectElement\": [\n          {\n            \"Path\": \"proident do\",\n            \"ServerPath\": \"veniam sunt ut Ut\",\n            \"Value\": \"reprehenderit anim sed proident irure\"\n          },\n          {\n            \"Path\": \"in in veniam et in\",\n            \"ServerPath\": \"irure\",\n            \"Value\": \"sint ut minim\"\n          }\n        ]\n      }\n    ]\n  },\n  \"RecCtrlOut\": {\n    \"SentRecCount\": 34463844,\n    \"RemainRecCount\": -73737833,\n    \"Cursor\": \"laboris veniam aute dolor\"\n  }\n}","cookie":[],"_postman_previewlanguage":"json"}],"event":[],"protocolProfileBehavior":{"disableBodyPruning":true}},{"id":"c70ab8f0-b401-427a-8ae3-8b9d887f3b5b","name":"Get Document List.","request":{"name":"Get Document List.","description":{"content":"Get Document List API retrieves a single or list of document identifiers from the document management system, Director or Nautilus, as applicable using various properties of the document including group name or id, date range, keywords. <br>Once the response is received, it can be narrowed down or the document identifier used to retrieve the actual document using Get Document API. <br> <br> To download the API Specifications and Postman Collection, click <a href=\"../docs/?path=docs/resources/resources.md\" title=\"Click to open\">Resources</a>.","type":"text/plain"},"url":{"path":["documentservice","document","document","secured","list"],"host":["{{baseUrl}}"],"query":[],"variable":[]},"header":[{"disabled":false,"description":"(Required) EFX Header is a common and required component for all API calls, it contains client-related parameters. Please note that the header parameters should be sent as a JSON object under the EFXHeader parameter. To view the list of header parameters, <a href=\"../docs?path=docs/api-ref-EFX-header.md\" title=\"Click to open\"> click here.</a>","key":"EFXHeader","value":"OrganizationId,<string>,TrnId,<string>,VendorId,<string>,Context,[object Object]"},{"key":"Content-Type","value":"application/json"},{"key":"Accept","value":"application/json"}],"method":"POST","auth":null,"body":{"mode":"raw","raw":"{\n  \"DocumentListSel\": {\n    \"DocSelCriteria\": {\n      \"DocSelType\": \"<string>\",\n      \"DocSelValue\": \"<string>\"\n    },\n    \"DtRange\": {\n      \"StartDt\": \"<string>\",\n      \"EndDt\": \"<string>\"\n    },\n    \"KeywordSel\": [\n      {\n        \"Keyword\": \"<string>\",\n        \"KeywordValue\": \"<string>\",\n        \"Operand\": \"<string>\",\n        \"AndorOr\": \"<string>\"\n      },\n      {\n        \"Keyword\": \"<string>\",\n        \"KeywordValue\": \"<string>\",\n        \"Operand\": \"<string>\",\n        \"AndorOr\": \"<string>\"\n      }\n    ],\n    \"DocProperties\": [\n      {\n        \"IncDocPropertyInd\": \"<boolean>\",\n        \"DocPropertyType\": \"<string>\"\n      },\n      {\n        \"IncDocPropertyInd\": \"<boolean>\",\n        \"DocPropertyType\": \"<string>\"\n      }\n    ]\n  }\n}","options":{"raw":{"language":"json"}}}},"response":[{"id":"10edb02d-32a5-4307-9ba6-38b65f4f3ed9","name":"Success","originalRequest":{"url":{"path":["documentservice","document","document","secured","list"],"host":["{{baseUrl}}"],"query":[],"variable":[]},"header":[{"disabled":false,"description":"(Required) EFX Header is a common and required component for all API calls, it contains client-related parameters. Please note that the header parameters should be sent as a JSON object under the EFXHeader parameter. To view the list of header parameters, <a href=\"../docs?path=docs/api-ref-EFX-header.md\" title=\"Click to open\"> click here.</a>","key":"EFXHeader","value":"OrganizationId,<string>,TrnId,<string>,VendorId,<string>,Context,[object Object]"},{"key":"Accept","value":"application/json"}],"method":"POST","body":{"mode":"raw","raw":"{\n  \"DocumentListSel\": {\n    \"DocSelCriteria\": {\n      \"DocSelType\": \"<string>\",\n      \"DocSelValue\": \"<string>\"\n    },\n    \"DtRange\": {\n      \"StartDt\": \"<string>\",\n      \"EndDt\": \"<string>\"\n    },\n    \"KeywordSel\": [\n      {\n        \"Keyword\": \"<string>\",\n        \"KeywordValue\": \"<string>\",\n        \"Operand\": \"<string>\",\n        \"AndorOr\": \"<string>\"\n      },\n      {\n        \"Keyword\": \"<string>\",\n        \"KeywordValue\": \"<string>\",\n        \"Operand\": \"<string>\",\n        \"AndorOr\": \"<string>\"\n      }\n    ],\n    \"DocProperties\": [\n      {\n        \"IncDocPropertyInd\": \"<boolean>\",\n        \"DocPropertyType\": \"<string>\"\n      },\n      {\n        \"IncDocPropertyInd\": \"<boolean>\",\n        \"DocPropertyType\": \"<string>\"\n      }\n    ]\n  }\n}","options":{"raw":{"language":"json"}}}},"status":"OK","code":200,"header":[{"key":"Content-Type","value":"application/json"}],"body":"{\n  \"DocumentListRec\": [\n    {\n      \"DocumentKeys\": {\n        \"DocumentId\": \"nisi qui dolor\",\n        \"SvcIdent\": {}\n      },\n      \"DocumentListInfo\": {\n        \"DocName\": \"sint anim ut fugiat\",\n        \"CreatedDt\": \"3120-84-58\",\n        \"RevisionDt\": \"2018-10-04\",\n        \"RevisionId\": -41095368,\n        \"MaxRevisionId\": 51054286,\n        \"OriginalStoredDt\": \"1971-02-16\",\n        \"DocGroupTypeName\": 12113645,\n        \"DocTypeName\": -58505607,\n        \"KeywordData\": [\n          {\n            \"Keyword\": \"non cupidatat\",\n            \"KeywordValue\": \"occaecat nostrud\",\n            \"KeywordId\": \"anim\",\n            \"KeywordGroup\": \"exercitation non\",\n            \"KeywordGroupName\": \"commodo non irure\"\n          },\n          {\n            \"Keyword\": \"sit minim\",\n            \"KeywordValue\": \"Excepteur non sed\",\n            \"KeywordId\": \"sunt \",\n            \"KeywordGroup\": \"laborum nisi voluptate cillum\",\n            \"KeywordGroupName\": \"consequat aute proident sint\"\n          }\n        ],\n        \"SearchableKeyword\": [\n          {\n            \"Keyword\": \"consequat ut dolor\",\n            \"SearchFlag\": true\n          },\n          {\n            \"Keyword\": \"officia exercitation magna fugiat\",\n            \"SearchFlag\": true\n          }\n        ],\n        \"BatchNum\": \"aliqua irure u\",\n        \"TotalPageNum\": -56083149\n      },\n      \"DocumentStatus\": {\n        \"DocumentStatusCode\": \"Valid\",\n        \"EffDt\": \"1378-84-07T67:54:18.074-94:14\"\n      }\n    },\n    {\n      \"DocumentKeys\": {\n        \"DocumentId\": \"ad velit lab\",\n        \"SvcIdent\": {}\n      },\n      \"DocumentListInfo\": {\n        \"DocName\": \"ullam\",\n        \"CreatedDt\": \"7524-72-91\",\n        \"RevisionDt\": \"1960-01-26\",\n        \"RevisionId\": 66994977,\n        \"MaxRevisionId\": -93436043,\n        \"OriginalStoredDt\": \"1967-01-25\",\n        \"DocGroupTypeName\": 19642067,\n        \"DocTypeName\": 43673733,\n        \"KeywordData\": [\n          {\n            \"Keyword\": \"pariatur dolore tempor\",\n            \"KeywordValue\": \"dolore\",\n            \"KeywordId\": \"dolor id fugiat\",\n            \"KeywordGroup\": \"nulla\",\n            \"KeywordGroupName\": \"labore s\"\n          },\n          {\n            \"Keyword\": \"deserunt et\",\n            \"KeywordValue\": \"qui in culpa\",\n            \"KeywordId\": \"do aute esse pari\",\n            \"KeywordGroup\": \"incididunt\",\n            \"KeywordGroupName\": \"magna nulla minim est\"\n          }\n        ],\n        \"SearchableKeyword\": [\n          {\n            \"Keyword\": \"velit aliquip eu laboris\",\n            \"SearchFlag\": false\n          },\n          {\n            \"Keyword\": \"aliquip laborum\",\n            \"SearchFlag\": false\n          }\n        ],\n        \"BatchNum\": \"aliquip\",\n        \"TotalPageNum\": -23551395\n      },\n      \"DocumentStatus\": {\n        \"DocumentStatusCode\": \"Valid\",\n        \"EffDt\": \"8647-40-11T55:69:36.702-33:58\"\n      }\n    }\n  ],\n  \"Status\": {\n    \"Severity\": \"Error\",\n    \"StatusCode\": \"sed esse consequat\",\n    \"StatusDesc\": \"veniam dolore Lorem\",\n    \"SvcProviderName\": \"Excepteur anim\",\n    \"Id\": \"Lorem qui veniam\",\n    \"ServerStatusCode\": \"Ut\",\n    \"ServerStatusDesc\": \"non\",\n    \"OvrdExceptionInd\": false,\n    \"SubjectRole\": \"pariatur\",\n    \"SubjectElement\": [\n      {\n        \"Path\": \"Excepteur aliquip sint eiusmod commodo\",\n        \"ServerPath\": \"esse\",\n        \"Value\": \"do laborum ipsum\"\n      },\n      {\n        \"Path\": \"deserunt elit aliqua ullamco\",\n        \"ServerPath\": \"sunt laborum veniam eu ex\",\n        \"Value\": \"nostrud fugiat et ut\"\n      }\n    ],\n    \"ContentHTML\": \"sint tempor in reprehenderit\",\n    \"AdditionalStatus\": [\n      {\n        \"StatusCode\": \"e\",\n        \"StatusDesc\": \"velit sunt in proident\",\n        \"Severity\": \"Warning\",\n        \"SvcProviderName\": \"dolor magna \",\n        \"ServerStatusCode\": \"magna aliquip e\",\n        \"ServerStatusDesc\": \"veniam\",\n        \"OvrdExceptionInd\": false,\n        \"SubjectElement\": [\n          {\n            \"Path\": \"velit Duis\",\n            \"ServerPath\": \"Duis cupidatat\",\n            \"Value\": \"nisi\"\n          },\n          {\n            \"Path\": \"minim commodo aliquip aute\",\n            \"ServerPath\": \"eu laboris ea dolore\",\n            \"Value\": \"incididunt laboris mollit dolor\"\n          }\n        ]\n      },\n      {\n        \"StatusCode\": \"ani\",\n        \"StatusDesc\": \"ut officia ips\",\n        \"Severity\": \"Error\",\n        \"SvcProviderName\": \"aliqua eiusmod dolor\",\n        \"ServerStatusCode\": \"sint in amet enim\",\n        \"ServerStatusDesc\": \"ea sit\",\n        \"OvrdExceptionInd\": true,\n        \"SubjectElement\": [\n          {\n            \"Path\": \"in conseq\",\n            \"ServerPath\": \"voluptate commodo aliquip esse dolor\",\n            \"Value\": \"Excepteur commodo dolor\"\n          },\n          {\n            \"Path\": \"Ut in nostrud non\",\n            \"ServerPath\": \"quis proident sed nostrud mollit\",\n            \"Value\": \"mollit adipisicing\"\n          }\n        ]\n      }\n    ]\n  },\n  \"RecCtrlOut\": {\n    \"SentRecCount\": 63867437,\n    \"RemainRecCount\": 2639342\n  }\n}","cookie":[],"_postman_previewlanguage":"json"},{"id":"a530c8e2-63ed-4732-b3d1-ae1e8cd42345","name":"To view the complete list of response codes, <a href=\"../docs/?path=docs/response-codes.md\" title=\"Click to open\">click here.</a>","originalRequest":{"url":{"path":["documentservice","document","document","secured","list"],"host":["{{baseUrl}}"],"query":[],"variable":[]},"header":[{"disabled":false,"description":"(Required) EFX Header is a common and required component for all API calls, it contains client-related parameters. Please note that the header parameters should be sent as a JSON object under the EFXHeader parameter. To view the list of header parameters, <a href=\"../docs?path=docs/api-ref-EFX-header.md\" title=\"Click to open\"> click here.</a>","key":"EFXHeader","value":"OrganizationId,<string>,TrnId,<string>,VendorId,<string>,Context,[object Object]"},{"key":"Accept","value":"application/json"}],"method":"POST","body":{"mode":"raw","raw":"{\n  \"DocumentListSel\": {\n    \"DocSelCriteria\": {\n      \"DocSelType\": \"<string>\",\n      \"DocSelValue\": \"<string>\"\n    },\n    \"DtRange\": {\n      \"StartDt\": \"<string>\",\n      \"EndDt\": \"<string>\"\n    },\n    \"KeywordSel\": [\n      {\n        \"Keyword\": \"<string>\",\n        \"KeywordValue\": \"<string>\",\n        \"Operand\": \"<string>\",\n        \"AndorOr\": \"<string>\"\n      },\n      {\n        \"Keyword\": \"<string>\",\n        \"KeywordValue\": \"<string>\",\n        \"Operand\": \"<string>\",\n        \"AndorOr\": \"<string>\"\n      }\n    ],\n    \"DocProperties\": [\n      {\n        \"IncDocPropertyInd\": \"<boolean>\",\n        \"DocPropertyType\": \"<string>\"\n      },\n      {\n        \"IncDocPropertyInd\": \"<boolean>\",\n        \"DocPropertyType\": \"<string>\"\n      }\n    ]\n  }\n}","options":{"raw":{"language":"json"}}}},"status":"Internal Server Error","code":500,"header":[{"key":"Content-Type","value":"application/json"}],"body":"{\n  \"DocumentListRec\": [\n    {\n      \"DocumentKeys\": {\n        \"DocumentId\": \"enim amet deserun\",\n        \"SvcIdent\": {}\n      },\n      \"DocumentListInfo\": {\n        \"DocName\": \"amet ea officia irure Excepteur\",\n        \"CreatedDt\": \"8233-28-08T33:70\",\n        \"RevisionDt\": \"1966-04-03\",\n        \"RevisionId\": -73067520,\n        \"MaxRevisionId\": -82016541,\n        \"OriginalStoredDt\": \"2011-05-26\",\n        \"DocGroupTypeName\": -47921646,\n        \"DocTypeName\": 29832062,\n        \"KeywordData\": [\n          {\n            \"Keyword\": \"minim do\",\n            \"KeywordValue\": \"enim fugiat\",\n            \"KeywordId\": \"et dolor offi\",\n            \"KeywordGroup\": \"aliqua nostrud consectetur\",\n            \"KeywordGroupName\": \"nulla mollit\"\n          },\n          {\n            \"Keyword\": \"anim aliqua Ut pariatur in\",\n            \"KeywordValue\": \"laborum deserunt in laboris ex\",\n            \"KeywordId\": \"labore est eiusmod\",\n            \"KeywordGroup\": \"officia ipsum amet\",\n            \"KeywordGroupName\": \"Duis ut sint do mollit\"\n          }\n        ],\n        \"SearchableKeyword\": [\n          {\n            \"Keyword\": \"pariatur dolore reprehenderit\",\n            \"SearchFlag\": true\n          },\n          {\n            \"Keyword\": \"sed aute\",\n            \"SearchFlag\": false\n          }\n        ],\n        \"BatchNum\": \"s\",\n        \"TotalPageNum\": 86333937\n      },\n      \"DocumentStatus\": {\n        \"DocumentStatusCode\": \"Valid\",\n        \"EffDt\": \"2604-80-67\"\n      }\n    },\n    {\n      \"DocumentKeys\": {\n        \"DocumentId\": \"adi\",\n        \"SvcIdent\": {}\n      },\n      \"DocumentListInfo\": {\n        \"DocName\": \"sunt elit dolore\",\n        \"CreatedDt\": \"9393-15-57\",\n        \"RevisionDt\": \"2009-07-04\",\n        \"RevisionId\": -79534503,\n        \"MaxRevisionId\": 93151399,\n        \"OriginalStoredDt\": \"2018-05-07\",\n        \"DocGroupTypeName\": 78026750,\n        \"DocTypeName\": 25912893,\n        \"KeywordData\": [\n          {\n            \"Keyword\": \"et\",\n            \"KeywordValue\": \"dolor reprehenderit\",\n            \"KeywordId\": \"et aliqua dolor quis\",\n            \"KeywordGroup\": \"tempor in in\",\n            \"KeywordGroupName\": \"eu commod\"\n          },\n          {\n            \"Keyword\": \"pariatur aliqua veniam\",\n            \"KeywordValue\": \"nisi\",\n            \"KeywordId\": \"enim in aute commodo\",\n            \"KeywordGroup\": \"proident consequa\",\n            \"KeywordGroupName\": \"laborum irure consectetur\"\n          }\n        ],\n        \"SearchableKeyword\": [\n          {\n            \"Keyword\": \"pariatur\",\n            \"SearchFlag\": true\n          },\n          {\n            \"Keyword\": \"sed Ut voluptate\",\n            \"SearchFlag\": false\n          }\n        ],\n        \"BatchNum\": \"amet labore \",\n        \"TotalPageNum\": -38544341\n      },\n      \"DocumentStatus\": {\n        \"DocumentStatusCode\": \"Valid\",\n        \"EffDt\": \"3756-68-73\"\n      }\n    }\n  ],\n  \"Status\": {\n    \"Severity\": \"Warning\",\n    \"StatusCode\": \"sunt mollit non a\",\n    \"StatusDesc\": \"eu nostrud enim\",\n    \"SvcProviderName\": \"in magna\",\n    \"Id\": \"sit\",\n    \"ServerStatusCode\": \"am\",\n    \"ServerStatusDesc\": \"ea occaecat voluptate in anim\",\n    \"OvrdExceptionInd\": false,\n    \"SubjectRole\": \"mollit veniam ut do\",\n    \"SubjectElement\": [\n      {\n        \"Path\": \"commodo officia minim\",\n        \"ServerPath\": \"occaecat id est esse\",\n        \"Value\": \"proident\"\n      },\n      {\n        \"Path\": \"voluptate qui\",\n        \"ServerPath\": \"eu amet elit\",\n        \"Value\": \"veniam\"\n      }\n    ],\n    \"ContentHTML\": \"consectetur quis\",\n    \"AdditionalStatus\": [\n      {\n        \"StatusCode\": \"amet \",\n        \"StatusDesc\": \"ad sit eiusmod consectetur\",\n        \"Severity\": \"Info\",\n        \"SvcProviderName\": \"non tempor\",\n        \"ServerStatusCode\": \"mollit anim\",\n        \"ServerStatusDesc\": \"culpa proident mollit labore\",\n        \"OvrdExceptionInd\": true,\n        \"SubjectElement\": [\n          {\n            \"Path\": \"laboris eu Excepteur aliquip ut\",\n            \"ServerPath\": \"Ut ex\",\n            \"Value\": \"Lorem Ut anim non\"\n          },\n          {\n            \"Path\": \"fugiat ut voluptate sit pariatur\",\n            \"ServerPath\": \"aliquip sit minim\",\n            \"Value\": \"ipsum magna ullamco nostrud\"\n          }\n        ]\n      },\n      {\n        \"StatusCode\": \"non sed al\",\n        \"StatusDesc\": \"e\",\n        \"Severity\": \"Info\",\n        \"SvcProviderName\": \"eiusmod magna reprehenderit\",\n        \"ServerStatusCode\": \"proident\",\n        \"ServerStatusDesc\": \"adipisicing anim deserunt\",\n        \"OvrdExceptionInd\": false,\n        \"SubjectElement\": [\n          {\n            \"Path\": \"in qui elit labore\",\n            \"ServerPath\": \"dolor laboris laborum adipisicing aliquip\",\n            \"Value\": \"ut labore dolor\"\n          },\n          {\n            \"Path\": \"velit ex exercitation\",\n            \"ServerPath\": \"laboris quis ut\",\n            \"Value\": \"dolore adipisicing nulla laborum Ut\"\n          }\n        ]\n      }\n    ]\n  },\n  \"RecCtrlOut\": {\n    \"SentRecCount\": -42080757,\n    \"RemainRecCount\": 21169552\n  }\n}","cookie":[],"_postman_previewlanguage":"json"}],"event":[],"protocolProfileBehavior":{"disableBodyPruning":true}}],"event":[]}],"event":[]}],"event":[],"variable":[{"type":"string","value":"/","key":"baseUrl"}],"info":{"_postman_id":"c2bedb99-99a1-4e8c-9cb8-399dcedc35f5","name":"DocumentService","schema":"https://schema.getpostman.com/json/collection/v2.1.0/collection.json","description":{"content":"Document service contains opertaion that are related to document management. <br>\nFinancial Institution can have number of documents saved in the database which can include Account Statements, Verification Documents, Internal Bank Documents, Interest Certificates, Statutory (Audit Certificates, Tax Certificates, Payment Receipts)Documents, Staff Documents and so on. This service helps in maintaing these documents.","type":"text/plain"}}}