{"item":[{"id":"db674509-2398-482b-8a56-0e3d465689f6","name":"Reverse Credit","request":{"name":"Reverse Credit","description":{"content":"Reverse Credit API reverses the previously processed credit transaction on a General Ledger Account (GLA). <br>This API is generally used for a Teller transaction.<br> <br> To download the API Specifications and Postman Collection, click <a href=\"../docs/?path=docs/resources/resources.md\" title=\"Click to open\">Resources</a>.","type":"text/plain"},"url":{"path":["creditservice","payments","credits"],"host":["{{baseUrl}}"],"query":[],"variable":[]},"header":[{"disabled":false,"description":"(Required) EFX Header is a common and required component for all API calls, it contains client-related parameters. Please note that the header parameters should be sent as a JSON object under the EFXHeader parameter. To view the list of header parameters, <a href=\"../docs?path=docs/api-ref-EFX-header.md\" title=\"Click to open\"> click here.</a>","key":"EFXHeader","value":"OrganizationId,<string>,TrnId,<string>,VendorId,<string>,Context,[object Object]"},{"key":"Content-Type","value":"application/json"},{"key":"Accept","value":"application/json"}],"method":"PUT","auth":null,"body":{"mode":"raw","raw":"{\n  \"CreditInfo\": {\n    \"CompositeCurAmt\": [\n      {\n        \"CurAmt\": {\n          \"Amt\": \"<number>\",\n          \"CurCode\": {\n            \"CurCodeValue\": \"<string>\",\n            \"CurCodeType\": \"<string>\"\n          }\n        }\n      },\n      {\n        \"CurAmt\": {\n          \"Amt\": \"<number>\",\n          \"CurCode\": {\n            \"CurCodeValue\": \"<string>\",\n            \"CurCodeType\": \"<string>\"\n          }\n        }\n      }\n    ],\n    \"CreditType\": \"<string>\"\n  },\n  \"CreditKeys\": {\n    \"AcctKeys\": {\n      \"AcctId\": \"<string>\",\n      \"AcctType\": \"<string>\"\n    }\n  },\n  \"OvrdAutoAckInd\": \"<boolean>\"\n}","options":{"raw":{"language":"json"}}}},"response":[{"id":"285023b0-b712-4b50-8d67-530afb153d0a","name":"Success","originalRequest":{"url":{"path":["creditservice","payments","credits"],"host":["{{baseUrl}}"],"query":[],"variable":[]},"header":[{"disabled":false,"description":"(Required) EFX Header is a common and required component for all API calls, it contains client-related parameters. Please note that the header parameters should be sent as a JSON object under the EFXHeader parameter. To view the list of header parameters, <a href=\"../docs?path=docs/api-ref-EFX-header.md\" title=\"Click to open\"> click here.</a>","key":"EFXHeader","value":"OrganizationId,<string>,TrnId,<string>,VendorId,<string>,Context,[object Object]"},{"key":"Accept","value":"application/json"}],"method":"PUT","body":{"mode":"raw","raw":"{\n  \"CreditInfo\": {\n    \"CompositeCurAmt\": [\n      {\n        \"CurAmt\": {\n          \"Amt\": \"<number>\",\n          \"CurCode\": {\n            \"CurCodeValue\": \"<string>\",\n            \"CurCodeType\": \"<string>\"\n          }\n        }\n      },\n      {\n        \"CurAmt\": {\n          \"Amt\": \"<number>\",\n          \"CurCode\": {\n            \"CurCodeValue\": \"<string>\",\n            \"CurCodeType\": \"<string>\"\n          }\n        }\n      }\n    ],\n    \"CreditType\": \"<string>\"\n  },\n  \"CreditKeys\": {\n    \"AcctKeys\": {\n      \"AcctId\": \"<string>\",\n      \"AcctType\": \"<string>\"\n    }\n  },\n  \"OvrdAutoAckInd\": \"<boolean>\"\n}","options":{"raw":{"language":"json"}}}},"status":"OK","code":200,"header":[{"key":"Content-Type","value":"application/json"}],"body":"{\n  \"CreditStatusRec\": {\n    \"CreditStatus\": {\n      \"CreditStatusCode\": \"Reversed\",\n      \"EffDt\": \"9468-64-95\"\n    },\n    \"CreditKeys\": {\n      \"AcctKeys\": {\n        \"AcctId\": \"in\",\n        \"AcctType\": \"GLA\"\n      }\n    }\n  },\n  \"Status\": {\n    \"Severity\": \"Warning\",\n    \"StatusCode\": \"nisi do dolor\",\n    \"StatusDesc\": \"commodo consequat eiusmod nostrud\",\n    \"SvcProviderName\": \"s\",\n    \"Id\": \"reprehenderit id\",\n    \"ServerStatusCode\": \"\",\n    \"ServerStatusDesc\": \"labore ea\",\n    \"OvrdExceptionInd\": true,\n    \"SubjectRole\": \"ex deserunt nostrud\",\n    \"SubjectElement\": [\n      {\n        \"Path\": \"laboris in magna do dolore\",\n        \"ServerPath\": \"in dolore enim\",\n        \"Value\": \"velit cupidatat\"\n      },\n      {\n        \"Path\": \"nulla quis U\",\n        \"ServerPath\": \"sunt occaecat mollit a\",\n        \"Value\": \"labore Ut amet irure in\"\n      }\n    ],\n    \"ContentHTML\": \"consequat Lorem\",\n    \"AdditionalStatus\": [\n      {\n        \"StatusCode\": \"culpa venia\",\n        \"StatusDesc\": \"pariatur esse sunt\",\n        \"Severity\": \"Error\",\n        \"SvcProviderName\": \"ea aliquip\",\n        \"ServerStatusCode\": \"incididunt es\",\n        \"ServerStatusDesc\": \"do veniam cupidatat\",\n        \"OvrdExceptionInd\": false,\n        \"SubjectElement\": [\n          {\n            \"Path\": \"sit fugiat\",\n            \"ServerPath\": \"in ea\",\n            \"Value\": \"cillum id qui ipsum\"\n          },\n          {\n            \"Path\": \"ut laborum amet cupidatat\",\n            \"ServerPath\": \"Lorem esse sed et eu\",\n            \"Value\": \"labore consequat sed reprehenderit\"\n          }\n        ]\n      },\n      {\n        \"StatusCode\": \"et\",\n        \"StatusDesc\": \"dolore\",\n        \"Severity\": \"Error\",\n        \"SvcProviderName\": \"occaecat officia in\",\n        \"ServerStatusCode\": \"anim e\",\n        \"ServerStatusDesc\": \"sed in ad Excepteur\",\n        \"OvrdExceptionInd\": true,\n        \"SubjectElement\": [\n          {\n            \"Path\": \"quis\",\n            \"ServerPath\": \"dolor ut ea ad consequat\",\n            \"Value\": \"fugia\"\n          },\n          {\n            \"Path\": \"consectetur Lorem dolore magna\",\n            \"ServerPath\": \"mollit voluptate sit\",\n            \"Value\": \"sunt cillum esse proident\"\n          }\n        ]\n      }\n    ]\n  },\n  \"Receipt\": {\n    \"TellerIdent\": \"sint ut exercitation anim quis\",\n    \"TrnAmt\": {\n      \"Amt\": -50709376.4004463\n    },\n    \"AcctBal\": [\n      {\n        \"BalType\": \"Current\",\n        \"CurAmt\": {\n          \"Amt\": -27892343.19875908\n        }\n      },\n      {\n        \"BalType\": \"Current\",\n        \"CurAmt\": {\n          \"Amt\": 88465963.5419491\n        }\n      }\n    ]\n  }\n}","cookie":[],"_postman_previewlanguage":"json"},{"id":"06881ef4-7d95-44aa-8919-1d9bcd45ce20","name":"To view the complete list of response codes, <a href=\"../docs/?path=docs/response-codes.md\" title=\"Click to open\">click here.</a>","originalRequest":{"url":{"path":["creditservice","payments","credits"],"host":["{{baseUrl}}"],"query":[],"variable":[]},"header":[{"disabled":false,"description":"(Required) EFX Header is a common and required component for all API calls, it contains client-related parameters. Please note that the header parameters should be sent as a JSON object under the EFXHeader parameter. To view the list of header parameters, <a href=\"../docs?path=docs/api-ref-EFX-header.md\" title=\"Click to open\"> click here.</a>","key":"EFXHeader","value":"OrganizationId,<string>,TrnId,<string>,VendorId,<string>,Context,[object Object]"},{"key":"Accept","value":"application/json"}],"method":"PUT","body":{"mode":"raw","raw":"{\n  \"CreditInfo\": {\n    \"CompositeCurAmt\": [\n      {\n        \"CurAmt\": {\n          \"Amt\": \"<number>\",\n          \"CurCode\": {\n            \"CurCodeValue\": \"<string>\",\n            \"CurCodeType\": \"<string>\"\n          }\n        }\n      },\n      {\n        \"CurAmt\": {\n          \"Amt\": \"<number>\",\n          \"CurCode\": {\n            \"CurCodeValue\": \"<string>\",\n            \"CurCodeType\": \"<string>\"\n          }\n        }\n      }\n    ],\n    \"CreditType\": \"<string>\"\n  },\n  \"CreditKeys\": {\n    \"AcctKeys\": {\n      \"AcctId\": \"<string>\",\n      \"AcctType\": \"<string>\"\n    }\n  },\n  \"OvrdAutoAckInd\": \"<boolean>\"\n}","options":{"raw":{"language":"json"}}}},"status":"Internal Server Error","code":500,"header":[{"key":"Content-Type","value":"application/json"}],"body":"{\n  \"CreditStatusRec\": {\n    \"CreditStatus\": {\n      \"CreditStatusCode\": \"Reversed\",\n      \"EffDt\": \"6655-13-16\"\n    },\n    \"CreditKeys\": {\n      \"AcctKeys\": {\n        \"AcctId\": \"ad magna in\",\n        \"AcctType\": \"GLA\"\n      }\n    }\n  },\n  \"Status\": {\n    \"Severity\": \"Error\",\n    \"StatusCode\": \"\",\n    \"StatusDesc\": \"et enim nulla aliquip\",\n    \"SvcProviderName\": \"officia deserunt\",\n    \"Id\": \"amet occaecat\",\n    \"ServerStatusCode\": \"nostrud sin\",\n    \"ServerStatusDesc\": \"occaecat cillum\",\n    \"OvrdExceptionInd\": true,\n    \"SubjectRole\": \"Duis\",\n    \"SubjectElement\": [\n      {\n        \"Path\": \"proident\",\n        \"ServerPath\": \"in mollit ut dolor eu\",\n        \"Value\": \"quis incididunt fugiat culpa\"\n      },\n      {\n        \"Path\": \"laboris dolor dolore occaecat\",\n        \"ServerPath\": \"aliqua voluptate consequat\",\n        \"Value\": \"ipsum enim consectetur labore\"\n      }\n    ],\n    \"ContentHTML\": \"voluptate Excepteur in esse\",\n    \"AdditionalStatus\": [\n      {\n        \"StatusCode\": \"consectetur in et\",\n        \"StatusDesc\": \"in tempor consequat\",\n        \"Severity\": \"Error\",\n        \"SvcProviderName\": \"magna dolore\",\n        \"ServerStatusCode\": \"sunt\",\n        \"ServerStatusDesc\": \"in sit ipsum voluptate Excepteur\",\n        \"OvrdExceptionInd\": true,\n        \"SubjectElement\": [\n          {\n            \"Path\": \"est velit\",\n            \"ServerPath\": \"ex cupidatat proident\",\n            \"Value\": \"pariatur eu nostrud\"\n          },\n          {\n            \"Path\": \"occaecat cupidatat minim ut\",\n            \"ServerPath\": \"qui esse sit cupidatat\",\n            \"Value\": \"exercitation velit cillum ipsum eu\"\n          }\n        ]\n      },\n      {\n        \"StatusCode\": \"minim \",\n        \"StatusDesc\": \"cupidatat ullamco ut Duis fugiat\",\n        \"Severity\": \"Info\",\n        \"SvcProviderName\": \"commodo ipsum Excepteur\",\n        \"ServerStatusCode\": \"cons\",\n        \"ServerStatusDesc\": \"dolor proident sed eiusmod\",\n        \"OvrdExceptionInd\": true,\n        \"SubjectElement\": [\n          {\n            \"Path\": \"officia eiusmod elit dolor consectetur\",\n            \"ServerPath\": \"dolore proident\",\n            \"Value\": \"ullamco occaecat officia Duis\"\n          },\n          {\n            \"Path\": \"ut\",\n            \"ServerPath\": \"esse mollit fugiat in\",\n            \"Value\": \"irure incididunt in\"\n          }\n        ]\n      }\n    ]\n  },\n  \"Receipt\": {\n    \"TellerIdent\": \"in amet nulla commodo ipsum\",\n    \"TrnAmt\": {\n      \"Amt\": -72001579.74086818\n    },\n    \"AcctBal\": [\n      {\n        \"BalType\": \"Current\",\n        \"CurAmt\": {\n          \"Amt\": -36328927.64786084\n        }\n      },\n      {\n        \"BalType\": \"Current\",\n        \"CurAmt\": {\n          \"Amt\": -92645551.70711283\n        }\n      }\n    ]\n  }\n}","cookie":[],"_postman_previewlanguage":"json"}],"event":[],"protocolProfileBehavior":{"disableBodyPruning":true}}],"event":[],"variable":[{"type":"string","value":"/","key":"baseUrl"}],"info":{"_postman_id":"65eb82fd-45e5-4615-ac6d-45d32c84bf64","name":"Credit Service","schema":"https://schema.getpostman.com/json/collection/v2.1.0/collection.json","description":{"content":"The Credit service is used to add or reverse credit entry for a specified loan or deposit product account. <br>\n    This service helps to reverse from or post credit entry to the beneficiary or receiver’s account for specific types of payments including wire transfers plus fees.","type":"text/plain"}}}