{"item":[{"id":"7dd1d7e3-2e56-4987-b0c0-120dd199b843","name":"Add Credit","request":{"name":"Add Credit","description":{"content":"Add Credit API creates one-sided monetary transactions that are credited to the Mortgage Loan Account (MLA) either by cash, check, envelope deposits, merchandise returns, or any other payment types. This API is generally used for a Teller transaction. <br> <br> To download the API Specifications and Postman Collection, click <a href=\"../docs/?path=docs/resources/resources.md\" title=\"Click to open\">Resources</a>.","type":"text/plain"},"url":{"path":["creditservice","payments","credits"],"host":["{{baseUrl}}"],"query":[],"variable":[]},"header":[{"disabled":false,"description":"(Required) EFX Header is a common and required component for all API calls, it contains client-related parameters. Please note that the header parameters should be sent as a JSON object under the EFXHeader parameter. To view the list of header parameters, <a href=\"../docs?path=docs/api-ref-EFX-header.md\" title=\"Click to open\"> click here.</a>","key":"EFXHeader","value":"OrganizationId,<string>,TrnId,<string>,VendorId,<string>,Context,[object Object]"},{"key":"Content-Type","value":"application/json"},{"key":"Accept","value":"application/json"}],"method":"POST","auth":null,"body":{"mode":"raw","raw":"{\n  \"CreditInfo\": {\n    \"CompositeCurAmt\": [\n      {\n        \"CurAmt\": {\n          \"Amt\": \"<number>\",\n          \"CurCode\": {\n            \"CurCodeValue\": \"<string>\",\n            \"CurCodeType\": \"<string>\"\n          }\n        },\n        \"CompositeCurAmtType\": \"<string>\",\n        \"SpecialHandling\": \"Memopost\"\n      },\n      {\n        \"CurAmt\": {\n          \"Amt\": \"<number>\",\n          \"CurCode\": {\n            \"CurCodeValue\": \"<string>\",\n            \"CurCodeType\": \"<string>\"\n          }\n        },\n        \"CompositeCurAmtType\": \"<string>\",\n        \"SpecialHandling\": \"Memopost\"\n      }\n    ],\n    \"CreditType\": \"<string>\",\n    \"EffDt\": \"<string>\",\n    \"PatriotActInd\": \"<boolean>\",\n    \"AcctRef\": {\n      \"AcctKeys\": {\n        \"AcctId\": \"<string>\",\n        \"AcctType\": \"<string>\"\n      }\n    }\n  },\n  \"OvrdAutoAckInd\": \"<boolean>\"\n}","options":{"raw":{"language":"json"}}}},"response":[{"id":"4ca9586a-3992-4e06-8bb2-c042964e9934","name":"Created","originalRequest":{"url":{"path":["creditservice","payments","credits"],"host":["{{baseUrl}}"],"query":[],"variable":[]},"header":[{"disabled":false,"description":"(Required) EFX Header is a common and required component for all API calls, it contains client-related parameters. Please note that the header parameters should be sent as a JSON object under the EFXHeader parameter. To view the list of header parameters, <a href=\"../docs?path=docs/api-ref-EFX-header.md\" title=\"Click to open\"> click here.</a>","key":"EFXHeader","value":"OrganizationId,<string>,TrnId,<string>,VendorId,<string>,Context,[object Object]"},{"key":"Accept","value":"application/json"}],"method":"POST","body":{"mode":"raw","raw":"{\n  \"CreditInfo\": {\n    \"CompositeCurAmt\": [\n      {\n        \"CurAmt\": {\n          \"Amt\": \"<number>\",\n          \"CurCode\": {\n            \"CurCodeValue\": \"<string>\",\n            \"CurCodeType\": \"<string>\"\n          }\n        },\n        \"CompositeCurAmtType\": \"<string>\",\n        \"SpecialHandling\": \"Memopost\"\n      },\n      {\n        \"CurAmt\": {\n          \"Amt\": \"<number>\",\n          \"CurCode\": {\n            \"CurCodeValue\": \"<string>\",\n            \"CurCodeType\": \"<string>\"\n          }\n        },\n        \"CompositeCurAmtType\": \"<string>\",\n        \"SpecialHandling\": \"Memopost\"\n      }\n    ],\n    \"CreditType\": \"<string>\",\n    \"EffDt\": \"<string>\",\n    \"PatriotActInd\": \"<boolean>\",\n    \"AcctRef\": {\n      \"AcctKeys\": {\n        \"AcctId\": \"<string>\",\n        \"AcctType\": \"<string>\"\n      }\n    }\n  },\n  \"OvrdAutoAckInd\": \"<boolean>\"\n}","options":{"raw":{"language":"json"}}}},"status":"Non-Authoritative Information (since HTTP/1.1)","code":203,"header":[{"key":"Content-Type","value":"application/json"}],"body":"{\n  \"CreditStatusRec\": {\n    \"CreditStatus\": {\n      \"CreditStatusCode\": \"Posted\",\n      \"EffDt\": \"4871-62-06T32:15:84.320+12:99\"\n    },\n    \"CreditKeys\": {\n      \"AcctKeys\": {\n        \"AcctId\": \"Ut laborum nostrud p\",\n        \"AcctType\": \"LIP, MLA\"\n      }\n    }\n  },\n  \"Status\": {\n    \"Severity\": \"Warning\",\n    \"StatusCode\": \"dolore in \",\n    \"StatusDesc\": \"id exercitation aute\",\n    \"SvcProviderName\": \"reprehenderit\",\n    \"Id\": \"tempor\",\n    \"ServerStatusCode\": \"do Duis eu\",\n    \"ServerStatusDesc\": \"elit reprehenderit sunt\",\n    \"OvrdExceptionInd\": true,\n    \"SubjectRole\": \"occaecat adipisicing enim\",\n    \"SubjectElement\": [\n      {\n        \"Path\": \"Duis sed volupt\",\n        \"ServerPath\": \"labore Lorem nulla incididunt\",\n        \"Value\": \"pariatur\"\n      },\n      {\n        \"Path\": \"ipsum ut\",\n        \"ServerPath\": \"minim\",\n        \"Value\": \"Lorem laboris eu\"\n      }\n    ],\n    \"ContentHTML\": \"dolor adipisicing\",\n    \"AdditionalStatus\": [\n      {\n        \"StatusCode\": \"qu\",\n        \"StatusDesc\": \"ullamco\",\n        \"Severity\": \"Warning\",\n        \"SvcProviderName\": \"ex\",\n        \"ServerStatusCode\": \"ex\",\n        \"ServerStatusDesc\": \"laborum sit ir\",\n        \"OvrdExceptionInd\": false,\n        \"SubjectElement\": [\n          {\n            \"Path\": \"irure\",\n            \"ServerPath\": \"cillum amet consequat\",\n            \"Value\": \"voluptate aute\"\n          },\n          {\n            \"Path\": \"voluptate labore ex occaecat\",\n            \"ServerPath\": \"quis ipsum Ut\",\n            \"Value\": \"anim sunt\"\n          }\n        ]\n      },\n      {\n        \"StatusCode\": \"in\",\n        \"StatusDesc\": \"incididunt aute nostrud in\",\n        \"Severity\": \"Info\",\n        \"SvcProviderName\": \"nostrud deserunt non exercitation esse\",\n        \"ServerStatusCode\": \"ad incididunt\",\n        \"ServerStatusDesc\": \"in laborum sunt\",\n        \"OvrdExceptionInd\": true,\n        \"SubjectElement\": [\n          {\n            \"Path\": \"sunt irure\",\n            \"ServerPath\": \"proident commodo laboris\",\n            \"Value\": \"Duis\"\n          },\n          {\n            \"Path\": \"tempor\",\n            \"ServerPath\": \"eu occaecat deserunt eiusmod non\",\n            \"Value\": \"veniam id magna ea\"\n          }\n        ]\n      }\n    ]\n  },\n  \"Receipt\": {\n    \"Name\": \"officia incididunt\",\n    \"TellerIdent\": \"occaeca\",\n    \"TrnAmt\": {\n      \"Amt\": 98815004.24367043\n    },\n    \"WarningOrLockout\": [\n      {\n        \"Type\": \"Lockout\",\n        \"Code\": \"pariatur enim\"\n      },\n      {\n        \"Type\": \"Warning\",\n        \"Code\": \"proident nostrud c\"\n      }\n    ],\n    \"AcctBal\": [\n      {\n        \"BalType\": \"LineofCredit\",\n        \"CurAmt\": {\n          \"Amt\": -21832976.669041008\n        }\n      },\n      {\n        \"BalType\": \"ExternalFund\",\n        \"CurAmt\": {\n          \"Amt\": -63976221.89004637\n        }\n      }\n    ],\n    \"ReceiptDtl\": {\n      \"CompositeCurAmt\": [\n        {\n          \"CurAmt\": {\n            \"Amt\": -25688450.89909546\n          },\n          \"CompositeCurAmtType\": \"DealerInterest Escrow Interest Principal LateFee Fee Unemployment Life Disability\",\n          \"SpecialHandling\": \"Collect\"\n        },\n        {\n          \"CurAmt\": {\n            \"Amt\": 68256333.75389028\n          },\n          \"CompositeCurAmtType\": \"DealerInterest Escrow Interest Principal LateFee Fee Unemployment Life Disability\",\n          \"SpecialHandling\": \"Waive\"\n        }\n      ]\n    }\n  }\n}","cookie":[],"_postman_previewlanguage":"json"},{"id":"73a87ae1-624f-439e-8caf-9799f307700b","name":"To view the complete list of response codes, <a href=\"../docs/?path=docs/response-codes.md\" title=\"Click to open\">click here.</a>","originalRequest":{"url":{"path":["creditservice","payments","credits"],"host":["{{baseUrl}}"],"query":[],"variable":[]},"header":[{"disabled":false,"description":"(Required) EFX Header is a common and required component for all API calls, it contains client-related parameters. Please note that the header parameters should be sent as a JSON object under the EFXHeader parameter. To view the list of header parameters, <a href=\"../docs?path=docs/api-ref-EFX-header.md\" title=\"Click to open\"> click here.</a>","key":"EFXHeader","value":"OrganizationId,<string>,TrnId,<string>,VendorId,<string>,Context,[object Object]"},{"key":"Accept","value":"application/json"}],"method":"POST","body":{"mode":"raw","raw":"{\n  \"CreditInfo\": {\n    \"CompositeCurAmt\": [\n      {\n        \"CurAmt\": {\n          \"Amt\": \"<number>\",\n          \"CurCode\": {\n            \"CurCodeValue\": \"<string>\",\n            \"CurCodeType\": \"<string>\"\n          }\n        },\n        \"CompositeCurAmtType\": \"<string>\",\n        \"SpecialHandling\": \"Memopost\"\n      },\n      {\n        \"CurAmt\": {\n          \"Amt\": \"<number>\",\n          \"CurCode\": {\n            \"CurCodeValue\": \"<string>\",\n            \"CurCodeType\": \"<string>\"\n          }\n        },\n        \"CompositeCurAmtType\": \"<string>\",\n        \"SpecialHandling\": \"Memopost\"\n      }\n    ],\n    \"CreditType\": \"<string>\",\n    \"EffDt\": \"<string>\",\n    \"PatriotActInd\": \"<boolean>\",\n    \"AcctRef\": {\n      \"AcctKeys\": {\n        \"AcctId\": \"<string>\",\n        \"AcctType\": \"<string>\"\n      }\n    }\n  },\n  \"OvrdAutoAckInd\": \"<boolean>\"\n}","options":{"raw":{"language":"json"}}}},"status":"Internal Server Error","code":500,"header":[{"key":"Content-Type","value":"application/json"}],"body":"{\n  \"CreditStatusRec\": {\n    \"CreditStatus\": {\n      \"CreditStatusCode\": \"Posted\",\n      \"EffDt\": \"8052-60-14\"\n    },\n    \"CreditKeys\": {\n      \"AcctKeys\": {\n        \"AcctId\": \"pariatu\",\n        \"AcctType\": \"LIP, MLA\"\n      }\n    }\n  },\n  \"Status\": {\n    \"Severity\": \"Info\",\n    \"StatusCode\": \"mo\",\n    \"StatusDesc\": \"veniam ut\",\n    \"SvcProviderName\": \"exercitation\",\n    \"Id\": \"minim sit\",\n    \"ServerStatusCode\": \"Duis do\",\n    \"ServerStatusDesc\": \"sunt voluptate tempor\",\n    \"OvrdExceptionInd\": false,\n    \"SubjectRole\": \"culpa irure\",\n    \"SubjectElement\": [\n      {\n        \"Path\": \"incididunt\",\n        \"ServerPath\": \"veniam aliquip laboris ex\",\n        \"Value\": \"anim Ut\"\n      },\n      {\n        \"Path\": \"velit id\",\n        \"ServerPath\": \"sint amet labore cillum nostrud\",\n        \"Value\": \"eu minim Excepteur dolor\"\n      }\n    ],\n    \"ContentHTML\": \"non\",\n    \"AdditionalStatus\": [\n      {\n        \"StatusCode\": \"Ut Duis\",\n        \"StatusDesc\": \"voluptate anim laboris tempor\",\n        \"Severity\": \"Info\",\n        \"SvcProviderName\": \"magna irure tempor\",\n        \"ServerStatusCode\": \"aliquip sint al\",\n        \"ServerStatusDesc\": \"reprehenderit a\",\n        \"OvrdExceptionInd\": false,\n        \"SubjectElement\": [\n          {\n            \"Path\": \"in velit\",\n            \"ServerPath\": \"ullamco\",\n            \"Value\": \"irure eu a\"\n          },\n          {\n            \"Path\": \"est\",\n            \"ServerPath\": \"nisi non\",\n            \"Value\": \"Ut anim\"\n          }\n        ]\n      },\n      {\n        \"StatusCode\": \"dolor ullamco cill\",\n        \"StatusDesc\": \"fugiat officia id\",\n        \"Severity\": \"Info\",\n        \"SvcProviderName\": \"id qui\",\n        \"ServerStatusCode\": \"min\",\n        \"ServerStatusDesc\": \"aliquip vel\",\n        \"OvrdExceptionInd\": false,\n        \"SubjectElement\": [\n          {\n            \"Path\": \"eiusmod in laboris do\",\n            \"ServerPath\": \"Lorem ad\",\n            \"Value\": \"sunt Ut sint\"\n          },\n          {\n            \"Path\": \"sint fugiat\",\n            \"ServerPath\": \"irure eiusmod sunt elit ullamco\",\n            \"Value\": \"quis culpa\"\n          }\n        ]\n      }\n    ]\n  },\n  \"Receipt\": {\n    \"Name\": \"nostrud laboris id\",\n    \"TellerIdent\": \"laboris labore in\",\n    \"TrnAmt\": {\n      \"Amt\": -34367969.847365744\n    },\n    \"WarningOrLockout\": [\n      {\n        \"Type\": \"Lockout\",\n        \"Code\": \"laboris est dolore consectetur\"\n      },\n      {\n        \"Type\": \"Warning\",\n        \"Code\": \"adip\"\n      }\n    ],\n    \"AcctBal\": [\n      {\n        \"BalType\": \"MMDAExcess\",\n        \"CurAmt\": {\n          \"Amt\": 55868677.47645751\n        }\n      },\n      {\n        \"BalType\": \"Current\",\n        \"CurAmt\": {\n          \"Amt\": 85474688.20982504\n        }\n      }\n    ],\n    \"ReceiptDtl\": {\n      \"CompositeCurAmt\": [\n        {\n          \"CurAmt\": {\n            \"Amt\": 5014539.979604483\n          },\n          \"CompositeCurAmtType\": \"DealerInterest Escrow Interest Principal LateFee Fee Unemployment Life Disability\",\n          \"SpecialHandling\": \"Collect\"\n        },\n        {\n          \"CurAmt\": {\n            \"Amt\": 94208564.5586972\n          },\n          \"CompositeCurAmtType\": \"DealerInterest Escrow Interest Principal LateFee Fee Unemployment Life Disability\",\n          \"SpecialHandling\": \"Collect\"\n        }\n      ]\n    }\n  }\n}","cookie":[],"_postman_previewlanguage":"json"}],"event":[],"protocolProfileBehavior":{"disableBodyPruning":true}}],"event":[],"variable":[{"type":"string","value":"/","key":"baseUrl"}],"info":{"_postman_id":"5bbc0e95-0312-4995-a5df-bf8d8aa3b887","name":"Credit Service","schema":"https://schema.getpostman.com/json/collection/v2.1.0/collection.json","description":{"content":"The Credit service is used to add or reverse credit entry for a specified loan or deposit product account. <br>\n    This service helps to reverse from or post credit entry to the beneficiary or receiver’s account for specific types of payments including wire transfers plus fees.","type":"text/plain"}}}