{"item":[{"id":"b63f30dc-f8fb-4aca-b161-6b8660eb6573","name":"Add Credit.","request":{"name":"Add Credit.","description":{"content":"Add Credit API creates one-sided monetary transactions that are credited to the Mortgage Loan Account (MLA) either by cash, check, envelope deposits, merchandise returns, or any other payment types. This API is generally used for a Teller transaction. <br> <br> To download the API Specifications and Postman Collection, click <a href=\"../docs/?path=docs/resources/resources.md\" title=\"Click to open\">Resources</a>.","type":"text/plain"},"url":{"path":["creditservice","payments","credits"],"host":["{{baseUrl}}"],"query":[],"variable":[]},"header":[{"disabled":false,"description":"(Required) EFX Header is a common and required component for all API calls, it contains client-related parameters. Please note that the header parameters should be sent as a JSON object under the EFXHeader parameter. To view the list of header parameters, <a href=\"../docs?path=docs/api-ref-EFX-header.md\" title=\"Click to open\"> click here.</a>","key":"EFXHeader","value":"OrganizationId,<string>,TrnId,<string>,VendorId,<string>,Context,[object Object]"},{"key":"Content-Type","value":"application/json"},{"key":"Accept","value":"application/json"}],"method":"POST","auth":null,"body":{"mode":"raw","raw":"{\n  \"CreditInfo\": {\n    \"CompositeCurAmt\": [\n      {\n        \"CurAmt\": {\n          \"Amt\": \"<number>\",\n          \"CurCode\": {\n            \"CurCodeValue\": {\n              \"value\": \"<Error: Too many levels of nesting to fake this schema>\"\n            },\n            \"CurCodeType\": {\n              \"value\": \"<Error: Too many levels of nesting to fake this schema>\"\n            }\n          }\n        },\n        \"CompositeCurAmtType\": \"<string>\",\n        \"SpecialHandling\": \"Memopost\"\n      },\n      {\n        \"CurAmt\": {\n          \"Amt\": \"<number>\",\n          \"CurCode\": {\n            \"CurCodeValue\": {\n              \"value\": \"<Error: Too many levels of nesting to fake this schema>\"\n            },\n            \"CurCodeType\": {\n              \"value\": \"<Error: Too many levels of nesting to fake this schema>\"\n            }\n          }\n        },\n        \"CompositeCurAmtType\": \"<string>\",\n        \"SpecialHandling\": \"Memopost\"\n      }\n    ],\n    \"CreditType\": \"<string>\",\n    \"EffDt\": \"<string>\",\n    \"PatriotActInd\": \"<boolean>\",\n    \"AcctRef\": {\n      \"AcctKeys\": {\n        \"AcctId\": \"<string>\",\n        \"AcctType\": \"<string>\"\n      }\n    }\n  },\n  \"OvrdExceptionData\": {\n    \"OvrdAutoAckInd\": \"<boolean>\"\n  }\n}","options":{"raw":{"language":"json"}}}},"response":[{"id":"0bd10d3a-ed8b-42d0-b2bd-c263461770f5","name":"Created","originalRequest":{"url":{"path":["creditservice","payments","credits"],"host":["{{baseUrl}}"],"query":[],"variable":[]},"header":[{"disabled":false,"description":"(Required) EFX Header is a common and required component for all API calls, it contains client-related parameters. Please note that the header parameters should be sent as a JSON object under the EFXHeader parameter. To view the list of header parameters, <a href=\"../docs?path=docs/api-ref-EFX-header.md\" title=\"Click to open\"> click here.</a>","key":"EFXHeader","value":"OrganizationId,<string>,TrnId,<string>,VendorId,<string>,Context,[object Object]"},{"key":"Accept","value":"application/json"}],"method":"POST","body":{"mode":"raw","raw":"{\n  \"CreditInfo\": {\n    \"CompositeCurAmt\": [\n      {\n        \"CurAmt\": {\n          \"Amt\": \"<number>\",\n          \"CurCode\": {\n            \"CurCodeValue\": {\n              \"value\": \"<Error: Too many levels of nesting to fake this schema>\"\n            },\n            \"CurCodeType\": {\n              \"value\": \"<Error: Too many levels of nesting to fake this schema>\"\n            }\n          }\n        },\n        \"CompositeCurAmtType\": \"<string>\",\n        \"SpecialHandling\": \"Memopost\"\n      },\n      {\n        \"CurAmt\": {\n          \"Amt\": \"<number>\",\n          \"CurCode\": {\n            \"CurCodeValue\": {\n              \"value\": \"<Error: Too many levels of nesting to fake this schema>\"\n            },\n            \"CurCodeType\": {\n              \"value\": \"<Error: Too many levels of nesting to fake this schema>\"\n            }\n          }\n        },\n        \"CompositeCurAmtType\": \"<string>\",\n        \"SpecialHandling\": \"Memopost\"\n      }\n    ],\n    \"CreditType\": \"<string>\",\n    \"EffDt\": \"<string>\",\n    \"PatriotActInd\": \"<boolean>\",\n    \"AcctRef\": {\n      \"AcctKeys\": {\n        \"AcctId\": \"<string>\",\n        \"AcctType\": \"<string>\"\n      }\n    }\n  },\n  \"OvrdExceptionData\": {\n    \"OvrdAutoAckInd\": \"<boolean>\"\n  }\n}","options":{"raw":{"language":"json"}}}},"status":"Non-Authoritative Information (since HTTP/1.1)","code":203,"header":[{"key":"Content-Type","value":"application/json"}],"body":"{\n  \"CreditStatusRec\": {\n    \"CreditStatus\": {\n      \"CreditStatusCode\": \"Posted\",\n      \"EffDt\": \"5415-36-41\"\n    },\n    \"CreditKeys\": {\n      \"AcctKeys\": {\n        \"AcctId\": \"irure\",\n        \"AcctType\": \"LIP, MLA\"\n      }\n    }\n  },\n  \"Status\": {\n    \"Severity\": \"Info\",\n    \"StatusCode\": \"non dolore ip\",\n    \"StatusDesc\": \"est\",\n    \"SvcProviderName\": \"pariatur magna dolor\",\n    \"Id\": \"Lorem irure laborum voluptat\",\n    \"ServerStatusCode\": \"exer\",\n    \"ServerStatusDesc\": \"incididunt tempor eiusmod sint\",\n    \"OvrdExceptionInd\": true,\n    \"SubjectRole\": \"Excepteur minim proident culpa\",\n    \"SubjectElement\": [\n      {\n        \"Path\": \"irure deserunt\",\n        \"ServerPath\": \"cupidatat eiusmod aliquip exercitation ipsum\",\n        \"Value\": \"Duis ea Excepteur\"\n      },\n      {\n        \"Path\": \"ut enim anim nulla\",\n        \"ServerPath\": \"aliquip ex consectetur cupidatat\",\n        \"Value\": \"quis exercitation occaecat commodo\"\n      }\n    ],\n    \"ContentHTML\": \"enim nulla\",\n    \"AdditionalStatus\": [\n      {\n        \"StatusCode\": \"in\",\n        \"StatusDesc\": \"eu dolor\",\n        \"Severity\": \"Error\",\n        \"SvcProviderName\": \"sit i\",\n        \"ServerStatusCode\": \"sit tempor sunt ma\",\n        \"ServerStatusDesc\": \"Lorem\",\n        \"OvrdExceptionInd\": false,\n        \"SubjectElement\": [\n          {\n            \"Path\": \"cillum nisi ad eiusmod\",\n            \"ServerPath\": \"in ipsum eu laboris pariatur\",\n            \"Value\": \"proident ullamco\"\n          },\n          {\n            \"Path\": \"anim\",\n            \"ServerPath\": \"ut eiusmod occaecat\",\n            \"Value\": \"nisi amet in\"\n          }\n        ]\n      },\n      {\n        \"StatusCode\": \"fugiat et Dui\",\n        \"StatusDesc\": \"ad incididunt laboris cillum\",\n        \"Severity\": \"Error\",\n        \"SvcProviderName\": \"eu sunt in ullamco adipisicing\",\n        \"ServerStatusCode\": \"v\",\n        \"ServerStatusDesc\": \"amet exercitation dolor id incididunt\",\n        \"OvrdExceptionInd\": true,\n        \"SubjectElement\": [\n          {\n            \"Path\": \"est et Ut enim\",\n            \"ServerPath\": \"minim sit dolor ut\",\n            \"Value\": \"sed\"\n          },\n          {\n            \"Path\": \"minim\",\n            \"ServerPath\": \"qui velit\",\n            \"Value\": \"ipsum esse id proident\"\n          }\n        ]\n      }\n    ]\n  },\n  \"Receipt\": {\n    \"Name\": \"non\",\n    \"TellerIdent\": \"in laborum\",\n    \"TrnAmt\": {\n      \"Amt\": -30467814.75103861\n    },\n    \"WarningOrLockout\": [\n      {\n        \"Type\": \"Warning\",\n        \"Code\": \"volup\"\n      },\n      {\n        \"Type\": \"Lockout\",\n        \"Code\": \"et proident reprehenderit velit ea\"\n      }\n    ],\n    \"AcctBal\": [\n      {\n        \"BalType\": \"MMDAExcess\",\n        \"CurAmt\": {\n          \"Amt\": 19499601.196240455\n        }\n      },\n      {\n        \"BalType\": \"OverdraftBanking\",\n        \"CurAmt\": {\n          \"Amt\": -74793677.70245716\n        }\n      }\n    ],\n    \"ReceiptDtl\": {\n      \"CompositeCurAmt\": [\n        {\n          \"CurAmt\": {\n            \"Amt\": {\n              \"value\": \"<Error: Too many levels of nesting to fake this schema>\"\n            }\n          },\n          \"CompositeCurAmtType\": \"DealerInterest Escrow Interest Principal LateFee Fee Unemployment Life Disability\",\n          \"SpecialHandling\": \"Waive\"\n        },\n        {\n          \"CurAmt\": {\n            \"Amt\": {\n              \"value\": \"<Error: Too many levels of nesting to fake this schema>\"\n            }\n          },\n          \"CompositeCurAmtType\": \"DealerInterest Escrow Interest Principal LateFee Fee Unemployment Life Disability\",\n          \"SpecialHandling\": \"Collect\"\n        }\n      ]\n    }\n  }\n}","cookie":[],"_postman_previewlanguage":"json"},{"id":"ce47f9e8-c965-49f2-a568-400887e6e455","name":"To view the complete list of response codes, <a href=\"../docs/?path=docs/response-codes.md\" title=\"Click to open\">click here.</a>","originalRequest":{"url":{"path":["creditservice","payments","credits"],"host":["{{baseUrl}}"],"query":[],"variable":[]},"header":[{"disabled":false,"description":"(Required) EFX Header is a common and required component for all API calls, it contains client-related parameters. Please note that the header parameters should be sent as a JSON object under the EFXHeader parameter. To view the list of header parameters, <a href=\"../docs?path=docs/api-ref-EFX-header.md\" title=\"Click to open\"> click here.</a>","key":"EFXHeader","value":"OrganizationId,<string>,TrnId,<string>,VendorId,<string>,Context,[object Object]"},{"key":"Accept","value":"application/json"}],"method":"POST","body":{"mode":"raw","raw":"{\n  \"CreditInfo\": {\n    \"CompositeCurAmt\": [\n      {\n        \"CurAmt\": {\n          \"Amt\": \"<number>\",\n          \"CurCode\": {\n            \"CurCodeValue\": {\n              \"value\": \"<Error: Too many levels of nesting to fake this schema>\"\n            },\n            \"CurCodeType\": {\n              \"value\": \"<Error: Too many levels of nesting to fake this schema>\"\n            }\n          }\n        },\n        \"CompositeCurAmtType\": \"<string>\",\n        \"SpecialHandling\": \"Memopost\"\n      },\n      {\n        \"CurAmt\": {\n          \"Amt\": \"<number>\",\n          \"CurCode\": {\n            \"CurCodeValue\": {\n              \"value\": \"<Error: Too many levels of nesting to fake this schema>\"\n            },\n            \"CurCodeType\": {\n              \"value\": \"<Error: Too many levels of nesting to fake this schema>\"\n            }\n          }\n        },\n        \"CompositeCurAmtType\": \"<string>\",\n        \"SpecialHandling\": \"Memopost\"\n      }\n    ],\n    \"CreditType\": \"<string>\",\n    \"EffDt\": \"<string>\",\n    \"PatriotActInd\": \"<boolean>\",\n    \"AcctRef\": {\n      \"AcctKeys\": {\n        \"AcctId\": \"<string>\",\n        \"AcctType\": \"<string>\"\n      }\n    }\n  },\n  \"OvrdExceptionData\": {\n    \"OvrdAutoAckInd\": \"<boolean>\"\n  }\n}","options":{"raw":{"language":"json"}}}},"status":"Internal Server Error","code":500,"header":[{"key":"Content-Type","value":"application/json"}],"body":"{\n  \"CreditStatusRec\": {\n    \"CreditStatus\": {\n      \"CreditStatusCode\": \"Posted\",\n      \"EffDt\": \"9057-44-34T50:97\"\n    },\n    \"CreditKeys\": {\n      \"AcctKeys\": {\n        \"AcctId\": \"nisi\",\n        \"AcctType\": \"LIP, MLA\"\n      }\n    }\n  },\n  \"Status\": {\n    \"Severity\": \"Warning\",\n    \"StatusCode\": \"d\",\n    \"StatusDesc\": \"incididunt\",\n    \"SvcProviderName\": \"Lorem incididunt \",\n    \"Id\": \"Ut et id in\",\n    \"ServerStatusCode\": \"a\",\n    \"ServerStatusDesc\": \"ipsum qui magna\",\n    \"OvrdExceptionInd\": false,\n    \"SubjectRole\": \"qui\",\n    \"SubjectElement\": [\n      {\n        \"Path\": \"Duis ut elit dolore\",\n        \"ServerPath\": \"aute velit\",\n        \"Value\": \"velit ullamco ut ea s\"\n      },\n      {\n        \"Path\": \"exercitation ad laboris amet\",\n        \"ServerPath\": \"dolore est et ex\",\n        \"Value\": \"ut et\"\n      }\n    ],\n    \"ContentHTML\": \"tempo\",\n    \"AdditionalStatus\": [\n      {\n        \"StatusCode\": \"do\",\n        \"StatusDesc\": \"esse aliquip\",\n        \"Severity\": \"Info\",\n        \"SvcProviderName\": \"aliquip eiusmod cillum sit\",\n        \"ServerStatusCode\": \"amet do\",\n        \"ServerStatusDesc\": \"nulla in\",\n        \"OvrdExceptionInd\": false,\n        \"SubjectElement\": [\n          {\n            \"Path\": \"est ea\",\n            \"ServerPath\": \"dolo\",\n            \"Value\": \"et in eiusmod\"\n          },\n          {\n            \"Path\": \"aute veniam mollit consequat minim\",\n            \"ServerPath\": \"est ut qui\",\n            \"Value\": \"voluptate Ut do aliquip et\"\n          }\n        ]\n      },\n      {\n        \"StatusCode\": \"cillum p\",\n        \"StatusDesc\": \"commodo et\",\n        \"Severity\": \"Info\",\n        \"SvcProviderName\": \"labore irure\",\n        \"ServerStatusCode\": \"occaecat ullamco\",\n        \"ServerStatusDesc\": \"nisi\",\n        \"OvrdExceptionInd\": true,\n        \"SubjectElement\": [\n          {\n            \"Path\": \"commodo officia Ut ullamco\",\n            \"ServerPath\": \"eiusmod non amet enim eu\",\n            \"Value\": \"eiusmod minim deserunt\"\n          },\n          {\n            \"Path\": \"est quis\",\n            \"ServerPath\": \"pariatur\",\n            \"Value\": \"nisi reprehenderit proident volupta\"\n          }\n        ]\n      }\n    ]\n  },\n  \"Receipt\": {\n    \"Name\": \"nisi\",\n    \"TellerIdent\": \"do mollit\",\n    \"TrnAmt\": {\n      \"Amt\": 44680904.30466193\n    },\n    \"WarningOrLockout\": [\n      {\n        \"Type\": \"Lockout\",\n        \"Code\": \"in quis ex Lorem officia\"\n      },\n      {\n        \"Type\": \"Lockout\",\n        \"Code\": \"ut ea\"\n      }\n    ],\n    \"AcctBal\": [\n      {\n        \"BalType\": \"MMDAExcess\",\n        \"CurAmt\": {\n          \"Amt\": -52069200.99194652\n        }\n      },\n      {\n        \"BalType\": \"Current\",\n        \"CurAmt\": {\n          \"Amt\": 60683634.85122922\n        }\n      }\n    ],\n    \"ReceiptDtl\": {\n      \"CompositeCurAmt\": [\n        {\n          \"CurAmt\": {\n            \"Amt\": {\n              \"value\": \"<Error: Too many levels of nesting to fake this schema>\"\n            }\n          },\n          \"CompositeCurAmtType\": \"DealerInterest Escrow Interest Principal LateFee Fee Unemployment Life Disability\",\n          \"SpecialHandling\": \"Collect\"\n        },\n        {\n          \"CurAmt\": {\n            \"Amt\": {\n              \"value\": \"<Error: Too many levels of nesting to fake this schema>\"\n            }\n          },\n          \"CompositeCurAmtType\": \"DealerInterest Escrow Interest Principal LateFee Fee Unemployment Life Disability\",\n          \"SpecialHandling\": \"Collect\"\n        }\n      ]\n    }\n  }\n}","cookie":[],"_postman_previewlanguage":"json"}],"event":[],"protocolProfileBehavior":{"disableBodyPruning":true}}],"event":[],"variable":[{"type":"string","value":"/","key":"baseUrl"}],"info":{"_postman_id":"b1cffd60-fa16-4738-951b-28a509651227","name":"Credit Service","schema":"https://schema.getpostman.com/json/collection/v2.1.0/collection.json","description":{"content":"The Credit service is used to add or reverse credit entry for a specified loan or deposit product account. <br>\n    This service helps to reverse from or post credit entry to the beneficiary or receiver’s account for specific types of payments including wire transfers plus fees.","type":"text/plain"}}}