{"item":[{"id":"7f2e157b-edcc-4052-82e0-60d3d2bbb6a8","name":"Add Credit","request":{"name":"Add Credit","description":{"content":"Add Credit API creates one-sided monetary transactions that are credited to the Commercial Loan Account (CLA) either by cash, check, envelope deposits, merchandise returns or any other payment types. This API is used for a Teller transaction. <br> <br> To download the API Specifications and Postman Collection, click <a href=\"../docs/?path=docs/resources/resources.md\" title=\"Click to open\">Resources</a>.","type":"text/plain"},"url":{"path":["creditservice","payments","credits"],"host":["{{baseUrl}}"],"query":[],"variable":[]},"header":[{"disabled":false,"description":"(Required) EFX Header is a common and required component for all API calls, it contains client-related parameters. Please note that the header parameters should be sent as a JSON object under the EFXHeader parameter. To view the list of header parameters, <a href=\"../docs?path=docs/api-ref-EFX-header.md\" title=\"Click to open\"> click here.</a>","key":"EFXHeader","value":"OrganizationId,<string>,TrnId,<string>,VendorId,<string>,Context,[object Object]"},{"key":"Content-Type","value":"application/json"},{"key":"Accept","value":"application/json"}],"method":"POST","auth":null,"body":{"mode":"raw","raw":"{\n  \"CreditInfo\": {\n    \"CompositeCurAmt\": [\n      {\n        \"CurAmt\": {\n          \"Amt\": \"<number>\",\n          \"CurCode\": {\n            \"CurCodeValue\": \"<string>\",\n            \"CurCodeType\": \"<string>\"\n          }\n        },\n        \"CompositeCurAmtType\": \"<string>\",\n        \"SpecialHandling\": \"NoOffset\",\n        \"RefData\": {\n          \"RefType\": \"<string>\",\n          \"RefIdent\": \"<string>\"\n        }\n      },\n      {\n        \"CurAmt\": {\n          \"Amt\": \"<number>\",\n          \"CurCode\": {\n            \"CurCodeValue\": \"<string>\",\n            \"CurCodeType\": \"<string>\"\n          }\n        },\n        \"CompositeCurAmtType\": \"<string>\",\n        \"SpecialHandling\": \"NoOffset\",\n        \"RefData\": {\n          \"RefType\": \"<string>\",\n          \"RefIdent\": \"<string>\"\n        }\n      }\n    ],\n    \"CreditType\": \"<string>\",\n    \"EffDt\": \"<string>\",\n    \"AcctRef\": {\n      \"AcctKeys\": {\n        \"AcctId\": \"<string>\",\n        \"AcctType\": \"<string>\"\n      }\n    }\n  },\n  \"OvrdExceptionData\": {\n    \"OvrdAutoAckInd\": \"<boolean>\"\n  }\n}","options":{"raw":{"language":"json"}}}},"response":[{"id":"032345e3-433f-4ac6-86d2-4fd3ca2ad92d","name":"Created","originalRequest":{"url":{"path":["creditservice","payments","credits"],"host":["{{baseUrl}}"],"query":[],"variable":[]},"header":[{"disabled":false,"description":"(Required) EFX Header is a common and required component for all API calls, it contains client-related parameters. Please note that the header parameters should be sent as a JSON object under the EFXHeader parameter. To view the list of header parameters, <a href=\"../docs?path=docs/api-ref-EFX-header.md\" title=\"Click to open\"> click here.</a>","key":"EFXHeader","value":"OrganizationId,<string>,TrnId,<string>,VendorId,<string>,Context,[object Object]"},{"key":"Accept","value":"application/json"}],"method":"POST","body":{"mode":"raw","raw":"{\n  \"CreditInfo\": {\n    \"CompositeCurAmt\": [\n      {\n        \"CurAmt\": {\n          \"Amt\": \"<number>\",\n          \"CurCode\": {\n            \"CurCodeValue\": \"<string>\",\n            \"CurCodeType\": \"<string>\"\n          }\n        },\n        \"CompositeCurAmtType\": \"<string>\",\n        \"SpecialHandling\": \"NoOffset\",\n        \"RefData\": {\n          \"RefType\": \"<string>\",\n          \"RefIdent\": \"<string>\"\n        }\n      },\n      {\n        \"CurAmt\": {\n          \"Amt\": \"<number>\",\n          \"CurCode\": {\n            \"CurCodeValue\": \"<string>\",\n            \"CurCodeType\": \"<string>\"\n          }\n        },\n        \"CompositeCurAmtType\": \"<string>\",\n        \"SpecialHandling\": \"NoOffset\",\n        \"RefData\": {\n          \"RefType\": \"<string>\",\n          \"RefIdent\": \"<string>\"\n        }\n      }\n    ],\n    \"CreditType\": \"<string>\",\n    \"EffDt\": \"<string>\",\n    \"AcctRef\": {\n      \"AcctKeys\": {\n        \"AcctId\": \"<string>\",\n        \"AcctType\": \"<string>\"\n      }\n    }\n  },\n  \"OvrdExceptionData\": {\n    \"OvrdAutoAckInd\": \"<boolean>\"\n  }\n}","options":{"raw":{"language":"json"}}}},"status":"Created","code":201,"header":[{"key":"Content-Type","value":"application/json"}],"body":"{\n  \"CreditStatusRec\": {\n    \"CreditStatus\": {\n      \"CreditStatusCode\": \"Posted\",\n      \"EffDt\": \"9898-13-48\"\n    }\n  },\n  \"Status\": {\n    \"Severity\": \"Info\",\n    \"StatusCode\": \"in incididu\",\n    \"StatusDesc\": \"ullamco eu minim\",\n    \"SvcProviderName\": \"in fugiat ut Excepteur\",\n    \"Id\": \"veniam reprehenderit consequat\",\n    \"ServerStatusCode\": \"dolore\",\n    \"ServerStatusDesc\": \"fugiat velit laboris\",\n    \"OvrdExceptionInd\": false,\n    \"SubjectRole\": \"labore tempor Lorem ea et\",\n    \"SubjectElement\": [\n      {\n        \"Path\": \"sed non\",\n        \"ServerPath\": \"reprehenderit cupidatat deserunt\",\n        \"Value\": \"consequat dolore exercitati\"\n      },\n      {\n        \"Path\": \"commodo mollit\",\n        \"ServerPath\": \"ut dolore pariatur dolore incididunt\",\n        \"Value\": \"aliquip aute\"\n      }\n    ],\n    \"ContentHTML\": \"in adipisicing sit exercitation veniam\",\n    \"AdditionalStatus\": [\n      {\n        \"StatusCode\": \"laboris c\",\n        \"StatusDesc\": \"aliq\",\n        \"Severity\": \"Error\",\n        \"SvcProviderName\": \"elit ad culpa incididunt\",\n        \"ServerStatusCode\": \"in in\",\n        \"ServerStatusDesc\": \"ad aliqua ut\",\n        \"OvrdExceptionInd\": false,\n        \"SubjectElement\": [\n          {\n            \"Path\": \"irure dolor ut\",\n            \"ServerPath\": \"elit fugiat anim sunt\",\n            \"Value\": \"dolor nostrud in elit pariatur\"\n          },\n          {\n            \"Path\": \"adipisicing veniam an\",\n            \"ServerPath\": \"ipsum\",\n            \"Value\": \"nisi incididunt sunt Lorem id\"\n          }\n        ]\n      },\n      {\n        \"StatusCode\": \"adipisi\",\n        \"StatusDesc\": \"nisi in\",\n        \"Severity\": \"Warning\",\n        \"SvcProviderName\": \"in\",\n        \"ServerStatusCode\": \"sint officia in\",\n        \"ServerStatusDesc\": \"veniam et fugiat molli\",\n        \"OvrdExceptionInd\": true,\n        \"SubjectElement\": [\n          {\n            \"Path\": \"dolore anim des\",\n            \"ServerPath\": \"et minim\",\n            \"Value\": \"dolore nisi ut sit quis\"\n          },\n          {\n            \"Path\": \"sunt elit non tempor reprehenderit\",\n            \"ServerPath\": \"elit laboris Lorem\",\n            \"Value\": \"nulla dolor ad fugiat\"\n          }\n        ]\n      }\n    ]\n  },\n  \"Receipt\": {\n    \"Name\": \"aliqua\",\n    \"TellerIdent\": \"ea exercitation nulla m\",\n    \"TrnAmt\": {\n      \"Amt\": 33649316.99403435,\n      \"CurCode\": {\n        \"CurCodeValue\": \"<string>\",\n        \"CurCodeType\": \"<string>\"\n      }\n    },\n    \"AcctBal\": [\n      {\n        \"BalType\": \"Current\",\n        \"CurAmt\": {\n          \"Amt\": 29067727.54242541,\n          \"CurCode\": {\n            \"CurCodeValue\": \"<string>\",\n            \"CurCodeType\": \"<string>\"\n          }\n        }\n      },\n      {\n        \"BalType\": \"Current\",\n        \"CurAmt\": {\n          \"Amt\": 39053435.089153945,\n          \"CurCode\": {\n            \"CurCodeValue\": \"<string>\",\n            \"CurCodeType\": \"<string>\"\n          }\n        }\n      }\n    ],\n    \"ReceiptDtl\": {\n      \"CompositeCurAmt\": [\n        {\n          \"CurAmt\": {\n            \"Amt\": 11345454.158298418,\n            \"CurCode\": {\n              \"CurCodeValue\": \"<string>\",\n              \"CurCodeType\": \"<string>\"\n            }\n          },\n          \"CompositeCurAmtType\": \"Interest\"\n        },\n        {\n          \"CurAmt\": {\n            \"Amt\": 98872107.69081637,\n            \"CurCode\": {\n              \"CurCodeValue\": \"<string>\",\n              \"CurCodeType\": \"<string>\"\n            }\n          },\n          \"CompositeCurAmtType\": \"Principal\"\n        }\n      ]\n    }\n  }\n}","cookie":[],"_postman_previewlanguage":"json"},{"id":"dd17317f-b095-4a09-a50e-744cdb35b7a8","name":"To view the complete list of response codes, <a href=\"../docs/?path=docs/response-codes.md\" title=\"Click to open\">click here.</a>","originalRequest":{"url":{"path":["creditservice","payments","credits"],"host":["{{baseUrl}}"],"query":[],"variable":[]},"header":[{"disabled":false,"description":"(Required) EFX Header is a common and required component for all API calls, it contains client-related parameters. Please note that the header parameters should be sent as a JSON object under the EFXHeader parameter. To view the list of header parameters, <a href=\"../docs?path=docs/api-ref-EFX-header.md\" title=\"Click to open\"> click here.</a>","key":"EFXHeader","value":"OrganizationId,<string>,TrnId,<string>,VendorId,<string>,Context,[object Object]"},{"key":"Accept","value":"application/json"}],"method":"POST","body":{"mode":"raw","raw":"{\n  \"CreditInfo\": {\n    \"CompositeCurAmt\": [\n      {\n        \"CurAmt\": {\n          \"Amt\": \"<number>\",\n          \"CurCode\": {\n            \"CurCodeValue\": \"<string>\",\n            \"CurCodeType\": \"<string>\"\n          }\n        },\n        \"CompositeCurAmtType\": \"<string>\",\n        \"SpecialHandling\": \"NoOffset\",\n        \"RefData\": {\n          \"RefType\": \"<string>\",\n          \"RefIdent\": \"<string>\"\n        }\n      },\n      {\n        \"CurAmt\": {\n          \"Amt\": \"<number>\",\n          \"CurCode\": {\n            \"CurCodeValue\": \"<string>\",\n            \"CurCodeType\": \"<string>\"\n          }\n        },\n        \"CompositeCurAmtType\": \"<string>\",\n        \"SpecialHandling\": \"NoOffset\",\n        \"RefData\": {\n          \"RefType\": \"<string>\",\n          \"RefIdent\": \"<string>\"\n        }\n      }\n    ],\n    \"CreditType\": \"<string>\",\n    \"EffDt\": \"<string>\",\n    \"AcctRef\": {\n      \"AcctKeys\": {\n        \"AcctId\": \"<string>\",\n        \"AcctType\": \"<string>\"\n      }\n    }\n  },\n  \"OvrdExceptionData\": {\n    \"OvrdAutoAckInd\": \"<boolean>\"\n  }\n}","options":{"raw":{"language":"json"}}}},"status":"Internal Server Error","code":500,"header":[{"key":"Content-Type","value":"application/json"}],"body":"{\n  \"CreditStatusRec\": {\n    \"CreditStatus\": {\n      \"CreditStatusCode\": \"Posted\",\n      \"EffDt\": \"2465-22-86T85:70\"\n    }\n  },\n  \"Status\": {\n    \"Severity\": \"Warning\",\n    \"StatusCode\": \"ipsum qui nostru\",\n    \"StatusDesc\": \"labore Lorem exercitation sed\",\n    \"SvcProviderName\": \"nisi non ut Excepteur\",\n    \"Id\": \"do in\",\n    \"ServerStatusCode\": \"occaecat non\",\n    \"ServerStatusDesc\": \"dolore nisi exercitation\",\n    \"OvrdExceptionInd\": false,\n    \"SubjectRole\": \"adipisicing enim ut\",\n    \"SubjectElement\": [\n      {\n        \"Path\": \"ad dolor id irure\",\n        \"ServerPath\": \"sunt non\",\n        \"Value\": \"est deserunt quis aute\"\n      },\n      {\n        \"Path\": \"sunt aliquip aute\",\n        \"ServerPath\": \"veniam est\",\n        \"Value\": \"consequat Ut sit anim minim\"\n      }\n    ],\n    \"ContentHTML\": \"quis nisi deserunt\",\n    \"AdditionalStatus\": [\n      {\n        \"StatusCode\": \"minim \",\n        \"StatusDesc\": \"veniam commodo qui\",\n        \"Severity\": \"Info\",\n        \"SvcProviderName\": \"est veniam minim\",\n        \"ServerStatusCode\": \"aute quis eiu\",\n        \"ServerStatusDesc\": \"dolore mollit in\",\n        \"OvrdExceptionInd\": true,\n        \"SubjectElement\": [\n          {\n            \"Path\": \"dolore culpa aute\",\n            \"ServerPath\": \"dolore culpa pariatur\",\n            \"Value\": \"veniam commodo aliquip adipisicing\"\n          },\n          {\n            \"Path\": \"sint id cupidatat\",\n            \"ServerPath\": \"do dolore\",\n            \"Value\": \"laboris irure elit anim\"\n          }\n        ]\n      },\n      {\n        \"StatusCode\": \"eiu\",\n        \"StatusDesc\": \"deserunt ex cupidatat nisi\",\n        \"Severity\": \"Info\",\n        \"SvcProviderName\": \"eiusmod ut non o\",\n        \"ServerStatusCode\": \"exercitation u\",\n        \"ServerStatusDesc\": \"amet ex ut\",\n        \"OvrdExceptionInd\": true,\n        \"SubjectElement\": [\n          {\n            \"Path\": \"ut laboris adipis\",\n            \"ServerPath\": \"ex enim deserunt\",\n            \"Value\": \"cillum\"\n          },\n          {\n            \"Path\": \"dolore occaecat adipisicing dolor\",\n            \"ServerPath\": \"velit amet enim Ut nostrud\",\n            \"Value\": \"sunt proident et\"\n          }\n        ]\n      }\n    ]\n  },\n  \"Receipt\": {\n    \"Name\": \"ipsum cillum consequ\",\n    \"TellerIdent\": \"pariatur non Duis\",\n    \"TrnAmt\": {\n      \"Amt\": -52381879.895503715,\n      \"CurCode\": {\n        \"CurCodeValue\": \"<string>\",\n        \"CurCodeType\": \"<string>\"\n      }\n    },\n    \"AcctBal\": [\n      {\n        \"BalType\": \"Current\",\n        \"CurAmt\": {\n          \"Amt\": 59502317.716914505,\n          \"CurCode\": {\n            \"CurCodeValue\": \"<string>\",\n            \"CurCodeType\": \"<string>\"\n          }\n        }\n      },\n      {\n        \"BalType\": \"Current\",\n        \"CurAmt\": {\n          \"Amt\": 84836329.43078917,\n          \"CurCode\": {\n            \"CurCodeValue\": \"<string>\",\n            \"CurCodeType\": \"<string>\"\n          }\n        }\n      }\n    ],\n    \"ReceiptDtl\": {\n      \"CompositeCurAmt\": [\n        {\n          \"CurAmt\": {\n            \"Amt\": -52461600.78979774,\n            \"CurCode\": {\n              \"CurCodeValue\": \"<string>\",\n              \"CurCodeType\": \"<string>\"\n            }\n          },\n          \"CompositeCurAmtType\": \"OtherEscrow\"\n        },\n        {\n          \"CurAmt\": {\n            \"Amt\": 12925327.8099394,\n            \"CurCode\": {\n              \"CurCodeValue\": \"<string>\",\n              \"CurCodeType\": \"<string>\"\n            }\n          },\n          \"CompositeCurAmtType\": \"Insurance\"\n        }\n      ]\n    }\n  }\n}","cookie":[],"_postman_previewlanguage":"json"}],"event":[],"protocolProfileBehavior":{"disableBodyPruning":true}}],"event":[],"variable":[{"type":"string","value":"/","key":"baseUrl"}],"info":{"_postman_id":"13dfee8e-4ec6-4703-a5ba-de6049820d13","name":"Credit Service","schema":"https://schema.getpostman.com/json/collection/v2.1.0/collection.json","description":{"content":"The Credit service is used to add or reverse credit entry for a specified loan or deposit product account. <br>\n    This service helps to reverse from or post credit entry to the beneficiary or receiver’s account for specific types of payments including wire transfers plus fees.","type":"text/plain"}}}