{"item":[{"id":"92a27504-0248-4cf3-b1e8-e40e23fc6ca0","name":"Reverse Credit.","request":{"name":"Reverse Credit.","description":{"content":"Reverse Credit API reverses the previously processed credit transaction on a Health Savings Account (HSA).<br>This API is generally used for a Teller transaction.<br> <br> To download the API Specifications and Postman Collection, click <a href=\"../docs/?path=docs/resources/resources.md\" title=\"Click to open\">Resources</a>.","type":"text/plain"},"url":{"path":["creditservice","payments","credits"],"host":["{{baseUrl}}"],"query":[],"variable":[]},"header":[{"disabled":false,"description":"(Required) EFX Header is a common and required component for all API calls, it contains client-related parameters. Please note that the header parameters should be sent as a JSON object under the EFXHeader parameter. To view the list of header parameters, <a href=\"../docs?path=docs/api-ref-EFX-header.md\" title=\"Click to open\"> click here.</a>","key":"EFXHeader","value":"OrganizationId,<string>,TrnId,<string>,VendorId,<string>,Context,[object Object]"},{"key":"Content-Type","value":"application/json"},{"key":"Accept","value":"application/json"}],"method":"PUT","auth":null,"body":{"mode":"raw","raw":"{\n  \"CreditInfo\": {\n    \"CompositeCurAmt\": [\n      {\n        \"CurAmt\": {\n          \"Amt\": \"<number>\",\n          \"CurCode\": {\n            \"CurCodeValue\": {\n              \"value\": \"<Error: Too many levels of nesting to fake this schema>\"\n            },\n            \"CurCodeType\": {\n              \"value\": \"<Error: Too many levels of nesting to fake this schema>\"\n            }\n          }\n        },\n        \"CompositeCurAmtType\": \"<string>\"\n      },\n      {\n        \"CurAmt\": {\n          \"Amt\": \"<number>\",\n          \"CurCode\": {\n            \"CurCodeValue\": {\n              \"value\": \"<Error: Too many levels of nesting to fake this schema>\"\n            },\n            \"CurCodeType\": {\n              \"value\": \"<Error: Too many levels of nesting to fake this schema>\"\n            }\n          }\n        },\n        \"CompositeCurAmtType\": \"<string>\"\n      }\n    ],\n    \"CreditType\": \"<string>\",\n    \"EffDt\": \"<string>\",\n    \"PatriotActInd\": \"<boolean>\",\n    \"ContributionType\": \"<string>\",\n    \"TaxIncentiveType\": \"<string>\",\n    \"DepItemCount\": \"<long>\",\n    \"XferFromAcct\": [\n      {\n        \"FromAcctRef\": {\n          \"TrnCode\": \"<string>\"\n        }\n      },\n      {\n        \"FromAcctRef\": {\n          \"TrnCode\": \"<string>\"\n        }\n      }\n    ]\n  },\n  \"CreditKeys\": {\n    \"AcctKeys\": {\n      \"AcctId\": \"<string>\",\n      \"AcctType\": \"<string>\"\n    }\n  },\n  \"OvrdExceptionData\": {\n    \"OvrdAutoAckInd\": \"<boolean>\"\n  }\n}","options":{"raw":{"language":"json"}}}},"response":[{"id":"4e7ab80e-de1f-4c51-a085-6416b4dea158","name":"Success","originalRequest":{"url":{"path":["creditservice","payments","credits"],"host":["{{baseUrl}}"],"query":[],"variable":[]},"header":[{"disabled":false,"description":"(Required) EFX Header is a common and required component for all API calls, it contains client-related parameters. Please note that the header parameters should be sent as a JSON object under the EFXHeader parameter. To view the list of header parameters, <a href=\"../docs?path=docs/api-ref-EFX-header.md\" title=\"Click to open\"> click here.</a>","key":"EFXHeader","value":"OrganizationId,<string>,TrnId,<string>,VendorId,<string>,Context,[object Object]"},{"key":"Accept","value":"application/json"}],"method":"PUT","body":{"mode":"raw","raw":"{\n  \"CreditInfo\": {\n    \"CompositeCurAmt\": [\n      {\n        \"CurAmt\": {\n          \"Amt\": \"<number>\",\n          \"CurCode\": {\n            \"CurCodeValue\": {\n              \"value\": \"<Error: Too many levels of nesting to fake this schema>\"\n            },\n            \"CurCodeType\": {\n              \"value\": \"<Error: Too many levels of nesting to fake this schema>\"\n            }\n          }\n        },\n        \"CompositeCurAmtType\": \"<string>\"\n      },\n      {\n        \"CurAmt\": {\n          \"Amt\": \"<number>\",\n          \"CurCode\": {\n            \"CurCodeValue\": {\n              \"value\": \"<Error: Too many levels of nesting to fake this schema>\"\n            },\n            \"CurCodeType\": {\n              \"value\": \"<Error: Too many levels of nesting to fake this schema>\"\n            }\n          }\n        },\n        \"CompositeCurAmtType\": \"<string>\"\n      }\n    ],\n    \"CreditType\": \"<string>\",\n    \"EffDt\": \"<string>\",\n    \"PatriotActInd\": \"<boolean>\",\n    \"ContributionType\": \"<string>\",\n    \"TaxIncentiveType\": \"<string>\",\n    \"DepItemCount\": \"<long>\",\n    \"XferFromAcct\": [\n      {\n        \"FromAcctRef\": {\n          \"TrnCode\": \"<string>\"\n        }\n      },\n      {\n        \"FromAcctRef\": {\n          \"TrnCode\": \"<string>\"\n        }\n      }\n    ]\n  },\n  \"CreditKeys\": {\n    \"AcctKeys\": {\n      \"AcctId\": \"<string>\",\n      \"AcctType\": \"<string>\"\n    }\n  },\n  \"OvrdExceptionData\": {\n    \"OvrdAutoAckInd\": \"<boolean>\"\n  }\n}","options":{"raw":{"language":"json"}}}},"status":"Created","code":201,"header":[{"key":"Content-Type","value":"application/json"}],"body":"{\n  \"CreditStatusRec\": {\n    \"CreditStatus\": {\n      \"CreditStatusCode\": \"Reversed\",\n      \"EffDt\": \"9537-97-76\"\n    },\n    \"CreditKeys\": {\n      \"AcctKeys\": {\n        \"AcctId\": \"eiusmod Duis id aute\",\n        \"AcctType\": \"DDA\"\n      }\n    }\n  },\n  \"Status\": {\n    \"Severity\": \"Warning\",\n    \"StatusCode\": \"reprehenderit\",\n    \"StatusDesc\": \"sed do tempor reprehenderit\",\n    \"SvcProviderName\": \"tempor cupidatat eu irure\",\n    \"Id\": \"u\",\n    \"ServerStatusCode\": \"dolor id do\",\n    \"ServerStatusDesc\": \"sunt nostrud\",\n    \"OvrdExceptionInd\": false,\n    \"SubjectRole\": \"cupidatat anim dolore ut sunt\",\n    \"SubjectElement\": [\n      {\n        \"Path\": \"adipisicing eiusmod ea nisi\",\n        \"ServerPath\": \"mollit irure\",\n        \"Value\": \"dolore sunt in ex\"\n      },\n      {\n        \"Path\": \"labore Excepteur\",\n        \"ServerPath\": \"dolore aliquip esse\",\n        \"Value\": \"id esse amet consequat\"\n      }\n    ],\n    \"ContentHTML\": \"eu aliquip dolore\",\n    \"AdditionalStatus\": [\n      {\n        \"StatusCode\": \"ex occaecat\",\n        \"StatusDesc\": \"incididunt\",\n        \"Severity\": \"Info\",\n        \"SvcProviderName\": \"ad veniam eu labore esse\",\n        \"ServerStatusCode\": \"non nisi ex\",\n        \"ServerStatusDesc\": \"et\",\n        \"OvrdExceptionInd\": false,\n        \"SubjectElement\": [\n          {\n            \"Path\": \"sed Excepteur\",\n            \"ServerPath\": \"nulla et officia nostrud\",\n            \"Value\": \"fugiat consequat cillum Duis\"\n          },\n          {\n            \"Path\": \"aliqua deserunt exercitation re\",\n            \"ServerPath\": \"id exercitation Ut sit\",\n            \"Value\": \"incididunt\"\n          }\n        ]\n      },\n      {\n        \"StatusCode\": \"aliqua occaecat ulla\",\n        \"StatusDesc\": \"in aute in\",\n        \"Severity\": \"Error\",\n        \"SvcProviderName\": \"dolor exercitation\",\n        \"ServerStatusCode\": \"exercitation anim r\",\n        \"ServerStatusDesc\": \"dolor do\",\n        \"OvrdExceptionInd\": true,\n        \"SubjectElement\": [\n          {\n            \"Path\": \"velit dolor laboris\",\n            \"ServerPath\": \"veniam incididunt consectetur\",\n            \"Value\": \"in ut anim\"\n          },\n          {\n            \"Path\": \"dolore sunt\",\n            \"ServerPath\": \"pariatur Lorem\",\n            \"Value\": \"fugiat aliqua\"\n          }\n        ]\n      }\n    ]\n  },\n  \"Receipt\": {\n    \"Name\": \"culpa temp\",\n    \"TellerIdent\": \"in qui in tempor non\",\n    \"TrnAmt\": {\n      \"Amt\": 75265867.79634893\n    },\n    \"WarningOrLockout\": [\n      {\n        \"Type\": \"Warning\",\n        \"Code\": \"ea non tempor\"\n      },\n      {\n        \"Type\": \"Warning\",\n        \"Code\": \"ad elit\"\n      }\n    ],\n    \"AcctBal\": [\n      {\n        \"BalType\": \"Current\",\n        \"CurAmt\": {\n          \"Amt\": 34629275.660488725\n        }\n      },\n      {\n        \"BalType\": \"LineofCredit\",\n        \"CurAmt\": {\n          \"Amt\": -3584471.1460421234\n        }\n      }\n    ]\n  }\n}","cookie":[],"_postman_previewlanguage":"json"},{"id":"039f48e2-0b50-40c0-bf7e-85d19d2318c8","name":"To view the complete list of response codes, <a href=\"../docs/?path=docs/response-codes.md\" title=\"Click to open\">click here.</a>","originalRequest":{"url":{"path":["creditservice","payments","credits"],"host":["{{baseUrl}}"],"query":[],"variable":[]},"header":[{"disabled":false,"description":"(Required) EFX Header is a common and required component for all API calls, it contains client-related parameters. Please note that the header parameters should be sent as a JSON object under the EFXHeader parameter. To view the list of header parameters, <a href=\"../docs?path=docs/api-ref-EFX-header.md\" title=\"Click to open\"> click here.</a>","key":"EFXHeader","value":"OrganizationId,<string>,TrnId,<string>,VendorId,<string>,Context,[object Object]"},{"key":"Accept","value":"application/json"}],"method":"PUT","body":{"mode":"raw","raw":"{\n  \"CreditInfo\": {\n    \"CompositeCurAmt\": [\n      {\n        \"CurAmt\": {\n          \"Amt\": \"<number>\",\n          \"CurCode\": {\n            \"CurCodeValue\": {\n              \"value\": \"<Error: Too many levels of nesting to fake this schema>\"\n            },\n            \"CurCodeType\": {\n              \"value\": \"<Error: Too many levels of nesting to fake this schema>\"\n            }\n          }\n        },\n        \"CompositeCurAmtType\": \"<string>\"\n      },\n      {\n        \"CurAmt\": {\n          \"Amt\": \"<number>\",\n          \"CurCode\": {\n            \"CurCodeValue\": {\n              \"value\": \"<Error: Too many levels of nesting to fake this schema>\"\n            },\n            \"CurCodeType\": {\n              \"value\": \"<Error: Too many levels of nesting to fake this schema>\"\n            }\n          }\n        },\n        \"CompositeCurAmtType\": \"<string>\"\n      }\n    ],\n    \"CreditType\": \"<string>\",\n    \"EffDt\": \"<string>\",\n    \"PatriotActInd\": \"<boolean>\",\n    \"ContributionType\": \"<string>\",\n    \"TaxIncentiveType\": \"<string>\",\n    \"DepItemCount\": \"<long>\",\n    \"XferFromAcct\": [\n      {\n        \"FromAcctRef\": {\n          \"TrnCode\": \"<string>\"\n        }\n      },\n      {\n        \"FromAcctRef\": {\n          \"TrnCode\": \"<string>\"\n        }\n      }\n    ]\n  },\n  \"CreditKeys\": {\n    \"AcctKeys\": {\n      \"AcctId\": \"<string>\",\n      \"AcctType\": \"<string>\"\n    }\n  },\n  \"OvrdExceptionData\": {\n    \"OvrdAutoAckInd\": \"<boolean>\"\n  }\n}","options":{"raw":{"language":"json"}}}},"status":"Internal Server Error","code":500,"header":[{"key":"Content-Type","value":"application/json"}],"body":"{\n  \"CreditStatusRec\": {\n    \"CreditStatus\": {\n      \"CreditStatusCode\": \"Reversed\",\n      \"EffDt\": \"7165-50-37\"\n    },\n    \"CreditKeys\": {\n      \"AcctKeys\": {\n        \"AcctId\": \"cupidatat anim mol\",\n        \"AcctType\": \"DDA\"\n      }\n    }\n  },\n  \"Status\": {\n    \"Severity\": \"Warning\",\n    \"StatusCode\": \"magna non\",\n    \"StatusDesc\": \"fugiat aliqua minim\",\n    \"SvcProviderName\": \"officia magna culpa\",\n    \"Id\": \"sunt amet Ut in\",\n    \"ServerStatusCode\": \"amet\",\n    \"ServerStatusDesc\": \"fugiat adipisicing\",\n    \"OvrdExceptionInd\": true,\n    \"SubjectRole\": \"magna nisi\",\n    \"SubjectElement\": [\n      {\n        \"Path\": \"id cupidatat\",\n        \"ServerPath\": \"enim mollit dolore cillum\",\n        \"Value\": \"sed\"\n      },\n      {\n        \"Path\": \"dolor aute culpa nulla\",\n        \"ServerPath\": \"velit\",\n        \"Value\": \"reprehenderit\"\n      }\n    ],\n    \"ContentHTML\": \"non adipisicing i\",\n    \"AdditionalStatus\": [\n      {\n        \"StatusCode\": \"anim in magna id d\",\n        \"StatusDesc\": \"in dolore sed\",\n        \"Severity\": \"Info\",\n        \"SvcProviderName\": \"reprehenderit sint enim\",\n        \"ServerStatusCode\": \"sed am\",\n        \"ServerStatusDesc\": \"laborum consectetur\",\n        \"OvrdExceptionInd\": true,\n        \"SubjectElement\": [\n          {\n            \"Path\": \"amet Excepteur sit cillum ad\",\n            \"ServerPath\": \"dolore Ut\",\n            \"Value\": \"eiusmod sit\"\n          },\n          {\n            \"Path\": \"eiusmod\",\n            \"ServerPath\": \"anim ut ad\",\n            \"Value\": \"veniam non cillum ad\"\n          }\n        ]\n      },\n      {\n        \"StatusCode\": \"in e\",\n        \"StatusDesc\": \"dolor mollit\",\n        \"Severity\": \"Error\",\n        \"SvcProviderName\": \"dolor veniam mollit ea\",\n        \"ServerStatusCode\": \"id sit velit nulla\",\n        \"ServerStatusDesc\": \"quis laboris cupidatat deserunt\",\n        \"OvrdExceptionInd\": false,\n        \"SubjectElement\": [\n          {\n            \"Path\": \"fugiat qui\",\n            \"ServerPath\": \"veniam minim labore id\",\n            \"Value\": \"mollit\"\n          },\n          {\n            \"Path\": \"irure in enim\",\n            \"ServerPath\": \"laboris consequat\",\n            \"Value\": \"elit occaecat minim\"\n          }\n        ]\n      }\n    ]\n  },\n  \"Receipt\": {\n    \"Name\": \"dolore Lorem mollit minim\",\n    \"TellerIdent\": \"aliquip\",\n    \"TrnAmt\": {\n      \"Amt\": -80979748.55348244\n    },\n    \"WarningOrLockout\": [\n      {\n        \"Type\": \"Lockout\",\n        \"Code\": \"in aliquip\"\n      },\n      {\n        \"Type\": \"Warning\",\n        \"Code\": \"tempor ullamco veniam occaecat cillum\"\n      }\n    ],\n    \"AcctBal\": [\n      {\n        \"BalType\": \"Current\",\n        \"CurAmt\": {\n          \"Amt\": 8075739.775202438\n        }\n      },\n      {\n        \"BalType\": \"Current\",\n        \"CurAmt\": {\n          \"Amt\": -6197671.063820958\n        }\n      }\n    ]\n  }\n}","cookie":[],"_postman_previewlanguage":"json"}],"event":[],"protocolProfileBehavior":{"disableBodyPruning":true}}],"event":[],"variable":[{"type":"string","value":"/","key":"baseUrl"}],"info":{"_postman_id":"0b09d784-54b6-47fa-80f7-0a6b4147d484","name":"Credit Service","schema":"https://schema.getpostman.com/json/collection/v2.1.0/collection.json","description":{"content":"The Credit service is used to add or reverse credit entry for a specified loan or deposit product account. <br>\n    This service helps to reverse from or post credit entry to the beneficiary or receiver’s account for specific types of payments including wire transfers plus fees.","type":"text/plain"}}}