{"item":[{"id":"10444c1a-ec44-4fe4-b036-df634369783e","name":"Reverse Credit.","request":{"name":"Reverse Credit.","description":{"content":"Reverse Credit API reverses the previously processed credit transaction on a Demand Deposit Account (DDA).<br>This API is generally used for a Teller transaction.<br> <br> To download the API Specifications and Postman Collection, click <a href=\"../docs/?path=docs/resources/resources.md\" title=\"Click to open\">Resources</a>.","type":"text/plain"},"url":{"path":["creditservice","payments","credits"],"host":["{{baseUrl}}"],"query":[],"variable":[]},"header":[{"disabled":false,"description":"(Required) EFX Header is a common and required component for all API calls, it contains client-related parameters. Please note that the header parameters should be sent as a JSON object under the EFXHeader parameter. To view the list of header parameters, <a href=\"../docs?path=docs/api-ref-EFX-header.md\" title=\"Click to open\"> click here.</a>","key":"EFXHeader","value":"OrganizationId,<string>,TrnId,<string>,VendorId,<string>,Context,[object Object]"},{"key":"Content-Type","value":"application/json"},{"key":"Accept","value":"application/json"}],"method":"PUT","auth":null,"body":{"mode":"raw","raw":"{\n  \"CreditInfo\": {\n    \"CompositeCurAmt\": [\n      {\n        \"CurAmt\": {\n          \"Amt\": \"<number>\",\n          \"CurCode\": {\n            \"CurCodeValue\": {\n              \"value\": \"<Error: Too many levels of nesting to fake this schema>\"\n            },\n            \"CurCodeType\": {\n              \"value\": \"<Error: Too many levels of nesting to fake this schema>\"\n            }\n          }\n        },\n        \"CompositeCurAmtType\": \"<string>\"\n      },\n      {\n        \"CurAmt\": {\n          \"Amt\": \"<number>\",\n          \"CurCode\": {\n            \"CurCodeValue\": {\n              \"value\": \"<Error: Too many levels of nesting to fake this schema>\"\n            },\n            \"CurCodeType\": {\n              \"value\": \"<Error: Too many levels of nesting to fake this schema>\"\n            }\n          }\n        },\n        \"CompositeCurAmtType\": \"<string>\"\n      }\n    ],\n    \"CreditType\": \"<string>\",\n    \"XferFromAcct\": [\n      {\n        \"FromAcctRef\": {\n          \"TrnCode\": \"<string>\"\n        }\n      },\n      {\n        \"FromAcctRef\": {\n          \"TrnCode\": \"<string>\"\n        }\n      }\n    ]\n  },\n  \"CreditKeys\": {\n    \"AcctKeys\": {\n      \"AcctId\": \"<string>\",\n      \"AcctType\": \"<string>\"\n    }\n  },\n  \"OvrdExceptionData\": {\n    \"OvrdAutoAckInd\": \"<boolean>\"\n  }\n}","options":{"raw":{"language":"json"}}}},"response":[{"id":"95bb6cb8-acbc-449f-9ce0-966ca8822bdd","name":"Success","originalRequest":{"url":{"path":["creditservice","payments","credits"],"host":["{{baseUrl}}"],"query":[],"variable":[]},"header":[{"disabled":false,"description":"(Required) EFX Header is a common and required component for all API calls, it contains client-related parameters. Please note that the header parameters should be sent as a JSON object under the EFXHeader parameter. To view the list of header parameters, <a href=\"../docs?path=docs/api-ref-EFX-header.md\" title=\"Click to open\"> click here.</a>","key":"EFXHeader","value":"OrganizationId,<string>,TrnId,<string>,VendorId,<string>,Context,[object Object]"},{"key":"Accept","value":"application/json"}],"method":"PUT","body":{"mode":"raw","raw":"{\n  \"CreditInfo\": {\n    \"CompositeCurAmt\": [\n      {\n        \"CurAmt\": {\n          \"Amt\": \"<number>\",\n          \"CurCode\": {\n            \"CurCodeValue\": {\n              \"value\": \"<Error: Too many levels of nesting to fake this schema>\"\n            },\n            \"CurCodeType\": {\n              \"value\": \"<Error: Too many levels of nesting to fake this schema>\"\n            }\n          }\n        },\n        \"CompositeCurAmtType\": \"<string>\"\n      },\n      {\n        \"CurAmt\": {\n          \"Amt\": \"<number>\",\n          \"CurCode\": {\n            \"CurCodeValue\": {\n              \"value\": \"<Error: Too many levels of nesting to fake this schema>\"\n            },\n            \"CurCodeType\": {\n              \"value\": \"<Error: Too many levels of nesting to fake this schema>\"\n            }\n          }\n        },\n        \"CompositeCurAmtType\": \"<string>\"\n      }\n    ],\n    \"CreditType\": \"<string>\",\n    \"XferFromAcct\": [\n      {\n        \"FromAcctRef\": {\n          \"TrnCode\": \"<string>\"\n        }\n      },\n      {\n        \"FromAcctRef\": {\n          \"TrnCode\": \"<string>\"\n        }\n      }\n    ]\n  },\n  \"CreditKeys\": {\n    \"AcctKeys\": {\n      \"AcctId\": \"<string>\",\n      \"AcctType\": \"<string>\"\n    }\n  },\n  \"OvrdExceptionData\": {\n    \"OvrdAutoAckInd\": \"<boolean>\"\n  }\n}","options":{"raw":{"language":"json"}}}},"status":"OK","code":200,"header":[{"key":"Content-Type","value":"application/json"}],"body":"{\n  \"CreditStatusRec\": {\n    \"CreditStatus\": {\n      \"CreditStatusCode\": \"Reversed\",\n      \"EffDt\": \"2459-80-05\"\n    },\n    \"CreditKeys\": {\n      \"AcctKeys\": {\n        \"AcctId\": \"occaecat aliquip nulla\",\n        \"AcctType\": \"DDA\"\n      }\n    }\n  },\n  \"Status\": {\n    \"Severity\": \"Info\",\n    \"StatusCode\": \"pariat\",\n    \"StatusDesc\": \"sed anim\",\n    \"SvcProviderName\": \"irure elit nulla\",\n    \"Id\": \"deserunt aliquip reprehenderit do\",\n    \"ServerStatusCode\": \"dolor c\",\n    \"ServerStatusDesc\": \"labore\",\n    \"OvrdExceptionInd\": true,\n    \"SubjectRole\": \"esse dolor\",\n    \"SubjectElement\": [\n      {\n        \"Path\": \"aliqua ipsum\",\n        \"ServerPath\": \"minim magna nulla\",\n        \"Value\": \"enim nostrud elit\"\n      },\n      {\n        \"Path\": \"enim aliqua\",\n        \"ServerPath\": \"fugiat aliqua eu minim\",\n        \"Value\": \"commodo Ut non\"\n      }\n    ],\n    \"ContentHTML\": \"in qui\",\n    \"AdditionalStatus\": [\n      {\n        \"StatusCode\": \"nu\",\n        \"StatusDesc\": \"nisi Excepteur\",\n        \"Severity\": \"Error\",\n        \"SvcProviderName\": \"dolor id esse dolore eli\",\n        \"ServerStatusCode\": \"sunt\",\n        \"ServerStatusDesc\": \"in dolore ex\",\n        \"OvrdExceptionInd\": false,\n        \"SubjectElement\": [\n          {\n            \"Path\": \"in in\",\n            \"ServerPath\": \"irure nulla in\",\n            \"Value\": \"Excepteur qui fugiat\"\n          },\n          {\n            \"Path\": \"id amet\",\n            \"ServerPath\": \"mollit cupidatat\",\n            \"Value\": \"occaecat\"\n          }\n        ]\n      },\n      {\n        \"StatusCode\": \"c\",\n        \"StatusDesc\": \"officia Ut in ullamco\",\n        \"Severity\": \"Info\",\n        \"SvcProviderName\": \"dolore\",\n        \"ServerStatusCode\": \"se\",\n        \"ServerStatusDesc\": \"consequat Ut enim exercitation laboris\",\n        \"OvrdExceptionInd\": true,\n        \"SubjectElement\": [\n          {\n            \"Path\": \"eu ut\",\n            \"ServerPath\": \"ex qui eu labore\",\n            \"Value\": \"sint ad sit\"\n          },\n          {\n            \"Path\": \"ullamco ut mollit dolor\",\n            \"ServerPath\": \"proident adipisicing consequat elit\",\n            \"Value\": \"sint\"\n          }\n        ]\n      }\n    ]\n  },\n  \"Receipt\": {\n    \"Name\": \"volu\",\n    \"TellerIdent\": \"sed nulla\",\n    \"TrnAmt\": {\n      \"Amt\": -33955713.52971585\n    },\n    \"WarningOrLockout\": [\n      {\n        \"Type\": \"Warning\",\n        \"Code\": \"proiden\"\n      },\n      {\n        \"Type\": \"Warning\",\n        \"Code\": \"proid\"\n      }\n    ],\n    \"AcctBal\": [\n      {\n        \"BalType\": \"MMDAExcess\",\n        \"CurAmt\": {\n          \"Amt\": -4038733.3897283077\n        }\n      },\n      {\n        \"BalType\": \"MMDAExcess\",\n        \"CurAmt\": {\n          \"Amt\": -71776852.24038504\n        }\n      }\n    ]\n  }\n}","cookie":[],"_postman_previewlanguage":"json"},{"id":"b1590905-578c-4682-9c37-14586943a122","name":"To view the complete list of response codes, <a href=\"../docs/?path=docs/response-codes.md\" title=\"Click to open\">click here.</a>","originalRequest":{"url":{"path":["creditservice","payments","credits"],"host":["{{baseUrl}}"],"query":[],"variable":[]},"header":[{"disabled":false,"description":"(Required) EFX Header is a common and required component for all API calls, it contains client-related parameters. Please note that the header parameters should be sent as a JSON object under the EFXHeader parameter. To view the list of header parameters, <a href=\"../docs?path=docs/api-ref-EFX-header.md\" title=\"Click to open\"> click here.</a>","key":"EFXHeader","value":"OrganizationId,<string>,TrnId,<string>,VendorId,<string>,Context,[object Object]"},{"key":"Accept","value":"application/json"}],"method":"PUT","body":{"mode":"raw","raw":"{\n  \"CreditInfo\": {\n    \"CompositeCurAmt\": [\n      {\n        \"CurAmt\": {\n          \"Amt\": \"<number>\",\n          \"CurCode\": {\n            \"CurCodeValue\": {\n              \"value\": \"<Error: Too many levels of nesting to fake this schema>\"\n            },\n            \"CurCodeType\": {\n              \"value\": \"<Error: Too many levels of nesting to fake this schema>\"\n            }\n          }\n        },\n        \"CompositeCurAmtType\": \"<string>\"\n      },\n      {\n        \"CurAmt\": {\n          \"Amt\": \"<number>\",\n          \"CurCode\": {\n            \"CurCodeValue\": {\n              \"value\": \"<Error: Too many levels of nesting to fake this schema>\"\n            },\n            \"CurCodeType\": {\n              \"value\": \"<Error: Too many levels of nesting to fake this schema>\"\n            }\n          }\n        },\n        \"CompositeCurAmtType\": \"<string>\"\n      }\n    ],\n    \"CreditType\": \"<string>\",\n    \"XferFromAcct\": [\n      {\n        \"FromAcctRef\": {\n          \"TrnCode\": \"<string>\"\n        }\n      },\n      {\n        \"FromAcctRef\": {\n          \"TrnCode\": \"<string>\"\n        }\n      }\n    ]\n  },\n  \"CreditKeys\": {\n    \"AcctKeys\": {\n      \"AcctId\": \"<string>\",\n      \"AcctType\": \"<string>\"\n    }\n  },\n  \"OvrdExceptionData\": {\n    \"OvrdAutoAckInd\": \"<boolean>\"\n  }\n}","options":{"raw":{"language":"json"}}}},"status":"Internal Server Error","code":500,"header":[{"key":"Content-Type","value":"application/json"}],"body":"{\n  \"CreditStatusRec\": {\n    \"CreditStatus\": {\n      \"CreditStatusCode\": \"Reversed\",\n      \"EffDt\": \"0196-08-30\"\n    },\n    \"CreditKeys\": {\n      \"AcctKeys\": {\n        \"AcctId\": \"veniam dolor ipsum tempor\",\n        \"AcctType\": \"DDA\"\n      }\n    }\n  },\n  \"Status\": {\n    \"Severity\": \"Info\",\n    \"StatusCode\": \"pariatur laborum\",\n    \"StatusDesc\": \"cillum ad\",\n    \"SvcProviderName\": \"tempor et officia eiusmod\",\n    \"Id\": \"tempor exercitation\",\n    \"ServerStatusCode\": \"dolor ut\",\n    \"ServerStatusDesc\": \"cupidatat laboris\",\n    \"OvrdExceptionInd\": true,\n    \"SubjectRole\": \"officia mollit Lorem magna fugiat\",\n    \"SubjectElement\": [\n      {\n        \"Path\": \"sunt aute\",\n        \"ServerPath\": \"mollit laborum\",\n        \"Value\": \"anim dolore\"\n      },\n      {\n        \"Path\": \"amet in veniam\",\n        \"ServerPath\": \"aliquip dolor\",\n        \"Value\": \"laborum voluptate\"\n      }\n    ],\n    \"ContentHTML\": \"s\",\n    \"AdditionalStatus\": [\n      {\n        \"StatusCode\": \"a\",\n        \"StatusDesc\": \"nisi tempor nulla\",\n        \"Severity\": \"Error\",\n        \"SvcProviderName\": \"mollit ut elit\",\n        \"ServerStatusCode\": \"veniam in ut\",\n        \"ServerStatusDesc\": \"do exercitation ad\",\n        \"OvrdExceptionInd\": false,\n        \"SubjectElement\": [\n          {\n            \"Path\": \"eu ad dolore elit\",\n            \"ServerPath\": \"elit in incididunt\",\n            \"Value\": \"aliquip Ut\"\n          },\n          {\n            \"Path\": \"ut Ut commodo esse\",\n            \"ServerPath\": \"laborum esse\",\n            \"Value\": \"ex pariatur\"\n          }\n        ]\n      },\n      {\n        \"StatusCode\": \"quis ad velit\",\n        \"StatusDesc\": \"laborum sint\",\n        \"Severity\": \"Error\",\n        \"SvcProviderName\": \"in in tempor\",\n        \"ServerStatusCode\": \"est adipisici\",\n        \"ServerStatusDesc\": \"eiusmod aliqua Ut\",\n        \"OvrdExceptionInd\": false,\n        \"SubjectElement\": [\n          {\n            \"Path\": \"nisi qui deserunt laboris\",\n            \"ServerPath\": \"cillum nulla id dolor\",\n            \"Value\": \"quis sunt ut exercitation ex\"\n          },\n          {\n            \"Path\": \"a\",\n            \"ServerPath\": \"eu ut laborum occaecat\",\n            \"Value\": \"ex ut dolor laboris\"\n          }\n        ]\n      }\n    ]\n  },\n  \"Receipt\": {\n    \"Name\": \"aute\",\n    \"TellerIdent\": \"nulla ul\",\n    \"TrnAmt\": {\n      \"Amt\": 58434350.93376893\n    },\n    \"WarningOrLockout\": [\n      {\n        \"Type\": \"Warning\",\n        \"Code\": \"Lorem ut exercitation aliquip eiusmod\"\n      },\n      {\n        \"Type\": \"Warning\",\n        \"Code\": \"in irure\"\n      }\n    ],\n    \"AcctBal\": [\n      {\n        \"BalType\": \"OverdraftBanking\",\n        \"CurAmt\": {\n          \"Amt\": 1385785.0139220655\n        }\n      },\n      {\n        \"BalType\": \"ExternalFund\",\n        \"CurAmt\": {\n          \"Amt\": -36265019.92168607\n        }\n      }\n    ]\n  }\n}","cookie":[],"_postman_previewlanguage":"json"}],"event":[],"protocolProfileBehavior":{"disableBodyPruning":true}}],"event":[],"variable":[{"type":"string","value":"/","key":"baseUrl"}],"info":{"_postman_id":"1aef460d-798f-4a3e-832b-eaae16078489","name":"Credit Service","schema":"https://schema.getpostman.com/json/collection/v2.1.0/collection.json","description":{"content":"The Credit service is used to add or reverse credit entry for a specified loan or deposit product account. <br>\n    This service helps to reverse from or post credit entry to the beneficiary or receiver’s account for specific types of payments including wire transfers plus fees.","type":"text/plain"}}}