{"item":[{"id":"7ffd0dfe-dd87-4a82-9b19-cbd75a4cfc31","name":"Add Credit.","request":{"name":"Add Credit.","description":{"content":"Add Credit API creates one-sided monetary transactions that are credited to the Commercial Loan Account (CLA) either by cash, check, envelope deposits, merchandise returns or any other payment types. This API is used for a Teller transaction. <br> <br> To download the API Specifications and Postman Collection, click <a href=\"../docs/?path=docs/resources/resources.md\" title=\"Click to open\">Resources</a>.","type":"text/plain"},"url":{"path":["creditservice","payments","credits"],"host":["{{baseUrl}}"],"query":[],"variable":[]},"header":[{"disabled":false,"description":"(Required) EFX Header is a common and required component for all API calls, it contains client-related parameters. Please note that the header parameters should be sent as a JSON object under the EFXHeader parameter. To view the list of header parameters, <a href=\"../docs?path=docs/api-ref-EFX-header.md\" title=\"Click to open\"> click here.</a>","key":"EFXHeader","value":"OrganizationId,<string>,TrnId,<string>,VendorId,<string>,Context,[object Object]"},{"key":"Content-Type","value":"application/json"},{"key":"Accept","value":"application/json"}],"method":"POST","auth":null,"body":{"mode":"raw","raw":"{\n  \"CreditInfo\": {\n    \"CompositeCurAmt\": [\n      {\n        \"CurAmt\": {\n          \"Amt\": \"<number>\",\n          \"CurCode\": {\n            \"CurCodeValue\": {\n              \"value\": \"<Error: Too many levels of nesting to fake this schema>\"\n            },\n            \"CurCodeType\": {\n              \"value\": \"<Error: Too many levels of nesting to fake this schema>\"\n            }\n          }\n        },\n        \"CompositeCurAmtType\": \"<string>\",\n        \"SpecialHandling\": \"NoOffset\",\n        \"RefData\": {\n          \"RefType\": \"<string>\",\n          \"RefIdent\": \"<string>\"\n        }\n      },\n      {\n        \"CurAmt\": {\n          \"Amt\": \"<number>\",\n          \"CurCode\": {\n            \"CurCodeValue\": {\n              \"value\": \"<Error: Too many levels of nesting to fake this schema>\"\n            },\n            \"CurCodeType\": {\n              \"value\": \"<Error: Too many levels of nesting to fake this schema>\"\n            }\n          }\n        },\n        \"CompositeCurAmtType\": \"<string>\",\n        \"SpecialHandling\": \"NoOffset\",\n        \"RefData\": {\n          \"RefType\": \"<string>\",\n          \"RefIdent\": \"<string>\"\n        }\n      }\n    ],\n    \"CreditType\": \"<string>\",\n    \"EffDt\": \"<string>\",\n    \"AcctRef\": {\n      \"AcctKeys\": {\n        \"AcctId\": \"<string>\",\n        \"AcctType\": \"<string>\"\n      }\n    }\n  },\n  \"OvrdExceptionData\": {\n    \"OvrdAutoAckInd\": \"<boolean>\"\n  }\n}","options":{"raw":{"language":"json"}}}},"response":[{"id":"4948ea14-3de6-496b-8496-ef837f3c681f","name":"Created","originalRequest":{"url":{"path":["creditservice","payments","credits"],"host":["{{baseUrl}}"],"query":[],"variable":[]},"header":[{"disabled":false,"description":"(Required) EFX Header is a common and required component for all API calls, it contains client-related parameters. Please note that the header parameters should be sent as a JSON object under the EFXHeader parameter. To view the list of header parameters, <a href=\"../docs?path=docs/api-ref-EFX-header.md\" title=\"Click to open\"> click here.</a>","key":"EFXHeader","value":"OrganizationId,<string>,TrnId,<string>,VendorId,<string>,Context,[object Object]"},{"key":"Accept","value":"application/json"}],"method":"POST","body":{"mode":"raw","raw":"{\n  \"CreditInfo\": {\n    \"CompositeCurAmt\": [\n      {\n        \"CurAmt\": {\n          \"Amt\": \"<number>\",\n          \"CurCode\": {\n            \"CurCodeValue\": {\n              \"value\": \"<Error: Too many levels of nesting to fake this schema>\"\n            },\n            \"CurCodeType\": {\n              \"value\": \"<Error: Too many levels of nesting to fake this schema>\"\n            }\n          }\n        },\n        \"CompositeCurAmtType\": \"<string>\",\n        \"SpecialHandling\": \"NoOffset\",\n        \"RefData\": {\n          \"RefType\": \"<string>\",\n          \"RefIdent\": \"<string>\"\n        }\n      },\n      {\n        \"CurAmt\": {\n          \"Amt\": \"<number>\",\n          \"CurCode\": {\n            \"CurCodeValue\": {\n              \"value\": \"<Error: Too many levels of nesting to fake this schema>\"\n            },\n            \"CurCodeType\": {\n              \"value\": \"<Error: Too many levels of nesting to fake this schema>\"\n            }\n          }\n        },\n        \"CompositeCurAmtType\": \"<string>\",\n        \"SpecialHandling\": \"NoOffset\",\n        \"RefData\": {\n          \"RefType\": \"<string>\",\n          \"RefIdent\": \"<string>\"\n        }\n      }\n    ],\n    \"CreditType\": \"<string>\",\n    \"EffDt\": \"<string>\",\n    \"AcctRef\": {\n      \"AcctKeys\": {\n        \"AcctId\": \"<string>\",\n        \"AcctType\": \"<string>\"\n      }\n    }\n  },\n  \"OvrdExceptionData\": {\n    \"OvrdAutoAckInd\": \"<boolean>\"\n  }\n}","options":{"raw":{"language":"json"}}}},"status":"Created","code":201,"header":[{"key":"Content-Type","value":"application/json"}],"body":"{\n  \"CreditStatusRec\": {\n    \"CreditStatus\": {\n      \"CreditStatusCode\": \"Posted\",\n      \"EffDt\": \"3620-10-92T73:16:00-75:83\"\n    }\n  },\n  \"Status\": {\n    \"Severity\": \"Info\",\n    \"StatusCode\": \"id\",\n    \"StatusDesc\": \"veniam officia\",\n    \"SvcProviderName\": \"aliquip sit amet\",\n    \"Id\": \"nulla anim\",\n    \"ServerStatusCode\": \"sunt\",\n    \"ServerStatusDesc\": \"sunt eiusmod aute exercitation\",\n    \"OvrdExceptionInd\": false,\n    \"SubjectRole\": \"venia\",\n    \"SubjectElement\": [\n      {\n        \"Path\": \"Excepteur dolore\",\n        \"ServerPath\": \"elit incididunt magna exercitation\",\n        \"Value\": \"est\"\n      },\n      {\n        \"Path\": \"consectetur magna velit\",\n        \"ServerPath\": \"ipsum dolor aliquip\",\n        \"Value\": \"in exercitation officia qui\"\n      }\n    ],\n    \"ContentHTML\": \"laborum et enim Duis\",\n    \"AdditionalStatus\": [\n      {\n        \"StatusCode\": \"tempor pariatur\",\n        \"StatusDesc\": \"dolore est fugiat am\",\n        \"Severity\": \"Error\",\n        \"SvcProviderName\": \"nostrud voluptate\",\n        \"ServerStatusCode\": \"dolore\",\n        \"ServerStatusDesc\": \"mollit ei\",\n        \"OvrdExceptionInd\": true,\n        \"SubjectElement\": [\n          {\n            \"Path\": \"sed nisi la\",\n            \"ServerPath\": \"enim incididunt Excepteur ullamco\",\n            \"Value\": \"in cupidatat tempor nisi\"\n          },\n          {\n            \"Path\": \"Lorem tempor sed ex\",\n            \"ServerPath\": \"anim ut voluptate in\",\n            \"Value\": \"reprehenderit velit in consectetur\"\n          }\n        ]\n      },\n      {\n        \"StatusCode\": \"amet occaecat a\",\n        \"StatusDesc\": \"in esse dolore \",\n        \"Severity\": \"Warning\",\n        \"SvcProviderName\": \"est ullamco sunt\",\n        \"ServerStatusCode\": \"est\",\n        \"ServerStatusDesc\": \"id ad ut incididunt\",\n        \"OvrdExceptionInd\": true,\n        \"SubjectElement\": [\n          {\n            \"Path\": \"laborum in pariat\",\n            \"ServerPath\": \"amet velit nostrud\",\n            \"Value\": \"Ut proident\"\n          },\n          {\n            \"Path\": \"esse veniam\",\n            \"ServerPath\": \"id in dolor aliqua aute\",\n            \"Value\": \"aliquip occaecat conse\"\n          }\n        ]\n      }\n    ]\n  },\n  \"Receipt\": {\n    \"Name\": \"dolor sit\",\n    \"TellerIdent\": \"incididunt Duis\",\n    \"TrnAmt\": {\n      \"Amt\": 40066789.91780773,\n      \"CurCode\": {\n        \"CurCodeValue\": \"minim mollit nisi velit\",\n        \"CurCodeType\": \"ISO4217-Alpha\"\n      }\n    },\n    \"AcctBal\": [\n      {\n        \"BalType\": \"Current\",\n        \"CurAmt\": {\n          \"Amt\": -43537959.97187819,\n          \"CurCode\": {\n            \"CurCodeValue\": {\n              \"value\": \"<Error: Too many levels of nesting to fake this schema>\"\n            },\n            \"CurCodeType\": {\n              \"value\": \"<Error: Too many levels of nesting to fake this schema>\"\n            }\n          }\n        }\n      },\n      {\n        \"BalType\": \"Current\",\n        \"CurAmt\": {\n          \"Amt\": 72497656.86762685,\n          \"CurCode\": {\n            \"CurCodeValue\": {\n              \"value\": \"<Error: Too many levels of nesting to fake this schema>\"\n            },\n            \"CurCodeType\": {\n              \"value\": \"<Error: Too many levels of nesting to fake this schema>\"\n            }\n          }\n        }\n      }\n    ],\n    \"ReceiptDtl\": {\n      \"CompositeCurAmt\": [\n        {\n          \"CurAmt\": {\n            \"Amt\": {\n              \"value\": \"<Error: Too many levels of nesting to fake this schema>\"\n            },\n            \"CurCode\": {\n              \"value\": \"<Error: Too many levels of nesting to fake this schema>\"\n            }\n          },\n          \"CompositeCurAmtType\": \"LateFee\"\n        },\n        {\n          \"CurAmt\": {\n            \"Amt\": {\n              \"value\": \"<Error: Too many levels of nesting to fake this schema>\"\n            },\n            \"CurCode\": {\n              \"value\": \"<Error: Too many levels of nesting to fake this schema>\"\n            }\n          },\n          \"CompositeCurAmtType\": \"Escrow\"\n        }\n      ]\n    }\n  }\n}","cookie":[],"_postman_previewlanguage":"json"},{"id":"db30fa2b-61a5-4df4-9beb-e558421ca6d7","name":"To view the complete list of response codes, <a href=\"../docs/?path=docs/response-codes.md\" title=\"Click to open\">click here.</a>","originalRequest":{"url":{"path":["creditservice","payments","credits"],"host":["{{baseUrl}}"],"query":[],"variable":[]},"header":[{"disabled":false,"description":"(Required) EFX Header is a common and required component for all API calls, it contains client-related parameters. Please note that the header parameters should be sent as a JSON object under the EFXHeader parameter. To view the list of header parameters, <a href=\"../docs?path=docs/api-ref-EFX-header.md\" title=\"Click to open\"> click here.</a>","key":"EFXHeader","value":"OrganizationId,<string>,TrnId,<string>,VendorId,<string>,Context,[object Object]"},{"key":"Accept","value":"application/json"}],"method":"POST","body":{"mode":"raw","raw":"{\n  \"CreditInfo\": {\n    \"CompositeCurAmt\": [\n      {\n        \"CurAmt\": {\n          \"Amt\": \"<number>\",\n          \"CurCode\": {\n            \"CurCodeValue\": {\n              \"value\": \"<Error: Too many levels of nesting to fake this schema>\"\n            },\n            \"CurCodeType\": {\n              \"value\": \"<Error: Too many levels of nesting to fake this schema>\"\n            }\n          }\n        },\n        \"CompositeCurAmtType\": \"<string>\",\n        \"SpecialHandling\": \"NoOffset\",\n        \"RefData\": {\n          \"RefType\": \"<string>\",\n          \"RefIdent\": \"<string>\"\n        }\n      },\n      {\n        \"CurAmt\": {\n          \"Amt\": \"<number>\",\n          \"CurCode\": {\n            \"CurCodeValue\": {\n              \"value\": \"<Error: Too many levels of nesting to fake this schema>\"\n            },\n            \"CurCodeType\": {\n              \"value\": \"<Error: Too many levels of nesting to fake this schema>\"\n            }\n          }\n        },\n        \"CompositeCurAmtType\": \"<string>\",\n        \"SpecialHandling\": \"NoOffset\",\n        \"RefData\": {\n          \"RefType\": \"<string>\",\n          \"RefIdent\": \"<string>\"\n        }\n      }\n    ],\n    \"CreditType\": \"<string>\",\n    \"EffDt\": \"<string>\",\n    \"AcctRef\": {\n      \"AcctKeys\": {\n        \"AcctId\": \"<string>\",\n        \"AcctType\": \"<string>\"\n      }\n    }\n  },\n  \"OvrdExceptionData\": {\n    \"OvrdAutoAckInd\": \"<boolean>\"\n  }\n}","options":{"raw":{"language":"json"}}}},"status":"Internal Server Error","code":500,"header":[{"key":"Content-Type","value":"application/json"}],"body":"{\n  \"CreditStatusRec\": {\n    \"CreditStatus\": {\n      \"CreditStatusCode\": \"Posted\",\n      \"EffDt\": \"2876-44-92T16:45:04\"\n    }\n  },\n  \"Status\": {\n    \"Severity\": \"Error\",\n    \"StatusCode\": \"ut D\",\n    \"StatusDesc\": \"sunt ipsum dolore Duis\",\n    \"SvcProviderName\": \"enim incididunt\",\n    \"Id\": \"ut mollit\",\n    \"ServerStatusCode\": \"c\",\n    \"ServerStatusDesc\": \"Ut occaecat Excepteur\",\n    \"OvrdExceptionInd\": true,\n    \"SubjectRole\": \"dolore cillum minim Ut\",\n    \"SubjectElement\": [\n      {\n        \"Path\": \"in\",\n        \"ServerPath\": \"exer\",\n        \"Value\": \"et magna dolor irure nostrud\"\n      },\n      {\n        \"Path\": \"pariatur consectetur\",\n        \"ServerPath\": \"sed Lorem in nisi\",\n        \"Value\": \"ut dolore in\"\n      }\n    ],\n    \"ContentHTML\": \"laboris voluptate esse est ex\",\n    \"AdditionalStatus\": [\n      {\n        \"StatusCode\": \"labore\",\n        \"StatusDesc\": \"Duis pariatur sit ut aliqua\",\n        \"Severity\": \"Info\",\n        \"SvcProviderName\": \"voluptate aliqua sunt\",\n        \"ServerStatusCode\": \"\",\n        \"ServerStatusDesc\": \"quis ea nostrud\",\n        \"OvrdExceptionInd\": true,\n        \"SubjectElement\": [\n          {\n            \"Path\": \"sunt Lorem dol\",\n            \"ServerPath\": \"qui culpa\",\n            \"Value\": \"eiusmod laborum ut elit sint\"\n          },\n          {\n            \"Path\": \"tempor eiusmod adipisicing culpa laborum\",\n            \"ServerPath\": \"cupidatat sed cillum commodo aute\",\n            \"Value\": \"exercitation\"\n          }\n        ]\n      },\n      {\n        \"StatusCode\": \"nis\",\n        \"StatusDesc\": \"Duis adipisicing Lorem exercitation\",\n        \"Severity\": \"Warning\",\n        \"SvcProviderName\": \"in\",\n        \"ServerStatusCode\": \"Lorem\",\n        \"ServerStatusDesc\": \"in ex\",\n        \"OvrdExceptionInd\": true,\n        \"SubjectElement\": [\n          {\n            \"Path\": \"est veni\",\n            \"ServerPath\": \"eu laborum\",\n            \"Value\": \"sit incididunt aliquip esse\"\n          },\n          {\n            \"Path\": \"ut dolore\",\n            \"ServerPath\": \"reprehenderit nulla\",\n            \"Value\": \"tempo\"\n          }\n        ]\n      }\n    ]\n  },\n  \"Receipt\": {\n    \"Name\": \"amet laboris\",\n    \"TellerIdent\": \"quis eu in aute\",\n    \"TrnAmt\": {\n      \"Amt\": 99662795.35397488,\n      \"CurCode\": {\n        \"CurCodeValue\": \"officia\",\n        \"CurCodeType\": \"ISO4217-Alpha\"\n      }\n    },\n    \"AcctBal\": [\n      {\n        \"BalType\": \"Current\",\n        \"CurAmt\": {\n          \"Amt\": 37194581.94195986,\n          \"CurCode\": {\n            \"CurCodeValue\": {\n              \"value\": \"<Error: Too many levels of nesting to fake this schema>\"\n            },\n            \"CurCodeType\": {\n              \"value\": \"<Error: Too many levels of nesting to fake this schema>\"\n            }\n          }\n        }\n      },\n      {\n        \"BalType\": \"Current\",\n        \"CurAmt\": {\n          \"Amt\": 14489373.402966917,\n          \"CurCode\": {\n            \"CurCodeValue\": {\n              \"value\": \"<Error: Too many levels of nesting to fake this schema>\"\n            },\n            \"CurCodeType\": {\n              \"value\": \"<Error: Too many levels of nesting to fake this schema>\"\n            }\n          }\n        }\n      }\n    ],\n    \"ReceiptDtl\": {\n      \"CompositeCurAmt\": [\n        {\n          \"CurAmt\": {\n            \"Amt\": {\n              \"value\": \"<Error: Too many levels of nesting to fake this schema>\"\n            },\n            \"CurCode\": {\n              \"value\": \"<Error: Too many levels of nesting to fake this schema>\"\n            }\n          },\n          \"CompositeCurAmtType\": \"Fee\"\n        },\n        {\n          \"CurAmt\": {\n            \"Amt\": {\n              \"value\": \"<Error: Too many levels of nesting to fake this schema>\"\n            },\n            \"CurCode\": {\n              \"value\": \"<Error: Too many levels of nesting to fake this schema>\"\n            }\n          },\n          \"CompositeCurAmtType\": \"Interest\"\n        }\n      ]\n    }\n  }\n}","cookie":[],"_postman_previewlanguage":"json"}],"event":[],"protocolProfileBehavior":{"disableBodyPruning":true}}],"event":[],"variable":[{"type":"string","value":"/","key":"baseUrl"}],"info":{"_postman_id":"ca49601e-c58e-4711-8a60-cbbf728f5cd3","name":"Credit Service","schema":"https://schema.getpostman.com/json/collection/v2.1.0/collection.json","description":{"content":"The Credit service is used to add or reverse credit entry for a specified loan or deposit product account. <br>\n    This service helps to reverse from or post credit entry to the beneficiary or receiver’s account for specific types of payments including wire transfers plus fees.","type":"text/plain"}}}