{"item":[{"id":"b3ff77f6-a58b-4837-9bb8-6f6dba53cf08","name":"Reverse Debit.","request":{"name":"Reverse Debit.","description":{"content":"Reverse Debit API reverses the previously processed debit transaction on a General Ledger Account (GLA). <br>This API is generally used for a Teller transaction.<br> <br> To download the API Specifications and Postman Collection, click <a href=\"../docs/?path=docs/resources/resources.md\" title=\"Click to open\">Resources</a>.","type":"text/plain"},"url":{"path":["debitservice","payments","debits"],"host":["{{baseUrl}}"],"query":[],"variable":[]},"header":[{"disabled":false,"description":"(Required) EFX Header is a common and required component for all API calls, it contains client-related parameters. Please note that the header parameters should be sent as a JSON object under the EFXHeader parameter. To view the list of header parameters, <a href=\"../docs?path=docs/api-ref-EFX-header.md\" title=\"Click to open\"> click here.</a>","key":"EFXHeader","value":"OrganizationId,<string>,TrnId,<string>,VendorId,<string>,Context,[object Object]"},{"key":"Content-Type","value":"application/json"},{"key":"Accept","value":"application/json"}],"method":"PUT","auth":null,"body":{"mode":"raw","raw":"{\n  \"DebitInfo\": {\n    \"CompositeCurAmt\": [\n      {\n        \"CurAmt\": {\n          \"Amt\": \"<number>\",\n          \"CurCode\": {\n            \"CurCodeValue\": {\n              \"value\": \"<Error: Too many levels of nesting to fake this schema>\"\n            },\n            \"CurCodeType\": {\n              \"value\": \"<Error: Too many levels of nesting to fake this schema>\"\n            }\n          }\n        }\n      },\n      {\n        \"CurAmt\": {\n          \"Amt\": \"<number>\",\n          \"CurCode\": {\n            \"CurCodeValue\": {\n              \"value\": \"<Error: Too many levels of nesting to fake this schema>\"\n            },\n            \"CurCodeType\": {\n              \"value\": \"<Error: Too many levels of nesting to fake this schema>\"\n            }\n          }\n        }\n      }\n    ],\n    \"DebitType\": \"<string>\"\n  },\n  \"OvrdExceptionData\": {\n    \"OvrdAutoAckInd\": \"<boolean>\"\n  },\n  \"DebitKeys\": {\n    \"AcctKeys\": {\n      \"AcctId\": \"<string>\",\n      \"AcctType\": \"<string>\"\n    }\n  }\n}","options":{"raw":{"language":"json"}}}},"response":[{"id":"e7653f20-a4e5-4d44-a9b5-ae184f5fc94c","name":"Success","originalRequest":{"url":{"path":["debitservice","payments","debits"],"host":["{{baseUrl}}"],"query":[],"variable":[]},"header":[{"disabled":false,"description":"(Required) EFX Header is a common and required component for all API calls, it contains client-related parameters. Please note that the header parameters should be sent as a JSON object under the EFXHeader parameter. To view the list of header parameters, <a href=\"../docs?path=docs/api-ref-EFX-header.md\" title=\"Click to open\"> click here.</a>","key":"EFXHeader","value":"OrganizationId,<string>,TrnId,<string>,VendorId,<string>,Context,[object Object]"},{"key":"Accept","value":"application/json"}],"method":"PUT","body":{"mode":"raw","raw":"{\n  \"DebitInfo\": {\n    \"CompositeCurAmt\": [\n      {\n        \"CurAmt\": {\n          \"Amt\": \"<number>\",\n          \"CurCode\": {\n            \"CurCodeValue\": {\n              \"value\": \"<Error: Too many levels of nesting to fake this schema>\"\n            },\n            \"CurCodeType\": {\n              \"value\": \"<Error: Too many levels of nesting to fake this schema>\"\n            }\n          }\n        }\n      },\n      {\n        \"CurAmt\": {\n          \"Amt\": \"<number>\",\n          \"CurCode\": {\n            \"CurCodeValue\": {\n              \"value\": \"<Error: Too many levels of nesting to fake this schema>\"\n            },\n            \"CurCodeType\": {\n              \"value\": \"<Error: Too many levels of nesting to fake this schema>\"\n            }\n          }\n        }\n      }\n    ],\n    \"DebitType\": \"<string>\"\n  },\n  \"OvrdExceptionData\": {\n    \"OvrdAutoAckInd\": \"<boolean>\"\n  },\n  \"DebitKeys\": {\n    \"AcctKeys\": {\n      \"AcctId\": \"<string>\",\n      \"AcctType\": \"<string>\"\n    }\n  }\n}","options":{"raw":{"language":"json"}}}},"status":"OK","code":200,"header":[{"key":"Content-Type","value":"application/json"}],"body":"{\n  \"DebitStatusRec\": {\n    \"DebitStatus\": {\n      \"DebitStatusCode\": \"Reversed\",\n      \"EffDt\": \"4913-79-72T41:67\"\n    },\n    \"DebitKeys\": {\n      \"AcctKeys\": {\n        \"AcctId\": \"non laborum enim ani\",\n        \"AcctType\": \"GLA\"\n      }\n    }\n  },\n  \"Status\": {\n    \"Severity\": \"Info\",\n    \"StatusCode\": \"proident \",\n    \"StatusDesc\": \"nostrud irure qui eu adipisicing\",\n    \"SvcProviderName\": \"pariatur amet dolor\",\n    \"Id\": \"aute dolor in dolor\",\n    \"ServerStatusCode\": \"esse te\",\n    \"ServerStatusDesc\": \"amet\",\n    \"OvrdExceptionInd\": false,\n    \"SubjectRole\": \"sunt reprehenderit laborum\",\n    \"SubjectElement\": [\n      {\n        \"Path\": \"ex aute\",\n        \"ServerPath\": \"deserunt es\",\n        \"Value\": \"sit adipisicing pariatur velit commodo\"\n      },\n      {\n        \"Path\": \"labore ad pariatur irure fugiat\",\n        \"ServerPath\": \"in\",\n        \"Value\": \"qui esse minim culpa\"\n      }\n    ],\n    \"ContentHTML\": \"reprehenderit quis nisi\",\n    \"AdditionalStatus\": [\n      {\n        \"StatusCode\": \"elit conseq\",\n        \"StatusDesc\": \"sed et cupidatat\",\n        \"Severity\": \"Info\",\n        \"SvcProviderName\": \"reprehenderit dolore\",\n        \"ServerStatusCode\": \"nulla ex est qui\",\n        \"ServerStatusDesc\": \"dolore velit nulla id\",\n        \"OvrdExceptionInd\": false,\n        \"SubjectElement\": [\n          {\n            \"Path\": \"culpa sint\",\n            \"ServerPath\": \"in deserunt culpa\",\n            \"Value\": \"ut\"\n          },\n          {\n            \"Path\": \"ex aliquip\",\n            \"ServerPath\": \"consequat officia\",\n            \"Value\": \"qui velit sit dolor\"\n          }\n        ]\n      },\n      {\n        \"StatusCode\": \"nulla\",\n        \"StatusDesc\": \"officia eu ex in\",\n        \"Severity\": \"Info\",\n        \"SvcProviderName\": \"quis enim\",\n        \"ServerStatusCode\": \"esse\",\n        \"ServerStatusDesc\": \"nostrud dolor\",\n        \"OvrdExceptionInd\": false,\n        \"SubjectElement\": [\n          {\n            \"Path\": \"tempor consectetur\",\n            \"ServerPath\": \"tempor\",\n            \"Value\": \"elit sit\"\n          },\n          {\n            \"Path\": \"ex ut veniam in culpa\",\n            \"ServerPath\": \"eiusmod ex sit ipsum in\",\n            \"Value\": \"velit exercitation dolor consequat\"\n          }\n        ]\n      }\n    ]\n  },\n  \"Receipt\": {\n    \"TellerIdent\": \"mollit ipsum ad\",\n    \"TrnAmt\": {\n      \"Amt\": -758083.4456745386\n    },\n    \"AcctBal\": [\n      {\n        \"BalType\": \"Current\",\n        \"CurAmt\": {\n          \"Amt\": -47757484.270004325\n        }\n      },\n      {\n        \"BalType\": \"Current\",\n        \"CurAmt\": {\n          \"Amt\": 84728238.88508415\n        }\n      }\n    ]\n  }\n}","cookie":[],"_postman_previewlanguage":"json"},{"id":"8e2af19c-4d73-4759-afbe-f1a01f6af150","name":"To view the complete list of response codes, <a href=\"../docs/?path=docs/response-codes.md\" title=\"Click to open\">click here.</a>","originalRequest":{"url":{"path":["debitservice","payments","debits"],"host":["{{baseUrl}}"],"query":[],"variable":[]},"header":[{"disabled":false,"description":"(Required) EFX Header is a common and required component for all API calls, it contains client-related parameters. Please note that the header parameters should be sent as a JSON object under the EFXHeader parameter. To view the list of header parameters, <a href=\"../docs?path=docs/api-ref-EFX-header.md\" title=\"Click to open\"> click here.</a>","key":"EFXHeader","value":"OrganizationId,<string>,TrnId,<string>,VendorId,<string>,Context,[object Object]"},{"key":"Accept","value":"application/json"}],"method":"PUT","body":{"mode":"raw","raw":"{\n  \"DebitInfo\": {\n    \"CompositeCurAmt\": [\n      {\n        \"CurAmt\": {\n          \"Amt\": \"<number>\",\n          \"CurCode\": {\n            \"CurCodeValue\": {\n              \"value\": \"<Error: Too many levels of nesting to fake this schema>\"\n            },\n            \"CurCodeType\": {\n              \"value\": \"<Error: Too many levels of nesting to fake this schema>\"\n            }\n          }\n        }\n      },\n      {\n        \"CurAmt\": {\n          \"Amt\": \"<number>\",\n          \"CurCode\": {\n            \"CurCodeValue\": {\n              \"value\": \"<Error: Too many levels of nesting to fake this schema>\"\n            },\n            \"CurCodeType\": {\n              \"value\": \"<Error: Too many levels of nesting to fake this schema>\"\n            }\n          }\n        }\n      }\n    ],\n    \"DebitType\": \"<string>\"\n  },\n  \"OvrdExceptionData\": {\n    \"OvrdAutoAckInd\": \"<boolean>\"\n  },\n  \"DebitKeys\": {\n    \"AcctKeys\": {\n      \"AcctId\": \"<string>\",\n      \"AcctType\": \"<string>\"\n    }\n  }\n}","options":{"raw":{"language":"json"}}}},"status":"Internal Server Error","code":500,"header":[{"key":"Content-Type","value":"application/json"}],"body":"{\n  \"DebitStatusRec\": {\n    \"DebitStatus\": {\n      \"DebitStatusCode\": \"Reversed\",\n      \"EffDt\": \"4089-54-29\"\n    },\n    \"DebitKeys\": {\n      \"AcctKeys\": {\n        \"AcctId\": \"veniam\",\n        \"AcctType\": \"GLA\"\n      }\n    }\n  },\n  \"Status\": {\n    \"Severity\": \"Error\",\n    \"StatusCode\": \"irure in sit\",\n    \"StatusDesc\": \"dolore rep\",\n    \"SvcProviderName\": \"incididunt cupidatat\",\n    \"Id\": \"consectetur consequat\",\n    \"ServerStatusCode\": \"\",\n    \"ServerStatusDesc\": \"dolore laboris ut est\",\n    \"OvrdExceptionInd\": false,\n    \"SubjectRole\": \"sint consequat in cupidatat\",\n    \"SubjectElement\": [\n      {\n        \"Path\": \"elit in\",\n        \"ServerPath\": \"dolore\",\n        \"Value\": \"cillum non\"\n      },\n      {\n        \"Path\": \"sint\",\n        \"ServerPath\": \"Ut adipisicing\",\n        \"Value\": \"Duis ea occaecat\"\n      }\n    ],\n    \"ContentHTML\": \"ullamco laboris est dolore\",\n    \"AdditionalStatus\": [\n      {\n        \"StatusCode\": \"consequat dolore \",\n        \"StatusDesc\": \"Duis officia ex aliqua tempor\",\n        \"Severity\": \"Info\",\n        \"SvcProviderName\": \"et qui laboris cillum\",\n        \"ServerStatusCode\": \"magna\",\n        \"ServerStatusDesc\": \"ullamco\",\n        \"OvrdExceptionInd\": true,\n        \"SubjectElement\": [\n          {\n            \"Path\": \"veniam mollit non dolor\",\n            \"ServerPath\": \"fugiat quis voluptate Ut id\",\n            \"Value\": \"Excepteur nisi irure\"\n          },\n          {\n            \"Path\": \"ad dolor dolore Duis\",\n            \"ServerPath\": \"sunt elit adipisicing\",\n            \"Value\": \"sint\"\n          }\n        ]\n      },\n      {\n        \"StatusCode\": \"ipsum ea\",\n        \"StatusDesc\": \"voluptate occaecat ut enim\",\n        \"Severity\": \"Error\",\n        \"SvcProviderName\": \"fugiat id\",\n        \"ServerStatusCode\": \"do\",\n        \"ServerStatusDesc\": \"Ut pariatur eu fugiat dolor\",\n        \"OvrdExceptionInd\": true,\n        \"SubjectElement\": [\n          {\n            \"Path\": \"in commodo\",\n            \"ServerPath\": \"labore qui ex in\",\n            \"Value\": \"tempor veniam exercitatio\"\n          },\n          {\n            \"Path\": \"nisi\",\n            \"ServerPath\": \"mollit ea proident in\",\n            \"Value\": \"dolore Excepteur\"\n          }\n        ]\n      }\n    ]\n  },\n  \"Receipt\": {\n    \"TellerIdent\": \"laborum aute ea sunt\",\n    \"TrnAmt\": {\n      \"Amt\": 2067354.9658812135\n    },\n    \"AcctBal\": [\n      {\n        \"BalType\": \"Current\",\n        \"CurAmt\": {\n          \"Amt\": 80687459.57413355\n        }\n      },\n      {\n        \"BalType\": \"Current\",\n        \"CurAmt\": {\n          \"Amt\": 48857072.171241015\n        }\n      }\n    ]\n  }\n}","cookie":[],"_postman_previewlanguage":"json"}],"event":[],"protocolProfileBehavior":{"disableBodyPruning":true}}],"event":[],"variable":[{"type":"string","value":"/","key":"baseUrl"}],"info":{"_postman_id":"5d7d0baf-e436-4b45-b8e8-1d2f5db24cf3","name":"Debit Service","schema":"https://schema.getpostman.com/json/collection/v2.1.0/collection.json","description":{"content":"This service domain is the debit facility for Accounts. A debit is performed with the use of a DebitAdd message. \\_The client \\_can use the DebitRev message to reverse the previous debit request.","type":"text/plain"}}}