{"item":[{"id":"542c002f-f7f3-4267-bf07-1464852bba8f","name":"Add Debit","request":{"name":"Add Debit","description":{"content":"Add Debit API creates a one-sided transaction where monetary funds are debited/withdrawn from a Retirement Account (RET) for cash, check or any other payment types (disbursements). <br>This API is generally used for a Teller transaction.<br> <br> To download the API Specifications and Postman Collection, click <a href=\"../docs/?path=docs/resources/resources.md\" title=\"Click to open\">Resources</a>.","type":"text/plain"},"url":{"path":["debitservice","payments","debits"],"host":["{{baseUrl}}"],"query":[],"variable":[]},"header":[{"disabled":false,"description":"(Required) EFX Header is a common and required component for all API calls, it contains client-related parameters. Please note that the header parameters should be sent as a JSON object under the EFXHeader parameter. To view the list of header parameters, <a href=\"../docs?path=docs/api-ref-EFX-header.md\" title=\"Click to open\"> click here.</a>","key":"EFXHeader","value":"OrganizationId,<string>,TrnId,<string>,VendorId,<string>,Context,[object Object]"},{"key":"Content-Type","value":"application/json"},{"key":"Accept","value":"application/json"}],"method":"POST","auth":null,"body":{"mode":"raw","raw":"{\n  \"DebitInfo\": {\n    \"DebitType\": \"<string>\",\n    \"EffDt\": \"<string>\",\n    \"PatriotActInd\": \"<boolean>\",\n    \"AcctRef\": {\n      \"AcctKeys\": {\n        \"AcctId\": \"<string>\",\n        \"AcctType\": \"<string>\"\n      }\n    },\n    \"CashOutData\": [\n      {\n        \"CashAmt\": {\n          \"Amt\": \"<number>\",\n          \"CurCode\": {\n            \"CurCodeValue\": \"<string>\",\n            \"CurCodeType\": \"<string>\"\n          }\n        }\n      },\n      {\n        \"CashAmt\": {\n          \"Amt\": \"<number>\",\n          \"CurCode\": {\n            \"CurCodeValue\": \"<string>\",\n            \"CurCodeType\": \"<string>\"\n          }\n        }\n      }\n    ],\n    \"MonetaryInstrData\": [\n      {\n        \"MonetaryInstrType\": \"<string>\",\n        \"MonetaryInstrNum\": \"<string>\",\n        \"MonetaryInstrAmt\": {\n          \"Amt\": \"<number>\",\n          \"CurCode\": {\n            \"CurCodeValue\": \"<string>\",\n            \"CurCodeType\": \"<string>\"\n          }\n        }\n      },\n      {\n        \"MonetaryInstrType\": \"<string>\",\n        \"MonetaryInstrNum\": \"<string>\",\n        \"MonetaryInstrAmt\": {\n          \"Amt\": \"<number>\",\n          \"CurCode\": {\n            \"CurCodeValue\": \"<string>\",\n            \"CurCodeType\": \"<string>\"\n          }\n        }\n      }\n    ]\n  }\n}","options":{"raw":{"language":"json"}}}},"response":[{"id":"f52472e6-ab07-431d-b74b-1017d12695ed","name":"Created","originalRequest":{"url":{"path":["debitservice","payments","debits"],"host":["{{baseUrl}}"],"query":[],"variable":[]},"header":[{"disabled":false,"description":"(Required) EFX Header is a common and required component for all API calls, it contains client-related parameters. Please note that the header parameters should be sent as a JSON object under the EFXHeader parameter. To view the list of header parameters, <a href=\"../docs?path=docs/api-ref-EFX-header.md\" title=\"Click to open\"> click here.</a>","key":"EFXHeader","value":"OrganizationId,<string>,TrnId,<string>,VendorId,<string>,Context,[object Object]"},{"key":"Accept","value":"application/json"}],"method":"POST","body":{"mode":"raw","raw":"{\n  \"DebitInfo\": {\n    \"DebitType\": \"<string>\",\n    \"EffDt\": \"<string>\",\n    \"PatriotActInd\": \"<boolean>\",\n    \"AcctRef\": {\n      \"AcctKeys\": {\n        \"AcctId\": \"<string>\",\n        \"AcctType\": \"<string>\"\n      }\n    },\n    \"CashOutData\": [\n      {\n        \"CashAmt\": {\n          \"Amt\": \"<number>\",\n          \"CurCode\": {\n            \"CurCodeValue\": \"<string>\",\n            \"CurCodeType\": \"<string>\"\n          }\n        }\n      },\n      {\n        \"CashAmt\": {\n          \"Amt\": \"<number>\",\n          \"CurCode\": {\n            \"CurCodeValue\": \"<string>\",\n            \"CurCodeType\": \"<string>\"\n          }\n        }\n      }\n    ],\n    \"MonetaryInstrData\": [\n      {\n        \"MonetaryInstrType\": \"<string>\",\n        \"MonetaryInstrNum\": \"<string>\",\n        \"MonetaryInstrAmt\": {\n          \"Amt\": \"<number>\",\n          \"CurCode\": {\n            \"CurCodeValue\": \"<string>\",\n            \"CurCodeType\": \"<string>\"\n          }\n        }\n      },\n      {\n        \"MonetaryInstrType\": \"<string>\",\n        \"MonetaryInstrNum\": \"<string>\",\n        \"MonetaryInstrAmt\": {\n          \"Amt\": \"<number>\",\n          \"CurCode\": {\n            \"CurCodeValue\": \"<string>\",\n            \"CurCodeType\": \"<string>\"\n          }\n        }\n      }\n    ]\n  }\n}","options":{"raw":{"language":"json"}}}},"status":"Created","code":201,"header":[{"key":"Content-Type","value":"application/json"}],"body":"{\n  \"DebitStatusRec\": {\n    \"DebitStatus\": {\n      \"DebitStatusCode\": \"Posted\",\n      \"EffDt\": \"4416-48-91T09:62:25\"\n    },\n    \"DebitKeys\": {\n      \"AcctKeys\": {\n        \"AcctId\": \"ipsum culpa\",\n        \"AcctType\": \"DDA\"\n      }\n    }\n  },\n  \"Status\": {\n    \"Severity\": \"Info\",\n    \"StatusCode\": \"dolor se\",\n    \"StatusDesc\": \"ullamco exercitation\",\n    \"SvcProviderName\": \"et deserunt dolore incididunt\",\n    \"Id\": \"voluptate \",\n    \"ServerStatusCode\": \"qui \",\n    \"ServerStatusDesc\": \"ut fugiat cupidatat do consequat\",\n    \"OvrdExceptionInd\": false,\n    \"SubjectRole\": \"nisi id\",\n    \"SubjectElement\": [\n      {\n        \"Path\": \"minim quis dolore\",\n        \"ServerPath\": \"voluptate nulla laborum\",\n        \"Value\": \"dolore nulla\"\n      },\n      {\n        \"Path\": \"e\",\n        \"ServerPath\": \"ex in labore dolor\",\n        \"Value\": \"sit sed qui\"\n      }\n    ],\n    \"ContentHTML\": \"cupidatat aliquip\",\n    \"AdditionalStatus\": [\n      {\n        \"StatusCode\": \"culpa ut\",\n        \"StatusDesc\": \"mollit sunt\",\n        \"Severity\": \"Error\",\n        \"SvcProviderName\": \"ullamco\",\n        \"ServerStatusCode\": \"est c\",\n        \"ServerStatusDesc\": \"anim consectetur culpa\",\n        \"OvrdExceptionInd\": true,\n        \"SubjectElement\": [\n          {\n            \"Path\": \"culpa amet pariatur labore nostrud\",\n            \"ServerPath\": \"Excepteur amet\",\n            \"Value\": \"nostrud minim\"\n          },\n          {\n            \"Path\": \"do in Ut\",\n            \"ServerPath\": \"laborum minim ex\",\n            \"Value\": \"cupidatat dol\"\n          }\n        ]\n      },\n      {\n        \"StatusCode\": \"ex aliqua\",\n        \"StatusDesc\": \"eu laborum dolor id\",\n        \"Severity\": \"Warning\",\n        \"SvcProviderName\": \"Ut in\",\n        \"ServerStatusCode\": \"ipsum \",\n        \"ServerStatusDesc\": \"aute tempor pariatur\",\n        \"OvrdExceptionInd\": false,\n        \"SubjectElement\": [\n          {\n            \"Path\": \"elit mollit eiusmod exercitation\",\n            \"ServerPath\": \"nulla Duis\",\n            \"Value\": \"ex Duis adipisicing eu\"\n          },\n          {\n            \"Path\": \"proident nulla ex eiusmod\",\n            \"ServerPath\": \"sit nostrud\",\n            \"Value\": \"quis Excepteur aute Duis do\"\n          }\n        ]\n      }\n    ]\n  },\n  \"Receipt\": {\n    \"Name\": \"et deserunt proident aliqua\",\n    \"TellerIdent\": \"voluptate ipsum elit labore\",\n    \"TrnAmt\": {\n      \"Amt\": 55640229.14453387\n    },\n    \"WarningOrLockout\": [\n      {\n        \"Type\": \"Lockout\",\n        \"Code\": \"cupidatat\"\n      },\n      {\n        \"Type\": \"Lockout\",\n        \"Code\": \"dolore in\"\n      }\n    ],\n    \"AcctBal\": [\n      {\n        \"BalType\": \"ExternalFund\",\n        \"CurAmt\": {\n          \"Amt\": 12399040.73456946\n        }\n      },\n      {\n        \"BalType\": \"Current\",\n        \"CurAmt\": {\n          \"Amt\": 61893254.464122504\n        }\n      }\n    ],\n    \"AcctHoldInfo\": [\n      {\n        \"HoldType\": \"Extended\",\n        \"CurAmt\": {\n          \"Amt\": 95201399.34092683\n        },\n        \"ExpDt\": \"2012-06-30\"\n      },\n      {\n        \"HoldType\": \"Mgmt\",\n        \"CurAmt\": {\n          \"Amt\": 88061987.0018323\n        },\n        \"ExpDt\": \"2012-11-21\"\n      }\n    ]\n  }\n}","cookie":[],"_postman_previewlanguage":"json"},{"id":"746080b0-4808-44fa-b753-18e3cf62a0aa","name":"To view the complete list of response codes, <a href=\"../docs/?path=docs/response-codes.md\" title=\"Click to open\">click here.</a>","originalRequest":{"url":{"path":["debitservice","payments","debits"],"host":["{{baseUrl}}"],"query":[],"variable":[]},"header":[{"disabled":false,"description":"(Required) EFX Header is a common and required component for all API calls, it contains client-related parameters. Please note that the header parameters should be sent as a JSON object under the EFXHeader parameter. To view the list of header parameters, <a href=\"../docs?path=docs/api-ref-EFX-header.md\" title=\"Click to open\"> click here.</a>","key":"EFXHeader","value":"OrganizationId,<string>,TrnId,<string>,VendorId,<string>,Context,[object Object]"},{"key":"Accept","value":"application/json"}],"method":"POST","body":{"mode":"raw","raw":"{\n  \"DebitInfo\": {\n    \"DebitType\": \"<string>\",\n    \"EffDt\": \"<string>\",\n    \"PatriotActInd\": \"<boolean>\",\n    \"AcctRef\": {\n      \"AcctKeys\": {\n        \"AcctId\": \"<string>\",\n        \"AcctType\": \"<string>\"\n      }\n    },\n    \"CashOutData\": [\n      {\n        \"CashAmt\": {\n          \"Amt\": \"<number>\",\n          \"CurCode\": {\n            \"CurCodeValue\": \"<string>\",\n            \"CurCodeType\": \"<string>\"\n          }\n        }\n      },\n      {\n        \"CashAmt\": {\n          \"Amt\": \"<number>\",\n          \"CurCode\": {\n            \"CurCodeValue\": \"<string>\",\n            \"CurCodeType\": \"<string>\"\n          }\n        }\n      }\n    ],\n    \"MonetaryInstrData\": [\n      {\n        \"MonetaryInstrType\": \"<string>\",\n        \"MonetaryInstrNum\": \"<string>\",\n        \"MonetaryInstrAmt\": {\n          \"Amt\": \"<number>\",\n          \"CurCode\": {\n            \"CurCodeValue\": \"<string>\",\n            \"CurCodeType\": \"<string>\"\n          }\n        }\n      },\n      {\n        \"MonetaryInstrType\": \"<string>\",\n        \"MonetaryInstrNum\": \"<string>\",\n        \"MonetaryInstrAmt\": {\n          \"Amt\": \"<number>\",\n          \"CurCode\": {\n            \"CurCodeValue\": \"<string>\",\n            \"CurCodeType\": \"<string>\"\n          }\n        }\n      }\n    ]\n  }\n}","options":{"raw":{"language":"json"}}}},"status":"Internal Server Error","code":500,"header":[{"key":"Content-Type","value":"application/json"}],"body":"{\n  \"DebitStatusRec\": {\n    \"DebitStatus\": {\n      \"DebitStatusCode\": \"Posted\",\n      \"EffDt\": \"7151-03-02T49:51\"\n    },\n    \"DebitKeys\": {\n      \"AcctKeys\": {\n        \"AcctId\": \"sunt Ut fugiat elit\",\n        \"AcctType\": \"DDA\"\n      }\n    }\n  },\n  \"Status\": {\n    \"Severity\": \"Error\",\n    \"StatusCode\": \"Lorem amet laborum \",\n    \"StatusDesc\": \"cillum dolore amet labore Ut\",\n    \"SvcProviderName\": \"incididunt id\",\n    \"Id\": \"qui sed\",\n    \"ServerStatusCode\": \"occaecat vel\",\n    \"ServerStatusDesc\": \"cupidatat ut sit\",\n    \"OvrdExceptionInd\": true,\n    \"SubjectRole\": \"mollit cupidatat aliqua ipsum\",\n    \"SubjectElement\": [\n      {\n        \"Path\": \"eiusmod qui\",\n        \"ServerPath\": \"do\",\n        \"Value\": \"consequat\"\n      },\n      {\n        \"Path\": \"laborum Duis ad\",\n        \"ServerPath\": \"ea consequat ex\",\n        \"Value\": \"non cillum\"\n      }\n    ],\n    \"ContentHTML\": \"sunt labore\",\n    \"AdditionalStatus\": [\n      {\n        \"StatusCode\": \"eu \",\n        \"StatusDesc\": \"nostrud ullamco dolore esse\",\n        \"Severity\": \"Error\",\n        \"SvcProviderName\": \"in aliquip incididunt\",\n        \"ServerStatusCode\": \"sunt est\",\n        \"ServerStatusDesc\": \"voluptate ut dolor\",\n        \"OvrdExceptionInd\": false,\n        \"SubjectElement\": [\n          {\n            \"Path\": \"exercitation velit\",\n            \"ServerPath\": \"ut ea nostrud\",\n            \"Value\": \"est labore officia magna\"\n          },\n          {\n            \"Path\": \"incididunt dolor enim\",\n            \"ServerPath\": \"mollit aliqua dolor\",\n            \"Value\": \"adipisicing cupidatat\"\n          }\n        ]\n      },\n      {\n        \"StatusCode\": \"sit\",\n        \"StatusDesc\": \"dolore dolore\",\n        \"Severity\": \"Info\",\n        \"SvcProviderName\": \"reprehenderit ut Lorem\",\n        \"ServerStatusCode\": \"aliqua\",\n        \"ServerStatusDesc\": \"in minim\",\n        \"OvrdExceptionInd\": true,\n        \"SubjectElement\": [\n          {\n            \"Path\": \"in quis\",\n            \"ServerPath\": \"Ut ut deserunt\",\n            \"Value\": \"non eiusmod velit\"\n          },\n          {\n            \"Path\": \"incidi\",\n            \"ServerPath\": \"tempor cillum eu\",\n            \"Value\": \"voluptate mollit in non commodo\"\n          }\n        ]\n      }\n    ]\n  },\n  \"Receipt\": {\n    \"Name\": \"mollit in ipsum ex\",\n    \"TellerIdent\": \"commodo cillum velit dolore reprehenderit\",\n    \"TrnAmt\": {\n      \"Amt\": 24646586.809349865\n    },\n    \"WarningOrLockout\": [\n      {\n        \"Type\": \"Warning\",\n        \"Code\": \"laborum\"\n      },\n      {\n        \"Type\": \"Lockout\",\n        \"Code\": \"incididunt fugiat\"\n      }\n    ],\n    \"AcctBal\": [\n      {\n        \"BalType\": \"MMDAExcess\",\n        \"CurAmt\": {\n          \"Amt\": 66880398.51857844\n        }\n      },\n      {\n        \"BalType\": \"MMDAExcess\",\n        \"CurAmt\": {\n          \"Amt\": -92654684.81289804\n        }\n      }\n    ],\n    \"AcctHoldInfo\": [\n      {\n        \"HoldType\": \"Mgmt\",\n        \"CurAmt\": {\n          \"Amt\": -58003653.377916776\n        },\n        \"ExpDt\": \"1953-11-08\"\n      },\n      {\n        \"HoldType\": \"Check\",\n        \"CurAmt\": {\n          \"Amt\": 4658231.373573557\n        },\n        \"ExpDt\": \"1959-08-19\"\n      }\n    ]\n  }\n}","cookie":[],"_postman_previewlanguage":"json"}],"event":[],"protocolProfileBehavior":{"disableBodyPruning":true}}],"event":[],"variable":[{"type":"string","value":"/","key":"baseUrl"}],"info":{"_postman_id":"9c71ebf2-fe90-4aee-ae39-bc8884aed03d","name":"Debit Service","schema":"https://schema.getpostman.com/json/collection/v2.1.0/collection.json","description":{"content":"This service domain is the debit facility for Accounts. A debit is performed with the use of a DebitAdd message. \\_The client \\_can use the DebitRev message to reverse the previous debit request.","type":"text/plain"}}}