{"item":[{"id":"e06de340-1aef-4e6a-a797-37856b453904","name":"Add Debit.","request":{"name":"Add Debit.","description":{"content":"Add Debit API creates a one-sided transaction where monetary funds are debited/withdrawn from a General Ledger Account (GLA) for cash, check or any other payment types (disbursements).<br>This API is generally used for a Teller transaction.<br> <br> To download the API Specifications and Postman Collection, click <a href=\"../docs/?path=docs/resources/resources.md\" title=\"Click to open\">Resources</a>.","type":"text/plain"},"url":{"path":["debitservice","payments","debits"],"host":["{{baseUrl}}"],"query":[],"variable":[]},"header":[{"disabled":false,"description":"(Required) EFX Header is a common and required component for all API calls, it contains client-related parameters. Please note that the header parameters should be sent as a JSON object under the EFXHeader parameter. To view the list of header parameters, <a href=\"../docs?path=docs/api-ref-EFX-header.md\" title=\"Click to open\"> click here.</a>","key":"EFXHeader","value":"OrganizationId,<string>,TrnId,<string>,VendorId,<string>,Context,[object Object]"},{"key":"Content-Type","value":"application/json"},{"key":"Accept","value":"application/json"}],"method":"POST","auth":null,"body":{"mode":"raw","raw":"{\n  \"DebitInfo\": {\n    \"CompositeCurAmt\": [\n      {\n        \"CurAmt\": {\n          \"Amt\": \"<number>\",\n          \"CurCode\": {\n            \"CurCodeValue\": {\n              \"value\": \"<Error: Too many levels of nesting to fake this schema>\"\n            },\n            \"CurCodeType\": {\n              \"value\": \"<Error: Too many levels of nesting to fake this schema>\"\n            }\n          }\n        }\n      },\n      {\n        \"CurAmt\": {\n          \"Amt\": \"<number>\",\n          \"CurCode\": {\n            \"CurCodeValue\": {\n              \"value\": \"<Error: Too many levels of nesting to fake this schema>\"\n            },\n            \"CurCodeType\": {\n              \"value\": \"<Error: Too many levels of nesting to fake this schema>\"\n            }\n          }\n        }\n      }\n    ],\n    \"DebitType\": \"<string>\",\n    \"AcctRef\": {\n      \"AcctKeys\": {\n        \"AcctId\": \"<string>\",\n        \"AcctType\": \"<string>\"\n      }\n    }\n  },\n  \"OvrdExceptionData\": {\n    \"OvrdAutoAckInd\": \"<boolean>\"\n  }\n}","options":{"raw":{"language":"json"}}}},"response":[{"id":"a7815119-86f7-4114-b0e5-09339405e33e","name":"Created","originalRequest":{"url":{"path":["debitservice","payments","debits"],"host":["{{baseUrl}}"],"query":[],"variable":[]},"header":[{"disabled":false,"description":"(Required) EFX Header is a common and required component for all API calls, it contains client-related parameters. Please note that the header parameters should be sent as a JSON object under the EFXHeader parameter. To view the list of header parameters, <a href=\"../docs?path=docs/api-ref-EFX-header.md\" title=\"Click to open\"> click here.</a>","key":"EFXHeader","value":"OrganizationId,<string>,TrnId,<string>,VendorId,<string>,Context,[object Object]"},{"key":"Accept","value":"application/json"}],"method":"POST","body":{"mode":"raw","raw":"{\n  \"DebitInfo\": {\n    \"CompositeCurAmt\": [\n      {\n        \"CurAmt\": {\n          \"Amt\": \"<number>\",\n          \"CurCode\": {\n            \"CurCodeValue\": {\n              \"value\": \"<Error: Too many levels of nesting to fake this schema>\"\n            },\n            \"CurCodeType\": {\n              \"value\": \"<Error: Too many levels of nesting to fake this schema>\"\n            }\n          }\n        }\n      },\n      {\n        \"CurAmt\": {\n          \"Amt\": \"<number>\",\n          \"CurCode\": {\n            \"CurCodeValue\": {\n              \"value\": \"<Error: Too many levels of nesting to fake this schema>\"\n            },\n            \"CurCodeType\": {\n              \"value\": \"<Error: Too many levels of nesting to fake this schema>\"\n            }\n          }\n        }\n      }\n    ],\n    \"DebitType\": \"<string>\",\n    \"AcctRef\": {\n      \"AcctKeys\": {\n        \"AcctId\": \"<string>\",\n        \"AcctType\": \"<string>\"\n      }\n    }\n  },\n  \"OvrdExceptionData\": {\n    \"OvrdAutoAckInd\": \"<boolean>\"\n  }\n}","options":{"raw":{"language":"json"}}}},"status":"Created","code":201,"header":[{"key":"Content-Type","value":"application/json"}],"body":"{\n  \"DebitStatusRec\": {\n    \"DebitStatus\": {\n      \"DebitStatusCode\": \"Posted\",\n      \"EffDt\": \"5829-43-79T36:31:12\"\n    },\n    \"DebitKeys\": {\n      \"AcctKeys\": {\n        \"AcctId\": \"et consequat\",\n        \"AcctType\": \"GLA\"\n      }\n    }\n  },\n  \"Status\": {\n    \"Severity\": \"Error\",\n    \"StatusCode\": \"elit deserunt id\",\n    \"StatusDesc\": \"dolor deserunt sit dolor\",\n    \"SvcProviderName\": \"reprehenderit minim Excepteur\",\n    \"Id\": \"ea id enim irure\",\n    \"ServerStatusCode\": \"dolore\",\n    \"ServerStatusDesc\": \"eiusmod do magna nulla\",\n    \"OvrdExceptionInd\": true,\n    \"SubjectRole\": \"sit\",\n    \"SubjectElement\": [\n      {\n        \"Path\": \"in dolor\",\n        \"ServerPath\": \"enim\",\n        \"Value\": \"laboris voluptate dolore\"\n      },\n      {\n        \"Path\": \"ex dolor reprehenderit mollit deserunt\",\n        \"ServerPath\": \"incididunt\",\n        \"Value\": \"elit laborum dolore\"\n      }\n    ],\n    \"ContentHTML\": \"aute exercitation dolor\",\n    \"AdditionalStatus\": [\n      {\n        \"StatusCode\": \"et id\",\n        \"StatusDesc\": \"culpa\",\n        \"Severity\": \"Info\",\n        \"SvcProviderName\": \"qui\",\n        \"ServerStatusCode\": \"pariatur\",\n        \"ServerStatusDesc\": \"voluptate id\",\n        \"OvrdExceptionInd\": false,\n        \"SubjectElement\": [\n          {\n            \"Path\": \"dolor anim est\",\n            \"ServerPath\": \"aute quis in\",\n            \"Value\": \"ut esse aliqua adipisicing\"\n          },\n          {\n            \"Path\": \"consequat\",\n            \"ServerPath\": \"laboris adipisicing reprehenderit consectetur magna\",\n            \"Value\": \"officia eu fugiat voluptate\"\n          }\n        ]\n      },\n      {\n        \"StatusCode\": \"mini\",\n        \"StatusDesc\": \"voluptate exercitation sunt\",\n        \"Severity\": \"Info\",\n        \"SvcProviderName\": \"enim consequat Duis ut\",\n        \"ServerStatusCode\": \"quis sun\",\n        \"ServerStatusDesc\": \"cupidatat ut\",\n        \"OvrdExceptionInd\": false,\n        \"SubjectElement\": [\n          {\n            \"Path\": \"deserunt quis ut occaecat reprehenderit\",\n            \"ServerPath\": \"fugiat elit occaecat dolor Ut\",\n            \"Value\": \"dolor laborum sed nulla\"\n          },\n          {\n            \"Path\": \"proident anim\",\n            \"ServerPath\": \"consectetur exercitation irure\",\n            \"Value\": \"ut Duis sint\"\n          }\n        ]\n      }\n    ]\n  },\n  \"Receipt\": {\n    \"TellerIdent\": \"Lorem qui do\",\n    \"TrnAmt\": {\n      \"Amt\": 82907718.02298614\n    },\n    \"AcctBal\": [\n      {\n        \"BalType\": \"Current\",\n        \"CurAmt\": {\n          \"Amt\": 68245491.21104631\n        }\n      },\n      {\n        \"BalType\": \"Current\",\n        \"CurAmt\": {\n          \"Amt\": 58175950.03281504\n        }\n      }\n    ]\n  }\n}","cookie":[],"_postman_previewlanguage":"json"},{"id":"60a0e801-385f-472e-8750-0a349d83e547","name":"To view the complete list of response codes, <a href=\"../docs/?path=docs/response-codes.md\" title=\"Click to open\">click here.</a>","originalRequest":{"url":{"path":["debitservice","payments","debits"],"host":["{{baseUrl}}"],"query":[],"variable":[]},"header":[{"disabled":false,"description":"(Required) EFX Header is a common and required component for all API calls, it contains client-related parameters. Please note that the header parameters should be sent as a JSON object under the EFXHeader parameter. To view the list of header parameters, <a href=\"../docs?path=docs/api-ref-EFX-header.md\" title=\"Click to open\"> click here.</a>","key":"EFXHeader","value":"OrganizationId,<string>,TrnId,<string>,VendorId,<string>,Context,[object Object]"},{"key":"Accept","value":"application/json"}],"method":"POST","body":{"mode":"raw","raw":"{\n  \"DebitInfo\": {\n    \"CompositeCurAmt\": [\n      {\n        \"CurAmt\": {\n          \"Amt\": \"<number>\",\n          \"CurCode\": {\n            \"CurCodeValue\": {\n              \"value\": \"<Error: Too many levels of nesting to fake this schema>\"\n            },\n            \"CurCodeType\": {\n              \"value\": \"<Error: Too many levels of nesting to fake this schema>\"\n            }\n          }\n        }\n      },\n      {\n        \"CurAmt\": {\n          \"Amt\": \"<number>\",\n          \"CurCode\": {\n            \"CurCodeValue\": {\n              \"value\": \"<Error: Too many levels of nesting to fake this schema>\"\n            },\n            \"CurCodeType\": {\n              \"value\": \"<Error: Too many levels of nesting to fake this schema>\"\n            }\n          }\n        }\n      }\n    ],\n    \"DebitType\": \"<string>\",\n    \"AcctRef\": {\n      \"AcctKeys\": {\n        \"AcctId\": \"<string>\",\n        \"AcctType\": \"<string>\"\n      }\n    }\n  },\n  \"OvrdExceptionData\": {\n    \"OvrdAutoAckInd\": \"<boolean>\"\n  }\n}","options":{"raw":{"language":"json"}}}},"status":"Internal Server Error","code":500,"header":[{"key":"Content-Type","value":"application/json"}],"body":"{\n  \"DebitStatusRec\": {\n    \"DebitStatus\": {\n      \"DebitStatusCode\": \"Posted\",\n      \"EffDt\": \"6913-44-16\"\n    },\n    \"DebitKeys\": {\n      \"AcctKeys\": {\n        \"AcctId\": \"\",\n        \"AcctType\": \"GLA\"\n      }\n    }\n  },\n  \"Status\": {\n    \"Severity\": \"Warning\",\n    \"StatusCode\": \"do Duis\",\n    \"StatusDesc\": \"qui fugiat et magna\",\n    \"SvcProviderName\": \"magna ut sed cupidatat\",\n    \"Id\": \"in eu\",\n    \"ServerStatusCode\": \"nulla sit cillum Du\",\n    \"ServerStatusDesc\": \"in\",\n    \"OvrdExceptionInd\": false,\n    \"SubjectRole\": \"deserunt aute esse nisi\",\n    \"SubjectElement\": [\n      {\n        \"Path\": \"anim Lorem in\",\n        \"ServerPath\": \"in tempor fugiat elit deserunt\",\n        \"Value\": \"consequat laboris est in\"\n      },\n      {\n        \"Path\": \"aliqua Excepteur ullamco ex\",\n        \"ServerPath\": \"elit in laborum\",\n        \"Value\": \"in irure ipsum dolor Duis\"\n      }\n    ],\n    \"ContentHTML\": \"voluptate enim\",\n    \"AdditionalStatus\": [\n      {\n        \"StatusCode\": \"minim \",\n        \"StatusDesc\": \"dolore Ut cupidatat in ipsum\",\n        \"Severity\": \"Error\",\n        \"SvcProviderName\": \"consectetur fugiat enim laboris proident\",\n        \"ServerStatusCode\": \"in\",\n        \"ServerStatusDesc\": \"anim sit magna\",\n        \"OvrdExceptionInd\": false,\n        \"SubjectElement\": [\n          {\n            \"Path\": \"nisi pariatur Duis commodo\",\n            \"ServerPath\": \"velit ut consectetur esse\",\n            \"Value\": \"enim cillum aute nisi\"\n          },\n          {\n            \"Path\": \"nisi fugiat\",\n            \"ServerPath\": \"magna ad commodo proident ex\",\n            \"Value\": \"adipisicing minim nulla eiusmod\"\n          }\n        ]\n      },\n      {\n        \"StatusCode\": \"esse Ut Lore\",\n        \"StatusDesc\": \"consequat\",\n        \"Severity\": \"Info\",\n        \"SvcProviderName\": \"amet eu mollit fugiat\",\n        \"ServerStatusCode\": \"mollit laboris\",\n        \"ServerStatusDesc\": \"labore exercitation occaecat magna\",\n        \"OvrdExceptionInd\": false,\n        \"SubjectElement\": [\n          {\n            \"Path\": \"quis dolor\",\n            \"ServerPath\": \"elit dolore qui amet\",\n            \"Value\": \"pariatur voluptate sed quis\"\n          },\n          {\n            \"Path\": \"laboris nisi minim\",\n            \"ServerPath\": \"occaecat tempor sint incididunt magna\",\n            \"Value\": \"minim occaecat nostrud\"\n          }\n        ]\n      }\n    ]\n  },\n  \"Receipt\": {\n    \"TellerIdent\": \"sit esse ut magna\",\n    \"TrnAmt\": {\n      \"Amt\": -4541163.383816823\n    },\n    \"AcctBal\": [\n      {\n        \"BalType\": \"Current\",\n        \"CurAmt\": {\n          \"Amt\": 88942457.6074759\n        }\n      },\n      {\n        \"BalType\": \"Current\",\n        \"CurAmt\": {\n          \"Amt\": -52086915.99924822\n        }\n      }\n    ]\n  }\n}","cookie":[],"_postman_previewlanguage":"json"}],"event":[],"protocolProfileBehavior":{"disableBodyPruning":true}}],"event":[],"variable":[{"type":"string","value":"/","key":"baseUrl"}],"info":{"_postman_id":"28840a24-6c65-4f5c-9e58-7133302b9e12","name":"Debit Service","schema":"https://schema.getpostman.com/json/collection/v2.1.0/collection.json","description":{"content":"This service domain is the debit facility for Accounts. A debit is performed with the use of a DebitAdd message. \\_The client \\_can use the DebitRev message to reverse the previous debit request.","type":"text/plain"}}}