{"item":[{"id":"ab76479d-9cee-461d-bac6-7af6355e573d","name":"Reverse Debit.","request":{"name":"Reverse Debit.","description":{"content":"Reverse Debit API reverses the previously processed debit transaction on a Retirement Account (RET). <br>This API is generally used for a Teller transaction.<br> <br> To download the API Specifications and Postman Collection, click <a href=\"../docs/?path=docs/resources/resources.md\" title=\"Click to open\">Resources</a>.","type":"text/plain"},"url":{"path":["debitservice","payments","debits"],"host":["{{baseUrl}}"],"query":[],"variable":[]},"header":[{"disabled":false,"description":"(Required) EFX Header is a common and required component for all API calls, it contains client-related parameters. Please note that the header parameters should be sent as a JSON object under the EFXHeader parameter. To view the list of header parameters, <a href=\"../docs?path=docs/api-ref-EFX-header.md\" title=\"Click to open\"> click here.</a>","key":"EFXHeader","value":"OrganizationId,<string>,TrnId,<string>,VendorId,<string>,Context,[object Object]"},{"key":"Content-Type","value":"application/json"},{"key":"Accept","value":"application/json"}],"method":"PUT","auth":null,"body":{"mode":"raw","raw":"{\n  \"DebitInfo\": {\n    \"CompositeCurAmt\": [\n      {\n        \"CurAmt\": {\n          \"Amt\": \"<number>\",\n          \"CurCode\": {\n            \"CurCodeValue\": {\n              \"value\": \"<Error: Too many levels of nesting to fake this schema>\"\n            },\n            \"CurCodeType\": {\n              \"value\": \"<Error: Too many levels of nesting to fake this schema>\"\n            }\n          }\n        },\n        \"CompositeCurAmtType\": \"<string>\",\n        \"SpecialHandling\": \"NoDLA\"\n      },\n      {\n        \"CurAmt\": {\n          \"Amt\": \"<number>\",\n          \"CurCode\": {\n            \"CurCodeValue\": {\n              \"value\": \"<Error: Too many levels of nesting to fake this schema>\"\n            },\n            \"CurCodeType\": {\n              \"value\": \"<Error: Too many levels of nesting to fake this schema>\"\n            }\n          }\n        },\n        \"CompositeCurAmtType\": \"<string>\",\n        \"SpecialHandling\": \"NoDLA\"\n      }\n    ],\n    \"DebitType\": \"<string>\",\n    \"MediaType\": \"<string>\",\n    \"XferToAcct\": [\n      {\n        \"ToAcctRef\": {\n          \"TrnCode\": \"<string>\"\n        }\n      },\n      {\n        \"ToAcctRef\": {\n          \"TrnCode\": \"<string>\"\n        }\n      }\n    ]\n  },\n  \"OvrdExceptionData\": {\n    \"OvrdAutoAckInd\": \"<boolean>\"\n  },\n  \"DebitKeys\": {\n    \"AcctKeys\": {\n      \"AcctId\": \"<string>\",\n      \"AcctType\": \"<string>\"\n    }\n  }\n}","options":{"raw":{"language":"json"}}}},"response":[{"id":"a120ec5f-c896-4583-bb12-4faac2be94c4","name":"Success","originalRequest":{"url":{"path":["debitservice","payments","debits"],"host":["{{baseUrl}}"],"query":[],"variable":[]},"header":[{"disabled":false,"description":"(Required) EFX Header is a common and required component for all API calls, it contains client-related parameters. Please note that the header parameters should be sent as a JSON object under the EFXHeader parameter. To view the list of header parameters, <a href=\"../docs?path=docs/api-ref-EFX-header.md\" title=\"Click to open\"> click here.</a>","key":"EFXHeader","value":"OrganizationId,<string>,TrnId,<string>,VendorId,<string>,Context,[object Object]"},{"key":"Accept","value":"application/json"}],"method":"PUT","body":{"mode":"raw","raw":"{\n  \"DebitInfo\": {\n    \"CompositeCurAmt\": [\n      {\n        \"CurAmt\": {\n          \"Amt\": \"<number>\",\n          \"CurCode\": {\n            \"CurCodeValue\": {\n              \"value\": \"<Error: Too many levels of nesting to fake this schema>\"\n            },\n            \"CurCodeType\": {\n              \"value\": \"<Error: Too many levels of nesting to fake this schema>\"\n            }\n          }\n        },\n        \"CompositeCurAmtType\": \"<string>\",\n        \"SpecialHandling\": \"NoDLA\"\n      },\n      {\n        \"CurAmt\": {\n          \"Amt\": \"<number>\",\n          \"CurCode\": {\n            \"CurCodeValue\": {\n              \"value\": \"<Error: Too many levels of nesting to fake this schema>\"\n            },\n            \"CurCodeType\": {\n              \"value\": \"<Error: Too many levels of nesting to fake this schema>\"\n            }\n          }\n        },\n        \"CompositeCurAmtType\": \"<string>\",\n        \"SpecialHandling\": \"NoDLA\"\n      }\n    ],\n    \"DebitType\": \"<string>\",\n    \"MediaType\": \"<string>\",\n    \"XferToAcct\": [\n      {\n        \"ToAcctRef\": {\n          \"TrnCode\": \"<string>\"\n        }\n      },\n      {\n        \"ToAcctRef\": {\n          \"TrnCode\": \"<string>\"\n        }\n      }\n    ]\n  },\n  \"OvrdExceptionData\": {\n    \"OvrdAutoAckInd\": \"<boolean>\"\n  },\n  \"DebitKeys\": {\n    \"AcctKeys\": {\n      \"AcctId\": \"<string>\",\n      \"AcctType\": \"<string>\"\n    }\n  }\n}","options":{"raw":{"language":"json"}}}},"status":"OK","code":200,"header":[{"key":"Content-Type","value":"application/json"}],"body":"{\n  \"DebitStatusRec\": {\n    \"DebitStatus\": {\n      \"DebitStatusCode\": \"Reversed\",\n      \"EffDt\": \"7472-09-38T69:22\"\n    },\n    \"DebitKeys\": {\n      \"AcctKeys\": {\n        \"AcctId\": \"ad culpa\",\n        \"AcctType\": \"SDA\"\n      }\n    }\n  },\n  \"Status\": {\n    \"Severity\": \"Error\",\n    \"StatusCode\": \"labore si\",\n    \"StatusDesc\": \"elit culpa proident est\",\n    \"SvcProviderName\": \"in amet sunt velit aute\",\n    \"Id\": \"laboris est deserunt\",\n    \"ServerStatusCode\": \"conse\",\n    \"ServerStatusDesc\": \"culpa enim minim reprehenderit\",\n    \"OvrdExceptionInd\": true,\n    \"SubjectRole\": \"labore veniam est\",\n    \"SubjectElement\": [\n      {\n        \"Path\": \"Lorem labore ipsum\",\n        \"ServerPath\": \"ea sit dolor ullamco\",\n        \"Value\": \"proident aliquip qui\"\n      },\n      {\n        \"Path\": \"Lorem amet deserunt\",\n        \"ServerPath\": \"ut\",\n        \"Value\": \"dolore quis nisi irure in\"\n      }\n    ],\n    \"ContentHTML\": \"quis consectetur do sunt\",\n    \"AdditionalStatus\": [\n      {\n        \"StatusCode\": \"dol\",\n        \"StatusDesc\": \"minim sunt reprehenderit\",\n        \"Severity\": \"Info\",\n        \"SvcProviderName\": \"aute dolor\",\n        \"ServerStatusCode\": \"ullamco ut\",\n        \"ServerStatusDesc\": \"nostrud velit dolore\",\n        \"OvrdExceptionInd\": false,\n        \"SubjectElement\": [\n          {\n            \"Path\": \"occaecat ea\",\n            \"ServerPath\": \"dolore laboris enim\",\n            \"Value\": \"non\"\n          },\n          {\n            \"Path\": \"dolore\",\n            \"ServerPath\": \"deserunt Lorem\",\n            \"Value\": \"in ut\"\n          }\n        ]\n      },\n      {\n        \"StatusCode\": \"ad in nos\",\n        \"StatusDesc\": \"commodo labore Duis sit dolore\",\n        \"Severity\": \"Warning\",\n        \"SvcProviderName\": \"ea Duis sed cillum\",\n        \"ServerStatusCode\": \"ipsum\",\n        \"ServerStatusDesc\": \"in officia\",\n        \"OvrdExceptionInd\": false,\n        \"SubjectElement\": [\n          {\n            \"Path\": \"nostrud dolore incididunt esse\",\n            \"ServerPath\": \"mollit irure proident\",\n            \"Value\": \"ad in sed cillum\"\n          },\n          {\n            \"Path\": \"occaecat id in ut\",\n            \"ServerPath\": \"commodo amet\",\n            \"Value\": \"do sunt pariatur in\"\n          }\n        ]\n      }\n    ]\n  },\n  \"Receipt\": {\n    \"Name\": \"lab\",\n    \"TellerIdent\": \"dolore id et\",\n    \"TrnAmt\": {\n      \"Amt\": -7829737.919439822\n    },\n    \"WarningOrLockout\": [\n      {\n        \"Type\": \"Lockout\",\n        \"Code\": \"Ut exercitation consequat\"\n      },\n      {\n        \"Type\": \"Warning\",\n        \"Code\": \"cillum\"\n      }\n    ],\n    \"AcctBal\": [\n      {\n        \"BalType\": \"Interest\",\n        \"CurAmt\": {\n          \"Amt\": 43647698.704176426\n        }\n      },\n      {\n        \"BalType\": \"Current\",\n        \"CurAmt\": {\n          \"Amt\": -15985913.011378065\n        }\n      }\n    ]\n  }\n}","cookie":[],"_postman_previewlanguage":"json"},{"id":"00baff1f-aa5e-48f1-93f9-ea3f536dd83f","name":"To view the complete list of response codes, <a href=\"../docs/?path=docs/response-codes.md\" title=\"Click to open\">click here.</a>","originalRequest":{"url":{"path":["debitservice","payments","debits"],"host":["{{baseUrl}}"],"query":[],"variable":[]},"header":[{"disabled":false,"description":"(Required) EFX Header is a common and required component for all API calls, it contains client-related parameters. Please note that the header parameters should be sent as a JSON object under the EFXHeader parameter. To view the list of header parameters, <a href=\"../docs?path=docs/api-ref-EFX-header.md\" title=\"Click to open\"> click here.</a>","key":"EFXHeader","value":"OrganizationId,<string>,TrnId,<string>,VendorId,<string>,Context,[object Object]"},{"key":"Accept","value":"application/json"}],"method":"PUT","body":{"mode":"raw","raw":"{\n  \"DebitInfo\": {\n    \"CompositeCurAmt\": [\n      {\n        \"CurAmt\": {\n          \"Amt\": \"<number>\",\n          \"CurCode\": {\n            \"CurCodeValue\": {\n              \"value\": \"<Error: Too many levels of nesting to fake this schema>\"\n            },\n            \"CurCodeType\": {\n              \"value\": \"<Error: Too many levels of nesting to fake this schema>\"\n            }\n          }\n        },\n        \"CompositeCurAmtType\": \"<string>\",\n        \"SpecialHandling\": \"NoDLA\"\n      },\n      {\n        \"CurAmt\": {\n          \"Amt\": \"<number>\",\n          \"CurCode\": {\n            \"CurCodeValue\": {\n              \"value\": \"<Error: Too many levels of nesting to fake this schema>\"\n            },\n            \"CurCodeType\": {\n              \"value\": \"<Error: Too many levels of nesting to fake this schema>\"\n            }\n          }\n        },\n        \"CompositeCurAmtType\": \"<string>\",\n        \"SpecialHandling\": \"NoDLA\"\n      }\n    ],\n    \"DebitType\": \"<string>\",\n    \"MediaType\": \"<string>\",\n    \"XferToAcct\": [\n      {\n        \"ToAcctRef\": {\n          \"TrnCode\": \"<string>\"\n        }\n      },\n      {\n        \"ToAcctRef\": {\n          \"TrnCode\": \"<string>\"\n        }\n      }\n    ]\n  },\n  \"OvrdExceptionData\": {\n    \"OvrdAutoAckInd\": \"<boolean>\"\n  },\n  \"DebitKeys\": {\n    \"AcctKeys\": {\n      \"AcctId\": \"<string>\",\n      \"AcctType\": \"<string>\"\n    }\n  }\n}","options":{"raw":{"language":"json"}}}},"status":"Internal Server Error","code":500,"header":[{"key":"Content-Type","value":"application/json"}],"body":"{\n  \"DebitStatusRec\": {\n    \"DebitStatus\": {\n      \"DebitStatusCode\": \"Reversed\",\n      \"EffDt\": \"6599-82-75T44:55:58+01:48\"\n    },\n    \"DebitKeys\": {\n      \"AcctKeys\": {\n        \"AcctId\": \"offi\",\n        \"AcctType\": \"SDA\"\n      }\n    }\n  },\n  \"Status\": {\n    \"Severity\": \"Info\",\n    \"StatusCode\": \"dolor culpa do \",\n    \"StatusDesc\": \"amet qui incididunt\",\n    \"SvcProviderName\": \"eiusmod do\",\n    \"Id\": \"\",\n    \"ServerStatusCode\": \"ad cu\",\n    \"ServerStatusDesc\": \"dolore ut laborum id\",\n    \"OvrdExceptionInd\": true,\n    \"SubjectRole\": \"eu\",\n    \"SubjectElement\": [\n      {\n        \"Path\": \"occaecat in\",\n        \"ServerPath\": \"ullamco sit deserunt in\",\n        \"Value\": \"pariatur nisi\"\n      },\n      {\n        \"Path\": \"in laboris minim reprehenderit occaecat\",\n        \"ServerPath\": \"amet ipsum sed laboris\",\n        \"Value\": \"ullamco\"\n      }\n    ],\n    \"ContentHTML\": \"in id incididunt\",\n    \"AdditionalStatus\": [\n      {\n        \"StatusCode\": \"pariatur ex\",\n        \"StatusDesc\": \"ullamco non dolore sint\",\n        \"Severity\": \"Error\",\n        \"SvcProviderName\": \"et ipsum sed\",\n        \"ServerStatusCode\": \"minim\",\n        \"ServerStatusDesc\": \"adipisicing ut consequat fugiat enim\",\n        \"OvrdExceptionInd\": true,\n        \"SubjectElement\": [\n          {\n            \"Path\": \"ad mollit\",\n            \"ServerPath\": \"Ut mollit ex ea\",\n            \"Value\": \"dolore reprehenderit laborum irure nisi\"\n          },\n          {\n            \"Path\": \"sunt proident sint\",\n            \"ServerPath\": \"Duis reprehenderit\",\n            \"Value\": \"mollit aliqua aute\"\n          }\n        ]\n      },\n      {\n        \"StatusCode\": \"Ut\",\n        \"StatusDesc\": \"sed adipisicing anim est\",\n        \"Severity\": \"Error\",\n        \"SvcProviderName\": \"aute cillum\",\n        \"ServerStatusCode\": \"i\",\n        \"ServerStatusDesc\": \"sed qui\",\n        \"OvrdExceptionInd\": true,\n        \"SubjectElement\": [\n          {\n            \"Path\": \"cillum proident\",\n            \"ServerPath\": \"commodo fugiat amet\",\n            \"Value\": \"nisi \"\n          },\n          {\n            \"Path\": \"commodo sunt et\",\n            \"ServerPath\": \"minim dolor in\",\n            \"Value\": \"enim laborum tempor\"\n          }\n        ]\n      }\n    ]\n  },\n  \"Receipt\": {\n    \"Name\": \"do esse dolor\",\n    \"TellerIdent\": \"id anim eu Lorem\",\n    \"TrnAmt\": {\n      \"Amt\": -58480853.66880178\n    },\n    \"WarningOrLockout\": [\n      {\n        \"Type\": \"Warning\",\n        \"Code\": \"qui magna consequat sunt do\"\n      },\n      {\n        \"Type\": \"Lockout\",\n        \"Code\": \"ullamco mollit\"\n      }\n    ],\n    \"AcctBal\": [\n      {\n        \"BalType\": \"Current\",\n        \"CurAmt\": {\n          \"Amt\": -97772756.37526648\n        }\n      },\n      {\n        \"BalType\": \"Current\",\n        \"CurAmt\": {\n          \"Amt\": 84659786.29809391\n        }\n      }\n    ]\n  }\n}","cookie":[],"_postman_previewlanguage":"json"}],"event":[],"protocolProfileBehavior":{"disableBodyPruning":true}}],"event":[],"variable":[{"type":"string","value":"/","key":"baseUrl"}],"info":{"_postman_id":"48489540-1825-4af0-83fe-432c2fb3e100","name":"Debit Service","schema":"https://schema.getpostman.com/json/collection/v2.1.0/collection.json","description":{"content":"This service domain is the debit facility for Accounts. A debit is performed with the use of a DebitAdd message. \\_The client \\_can use the DebitRev message to reverse the previous debit request.","type":"text/plain"}}}