{"item":[{"id":"a72f2603-dd39-459f-8000-7d903baea929","name":"Add Debit","request":{"name":"Add Debit","description":{"content":"Add Debit API creates a one-sided transaction where monetary funds are debited/withdrawn from an account. <br>This API is generally used for a Teller transaction.<br> <br> To download the API Specifications and Postman Collection, click <a href=\"../docs/?path=docs/resources/resources.md\" title=\"Click to open\">Resources</a>.","type":"text/plain"},"url":{"path":["debitservice","payments","debits"],"host":["{{baseUrl}}"],"query":[],"variable":[]},"header":[{"disabled":false,"description":"(Required) EFX Header is a common and required component for all API calls, it contains client-related parameters. Please note that the header parameters should be sent as a JSON object under the EFXHeader parameter. To view the list of header parameters, <a href=\"../docs?path=docs/api-ref-EFX-header.md\" title=\"Click to open\"> click here.</a>","key":"EFXHeader","value":"OrganizationId,<string>,TrnId,<string>,VendorId,<string>,Context,[object Object]"},{"key":"Content-Type","value":"application/json"},{"key":"Accept","value":"application/json"}],"method":"POST","auth":null,"body":{"mode":"raw","raw":"{\n  \"DebitInfo\": {\n    \"CompositeCurAmt\": [\n      {\n        \"CurAmt\": {\n          \"Amt\": \"<number>\",\n          \"CurCode\": {\n            \"CurCodeValue\": \"<string>\",\n            \"CurCodeType\": \"<string>\"\n          }\n        },\n        \"CompositeCurAmtType\": \"<string>\",\n        \"SpecialHandling\": \"NoOffset\",\n        \"RefData\": {\n          \"RefType\": \"<string>\",\n          \"RefIdent\": \"<string>\"\n        }\n      },\n      {\n        \"CurAmt\": {\n          \"Amt\": \"<number>\",\n          \"CurCode\": {\n            \"CurCodeValue\": \"<string>\",\n            \"CurCodeType\": \"<string>\"\n          }\n        },\n        \"CompositeCurAmtType\": \"<string>\",\n        \"SpecialHandling\": \"NoOffset\",\n        \"RefData\": {\n          \"RefType\": \"<string>\",\n          \"RefIdent\": \"<string>\"\n        }\n      }\n    ],\n    \"DebitType\": \"<string>\",\n    \"EffDt\": \"<string>\"\n  },\n  \"OvrdExceptionData\": {\n    \"OvrdAutoAckInd\": \"<boolean>\"\n  }\n}","options":{"raw":{"language":"json"}}}},"response":[{"id":"af32aa56-662d-4582-9083-674523a5a7e8","name":"Created","originalRequest":{"url":{"path":["debitservice","payments","debits"],"host":["{{baseUrl}}"],"query":[],"variable":[]},"header":[{"disabled":false,"description":"(Required) EFX Header is a common and required component for all API calls, it contains client-related parameters. Please note that the header parameters should be sent as a JSON object under the EFXHeader parameter. To view the list of header parameters, <a href=\"../docs?path=docs/api-ref-EFX-header.md\" title=\"Click to open\"> click here.</a>","key":"EFXHeader","value":"OrganizationId,<string>,TrnId,<string>,VendorId,<string>,Context,[object Object]"},{"key":"Accept","value":"application/json"}],"method":"POST","body":{"mode":"raw","raw":"{\n  \"DebitInfo\": {\n    \"CompositeCurAmt\": [\n      {\n        \"CurAmt\": {\n          \"Amt\": \"<number>\",\n          \"CurCode\": {\n            \"CurCodeValue\": \"<string>\",\n            \"CurCodeType\": \"<string>\"\n          }\n        },\n        \"CompositeCurAmtType\": \"<string>\",\n        \"SpecialHandling\": \"NoOffset\",\n        \"RefData\": {\n          \"RefType\": \"<string>\",\n          \"RefIdent\": \"<string>\"\n        }\n      },\n      {\n        \"CurAmt\": {\n          \"Amt\": \"<number>\",\n          \"CurCode\": {\n            \"CurCodeValue\": \"<string>\",\n            \"CurCodeType\": \"<string>\"\n          }\n        },\n        \"CompositeCurAmtType\": \"<string>\",\n        \"SpecialHandling\": \"NoOffset\",\n        \"RefData\": {\n          \"RefType\": \"<string>\",\n          \"RefIdent\": \"<string>\"\n        }\n      }\n    ],\n    \"DebitType\": \"<string>\",\n    \"EffDt\": \"<string>\"\n  },\n  \"OvrdExceptionData\": {\n    \"OvrdAutoAckInd\": \"<boolean>\"\n  }\n}","options":{"raw":{"language":"json"}}}},"status":"Created","code":201,"header":[{"key":"Content-Type","value":"application/json"}],"body":"{\n  \"DebitStatusRec\": {\n    \"DebitStatus\": {\n      \"DebitStatusCode\": \"Posted\",\n      \"EffDt\": \"5721-21-60T02:28:86\"\n    },\n    \"DebitKeys\": {\n      \"AcctKeys\": {\n        \"AcctId\": \"cillum\",\n        \"AcctType\": \"quis proident ex fugiat\"\n      }\n    }\n  },\n  \"Status\": {\n    \"Severity\": \"Error\",\n    \"StatusCode\": \"cillum ad sint \",\n    \"StatusDesc\": \"dolor deserunt eiusmod in\",\n    \"SvcProviderName\": \"non occaecat ad\",\n    \"Id\": \"in ut nisi sed\",\n    \"ServerStatusCode\": \"adipisicing \",\n    \"ServerStatusDesc\": \"do\",\n    \"OvrdExceptionInd\": true,\n    \"SubjectRole\": \"mollit eu sint magna\",\n    \"SubjectElement\": [\n      {\n        \"Path\": \"laboris proident voluptate Lorem\",\n        \"ServerPath\": \"ea id quis\",\n        \"Value\": \"Excepteur deserunt labore\"\n      },\n      {\n        \"Path\": \"aliquip fugi\",\n        \"ServerPath\": \"sunt exercitation consectetur dolor enim\",\n        \"Value\": \"nostrud incididunt anim\"\n      }\n    ],\n    \"ContentHTML\": \"Duis cillum\",\n    \"AdditionalStatus\": [\n      {\n        \"StatusCode\": \"ali\",\n        \"StatusDesc\": \"amet Excepteur\",\n        \"Severity\": \"Error\",\n        \"SvcProviderName\": \"laborum id\",\n        \"ServerStatusCode\": \"esse fugia\",\n        \"ServerStatusDesc\": \"quis \",\n        \"OvrdExceptionInd\": true,\n        \"SubjectElement\": [\n          {\n            \"Path\": \"qui fugiat\",\n            \"ServerPath\": \"irure ut\",\n            \"Value\": \"do sunt ex\"\n          },\n          {\n            \"Path\": \"culpa dolore\",\n            \"ServerPath\": \"cillum non\",\n            \"Value\": \"ut\"\n          }\n        ]\n      },\n      {\n        \"StatusCode\": \"ad\",\n        \"StatusDesc\": \"laborum\",\n        \"Severity\": \"Warning\",\n        \"SvcProviderName\": \"nisi sit in irure\",\n        \"ServerStatusCode\": \"Lo\",\n        \"ServerStatusDesc\": \"sed exercitation officia commodo\",\n        \"OvrdExceptionInd\": false,\n        \"SubjectElement\": [\n          {\n            \"Path\": \"ut nulla cillum\",\n            \"ServerPath\": \"Ut velit commodo\",\n            \"Value\": \"ea mollit do aliqua nostrud\"\n          },\n          {\n            \"Path\": \"nisi\",\n            \"ServerPath\": \"laborum nulla consequat aute cupidatat\",\n            \"Value\": \"dolore cupidatat aute eiusmod\"\n          }\n        ]\n      }\n    ]\n  },\n  \"Receipt\": {\n    \"Name\": \"incididunt offic\",\n    \"TellerIdent\": \"dolor\",\n    \"TrnAmt\": {\n      \"Amt\": 20520642.164515078,\n      \"CurCode\": {\n        \"CurCodeValue\": \"<string>\",\n        \"CurCodeType\": \"<string>\"\n      }\n    },\n    \"AcctBal\": [\n      {\n        \"BalType\": \"Current\",\n        \"CurAmt\": {\n          \"Amt\": -38896588.083341844,\n          \"CurCode\": {\n            \"CurCodeValue\": \"<string>\",\n            \"CurCodeType\": \"<string>\"\n          }\n        }\n      },\n      {\n        \"BalType\": \"Current\",\n        \"CurAmt\": {\n          \"Amt\": 37624232.617091775,\n          \"CurCode\": {\n            \"CurCodeValue\": \"<string>\",\n            \"CurCodeType\": \"<string>\"\n          }\n        }\n      }\n    ],\n    \"ReceiptDtl\": {\n      \"CompositeCurAmt\": [\n        {\n          \"CurAmt\": {\n            \"Amt\": -38232778.24471005,\n            \"CurCode\": {\n              \"CurCodeValue\": \"<string>\",\n              \"CurCodeType\": \"<string>\"\n            }\n          },\n          \"CompositeCurAmtType\": \"Insurance\"\n        },\n        {\n          \"CurAmt\": {\n            \"Amt\": 24679829.412533298,\n            \"CurCode\": {\n              \"CurCodeValue\": \"<string>\",\n              \"CurCodeType\": \"<string>\"\n            }\n          },\n          \"CompositeCurAmtType\": \"Principal\"\n        }\n      ]\n    }\n  }\n}","cookie":[],"_postman_previewlanguage":"json"},{"id":"3368596d-42e9-4049-b93e-476c24c61304","name":"To view the complete list of response codes, <a href=\"../docs/?path=docs/response-codes.md\" title=\"Click to open\">click here.</a>","originalRequest":{"url":{"path":["debitservice","payments","debits"],"host":["{{baseUrl}}"],"query":[],"variable":[]},"header":[{"disabled":false,"description":"(Required) EFX Header is a common and required component for all API calls, it contains client-related parameters. Please note that the header parameters should be sent as a JSON object under the EFXHeader parameter. To view the list of header parameters, <a href=\"../docs?path=docs/api-ref-EFX-header.md\" title=\"Click to open\"> click here.</a>","key":"EFXHeader","value":"OrganizationId,<string>,TrnId,<string>,VendorId,<string>,Context,[object Object]"},{"key":"Accept","value":"application/json"}],"method":"POST","body":{"mode":"raw","raw":"{\n  \"DebitInfo\": {\n    \"CompositeCurAmt\": [\n      {\n        \"CurAmt\": {\n          \"Amt\": \"<number>\",\n          \"CurCode\": {\n            \"CurCodeValue\": \"<string>\",\n            \"CurCodeType\": \"<string>\"\n          }\n        },\n        \"CompositeCurAmtType\": \"<string>\",\n        \"SpecialHandling\": \"NoOffset\",\n        \"RefData\": {\n          \"RefType\": \"<string>\",\n          \"RefIdent\": \"<string>\"\n        }\n      },\n      {\n        \"CurAmt\": {\n          \"Amt\": \"<number>\",\n          \"CurCode\": {\n            \"CurCodeValue\": \"<string>\",\n            \"CurCodeType\": \"<string>\"\n          }\n        },\n        \"CompositeCurAmtType\": \"<string>\",\n        \"SpecialHandling\": \"NoOffset\",\n        \"RefData\": {\n          \"RefType\": \"<string>\",\n          \"RefIdent\": \"<string>\"\n        }\n      }\n    ],\n    \"DebitType\": \"<string>\",\n    \"EffDt\": \"<string>\"\n  },\n  \"OvrdExceptionData\": {\n    \"OvrdAutoAckInd\": \"<boolean>\"\n  }\n}","options":{"raw":{"language":"json"}}}},"status":"Internal Server Error","code":500,"header":[{"key":"Content-Type","value":"application/json"}],"body":"{\n  \"DebitStatusRec\": {\n    \"DebitStatus\": {\n      \"DebitStatusCode\": \"Posted\",\n      \"EffDt\": \"8611-04-77T49:72\"\n    },\n    \"DebitKeys\": {\n      \"AcctKeys\": {\n        \"AcctId\": \"in Duis dolor velit\",\n        \"AcctType\": \"mollit adipisicing\"\n      }\n    }\n  },\n  \"Status\": {\n    \"Severity\": \"Error\",\n    \"StatusCode\": \"c\",\n    \"StatusDesc\": \"quis enim sit\",\n    \"SvcProviderName\": \"do quis\",\n    \"Id\": \"cupidatat\",\n    \"ServerStatusCode\": \"exerci\",\n    \"ServerStatusDesc\": \"in in eu\",\n    \"OvrdExceptionInd\": false,\n    \"SubjectRole\": \"tempor elit\",\n    \"SubjectElement\": [\n      {\n        \"Path\": \"in commodo eiusmod veniam\",\n        \"ServerPath\": \"ut\",\n        \"Value\": \"tempor exercitation\"\n      },\n      {\n        \"Path\": \"dolor nostrud\",\n        \"ServerPath\": \"consectetur\",\n        \"Value\": \"\"\n      }\n    ],\n    \"ContentHTML\": \"id in\",\n    \"AdditionalStatus\": [\n      {\n        \"StatusCode\": \"fugiat et amet\",\n        \"StatusDesc\": \"cillum pariatur\",\n        \"Severity\": \"Error\",\n        \"SvcProviderName\": \"et velit reprehenderit ut\",\n        \"ServerStatusCode\": \"Duis iru\",\n        \"ServerStatusDesc\": \"velit laboris sit in nulla\",\n        \"OvrdExceptionInd\": true,\n        \"SubjectElement\": [\n          {\n            \"Path\": \"consectetur consequat ut est velit\",\n            \"ServerPath\": \"dolo\",\n            \"Value\": \"pariatur \"\n          },\n          {\n            \"Path\": \"aute\",\n            \"ServerPath\": \"Excepteur elit Ut\",\n            \"Value\": \"irure\"\n          }\n        ]\n      },\n      {\n        \"StatusCode\": \"labore ex amet D\",\n        \"StatusDesc\": \"Duis ut\",\n        \"Severity\": \"Error\",\n        \"SvcProviderName\": \"velit\",\n        \"ServerStatusCode\": \"commo\",\n        \"ServerStatusDesc\": \"tempor nisi sed\",\n        \"OvrdExceptionInd\": false,\n        \"SubjectElement\": [\n          {\n            \"Path\": \"ullamco laboris Duis Excepteur\",\n            \"ServerPath\": \"ad nulla sit do\",\n            \"Value\": \"eiusmod aliqui\"\n          },\n          {\n            \"Path\": \"deserunt consect\",\n            \"ServerPath\": \"nulla\",\n            \"Value\": \"dolor incididunt\"\n          }\n        ]\n      }\n    ]\n  },\n  \"Receipt\": {\n    \"Name\": \"dolore nulla id cillum \",\n    \"TellerIdent\": \"pariatur laboris in\",\n    \"TrnAmt\": {\n      \"Amt\": 61082924.45450321,\n      \"CurCode\": {\n        \"CurCodeValue\": \"<string>\",\n        \"CurCodeType\": \"<string>\"\n      }\n    },\n    \"AcctBal\": [\n      {\n        \"BalType\": \"Current\",\n        \"CurAmt\": {\n          \"Amt\": 93691882.2027053,\n          \"CurCode\": {\n            \"CurCodeValue\": \"<string>\",\n            \"CurCodeType\": \"<string>\"\n          }\n        }\n      },\n      {\n        \"BalType\": \"Current\",\n        \"CurAmt\": {\n          \"Amt\": -13070313.309376761,\n          \"CurCode\": {\n            \"CurCodeValue\": \"<string>\",\n            \"CurCodeType\": \"<string>\"\n          }\n        }\n      }\n    ],\n    \"ReceiptDtl\": {\n      \"CompositeCurAmt\": [\n        {\n          \"CurAmt\": {\n            \"Amt\": 32269687.830976993,\n            \"CurCode\": {\n              \"CurCodeValue\": \"<string>\",\n              \"CurCodeType\": \"<string>\"\n            }\n          },\n          \"CompositeCurAmtType\": \"LateFee\"\n        },\n        {\n          \"CurAmt\": {\n            \"Amt\": -89505956.98762673,\n            \"CurCode\": {\n              \"CurCodeValue\": \"<string>\",\n              \"CurCodeType\": \"<string>\"\n            }\n          },\n          \"CompositeCurAmtType\": \"LateFee\"\n        }\n      ]\n    }\n  }\n}","cookie":[],"_postman_previewlanguage":"json"}],"event":[],"protocolProfileBehavior":{"disableBodyPruning":true}}],"event":[],"variable":[{"type":"string","value":"/","key":"baseUrl"}],"info":{"_postman_id":"ba892dd8-d01a-4e6d-bf6e-5ec0f891dac1","name":"Debit Service","schema":"https://schema.getpostman.com/json/collection/v2.1.0/collection.json","description":{"content":"This service domain is the debit facility for Accounts. A debit is performed with the use of a DebitAdd message. \\_The client \\_can use the DebitRev message to reverse the previous debit request.","type":"text/plain"}}}