{"item":[{"id":"fc8a96e0-376e-43ce-ae8f-25779e0f89f1","name":"Reverse Debit","request":{"name":"Reverse Debit","description":{"content":"Reverse Debit API reverses the previously processed debit transaction on an account. This API is generally used for a Teller transaction.<br> <br> To download the API Specifications and Postman Collection, click <a href=\"../docs/?path=docs/resources/resources.md\" title=\"Click to open\">Resources</a>.","type":"text/plain"},"url":{"path":["debitservice","payments","debits"],"host":["{{baseUrl}}"],"query":[],"variable":[]},"header":[{"disabled":false,"description":"(Required) EFX Header is a common and required component for all API calls, it contains client-related parameters. Please note that the header parameters should be sent as a JSON object under the EFXHeader parameter. To view the list of header parameters, <a href=\"../docs?path=docs/api-ref-EFX-header.md\" title=\"Click to open\"> click here.</a>","key":"EFXHeader","value":"OrganizationId,<string>,TrnId,<string>,VendorId,<string>,Context,[object Object]"},{"key":"Content-Type","value":"application/json"},{"key":"Accept","value":"application/json"}],"method":"PUT","auth":null,"body":{"mode":"raw","raw":"{\n  \"DebitInfo\": {\n    \"CompositeCurAmt\": [\n      {\n        \"CurAmt\": {\n          \"Amt\": \"<number>\",\n          \"CurCode\": {\n            \"CurCodeValue\": \"<string>\",\n            \"CurCodeType\": \"<string>\"\n          }\n        },\n        \"CompositeCurAmtType\": \"<string>\",\n        \"SpecialHandling\": \"NoOffset\",\n        \"RefData\": {\n          \"RefType\": \"<string>\",\n          \"RefIdent\": \"<string>\"\n        }\n      },\n      {\n        \"CurAmt\": {\n          \"Amt\": \"<number>\",\n          \"CurCode\": {\n            \"CurCodeValue\": \"<string>\",\n            \"CurCodeType\": \"<string>\"\n          }\n        },\n        \"CompositeCurAmtType\": \"<string>\",\n        \"SpecialHandling\": \"Reversal\",\n        \"RefData\": {\n          \"RefType\": \"<string>\",\n          \"RefIdent\": \"<string>\"\n        }\n      }\n    ],\n    \"DebitType\": \"<string>\",\n    \"EffDt\": \"<string>\"\n  },\n  \"OvrdExceptionData\": {\n    \"OvrdAutoAckInd\": \"<boolean>\"\n  },\n  \"DebitKeys\": {\n    \"AcctKeys\": {\n      \"AcctId\": \"<string>\",\n      \"AcctType\": \"<string>\"\n    }\n  }\n}","options":{"raw":{"language":"json"}}}},"response":[{"id":"20014809-2202-4aa6-b17c-00f9ae8d4e27","name":"Success","originalRequest":{"url":{"path":["debitservice","payments","debits"],"host":["{{baseUrl}}"],"query":[],"variable":[]},"header":[{"disabled":false,"description":"(Required) EFX Header is a common and required component for all API calls, it contains client-related parameters. Please note that the header parameters should be sent as a JSON object under the EFXHeader parameter. To view the list of header parameters, <a href=\"../docs?path=docs/api-ref-EFX-header.md\" title=\"Click to open\"> click here.</a>","key":"EFXHeader","value":"OrganizationId,<string>,TrnId,<string>,VendorId,<string>,Context,[object Object]"},{"key":"Accept","value":"application/json"}],"method":"PUT","body":{"mode":"raw","raw":"{\n  \"DebitInfo\": {\n    \"CompositeCurAmt\": [\n      {\n        \"CurAmt\": {\n          \"Amt\": \"<number>\",\n          \"CurCode\": {\n            \"CurCodeValue\": \"<string>\",\n            \"CurCodeType\": \"<string>\"\n          }\n        },\n        \"CompositeCurAmtType\": \"<string>\",\n        \"SpecialHandling\": \"NoOffset\",\n        \"RefData\": {\n          \"RefType\": \"<string>\",\n          \"RefIdent\": \"<string>\"\n        }\n      },\n      {\n        \"CurAmt\": {\n          \"Amt\": \"<number>\",\n          \"CurCode\": {\n            \"CurCodeValue\": \"<string>\",\n            \"CurCodeType\": \"<string>\"\n          }\n        },\n        \"CompositeCurAmtType\": \"<string>\",\n        \"SpecialHandling\": \"Reversal\",\n        \"RefData\": {\n          \"RefType\": \"<string>\",\n          \"RefIdent\": \"<string>\"\n        }\n      }\n    ],\n    \"DebitType\": \"<string>\",\n    \"EffDt\": \"<string>\"\n  },\n  \"OvrdExceptionData\": {\n    \"OvrdAutoAckInd\": \"<boolean>\"\n  },\n  \"DebitKeys\": {\n    \"AcctKeys\": {\n      \"AcctId\": \"<string>\",\n      \"AcctType\": \"<string>\"\n    }\n  }\n}","options":{"raw":{"language":"json"}}}},"status":"OK","code":200,"header":[{"key":"Content-Type","value":"application/json"}],"body":"{\n  \"DebitStatusRec\": {\n    \"DebitStatus\": {\n      \"DebitStatusCode\": \"Reversed\",\n      \"EffDt\": \"6785-69-28T32:64\"\n    },\n    \"DebitKeys\": {\n      \"AcctKeys\": {\n        \"AcctId\": \"mollit sunt\",\n        \"AcctType\": \"Duis dolor\"\n      }\n    }\n  },\n  \"Status\": {\n    \"Severity\": \"Warning\",\n    \"StatusCode\": \"occaecat \",\n    \"StatusDesc\": \"consectetur ea dolore cupidatat\",\n    \"SvcProviderName\": \"minim ullamco\",\n    \"Id\": \"est fugiat id\",\n    \"ServerStatusCode\": \"dolor\",\n    \"ServerStatusDesc\": \"dolor quis\",\n    \"OvrdExceptionInd\": true,\n    \"SubjectRole\": \"qui ut esse\",\n    \"SubjectElement\": [\n      {\n        \"Path\": \"est non sint cupidatat\",\n        \"ServerPath\": \"laborum nostrud dolor officia\",\n        \"Value\": \"reprehenderit cupidatat dolor\"\n      },\n      {\n        \"Path\": \"nostrud qui cillum proident\",\n        \"ServerPath\": \"sed aliquip ut nostrud\",\n        \"Value\": \"voluptate nisi sit ea do\"\n      }\n    ],\n    \"ContentHTML\": \"sit pariatur mollit nulla\",\n    \"AdditionalStatus\": [\n      {\n        \"StatusCode\": \"adipisicing \",\n        \"StatusDesc\": \"mollit laboris elit amet\",\n        \"Severity\": \"Info\",\n        \"SvcProviderName\": \"ea irure dolor elit\",\n        \"ServerStatusCode\": \"in nulla\",\n        \"ServerStatusDesc\": \"nostrud officia enim\",\n        \"OvrdExceptionInd\": true,\n        \"SubjectElement\": [\n          {\n            \"Path\": \"co\",\n            \"ServerPath\": \"id non pariatur sint ullamco\",\n            \"Value\": \"ad in velit veniam labore\"\n          },\n          {\n            \"Path\": \"dolor Lorem est\",\n            \"ServerPath\": \"esse\",\n            \"Value\": \"est adipisicing sint\"\n          }\n        ]\n      },\n      {\n        \"StatusCode\": \"esse\",\n        \"StatusDesc\": \"ea sed laboris nisi\",\n        \"Severity\": \"Error\",\n        \"SvcProviderName\": \"consectetur laborum dolor\",\n        \"ServerStatusCode\": \"eu aliqua\",\n        \"ServerStatusDesc\": \"do enim dolor\",\n        \"OvrdExceptionInd\": false,\n        \"SubjectElement\": [\n          {\n            \"Path\": \"in quis qui\",\n            \"ServerPath\": \"veniam sit\",\n            \"Value\": \"irure deserunt\"\n          },\n          {\n            \"Path\": \"aute pariatur exercitation enim\",\n            \"ServerPath\": \"dolore Excepteur nisi veniam\",\n            \"Value\": \"officia id\"\n          }\n        ]\n      }\n    ]\n  },\n  \"Receipt\": {\n    \"Name\": \"mollit\",\n    \"TellerIdent\": \"enim ut\",\n    \"TrnAmt\": {\n      \"Amt\": -33548499.58699946,\n      \"CurCode\": {\n        \"CurCodeValue\": \"<string>\",\n        \"CurCodeType\": \"<string>\"\n      }\n    },\n    \"AcctBal\": [\n      {\n        \"BalType\": \"Current\",\n        \"CurAmt\": {\n          \"Amt\": 48028064.53193104,\n          \"CurCode\": {\n            \"CurCodeValue\": \"<string>\",\n            \"CurCodeType\": \"<string>\"\n          }\n        }\n      },\n      {\n        \"BalType\": \"Current\",\n        \"CurAmt\": {\n          \"Amt\": 79434417.88584682,\n          \"CurCode\": {\n            \"CurCodeValue\": \"<string>\",\n            \"CurCodeType\": \"<string>\"\n          }\n        }\n      }\n    ],\n    \"ReceiptDtl\": {\n      \"CompositeCurAmt\": [\n        {\n          \"CurAmt\": {\n            \"Amt\": 39330961.64147335,\n            \"CurCode\": {\n              \"CurCodeValue\": \"<string>\",\n              \"CurCodeType\": \"<string>\"\n            }\n          },\n          \"CompositeCurAmtType\": \"Escrow\"\n        },\n        {\n          \"CurAmt\": {\n            \"Amt\": 57268077.86627361,\n            \"CurCode\": {\n              \"CurCodeValue\": \"<string>\",\n              \"CurCodeType\": \"<string>\"\n            }\n          },\n          \"CompositeCurAmtType\": \"LateFee\"\n        }\n      ]\n    }\n  }\n}","cookie":[],"_postman_previewlanguage":"json"},{"id":"ba465322-9b47-45f5-acf4-dc4d41d96a1b","name":"To view the complete list of response codes, <a href=\"../docs/?path=docs/response-codes.md\" title=\"Click to open\">click here.</a>","originalRequest":{"url":{"path":["debitservice","payments","debits"],"host":["{{baseUrl}}"],"query":[],"variable":[]},"header":[{"disabled":false,"description":"(Required) EFX Header is a common and required component for all API calls, it contains client-related parameters. Please note that the header parameters should be sent as a JSON object under the EFXHeader parameter. To view the list of header parameters, <a href=\"../docs?path=docs/api-ref-EFX-header.md\" title=\"Click to open\"> click here.</a>","key":"EFXHeader","value":"OrganizationId,<string>,TrnId,<string>,VendorId,<string>,Context,[object Object]"},{"key":"Accept","value":"application/json"}],"method":"PUT","body":{"mode":"raw","raw":"{\n  \"DebitInfo\": {\n    \"CompositeCurAmt\": [\n      {\n        \"CurAmt\": {\n          \"Amt\": \"<number>\",\n          \"CurCode\": {\n            \"CurCodeValue\": \"<string>\",\n            \"CurCodeType\": \"<string>\"\n          }\n        },\n        \"CompositeCurAmtType\": \"<string>\",\n        \"SpecialHandling\": \"NoOffset\",\n        \"RefData\": {\n          \"RefType\": \"<string>\",\n          \"RefIdent\": \"<string>\"\n        }\n      },\n      {\n        \"CurAmt\": {\n          \"Amt\": \"<number>\",\n          \"CurCode\": {\n            \"CurCodeValue\": \"<string>\",\n            \"CurCodeType\": \"<string>\"\n          }\n        },\n        \"CompositeCurAmtType\": \"<string>\",\n        \"SpecialHandling\": \"Reversal\",\n        \"RefData\": {\n          \"RefType\": \"<string>\",\n          \"RefIdent\": \"<string>\"\n        }\n      }\n    ],\n    \"DebitType\": \"<string>\",\n    \"EffDt\": \"<string>\"\n  },\n  \"OvrdExceptionData\": {\n    \"OvrdAutoAckInd\": \"<boolean>\"\n  },\n  \"DebitKeys\": {\n    \"AcctKeys\": {\n      \"AcctId\": \"<string>\",\n      \"AcctType\": \"<string>\"\n    }\n  }\n}","options":{"raw":{"language":"json"}}}},"status":"Internal Server Error","code":500,"header":[{"key":"Content-Type","value":"application/json"}],"body":"{\n  \"DebitStatusRec\": {\n    \"DebitStatus\": {\n      \"DebitStatusCode\": \"Reversed\",\n      \"EffDt\": \"1857-55-24\"\n    },\n    \"DebitKeys\": {\n      \"AcctKeys\": {\n        \"AcctId\": \"velit aute laborum\",\n        \"AcctType\": \"nisi reprehenderit sint do\"\n      }\n    }\n  },\n  \"Status\": {\n    \"Severity\": \"Error\",\n    \"StatusCode\": \"inc\",\n    \"StatusDesc\": \"ut dolore veniam\",\n    \"SvcProviderName\": \"ex\",\n    \"Id\": \"est Ut tempor occaecat\",\n    \"ServerStatusCode\": \"labo\",\n    \"ServerStatusDesc\": \"reprehenderit est ad\",\n    \"OvrdExceptionInd\": false,\n    \"SubjectRole\": \"incididunt culpa eiusmod\",\n    \"SubjectElement\": [\n      {\n        \"Path\": \"pariatur dolore\",\n        \"ServerPath\": \"aute\",\n        \"Value\": \"Duis esse officia Excepteur irure\"\n      },\n      {\n        \"Path\": \"enim sunt reprehenderit ut ip\",\n        \"ServerPath\": \"consectetur est nisi Excepteur cillum\",\n        \"Value\": \"nulla ut aute\"\n      }\n    ],\n    \"ContentHTML\": \"irure veniam do\",\n    \"AdditionalStatus\": [\n      {\n        \"StatusCode\": \"laborum\",\n        \"StatusDesc\": \"reprehenderit sit ut ip\",\n        \"Severity\": \"Error\",\n        \"SvcProviderName\": \"Duis laborum \",\n        \"ServerStatusCode\": \"id en\",\n        \"ServerStatusDesc\": \"cupidatat officia do dolor\",\n        \"OvrdExceptionInd\": true,\n        \"SubjectElement\": [\n          {\n            \"Path\": \"in Excepteur enim et\",\n            \"ServerPath\": \"ad ullamco adipisicing\",\n            \"Value\": \"ali\"\n          },\n          {\n            \"Path\": \"deserunt exercitation ad\",\n            \"ServerPath\": \"culpa\",\n            \"Value\": \"ea est nostrud ex\"\n          }\n        ]\n      },\n      {\n        \"StatusCode\": \"Lor\",\n        \"StatusDesc\": \"id\",\n        \"Severity\": \"Warning\",\n        \"SvcProviderName\": \"quis Excepteur in mollit\",\n        \"ServerStatusCode\": \"in\",\n        \"ServerStatusDesc\": \"Excepteur veniam aliqua\",\n        \"OvrdExceptionInd\": true,\n        \"SubjectElement\": [\n          {\n            \"Path\": \"laborum consectetur\",\n            \"ServerPath\": \"sunt in ex elit aliquip\",\n            \"Value\": \"ad Ut proident\"\n          },\n          {\n            \"Path\": \"irure\",\n            \"ServerPath\": \"Excepteur mollit\",\n            \"Value\": \"cillum non\"\n          }\n        ]\n      }\n    ]\n  },\n  \"Receipt\": {\n    \"Name\": \"veniam labore\",\n    \"TellerIdent\": \"ut exercitation et mollit\",\n    \"TrnAmt\": {\n      \"Amt\": 33773414.35971278,\n      \"CurCode\": {\n        \"CurCodeValue\": \"<string>\",\n        \"CurCodeType\": \"<string>\"\n      }\n    },\n    \"AcctBal\": [\n      {\n        \"BalType\": \"Current\",\n        \"CurAmt\": {\n          \"Amt\": -10133455.613839403,\n          \"CurCode\": {\n            \"CurCodeValue\": \"<string>\",\n            \"CurCodeType\": \"<string>\"\n          }\n        }\n      },\n      {\n        \"BalType\": \"Current\",\n        \"CurAmt\": {\n          \"Amt\": 93567697.11758366,\n          \"CurCode\": {\n            \"CurCodeValue\": \"<string>\",\n            \"CurCodeType\": \"<string>\"\n          }\n        }\n      }\n    ],\n    \"ReceiptDtl\": {\n      \"CompositeCurAmt\": [\n        {\n          \"CurAmt\": {\n            \"Amt\": -10568649.817778736,\n            \"CurCode\": {\n              \"CurCodeValue\": \"<string>\",\n              \"CurCodeType\": \"<string>\"\n            }\n          },\n          \"CompositeCurAmtType\": \"Insurance\"\n        },\n        {\n          \"CurAmt\": {\n            \"Amt\": 17323668.702857688,\n            \"CurCode\": {\n              \"CurCodeValue\": \"<string>\",\n              \"CurCodeType\": \"<string>\"\n            }\n          },\n          \"CompositeCurAmtType\": \"Fee\"\n        }\n      ]\n    }\n  }\n}","cookie":[],"_postman_previewlanguage":"json"}],"event":[],"protocolProfileBehavior":{"disableBodyPruning":true}}],"event":[],"variable":[{"type":"string","value":"/","key":"baseUrl"}],"info":{"_postman_id":"7ff9bb3e-b5e9-49e3-9c3b-211fefd36b1d","name":"Debit Service","schema":"https://schema.getpostman.com/json/collection/v2.1.0/collection.json","description":{"content":"This service domain is the debit facility for Accounts. A debit is performed with the use of a DebitAdd message. \\_The client \\_can use the DebitRev message to reverse the previous debit request.","type":"text/plain"}}}