{"item":[{"id":"d17b0bd6-a2b0-4a52-898a-133c55d8ce85","name":"stopchkservice/stophold/stopChecks","item":[{"id":"0035f12a-12d2-417b-ab1f-55a104f83d90","name":"Add Stop Check","request":{"name":"Add Stop Check","description":{"content":"Add Stop Check API creates a request to stop (refuse) payment on a check.<br>In Cleartouch, the system calculates its own expiration date as it is not available.<br> <br> To download the API Specifications and Postman Collection, click <a href=\"../docs/?path=docs/resources/resources.md\" title=\"Click to open\">Resources</a>.","type":"text/plain"},"url":{"path":["stopchkservice","stophold","stopChecks"],"host":["{{baseUrl}}"],"query":[],"variable":[]},"header":[{"disabled":false,"description":"(Required) EFX Header is a common and required component for all API calls, it contains client-related parameters. Please note that the header parameters should be sent as a JSON object under the EFXHeader parameter. To view the list of header parameters, <a href=\"../docs?path=docs/api-ref-EFX-header.md\" title=\"Click to open\"> click here.</a>","key":"EFXHeader","value":"OrganizationId,<string>,TrnId,<string>,VendorId,<string>,Context,[object Object]"},{"key":"Content-Type","value":"application/json"},{"key":"Accept","value":"application/json"}],"method":"POST","auth":null,"body":{"mode":"raw","raw":"{\n  \"StopChkInfo\": {\n    \"AcctKeys\": {\n      \"AcctId\": \"<string>\",\n      \"AcctType\": \"<string>\"\n    },\n    \"ChkNum\": \"<string>\",\n    \"ChkNumRange\": {\n      \"ChkNumStart\": \"<string>\",\n      \"ChkNumEnd\": \"<string>\"\n    },\n    \"Name\": \"<string>\",\n    \"CurAmt\": {\n      \"Amt\": \"<number>\",\n      \"CurCode\": {\n        \"CurCodeValue\": \"<string>\",\n        \"CurCodeType\": \"<string>\"\n      }\n    },\n    \"DoNotExpireInd\": \"<boolean>\"\n  }\n}","options":{"raw":{"language":"json"}}}},"response":[{"id":"1e074e7d-3282-4f85-80b1-daa9c15d4031","name":"Created","originalRequest":{"url":{"path":["stopchkservice","stophold","stopChecks"],"host":["{{baseUrl}}"],"query":[],"variable":[]},"header":[{"disabled":false,"description":"(Required) EFX Header is a common and required component for all API calls, it contains client-related parameters. Please note that the header parameters should be sent as a JSON object under the EFXHeader parameter. To view the list of header parameters, <a href=\"../docs?path=docs/api-ref-EFX-header.md\" title=\"Click to open\"> click here.</a>","key":"EFXHeader","value":"OrganizationId,<string>,TrnId,<string>,VendorId,<string>,Context,[object Object]"},{"key":"Accept","value":"application/json"}],"method":"POST","body":{"mode":"raw","raw":"{\n  \"StopChkInfo\": {\n    \"AcctKeys\": {\n      \"AcctId\": \"<string>\",\n      \"AcctType\": \"<string>\"\n    },\n    \"ChkNum\": \"<string>\",\n    \"ChkNumRange\": {\n      \"ChkNumStart\": \"<string>\",\n      \"ChkNumEnd\": \"<string>\"\n    },\n    \"Name\": \"<string>\",\n    \"CurAmt\": {\n      \"Amt\": \"<number>\",\n      \"CurCode\": {\n        \"CurCodeValue\": \"<string>\",\n        \"CurCodeType\": \"<string>\"\n      }\n    },\n    \"DoNotExpireInd\": \"<boolean>\"\n  }\n}","options":{"raw":{"language":"json"}}}},"status":"Created","code":201,"header":[{"key":"Content-Type","value":"application/json"}],"body":"{\n  \"StopChkStatusRec\": {\n    \"StopChkKeys\": {\n      \"AcctKeys\": {\n        \"AcctId\": \"nostrud tempor ei\",\n        \"AcctType\": \"DDA\"\n      }\n    },\n    \"StopChkStatus\": {\n      \"StopChkStatusCode\": \"Valid\",\n      \"EffDt\": \"2367-92-96T18:43\"\n    }\n  },\n  \"Status\": {\n    \"Severity\": \"Info\",\n    \"StatusCode\": \"exercitation nulla\",\n    \"StatusDesc\": \"labore culpa\",\n    \"SvcProviderName\": \"eiusmod nisi dolore\",\n    \"Id\": \"mollit exercitat\",\n    \"ServerStatusCode\": \"Excepteur sed es\",\n    \"ServerStatusDesc\": \"est proident\",\n    \"OvrdExceptionInd\": false,\n    \"SubjectRole\": \"cupidatat Lorem\",\n    \"SubjectElement\": [\n      {\n        \"Path\": \"Ut elit\",\n        \"ServerPath\": \"occaecat consequat magna Lorem\",\n        \"Value\": \"fugiat eu elit ea\"\n      },\n      {\n        \"Path\": \"Ut exercitation enim veniam\",\n        \"ServerPath\": \"ullamco\",\n        \"Value\": \"pariatur aliquip ad\"\n      }\n    ],\n    \"ContentHTML\": \"consequat adipisicing ex minim\",\n    \"AdditionalStatus\": [\n      {\n        \"StatusCode\": \"enim proident ad\",\n        \"StatusDesc\": \"amet aliquip incididunt tempor\",\n        \"Severity\": \"Error\",\n        \"SvcProviderName\": \"Ut irure proident officia\",\n        \"ServerStatusCode\": \"ipsum nisi qu\",\n        \"ServerStatusDesc\": \"eiusmod velit\",\n        \"OvrdExceptionInd\": false,\n        \"SubjectElement\": [\n          {\n            \"Path\": \"incididu\",\n            \"ServerPath\": \"ex Excepteur irure\",\n            \"Value\": \"consequat Duis\"\n          },\n          {\n            \"Path\": \"in magna laboris sunt\",\n            \"ServerPath\": \"irure aute ullamco et\",\n            \"Value\": \"Excepteur aliqua fugiat pariatur\"\n          }\n        ]\n      },\n      {\n        \"StatusCode\": \"c\",\n        \"StatusDesc\": \"anim consequat Excepteur mollit\",\n        \"Severity\": \"Info\",\n        \"SvcProviderName\": \"occaecat nulla quis minim\",\n        \"ServerStatusCode\": \"in nulla l\",\n        \"ServerStatusDesc\": \"amet officia eu eiusmod\",\n        \"OvrdExceptionInd\": false,\n        \"SubjectElement\": [\n          {\n            \"Path\": \"fugiat do labore\",\n            \"ServerPath\": \"elit eu ullamco deserunt do\",\n            \"Value\": \"laborum dolor\"\n          },\n          {\n            \"Path\": \"culpa occaecat incididunt\",\n            \"ServerPath\": \"elit sunt reprehenderit\",\n            \"Value\": \"consequat cupidatat deserunt sed\"\n          }\n        ]\n      }\n    ]\n  },\n  \"AcctInfoDtl\": {\n    \"ConfirmationNbr\": \"consequat dolo\"\n  }\n}","cookie":[],"_postman_previewlanguage":"json"},{"id":"d979c915-5d9a-49fa-8817-6e141d5c08c2","name":"To view the complete list of response codes, <a href=\"../docs/?path=docs/response-codes.md\" title=\"Click to open\">click here.</a>","originalRequest":{"url":{"path":["stopchkservice","stophold","stopChecks"],"host":["{{baseUrl}}"],"query":[],"variable":[]},"header":[{"disabled":false,"description":"(Required) EFX Header is a common and required component for all API calls, it contains client-related parameters. Please note that the header parameters should be sent as a JSON object under the EFXHeader parameter. To view the list of header parameters, <a href=\"../docs?path=docs/api-ref-EFX-header.md\" title=\"Click to open\"> click here.</a>","key":"EFXHeader","value":"OrganizationId,<string>,TrnId,<string>,VendorId,<string>,Context,[object Object]"},{"key":"Accept","value":"application/json"}],"method":"POST","body":{"mode":"raw","raw":"{\n  \"StopChkInfo\": {\n    \"AcctKeys\": {\n      \"AcctId\": \"<string>\",\n      \"AcctType\": \"<string>\"\n    },\n    \"ChkNum\": \"<string>\",\n    \"ChkNumRange\": {\n      \"ChkNumStart\": \"<string>\",\n      \"ChkNumEnd\": \"<string>\"\n    },\n    \"Name\": \"<string>\",\n    \"CurAmt\": {\n      \"Amt\": \"<number>\",\n      \"CurCode\": {\n        \"CurCodeValue\": \"<string>\",\n        \"CurCodeType\": \"<string>\"\n      }\n    },\n    \"DoNotExpireInd\": \"<boolean>\"\n  }\n}","options":{"raw":{"language":"json"}}}},"status":"Internal Server Error","code":500,"header":[{"key":"Content-Type","value":"application/json"}],"body":"{\n  \"StopChkStatusRec\": {\n    \"StopChkKeys\": {\n      \"AcctKeys\": {\n        \"AcctId\": \"laborum dolore offici\",\n        \"AcctType\": \"DDA\"\n      }\n    },\n    \"StopChkStatus\": {\n      \"StopChkStatusCode\": \"Valid\",\n      \"EffDt\": \"6086-00-37T13:50\"\n    }\n  },\n  \"Status\": {\n    \"Severity\": \"Info\",\n    \"StatusCode\": \"moll\",\n    \"StatusDesc\": \"aliquip pariatur\",\n    \"SvcProviderName\": \"ad sed\",\n    \"Id\": \"dolore pariatur sint exercitation laborum\",\n    \"ServerStatusCode\": \"\",\n    \"ServerStatusDesc\": \"quis adipisicing ut\",\n    \"OvrdExceptionInd\": false,\n    \"SubjectRole\": \"Excepteur est irure enim\",\n    \"SubjectElement\": [\n      {\n        \"Path\": \"cillum nisi dolor commodo\",\n        \"ServerPath\": \"in eu\",\n        \"Value\": \"do dolor\"\n      },\n      {\n        \"Path\": \"veniam anim\",\n        \"ServerPath\": \"in tempor\",\n        \"Value\": \"nulla ut reprehenderit in\"\n      }\n    ],\n    \"ContentHTML\": \"eu nisi ea amet ipsum\",\n    \"AdditionalStatus\": [\n      {\n        \"StatusCode\": \"\",\n        \"StatusDesc\": \"nisi anim\",\n        \"Severity\": \"Info\",\n        \"SvcProviderName\": \"id deserunt sit\",\n        \"ServerStatusCode\": \"aliqua in m\",\n        \"ServerStatusDesc\": \"esse\",\n        \"OvrdExceptionInd\": false,\n        \"SubjectElement\": [\n          {\n            \"Path\": \"do anim quis\",\n            \"ServerPath\": \"occaecat esse\",\n            \"Value\": \"incididunt quis officia minim\"\n          },\n          {\n            \"Path\": \"in eu Lorem\",\n            \"ServerPath\": \"reprehenderit voluptate anim in\",\n            \"Value\": \"dolor occaecat fugiat in ex\"\n          }\n        ]\n      },\n      {\n        \"StatusCode\": \"dolore min\",\n        \"StatusDesc\": \"laboris exercitation elit aliqua voluptate\",\n        \"Severity\": \"Warning\",\n        \"SvcProviderName\": \"amet tempor nostrud\",\n        \"ServerStatusCode\": \"cillu\",\n        \"ServerStatusDesc\": \"officia Duis id eiusmod\",\n        \"OvrdExceptionInd\": true,\n        \"SubjectElement\": [\n          {\n            \"Path\": \"esse in occaecat\",\n            \"ServerPath\": \"qui\",\n            \"Value\": \"Excepteur aute ea dolor Ut\"\n          },\n          {\n            \"Path\": \"consequat aliquip sint\",\n            \"ServerPath\": \"Duis id pariatur consectetur\",\n            \"Value\": \"Excepteur nulla consectetur proident\"\n          }\n        ]\n      }\n    ]\n  },\n  \"AcctInfoDtl\": {\n    \"ConfirmationNbr\": \"aliqua irure\"\n  }\n}","cookie":[],"_postman_previewlanguage":"json"}],"event":[],"protocolProfileBehavior":{"disableBodyPruning":true}},{"id":"89e1d1a8-d0c1-4b55-a21d-1fac2d2eab9f","name":"secured","item":[{"id":"7d1f35b1-77c0-47e4-afce-f6a145204743","name":"Cancel Stop Check","request":{"name":"Cancel Stop Check","description":{"content":"Cancel Stop Check API cancels a stop that was placed on a check.<br> <br> To download the API Specifications and Postman Collection, click <a href=\"../docs/?path=docs/resources/resources.md\" title=\"Click to open\">Resources</a>.","type":"text/plain"},"url":{"path":["stopchkservice","stophold","stopChecks","secured"],"host":["{{baseUrl}}"],"query":[],"variable":[]},"header":[{"disabled":false,"description":"(Required) EFX Header is a common and required component for all API calls, it contains client-related parameters. Please note that the header parameters should be sent as a JSON object under the EFXHeader parameter. To view the list of header parameters, <a href=\"../docs?path=docs/api-ref-EFX-header.md\" title=\"Click to open\"> click here.</a>","key":"EFXHeader","value":"OrganizationId,<string>,TrnId,<string>,VendorId,<string>,Context,[object Object]"},{"key":"Content-Type","value":"application/json"},{"key":"Accept","value":"application/json"}],"method":"PUT","auth":null,"body":{"mode":"raw","raw":"{\n  \"StopChkKeys\": {\n    \"AcctKeys\": {\n      \"AcctId\": \"<string>\",\n      \"AcctType\": \"<string>\"\n    },\n    \"StopChkIdent\": \"<string>\"\n  }\n}","options":{"raw":{"language":"json"}}}},"response":[{"id":"fbcd5da9-9acb-43d2-94db-42c83f7f1811","name":"Success","originalRequest":{"url":{"path":["stopchkservice","stophold","stopChecks","secured"],"host":["{{baseUrl}}"],"query":[],"variable":[]},"header":[{"disabled":false,"description":"(Required) EFX Header is a common and required component for all API calls, it contains client-related parameters. Please note that the header parameters should be sent as a JSON object under the EFXHeader parameter. To view the list of header parameters, <a href=\"../docs?path=docs/api-ref-EFX-header.md\" title=\"Click to open\"> click here.</a>","key":"EFXHeader","value":"OrganizationId,<string>,TrnId,<string>,VendorId,<string>,Context,[object Object]"},{"key":"Accept","value":"application/json"}],"method":"PUT","body":{"mode":"raw","raw":"{\n  \"StopChkKeys\": {\n    \"AcctKeys\": {\n      \"AcctId\": \"<string>\",\n      \"AcctType\": \"<string>\"\n    },\n    \"StopChkIdent\": \"<string>\"\n  }\n}","options":{"raw":{"language":"json"}}}},"status":"OK","code":200,"header":[{"key":"Content-Type","value":"application/json"}],"body":"{\n  \"StopChkStatusRec\": {\n    \"StopChkKeys\": {\n      \"AcctKeys\": {\n        \"AcctId\": \"deserunt et quis tempor\",\n        \"AcctType\": \"DDA\"\n      }\n    },\n    \"StopChkStatus\": {\n      \"StopChkStatusCode\": \"Valid\",\n      \"EffDt\": \"4038-48-74T52:01:45.082-78:40\"\n    }\n  },\n  \"Status\": {\n    \"Severity\": \"Info\",\n    \"StatusCode\": \"ea L\",\n    \"StatusDesc\": \"id sint non\",\n    \"SvcProviderName\": \"nostrud dolor ea\",\n    \"Id\": \"aliqua ullamco\",\n    \"ServerStatusCode\": \"consectetur fugiat e\",\n    \"ServerStatusDesc\": \"proident enim aliquip\",\n    \"OvrdExceptionInd\": false,\n    \"SubjectRole\": \"ipsum \",\n    \"SubjectElement\": [\n      {\n        \"Path\": \"sit nisi commodo\",\n        \"ServerPath\": \"sint\",\n        \"Value\": \"quis dolor culpa\"\n      },\n      {\n        \"Path\": \"minim magna\",\n        \"ServerPath\": \"esse\",\n        \"Value\": \"Ut quis ad do\"\n      }\n    ],\n    \"ContentHTML\": \"qui labore\",\n    \"AdditionalStatus\": [\n      {\n        \"StatusCode\": \"proident ex\",\n        \"StatusDesc\": \"tempor labore adipisicing\",\n        \"Severity\": \"Error\",\n        \"SvcProviderName\": \"aliqua sunt mollit in\",\n        \"ServerStatusCode\": \"inc\",\n        \"ServerStatusDesc\": \"in\",\n        \"OvrdExceptionInd\": false,\n        \"SubjectElement\": [\n          {\n            \"Path\": \"elit consectetur dolor\",\n            \"ServerPath\": \"ipsum consectetur in deserunt\",\n            \"Value\": \"velit\"\n          },\n          {\n            \"Path\": \"ut quis magna\",\n            \"ServerPath\": \"id velit nisi culpa minim\",\n            \"Value\": \"mollit irure Ut\"\n          }\n        ]\n      },\n      {\n        \"StatusCode\": \"co\",\n        \"StatusDesc\": \"quis ullamco ut\",\n        \"Severity\": \"Info\",\n        \"SvcProviderName\": \"tempor sit aliqua\",\n        \"ServerStatusCode\": \"do ven\",\n        \"ServerStatusDesc\": \"occaecat consectetur fugiat minim\",\n        \"OvrdExceptionInd\": false,\n        \"SubjectElement\": [\n          {\n            \"Path\": \"in\",\n            \"ServerPath\": \"Excepteur voluptate\",\n            \"Value\": \"do in est ad\"\n          },\n          {\n            \"Path\": \"aute\",\n            \"ServerPath\": \"aliqua\",\n            \"Value\": \"in\"\n          }\n        ]\n      }\n    ]\n  }\n}","cookie":[],"_postman_previewlanguage":"json"},{"id":"54caa1ee-4735-40e9-b125-ea3c39590173","name":"To view the complete list of response codes, <a href=\"../docs/?path=docs/response-codes.md\" title=\"Click to open\">click here.</a>","originalRequest":{"url":{"path":["stopchkservice","stophold","stopChecks","secured"],"host":["{{baseUrl}}"],"query":[],"variable":[]},"header":[{"disabled":false,"description":"(Required) EFX Header is a common and required component for all API calls, it contains client-related parameters. Please note that the header parameters should be sent as a JSON object under the EFXHeader parameter. To view the list of header parameters, <a href=\"../docs?path=docs/api-ref-EFX-header.md\" title=\"Click to open\"> click here.</a>","key":"EFXHeader","value":"OrganizationId,<string>,TrnId,<string>,VendorId,<string>,Context,[object Object]"},{"key":"Accept","value":"application/json"}],"method":"PUT","body":{"mode":"raw","raw":"{\n  \"StopChkKeys\": {\n    \"AcctKeys\": {\n      \"AcctId\": \"<string>\",\n      \"AcctType\": \"<string>\"\n    },\n    \"StopChkIdent\": \"<string>\"\n  }\n}","options":{"raw":{"language":"json"}}}},"status":"Internal Server Error","code":500,"header":[{"key":"Content-Type","value":"application/json"}],"body":"{\n  \"StopChkStatusRec\": {\n    \"StopChkKeys\": {\n      \"AcctKeys\": {\n        \"AcctId\": \"deserunt et quis tempor\",\n        \"AcctType\": \"DDA\"\n      }\n    },\n    \"StopChkStatus\": {\n      \"StopChkStatusCode\": \"Valid\",\n      \"EffDt\": \"4038-48-74T52:01:45.082-78:40\"\n    }\n  },\n  \"Status\": {\n    \"Severity\": \"Info\",\n    \"StatusCode\": \"ea L\",\n    \"StatusDesc\": \"id sint non\",\n    \"SvcProviderName\": \"nostrud dolor ea\",\n    \"Id\": \"aliqua ullamco\",\n    \"ServerStatusCode\": \"consectetur fugiat e\",\n    \"ServerStatusDesc\": \"proident enim aliquip\",\n    \"OvrdExceptionInd\": false,\n    \"SubjectRole\": \"ipsum \",\n    \"SubjectElement\": [\n      {\n        \"Path\": \"sit nisi commodo\",\n        \"ServerPath\": \"sint\",\n        \"Value\": \"quis dolor culpa\"\n      },\n      {\n        \"Path\": \"minim magna\",\n        \"ServerPath\": \"esse\",\n        \"Value\": \"Ut quis ad do\"\n      }\n    ],\n    \"ContentHTML\": \"qui labore\",\n    \"AdditionalStatus\": [\n      {\n        \"StatusCode\": \"proident ex\",\n        \"StatusDesc\": \"tempor labore adipisicing\",\n        \"Severity\": \"Error\",\n        \"SvcProviderName\": \"aliqua sunt mollit in\",\n        \"ServerStatusCode\": \"inc\",\n        \"ServerStatusDesc\": \"in\",\n        \"OvrdExceptionInd\": false,\n        \"SubjectElement\": [\n          {\n            \"Path\": \"elit consectetur dolor\",\n            \"ServerPath\": \"ipsum consectetur in deserunt\",\n            \"Value\": \"velit\"\n          },\n          {\n            \"Path\": \"ut quis magna\",\n            \"ServerPath\": \"id velit nisi culpa minim\",\n            \"Value\": \"mollit irure Ut\"\n          }\n        ]\n      },\n      {\n        \"StatusCode\": \"co\",\n        \"StatusDesc\": \"quis ullamco ut\",\n        \"Severity\": \"Info\",\n        \"SvcProviderName\": \"tempor sit aliqua\",\n        \"ServerStatusCode\": \"do ven\",\n        \"ServerStatusDesc\": \"occaecat consectetur fugiat minim\",\n        \"OvrdExceptionInd\": false,\n        \"SubjectElement\": [\n          {\n            \"Path\": \"in\",\n            \"ServerPath\": \"Excepteur voluptate\",\n            \"Value\": \"do in est ad\"\n          },\n          {\n            \"Path\": \"aute\",\n            \"ServerPath\": \"aliqua\",\n            \"Value\": \"in\"\n          }\n        ]\n      }\n    ]\n  }\n}","cookie":[],"_postman_previewlanguage":"json"}],"event":[],"protocolProfileBehavior":{"disableBodyPruning":true}},{"id":"ddcf543f-3094-4fe2-b455-7a6d3d3529a1","name":"Get Stop Check.","request":{"name":"Get Stop Check.","description":{"content":"Get Stop Check API retrieves a single or list of stops placed on checks against the account.<br> <br> To download the API Specifications and Postman Collection, click <a href=\"../docs/?path=docs/resources/resources.md\" title=\"Click to open\">Resources</a>.","type":"text/plain"},"url":{"path":["stopchkservice","stophold","stopChecks","secured"],"host":["{{baseUrl}}"],"query":[],"variable":[]},"header":[{"disabled":false,"description":"(Required) EFX Header is a common and required component for all API calls, it contains client-related parameters. Please note that the header parameters should be sent as a JSON object under the EFXHeader parameter. To view the list of header parameters, <a href=\"../docs?path=docs/api-ref-EFX-header.md\" title=\"Click to open\"> click here.</a>","key":"EFXHeader","value":"OrganizationId,<string>,TrnId,<string>,VendorId,<string>,Context,[object Object]"},{"key":"Content-Type","value":"application/json"},{"key":"Accept","value":"application/json"}],"method":"POST","auth":null,"body":{"mode":"raw","raw":"{\n  \"StopChkSel\": {\n    \"AcctKeys\": {\n      \"AcctId\": \"<string>\",\n      \"AcctType\": \"<string>\"\n    }\n  }\n}","options":{"raw":{"language":"json"}}}},"response":[{"id":"10531eec-5394-490a-a8cf-98f4c9ee1afe","name":"Success","originalRequest":{"url":{"path":["stopchkservice","stophold","stopChecks","secured"],"host":["{{baseUrl}}"],"query":[],"variable":[]},"header":[{"disabled":false,"description":"(Required) EFX Header is a common and required component for all API calls, it contains client-related parameters. Please note that the header parameters should be sent as a JSON object under the EFXHeader parameter. To view the list of header parameters, <a href=\"../docs?path=docs/api-ref-EFX-header.md\" title=\"Click to open\"> click here.</a>","key":"EFXHeader","value":"OrganizationId,<string>,TrnId,<string>,VendorId,<string>,Context,[object Object]"},{"key":"Accept","value":"application/json"}],"method":"POST","body":{"mode":"raw","raw":"{\n  \"StopChkSel\": {\n    \"AcctKeys\": {\n      \"AcctId\": \"<string>\",\n      \"AcctType\": \"<string>\"\n    }\n  }\n}","options":{"raw":{"language":"json"}}}},"status":"OK","code":200,"header":[{"key":"Content-Type","value":"application/json"}],"body":"{\n  \"StopChkRec\": [\n    {\n      \"StopChkKeys\": {\n        \"AcctKeys\": {\n          \"AcctId\": \"<string>\",\n          \"AcctType\": \"<string>\"\n        },\n        \"StopChkIdent\": \"des\"\n      },\n      \"StopChkStatus\": {\n        \"StopChkStatusCode\": \"Valid\",\n        \"EffDt\": \"8880-57-26\"\n      }\n    },\n    {\n      \"StopChkKeys\": {\n        \"AcctKeys\": {\n          \"AcctId\": \"<string>\",\n          \"AcctType\": \"<string>\"\n        },\n        \"StopChkIdent\": \"incididunt dolor\"\n      },\n      \"StopChkStatus\": {\n        \"StopChkStatusCode\": \"Valid\",\n        \"EffDt\": \"1155-84-20T88:22:77-06:30\"\n      }\n    }\n  ],\n  \"Status\": {\n    \"Severity\": \"Warning\",\n    \"StatusCode\": \"exercitation et p\",\n    \"StatusDesc\": \"dolor ea\",\n    \"SvcProviderName\": \"exercitation\",\n    \"Id\": \"anim commodo minim exercitation\",\n    \"ServerStatusCode\": \"Lorem commodo i\",\n    \"ServerStatusDesc\": \"Duis esse\",\n    \"OvrdExceptionInd\": false,\n    \"SubjectRole\": \"irure reprehenderit\",\n    \"SubjectElement\": [\n      {\n        \"Path\": \"dolore magna anim exercitation\",\n        \"ServerPath\": \"dolor qui\",\n        \"Value\": \"in non\"\n      },\n      {\n        \"Path\": \"ullamco ea aliqua tempor\",\n        \"ServerPath\": \"nulla\",\n        \"Value\": \"incididunt reprehenderit su\"\n      }\n    ],\n    \"ContentHTML\": \"enim ullamco Excepteur dolore\",\n    \"AdditionalStatus\": [\n      {\n        \"StatusCode\": \"incididunt ea aut\",\n        \"StatusDesc\": \"consequat qui\",\n        \"Severity\": \"Error\",\n        \"SvcProviderName\": \"in ullamco\",\n        \"ServerStatusCode\": \"\",\n        \"ServerStatusDesc\": \"anim quis aliq\",\n        \"OvrdExceptionInd\": false,\n        \"SubjectElement\": [\n          {\n            \"Path\": \"eiusmod et\",\n            \"ServerPath\": \"cupidatat Excepteur dolore velit\",\n            \"Value\": \"pariatur commodo labore\"\n          },\n          {\n            \"Path\": \"est esse ad ut\",\n            \"ServerPath\": \"dolor pariatur\",\n            \"Value\": \"velit et culpa\"\n          }\n        ]\n      },\n      {\n        \"StatusCode\": \"id nulla \",\n        \"StatusDesc\": \"ea irure sed est ullamco\",\n        \"Severity\": \"Info\",\n        \"SvcProviderName\": \"cillum qui labore aliquip\",\n        \"ServerStatusCode\": \"ut officia\",\n        \"ServerStatusDesc\": \"commodo\",\n        \"OvrdExceptionInd\": false,\n        \"SubjectElement\": [\n          {\n            \"Path\": \"qui aliquip officia\",\n            \"ServerPath\": \"sed eu\",\n            \"Value\": \"tempor nulla qui in\"\n          },\n          {\n            \"Path\": \"ipsum\",\n            \"ServerPath\": \"officia\",\n            \"Value\": \"in ex amet\"\n          }\n        ]\n      }\n    ]\n  }\n}","cookie":[],"_postman_previewlanguage":"json"},{"id":"5c15771e-f124-4093-b3b1-f032e97e4580","name":"To view the complete list of response codes, <a href=\"../docs/?path=docs/response-codes.md\" title=\"Click to open\">click here.</a>","originalRequest":{"url":{"path":["stopchkservice","stophold","stopChecks","secured"],"host":["{{baseUrl}}"],"query":[],"variable":[]},"header":[{"disabled":false,"description":"(Required) EFX Header is a common and required component for all API calls, it contains client-related parameters. Please note that the header parameters should be sent as a JSON object under the EFXHeader parameter. To view the list of header parameters, <a href=\"../docs?path=docs/api-ref-EFX-header.md\" title=\"Click to open\"> click here.</a>","key":"EFXHeader","value":"OrganizationId,<string>,TrnId,<string>,VendorId,<string>,Context,[object Object]"},{"key":"Accept","value":"application/json"}],"method":"POST","body":{"mode":"raw","raw":"{\n  \"StopChkSel\": {\n    \"AcctKeys\": {\n      \"AcctId\": \"<string>\",\n      \"AcctType\": \"<string>\"\n    }\n  }\n}","options":{"raw":{"language":"json"}}}},"status":"Internal Server Error","code":500,"header":[{"key":"Content-Type","value":"application/json"}],"body":"{\n  \"StopChkRec\": [\n    {\n      \"StopChkKeys\": {\n        \"AcctKeys\": {\n          \"AcctId\": \"<string>\",\n          \"AcctType\": \"<string>\"\n        },\n        \"StopChkIdent\": \"reprehenderit ullamco\"\n      },\n      \"StopChkStatus\": {\n        \"StopChkStatusCode\": \"Valid\",\n        \"EffDt\": \"3734-10-78\"\n      }\n    },\n    {\n      \"StopChkKeys\": {\n        \"AcctKeys\": {\n          \"AcctId\": \"<string>\",\n          \"AcctType\": \"<string>\"\n        },\n        \"StopChkIdent\": \"nisi Excepteur ex dolor\"\n      },\n      \"StopChkStatus\": {\n        \"StopChkStatusCode\": \"Valid\",\n        \"EffDt\": \"4447-28-63\"\n      }\n    }\n  ],\n  \"Status\": {\n    \"Severity\": \"Warning\",\n    \"StatusCode\": \"non tempor re\",\n    \"StatusDesc\": \"Duis\",\n    \"SvcProviderName\": \"et Lorem\",\n    \"Id\": \"commodo dolor\",\n    \"ServerStatusCode\": \"cillum proident \",\n    \"ServerStatusDesc\": \"ea sit Ut\",\n    \"OvrdExceptionInd\": false,\n    \"SubjectRole\": \"cillum\",\n    \"SubjectElement\": [\n      {\n        \"Path\": \"quis tempor in aliquip\",\n        \"ServerPath\": \"sint enim veniam consectetur\",\n        \"Value\": \"magna pariatur\"\n      },\n      {\n        \"Path\": \"nostrud veniam nulla\",\n        \"ServerPath\": \"aliquip irure cupidatat\",\n        \"Value\": \"dolor laborum\"\n      }\n    ],\n    \"ContentHTML\": \"magna occaecat velit mollit\",\n    \"AdditionalStatus\": [\n      {\n        \"StatusCode\": \"reprehenderit \",\n        \"StatusDesc\": \"Duis dolor ut reprehenderit\",\n        \"Severity\": \"Info\",\n        \"SvcProviderName\": \"occaecat sint\",\n        \"ServerStatusCode\": \"tempor\",\n        \"ServerStatusDesc\": \"amet magna ut\",\n        \"OvrdExceptionInd\": true,\n        \"SubjectElement\": [\n          {\n            \"Path\": \"voluptate ut officia\",\n            \"ServerPath\": \"qui sed consequat\",\n            \"Value\": \"dolor amet irure in\"\n          },\n          {\n            \"Path\": \"Ut mollit\",\n            \"ServerPath\": \"labore est voluptate\",\n            \"Value\": \"non Ut amet\"\n          }\n        ]\n      },\n      {\n        \"StatusCode\": \"enim\",\n        \"StatusDesc\": \"aliquip id dolore\",\n        \"Severity\": \"Error\",\n        \"SvcProviderName\": \"officia\",\n        \"ServerStatusCode\": \"pr\",\n        \"ServerStatusDesc\": \"incididunt in ullamco\",\n        \"OvrdExceptionInd\": false,\n        \"SubjectElement\": [\n          {\n            \"Path\": \"p\",\n            \"ServerPath\": \"dolor dolo\",\n            \"Value\": \"aliqua qui\"\n          },\n          {\n            \"Path\": \"velit\",\n            \"ServerPath\": \"eiusmod velit eu\",\n            \"Value\": \"ulla\"\n          }\n        ]\n      }\n    ]\n  }\n}","cookie":[],"_postman_previewlanguage":"json"}],"event":[],"protocolProfileBehavior":{"disableBodyPruning":true}}],"event":[]}],"event":[]}],"event":[],"variable":[{"type":"string","value":"/","key":"baseUrl"}],"info":{"_postman_id":"acc0c5ad-6004-4ff9-8282-98a52444ac27","name":"Stop Check Service","schema":"https://schema.getpostman.com/json/collection/v2.1.0/collection.json","description":{"content":"Stop check is a request made to a financial institution to cancel a check or payment that is not being processed yet. <br>\n    The stop check service manages stop-check payments associated with the following product accounts: \n      -  Demand Deposit Account (DDA)\n      -  Saving Deposit Account (SDA)\n      -  Certificate of Deposit Account (CDA)\n      -  Loan Account (LOAN)","type":"text/plain"}}}