{"item":[{"id":"a10196e7-0423-4252-9d30-2af9682a02d6","name":"Get Branch","request":{"name":"Get Branch","description":{"content":"Get Branch API retrieves the branch-related information within the financial institutions such as branch name, address and the phone number.<br> <br> To download the API Specifications and Postman Collection, click <a href=\"../docs/?path=docs/resources/resources.md\" title=\"Click to open\">Resources</a>.","type":"text/plain"},"url":{"path":["branchservice","servicing","branch","secured"],"host":["{{baseUrl}}"],"query":[],"variable":[]},"header":[{"disabled":false,"description":"(Required) EFX Header is a common and required component for all API calls, it contains client-related parameters. Please note that the header parameters should be sent as a JSON object under the EFXHeader parameter. To view the list of header parameters, <a href=\"../docs?path=docs/api-ref-EFX-header.md\" title=\"Click to open\"> click here.</a>","key":"EFXHeader","value":"OrganizationId,<string>,TrnId,<string>,VendorId,<string>,Context,[object Object]"},{"key":"Content-Type","value":"application/json"},{"key":"Accept","value":"application/json"}],"method":"POST","auth":null,"body":{"mode":"raw","raw":"{\n  \"BranchSel\": {\n    \"RegionIdent\": \"<string>\"\n  },\n  \"RecCtrlIn\": {\n    \"MaxRecLimit\": \"<long>\",\n    \"Cursor\": \"<string>\"\n  }\n}","options":{"raw":{"language":"json"}}}},"response":[{"id":"586d95d5-eee2-431b-98a3-925b52c0b223","name":"Success","originalRequest":{"url":{"path":["branchservice","servicing","branch","secured"],"host":["{{baseUrl}}"],"query":[],"variable":[]},"header":[{"disabled":false,"description":"(Required) EFX Header is a common and required component for all API calls, it contains client-related parameters. Please note that the header parameters should be sent as a JSON object under the EFXHeader parameter. To view the list of header parameters, <a href=\"../docs?path=docs/api-ref-EFX-header.md\" title=\"Click to open\"> click here.</a>","key":"EFXHeader","value":"OrganizationId,<string>,TrnId,<string>,VendorId,<string>,Context,[object Object]"},{"key":"Accept","value":"application/json"}],"method":"POST","body":{"mode":"raw","raw":"{\n  \"BranchSel\": {\n    \"RegionIdent\": \"<string>\"\n  },\n  \"RecCtrlIn\": {\n    \"MaxRecLimit\": \"<long>\",\n    \"Cursor\": \"<string>\"\n  }\n}","options":{"raw":{"language":"json"}}}},"status":"OK","code":200,"header":[{"key":"Content-Type","value":"application/json"}],"body":"{\n  \"BranchRec\": [\n    {\n      \"BranchInfo\": {\n        \"RegionIdent\": \"voluptate laboris \",\n        \"BranchName\": \"velit eu non ea \",\n        \"PostAddr\": [\n          {\n            \"AddrUse\": \"Physical\",\n            \"Addr1\": \"enim cillum \",\n            \"Addr2\": \"tempor quis est magna\",\n            \"City\": \"ut laboris tempor dolor\",\n            \"StateProv\": \"mollit dolore\",\n            \"PostalCode\": \"sunt\"\n          },\n          {\n            \"AddrUse\": \"Physical\",\n            \"Addr1\": \"nulla ea velit consectet\",\n            \"Addr2\": \"ull\",\n            \"City\": \"ullamco a\",\n            \"StateProv\": \"amet dolor est elit\",\n            \"PostalCode\": \"est in do\"\n          }\n        ],\n        \"PhoneNum\": [\n          {\n            \"PhoneType\": \"Main\",\n            \"Phone\": \"eu anim ipsum nulla\",\n            \"CountryCode\": {}\n          },\n          {\n            \"PhoneType\": \"Main\",\n            \"Phone\": \"dolor in\",\n            \"CountryCode\": {}\n          }\n        ]\n      },\n      \"BranchKeys\": {\n        \"BranchIdent\": \"a\"\n      },\n      \"BranchStatus\": {\n        \"BranchStatusCode\": \"Valid\",\n        \"EffDt\": \"9203-52-72\"\n      }\n    },\n    {\n      \"BranchInfo\": {\n        \"RegionIdent\": \"aliqua \",\n        \"BranchName\": \"ex Lorem proid\",\n        \"PostAddr\": [\n          {\n            \"AddrUse\": \"Physical\",\n            \"Addr1\": \"est minim eu\",\n            \"Addr2\": \"labore laboris mollit \",\n            \"City\": \"proident cillum\",\n            \"StateProv\": \"laborum nostrud Ut enim elit\",\n            \"PostalCode\": \"offi\"\n          },\n          {\n            \"AddrUse\": \"Physical\",\n            \"Addr1\": \"et quis pariatur\",\n            \"Addr2\": \"labore ad ullamco\",\n            \"City\": \"commodo reprehenderit irure t\",\n            \"StateProv\": \"officia elit\",\n            \"PostalCode\": \"aute con\"\n          }\n        ],\n        \"PhoneNum\": [\n          {\n            \"PhoneType\": \"Main\",\n            \"Phone\": \"in officia commodo\",\n            \"CountryCode\": {}\n          },\n          {\n            \"PhoneType\": \"Main\",\n            \"Phone\": \"aliquip commodo Duis\",\n            \"CountryCode\": {}\n          }\n        ]\n      },\n      \"BranchKeys\": {\n        \"BranchIdent\": \"\"\n      },\n      \"BranchStatus\": {\n        \"BranchStatusCode\": \"Valid\",\n        \"EffDt\": \"6140-93-32T90:27:63.569-71:52\"\n      }\n    }\n  ],\n  \"Status\": {\n    \"Severity\": \"Error\",\n    \"StatusCode\": \"al\",\n    \"StatusDesc\": \"culpa ut\",\n    \"SvcProviderName\": \"nulla sit mollit in deserunt\",\n    \"Id\": \"nisi\",\n    \"ServerStatusCode\": \"consectetur est \",\n    \"ServerStatusDesc\": \"officia nisi do\",\n    \"OvrdExceptionInd\": false,\n    \"SubjectRole\": \"dolor ullamco ea enim eiusmod\",\n    \"SubjectElement\": [\n      {\n        \"Path\": \"culpa exercitation\",\n        \"ServerPath\": \"voluptate Lorem sint Excepteu\",\n        \"Value\": \"exercitation\"\n      },\n      {\n        \"Path\": \"exercitation aute\",\n        \"ServerPath\": \"ex qui aliqua dolore\",\n        \"Value\": \"nostrud sint deserunt\"\n      }\n    ],\n    \"ContentHTML\": \"occaecat non\",\n    \"AdditionalStatus\": [\n      {\n        \"StatusCode\": \"aliqua\",\n        \"StatusDesc\": \"elit occaecat culpa et aliqua\",\n        \"Severity\": \"Info\",\n        \"SvcProviderName\": \"nostrud sunt aute ipsum\",\n        \"ServerStatusCode\": \"reprehe\",\n        \"ServerStatusDesc\": \"mollit incididunt esse id aute\",\n        \"OvrdExceptionInd\": true,\n        \"SubjectElement\": [\n          {\n            \"Path\": \"commodo nostrud Duis ipsum\",\n            \"ServerPath\": \"fugiat veniam do qui nostrud\",\n            \"Value\": \"aliquip sint aliqua culpa\"\n          },\n          {\n            \"Path\": \"fugiat minim commodo\",\n            \"ServerPath\": \"in ut dolore\",\n            \"Value\": \"aute ipsum\"\n          }\n        ]\n      },\n      {\n        \"StatusCode\": \"aut\",\n        \"StatusDesc\": \"minim ea occaecat aliqua\",\n        \"Severity\": \"Warning\",\n        \"SvcProviderName\": \"reprehenderit est\",\n        \"ServerStatusCode\": \"ad laborum e\",\n        \"ServerStatusDesc\": \"Excepteur amet Ut incididunt\",\n        \"OvrdExceptionInd\": true,\n        \"SubjectElement\": [\n          {\n            \"Path\": \"pariatur incididunt dolor aliqua\",\n            \"ServerPath\": \"magna ex\",\n            \"Value\": \"fugiat nisi dolore dolor\"\n          },\n          {\n            \"Path\": \"aliqua nisi\",\n            \"ServerPath\": \"proident ut cillum\",\n            \"Value\": \"ut sit tempor exercitation ex\"\n          }\n        ]\n      }\n    ]\n  },\n  \"RecCtrlOut\": {\n    \"SentRecCount\": 98115155,\n    \"Cursor\": \"cillum\"\n  }\n}","cookie":[],"_postman_previewlanguage":"json"},{"id":"cea82f16-5eb9-4e35-95ef-bf2137dd6313","name":"To view the complete list of response codes, <a href=\"../docs/?path=docs/response-codes.md\" title=\"Click to open\">click here.</a>","originalRequest":{"url":{"path":["branchservice","servicing","branch","secured"],"host":["{{baseUrl}}"],"query":[],"variable":[]},"header":[{"disabled":false,"description":"(Required) EFX Header is a common and required component for all API calls, it contains client-related parameters. Please note that the header parameters should be sent as a JSON object under the EFXHeader parameter. To view the list of header parameters, <a href=\"../docs?path=docs/api-ref-EFX-header.md\" title=\"Click to open\"> click here.</a>","key":"EFXHeader","value":"OrganizationId,<string>,TrnId,<string>,VendorId,<string>,Context,[object Object]"},{"key":"Accept","value":"application/json"}],"method":"POST","body":{"mode":"raw","raw":"{\n  \"BranchSel\": {\n    \"RegionIdent\": \"<string>\"\n  },\n  \"RecCtrlIn\": {\n    \"MaxRecLimit\": \"<long>\",\n    \"Cursor\": \"<string>\"\n  }\n}","options":{"raw":{"language":"json"}}}},"status":"Internal Server Error","code":500,"header":[{"key":"Content-Type","value":"application/json"}],"body":"{\n  \"BranchRec\": [\n    {\n      \"BranchInfo\": {\n        \"RegionIdent\": \"l\",\n        \"BranchName\": \"esse sit enim ad\",\n        \"PostAddr\": [\n          {\n            \"AddrUse\": \"Physical\",\n            \"Addr1\": \"ex laboris\",\n            \"Addr2\": \"id cupidatat\",\n            \"City\": \"et irure aliq\",\n            \"StateProv\": \"ut exercitation consequat\",\n            \"PostalCode\": \"magn\"\n          },\n          {\n            \"AddrUse\": \"Physical\",\n            \"Addr1\": \"enim voluptate labore sed\",\n            \"Addr2\": \"adipisicing elit conseq\",\n            \"City\": \"Ut \",\n            \"StateProv\": \"non elit sed\",\n            \"PostalCode\": \"reprehe\"\n          }\n        ],\n        \"PhoneNum\": [\n          {\n            \"PhoneType\": \"Main\",\n            \"Phone\": \"tempor\",\n            \"CountryCode\": {}\n          },\n          {\n            \"PhoneType\": \"Main\",\n            \"Phone\": \"deserunt commodo magna occaecat\",\n            \"CountryCode\": {}\n          }\n        ]\n      },\n      \"BranchKeys\": {\n        \"BranchIdent\": \"ea aliqua\"\n      },\n      \"BranchStatus\": {\n        \"BranchStatusCode\": \"Valid\",\n        \"EffDt\": \"7763-64-20\"\n      }\n    },\n    {\n      \"BranchInfo\": {\n        \"RegionIdent\": \"ut comm\",\n        \"BranchName\": \"veniam sint dolor\",\n        \"PostAddr\": [\n          {\n            \"AddrUse\": \"Physical\",\n            \"Addr1\": \"do mollit elit\",\n            \"Addr2\": \"labore sed reprehenderit\",\n            \"City\": \"ut eu aute\",\n            \"StateProv\": \"ut \",\n            \"PostalCode\": \"eu a\"\n          },\n          {\n            \"AddrUse\": \"Physical\",\n            \"Addr1\": \"ipsum et ullamco\",\n            \"Addr2\": \"Excepteur adipisicing ullamco ut\",\n            \"City\": \"consequat\",\n            \"StateProv\": \"proident ex\",\n            \"PostalCode\": \"exe\"\n          }\n        ],\n        \"PhoneNum\": [\n          {\n            \"PhoneType\": \"Main\",\n            \"Phone\": \"in nisi ex ea\",\n            \"CountryCode\": {}\n          },\n          {\n            \"PhoneType\": \"Main\",\n            \"Phone\": \"ut irure enim in\",\n            \"CountryCode\": {}\n          }\n        ]\n      },\n      \"BranchKeys\": {\n        \"BranchIdent\": \"aute eli\"\n      },\n      \"BranchStatus\": {\n        \"BranchStatusCode\": \"Valid\",\n        \"EffDt\": \"9342-78-92T83:15:13\"\n      }\n    }\n  ],\n  \"Status\": {\n    \"Severity\": \"Info\",\n    \"StatusCode\": \"est velit\",\n    \"StatusDesc\": \"ad cupidatat\",\n    \"SvcProviderName\": \"id cupidatat\",\n    \"Id\": \"veniam\",\n    \"ServerStatusCode\": \"laborum\",\n    \"ServerStatusDesc\": \"magna minim\",\n    \"OvrdExceptionInd\": true,\n    \"SubjectRole\": \"commodo in Excepteur officia exercitation\",\n    \"SubjectElement\": [\n      {\n        \"Path\": \"sit\",\n        \"ServerPath\": \"Ut\",\n        \"Value\": \"velit ut commodo qui\"\n      },\n      {\n        \"Path\": \"in magna nulla\",\n        \"ServerPath\": \"Lorem Excepteur sunt incididunt\",\n        \"Value\": \"consequat elit tempor nulla\"\n      }\n    ],\n    \"ContentHTML\": \"nulla incididunt eu exercitation\",\n    \"AdditionalStatus\": [\n      {\n        \"StatusCode\": \"ut \",\n        \"StatusDesc\": \"veniam exercitation\",\n        \"Severity\": \"Error\",\n        \"SvcProviderName\": \"consequat mollit\",\n        \"ServerStatusCode\": \"anim eu\",\n        \"ServerStatusDesc\": \"nostrud Duis esse\",\n        \"OvrdExceptionInd\": false,\n        \"SubjectElement\": [\n          {\n            \"Path\": \"tempor proident consequat\",\n            \"ServerPath\": \"c\",\n            \"Value\": \"ut eiusmod\"\n          },\n          {\n            \"Path\": \"consequat\",\n            \"ServerPath\": \"non\",\n            \"Value\": \"eu Excepteur eiusmod dolore\"\n          }\n        ]\n      },\n      {\n        \"StatusCode\": \"in s\",\n        \"StatusDesc\": \"aliqua Excepteur sint cillum minim\",\n        \"Severity\": \"Warning\",\n        \"SvcProviderName\": \"laboris in labore nisi\",\n        \"ServerStatusCode\": \"nostrud \",\n        \"ServerStatusDesc\": \"magna anim consequat fugiat esse\",\n        \"OvrdExceptionInd\": true,\n        \"SubjectElement\": [\n          {\n            \"Path\": \"do labore reprehenderit ea et\",\n            \"ServerPath\": \"exercitation\",\n            \"Value\": \"enim dolor ut\"\n          },\n          {\n            \"Path\": \"sed ut Ut laboris velit\",\n            \"ServerPath\": \"laboris labore ad cupidatat\",\n            \"Value\": \"non pariatur\"\n          }\n        ]\n      }\n    ]\n  },\n  \"RecCtrlOut\": {\n    \"SentRecCount\": 36418049,\n    \"Cursor\": \"aliquip amet non\"\n  }\n}","cookie":[],"_postman_previewlanguage":"json"}],"event":[],"protocolProfileBehavior":{"disableBodyPruning":true}}],"event":[],"variable":[{"type":"string","value":"/","key":"baseUrl"}],"info":{"_postman_id":"496203d6-51ee-4347-9cbf-9bfa57afbcbf","name":"Branch Service","schema":"https://schema.getpostman.com/json/collection/v2.1.0/collection.json","description":{"content":"The branch service supports operations to manage branch information.","type":"text/plain"}}}