{"item":[{"id":"136abde8-389d-450f-937d-52ee294cf5ae","name":"Get Product Specifications Secured","request":{"name":"Get Product Specifications Secured","description":{"content":"Get Product Specification API retrieves details about the product specified in the 'ProductId' field.<br>In Cleartouch, this API retrieves the information for Checking, Savings, Card, Certificate, and Consumer loan products.<br> <br> To download the API Specifications and Postman Collection, click <a href=\"../docs/?path=docs/resources/resources.md\" title=\"Click to open\">Resources</a>.","type":"text/plain"},"url":{"path":["prodspecservice","servicing","prodspec","secured"],"host":["{{baseUrl}}"],"query":[],"variable":[]},"header":[{"disabled":false,"description":"(Required) EFX Header is a common and required component for all API calls, it contains client-related parameters. Please note that the header parameters should be sent as a JSON object under the EFXHeader parameter. To view the list of header parameters, <a href=\"../docs?path=docs/api-ref-EFX-header.md\" title=\"Click to open\"> click here.</a>","key":"EFXHeader","value":"OrganizationId,<string>,TrnId,<string>,VendorId,<string>,Context,[object Object]"},{"key":"Content-Type","value":"application/json"},{"key":"Accept","value":"application/json"}],"method":"POST","auth":null,"body":{"mode":"raw","raw":"{\n  \"ProdSpecSel\": {\n    \"ProdSpecKeys\": {\n      \"ProductIdent\": \"<string>\",\n      \"AcctType\": \"<string>\"\n    }\n  }\n}","options":{"raw":{"language":"json"}}}},"response":[{"id":"1fb8351c-b541-4e1e-8ada-200250e25a11","name":"Success","originalRequest":{"url":{"path":["prodspecservice","servicing","prodspec","secured"],"host":["{{baseUrl}}"],"query":[],"variable":[]},"header":[{"disabled":false,"description":"(Required) EFX Header is a common and required component for all API calls, it contains client-related parameters. Please note that the header parameters should be sent as a JSON object under the EFXHeader parameter. To view the list of header parameters, <a href=\"../docs?path=docs/api-ref-EFX-header.md\" title=\"Click to open\"> click here.</a>","key":"EFXHeader","value":"OrganizationId,<string>,TrnId,<string>,VendorId,<string>,Context,[object Object]"},{"key":"Accept","value":"application/json"}],"method":"POST","body":{"mode":"raw","raw":"{\n  \"ProdSpecSel\": {\n    \"ProdSpecKeys\": {\n      \"ProductIdent\": \"<string>\",\n      \"AcctType\": \"<string>\"\n    }\n  }\n}","options":{"raw":{"language":"json"}}}},"status":"OK","code":200,"header":[{"key":"Content-Type","value":"application/json"}],"body":"{\n  \"ProdSpecRec\": {\n    \"ProdSpecKeys\": {\n      \"ProductIdent\": \"tempor eu\",\n      \"AcctType\": \"DDA\"\n    },\n    \"ProdSpecStatus\": {\n      \"ProdSpecStatusCode\": \"Valid\",\n      \"EffDt\": \"5905-25-21T91:15:28.140-83:75\"\n    },\n    \"DepositProdSpecInfo\": {\n      \"IsEnabledInd\": false,\n      \"ProdType\": \"minim ullamco tempor\",\n      \"Desc\": \"elit amet occaecat\",\n      \"ProductDtlStatus\": \"Inactive\",\n      \"AcctType\": \"CDA\",\n      \"MinIssueAmt\": {\n        \"Amt\": -64536869.30417915,\n        \"CurCode\": {\n          \"CurCodeValue\": \"sed qui\",\n          \"CurCodeType\": \"ISO4217-Alpha\"\n        }\n      },\n      \"Term\": {\n        \"TermUnits\": \"Months\",\n        \"Count\": 7959735\n      },\n      \"IntAPY\": 65658308.27389875,\n      \"Rate\": 91932760.61688462,\n      \"IntRateData\": {\n        \"RateMatrixTier\": [\n          {\n            \"LowCurAmt\": {\n              \"value\": \"<Error: Too many levels of nesting to fake this schema>\"\n            },\n            \"Rate\": {\n              \"value\": \"<Error: Too many levels of nesting to fake this schema>\"\n            },\n            \"MarginType\": {\n              \"value\": \"<Error: Too many levels of nesting to fake this schema>\"\n            },\n            \"Margin\": {\n              \"value\": \"<Error: Too many levels of nesting to fake this schema>\"\n            },\n            \"IntAPY\": {\n              \"value\": \"<Error: Too many levels of nesting to fake this schema>\"\n            },\n            \"BranchIdent\": {\n              \"value\": \"<Error: Too many levels of nesting to fake this schema>\"\n            }\n          },\n          {\n            \"LowCurAmt\": {\n              \"value\": \"<Error: Too many levels of nesting to fake this schema>\"\n            },\n            \"Rate\": {\n              \"value\": \"<Error: Too many levels of nesting to fake this schema>\"\n            },\n            \"MarginType\": {\n              \"value\": \"<Error: Too many levels of nesting to fake this schema>\"\n            },\n            \"Margin\": {\n              \"value\": \"<Error: Too many levels of nesting to fake this schema>\"\n            },\n            \"IntAPY\": {\n              \"value\": \"<Error: Too many levels of nesting to fake this schema>\"\n            },\n            \"BranchIdent\": {\n              \"value\": \"<Error: Too many levels of nesting to fake this schema>\"\n            }\n          }\n        ]\n      }\n    },\n    \"LoanProdSpecInfo\": {\n      \"IsEnabledInd\": false,\n      \"ProdType\": \"Ut dolore aliqua officia\",\n      \"Desc\": \"in do nulla\",\n      \"ProductDtlStatus\": \"Active\",\n      \"AcctType\": \"LOC\",\n      \"Term\": {\n        \"TermUnits\": \"Days\",\n        \"Count\": 47400692\n      },\n      \"IntRateData\": {\n        \"AccrualMethod\": \"AmortizedAdvance\"\n      },\n      \"MaturityOption\": \"PayInFull\",\n      \"RateChangeData\": [\n        {\n          \"RateChangeControl\": \"esse\"\n        },\n        {\n          \"RateChangeControl\": \"dolore exercitation est et\"\n        }\n      ],\n      \"AcctMajorType\": \"PersonalLineOfCredit\",\n      \"AcctMajorTypeEnumDesc\": \"dolor in v\",\n      \"InterestBilling\": {\n        \"IntBillingType\": \"Fixed\"\n      },\n      \"PmtSched\": [\n        {\n          \"RecurModel\": {\n            \"RecurRule\": {\n              \"value\": \"<Error: Too many levels of nesting to fake this schema>\"\n            }\n          },\n          \"PmtAmtOption\": \"CalculatedInterest\"\n        },\n        {\n          \"RecurModel\": {\n            \"RecurRule\": {\n              \"value\": \"<Error: Too many levels of nesting to fake this schema>\"\n            }\n          },\n          \"PmtAmtOption\": \"IrregularPaymentSchedule\"\n        }\n      ]\n    },\n    \"CardProdSpecInfo\": {\n      \"CardType\": \"laboris magna incididunt tempor velit\",\n      \"ProductIdent\": \"culpa non\",\n      \"Desc\": \"sint non\",\n      \"CardDtlStatus\": \"dolore Lorem mollit labore ex\"\n    }\n  },\n  \"Status\": {\n    \"Severity\": \"Error\",\n    \"StatusCode\": \"vel\",\n    \"StatusDesc\": \"velit Duis ea enim\",\n    \"SvcProviderName\": \"dolore\",\n    \"Id\": \"in proident commodo elit labor\",\n    \"ServerStatusCode\": \"volu\",\n    \"ServerStatusDesc\": \"anim sun\",\n    \"OvrdExceptionInd\": false,\n    \"SubjectRole\": \"amet aliqua enim velit ea\",\n    \"SubjectElement\": [\n      {\n        \"Path\": \"consectetur veniam enim\",\n        \"ServerPath\": \"velit Duis enim exercitation\",\n        \"Value\": \"ea Excepteur quis tempor\"\n      },\n      {\n        \"Path\": \"in\",\n        \"ServerPath\": \"Lorem\",\n        \"Value\": \"ea ut\"\n      }\n    ],\n    \"ContentHTML\": \"consectetur cupidatat deserunt nulla ullamco\",\n    \"AdditionalStatus\": [\n      {\n        \"StatusCode\": \"ex velit ip\",\n        \"StatusDesc\": \"velit Ut\",\n        \"Severity\": \"Warning\",\n        \"SvcProviderName\": \"qui magna pariatur\",\n        \"ServerStatusCode\": \"nisi\",\n        \"ServerStatusDesc\": \"occaecat aliqua esse dolore\",\n        \"OvrdExceptionInd\": false,\n        \"SubjectElement\": [\n          {\n            \"Path\": \"consequat sit nostrud occaecat\",\n            \"ServerPath\": \"et nostrud ea dolor\",\n            \"Value\": \"aute eiusmod culpa ad\"\n          },\n          {\n            \"Path\": \"sed eiusmod ad\",\n            \"ServerPath\": \"non pariatur\",\n            \"Value\": \"nulla proident exercitation esse aute\"\n          }\n        ]\n      },\n      {\n        \"StatusCode\": \"dolor fugiat \",\n        \"StatusDesc\": \"veniam ea ad tempor in\",\n        \"Severity\": \"Warning\",\n        \"SvcProviderName\": \"sed\",\n        \"ServerStatusCode\": \"\",\n        \"ServerStatusDesc\": \"reprehenderit\",\n        \"OvrdExceptionInd\": true,\n        \"SubjectElement\": [\n          {\n            \"Path\": \"reprehenderit est\",\n            \"ServerPath\": \"et ut aute esse\",\n            \"Value\": \"minim exercitation fugiat\"\n          },\n          {\n            \"Path\": \"dolor ut\",\n            \"ServerPath\": \"voluptate eiusmod irure esse\",\n            \"Value\": \"ut quis commodo\"\n          }\n        ]\n      }\n    ]\n  }\n}","cookie":[],"_postman_previewlanguage":"json"},{"id":"4d3526e1-d55c-4cef-bb03-f192b5bba994","name":"To view the complete list of response codes, <a href=\"../docs/?path=docs/response-codes.md\" title=\"Click to open\">click here.</a>","originalRequest":{"url":{"path":["prodspecservice","servicing","prodspec","secured"],"host":["{{baseUrl}}"],"query":[],"variable":[]},"header":[{"disabled":false,"description":"(Required) EFX Header is a common and required component for all API calls, it contains client-related parameters. Please note that the header parameters should be sent as a JSON object under the EFXHeader parameter. To view the list of header parameters, <a href=\"../docs?path=docs/api-ref-EFX-header.md\" title=\"Click to open\"> click here.</a>","key":"EFXHeader","value":"OrganizationId,<string>,TrnId,<string>,VendorId,<string>,Context,[object Object]"},{"key":"Accept","value":"application/json"}],"method":"POST","body":{"mode":"raw","raw":"{\n  \"ProdSpecSel\": {\n    \"ProdSpecKeys\": {\n      \"ProductIdent\": \"<string>\",\n      \"AcctType\": \"<string>\"\n    }\n  }\n}","options":{"raw":{"language":"json"}}}},"status":"Internal Server Error","code":500,"header":[{"key":"Content-Type","value":"application/json"}],"body":"{\n  \"ProdSpecRec\": {\n    \"ProdSpecKeys\": {\n      \"ProductIdent\": \"minim eu dolor\",\n      \"AcctType\": \"DDA\"\n    },\n    \"ProdSpecStatus\": {\n      \"ProdSpecStatusCode\": \"Valid\",\n      \"EffDt\": \"4787-90-41T10:09:91\"\n    },\n    \"DepositProdSpecInfo\": {\n      \"IsEnabledInd\": true,\n      \"ProdType\": \"amet cupidatat sed commodo eiusmod\",\n      \"Desc\": \"esse et culpa\",\n      \"ProductDtlStatus\": \"Active\",\n      \"AcctType\": \"DDA\",\n      \"MinIssueAmt\": {\n        \"Amt\": -74827477.97249986,\n        \"CurCode\": {\n          \"CurCodeValue\": \"tempor sunt\",\n          \"CurCodeType\": \"ISO4217-Alpha\"\n        }\n      },\n      \"Term\": {\n        \"TermUnits\": \"Months\",\n        \"Count\": -18699632\n      },\n      \"IntAPY\": -26420854.389237374,\n      \"Rate\": -44921747.58712548,\n      \"IntRateData\": {\n        \"RateMatrixTier\": [\n          {\n            \"LowCurAmt\": {\n              \"value\": \"<Error: Too many levels of nesting to fake this schema>\"\n            },\n            \"Rate\": {\n              \"value\": \"<Error: Too many levels of nesting to fake this schema>\"\n            },\n            \"MarginType\": {\n              \"value\": \"<Error: Too many levels of nesting to fake this schema>\"\n            },\n            \"Margin\": {\n              \"value\": \"<Error: Too many levels of nesting to fake this schema>\"\n            },\n            \"IntAPY\": {\n              \"value\": \"<Error: Too many levels of nesting to fake this schema>\"\n            },\n            \"BranchIdent\": {\n              \"value\": \"<Error: Too many levels of nesting to fake this schema>\"\n            }\n          },\n          {\n            \"LowCurAmt\": {\n              \"value\": \"<Error: Too many levels of nesting to fake this schema>\"\n            },\n            \"Rate\": {\n              \"value\": \"<Error: Too many levels of nesting to fake this schema>\"\n            },\n            \"MarginType\": {\n              \"value\": \"<Error: Too many levels of nesting to fake this schema>\"\n            },\n            \"Margin\": {\n              \"value\": \"<Error: Too many levels of nesting to fake this schema>\"\n            },\n            \"IntAPY\": {\n              \"value\": \"<Error: Too many levels of nesting to fake this schema>\"\n            },\n            \"BranchIdent\": {\n              \"value\": \"<Error: Too many levels of nesting to fake this schema>\"\n            }\n          }\n        ]\n      }\n    },\n    \"LoanProdSpecInfo\": {\n      \"IsEnabledInd\": true,\n      \"ProdType\": \"minim sit\",\n      \"Desc\": \"pariatu\",\n      \"ProductDtlStatus\": \"Active\",\n      \"AcctType\": \"LOC\",\n      \"Term\": {\n        \"TermUnits\": \"Years\",\n        \"Count\": 22017022\n      },\n      \"IntRateData\": {\n        \"AccrualMethod\": \"Actuarial\"\n      },\n      \"MaturityOption\": \"RollToRepay\",\n      \"RateChangeData\": [\n        {\n          \"RateChangeControl\": \"Duis sit pariatur\"\n        },\n        {\n          \"RateChangeControl\": \"fugiat laboris consequat sunt reprehenderit\"\n        }\n      ],\n      \"AcctMajorType\": \"PersonalLineOfCredit\",\n      \"AcctMajorTypeEnumDesc\": \"reprehenderit\",\n      \"InterestBilling\": {\n        \"IntBillingType\": \"BillingDate\"\n      },\n      \"PmtSched\": [\n        {\n          \"RecurModel\": {\n            \"RecurRule\": {\n              \"value\": \"<Error: Too many levels of nesting to fake this schema>\"\n            }\n          },\n          \"PmtAmtOption\": \"IrregularPaymentSchedule\"\n        },\n        {\n          \"RecurModel\": {\n            \"RecurRule\": {\n              \"value\": \"<Error: Too many levels of nesting to fake this schema>\"\n            }\n          },\n          \"PmtAmtOption\": \"IrregularPaymentSchedule\"\n        }\n      ]\n    },\n    \"CardProdSpecInfo\": {\n      \"CardType\": \"ea\",\n      \"ProductIdent\": \"aliqua\",\n      \"Desc\": \"cupidatat enim\",\n      \"CardDtlStatus\": \"aliqua cillum deserunt\"\n    }\n  },\n  \"Status\": {\n    \"Severity\": \"Info\",\n    \"StatusCode\": \"deserunt dolore non\",\n    \"StatusDesc\": \"ullamco exercitation\",\n    \"SvcProviderName\": \"amet\",\n    \"Id\": \"eu ullamco\",\n    \"ServerStatusCode\": \"nisi ut cu\",\n    \"ServerStatusDesc\": \"labore\",\n    \"OvrdExceptionInd\": true,\n    \"SubjectRole\": \"pariatur\",\n    \"SubjectElement\": [\n      {\n        \"Path\": \"est eu cillum ut\",\n        \"ServerPath\": \"aliqua consectetur\",\n        \"Value\": \"qui nulla cupidatat aute\"\n      },\n      {\n        \"Path\": \"occaecat elit minim sit\",\n        \"ServerPath\": \"esse in\",\n        \"Value\": \"magna esse\"\n      }\n    ],\n    \"ContentHTML\": \"dolore ut\",\n    \"AdditionalStatus\": [\n      {\n        \"StatusCode\": \"mollit\",\n        \"StatusDesc\": \"veniam reprehenderit deserunt ut\",\n        \"Severity\": \"Info\",\n        \"SvcProviderName\": \"ad anim ex nulla qui\",\n        \"ServerStatusCode\": \"deserunt in consequa\",\n        \"ServerStatusDesc\": \"eu\",\n        \"OvrdExceptionInd\": false,\n        \"SubjectElement\": [\n          {\n            \"Path\": \"elit mollit et occaecat sed\",\n            \"ServerPath\": \"id ullamco sint\",\n            \"Value\": \"Duis ad c\"\n          },\n          {\n            \"Path\": \"tempor sint mollit\",\n            \"ServerPath\": \"officia et ex consequat ullamco\",\n            \"Value\": \"enim minim aliqua in\"\n          }\n        ]\n      },\n      {\n        \"StatusCode\": \"ea sint\",\n        \"StatusDesc\": \"labore fugiat culpa\",\n        \"Severity\": \"Error\",\n        \"SvcProviderName\": \"nisi minim in est\",\n        \"ServerStatusCode\": \"nisi enim anim \",\n        \"ServerStatusDesc\": \"laboris\",\n        \"OvrdExceptionInd\": true,\n        \"SubjectElement\": [\n          {\n            \"Path\": \"reprehenderit\",\n            \"ServerPath\": \"pariatur non aute\",\n            \"Value\": \"reprehenderit\"\n          },\n          {\n            \"Path\": \"eiusmod magna officia consequat sit\",\n            \"ServerPath\": \"laborum tempor\",\n            \"Value\": \"incididunt\"\n          }\n        ]\n      }\n    ]\n  }\n}","cookie":[],"_postman_previewlanguage":"json"}],"event":[],"protocolProfileBehavior":{"disableBodyPruning":true}}],"event":[],"variable":[{"type":"string","value":"/","key":"baseUrl"}],"info":{"_postman_id":"0d3973b8-df95-45e5-a79a-74d3f69cd3ac","name":"Product Specification Service","schema":"https://schema.getpostman.com/json/collection/v2.1.0/collection.json","description":{"content":"The Product Specification service supports an inquiry operation to retrieve the specification of a product. The information of a product specification is used for product offerings, new account disclosures and the creation of new accounts.","type":"text/plain"}}}