{"item":[{"id":"a8bfcc27-972a-4bee-aac9-716be47ac453","name":"Get Product Specifications Secured","request":{"name":"Get Product Specifications Secured","description":{"content":"Get Product Specification API retrieves details about the product specified in the 'ProductId' field.<br>In Cleartouch, this API retrieves the information for Checking, Savings, Card, Certificate, and Consumer loan products.<br> <br> To download the API Specifications and Postman Collection, click <a href=\"../docs/?path=docs/resources/resources.md\" title=\"Click to open\">Resources</a>.","type":"text/plain"},"url":{"path":["prodspecservice","servicing","prodspec","secured"],"host":["{{baseUrl}}"],"query":[],"variable":[]},"header":[{"disabled":false,"description":"(Required) EFX Header is a common and required component for all API calls, it contains client-related parameters. Please note that the header parameters should be sent as a JSON object under the EFXHeader parameter. To view the list of header parameters, <a href=\"../docs?path=docs/api-ref-EFX-header.md\" title=\"Click to open\"> click here.</a>","key":"EFXHeader","value":"OrganizationId,<string>,TrnId,<string>,VendorId,<string>,Context,[object Object]"},{"key":"Content-Type","value":"application/json"},{"key":"Accept","value":"application/json"}],"method":"POST","auth":null,"body":{"mode":"raw","raw":"{\n  \"ProdSpecSel\": {\n    \"ProdSpecKeys\": {\n      \"ProductIdent\": \"<string>\",\n      \"AcctType\": \"<string>\"\n    }\n  }\n}","options":{"raw":{"language":"json"}}}},"response":[{"id":"e3b36d74-3898-4385-92c4-061be92ee272","name":"Success","originalRequest":{"url":{"path":["prodspecservice","servicing","prodspec","secured"],"host":["{{baseUrl}}"],"query":[],"variable":[]},"header":[{"disabled":false,"description":"(Required) EFX Header is a common and required component for all API calls, it contains client-related parameters. Please note that the header parameters should be sent as a JSON object under the EFXHeader parameter. To view the list of header parameters, <a href=\"../docs?path=docs/api-ref-EFX-header.md\" title=\"Click to open\"> click here.</a>","key":"EFXHeader","value":"OrganizationId,<string>,TrnId,<string>,VendorId,<string>,Context,[object Object]"},{"key":"Accept","value":"application/json"}],"method":"POST","body":{"mode":"raw","raw":"{\n  \"ProdSpecSel\": {\n    \"ProdSpecKeys\": {\n      \"ProductIdent\": \"<string>\",\n      \"AcctType\": \"<string>\"\n    }\n  }\n}","options":{"raw":{"language":"json"}}}},"status":"OK","code":200,"header":[{"key":"Content-Type","value":"application/json"}],"body":"{\n  \"ProdSpecRec\": {\n    \"ProdSpecKeys\": {\n      \"ProductIdent\": \"sunt\",\n      \"AcctType\": \"CDA\"\n    },\n    \"ProdSpecStatus\": {\n      \"ProdSpecStatusCode\": \"Valid\",\n      \"EffDt\": \"2101-12-80T06:39:70\"\n    },\n    \"DepositProdSpecInfo\": {\n      \"IsEnabledInd\": false,\n      \"ProdType\": \"aute in\",\n      \"Desc\": \"ut Excepteur\",\n      \"ProductDtlStatus\": \"Active\",\n      \"AcctType\": \"SDA\",\n      \"MinIssueAmt\": {\n        \"Amt\": -7363579.474120915,\n        \"CurCode\": {\n          \"CurCodeValue\": \"voluptate eiusmod velit proident\",\n          \"CurCodeType\": \"ISO4217-Alpha\"\n        }\n      },\n      \"Term\": {\n        \"TermUnits\": \"Days\",\n        \"Count\": 40399658\n      },\n      \"IntAPY\": -7287369.929226235,\n      \"Rate\": 61736962.40151131,\n      \"IntRateData\": {\n        \"RateMatrixTier\": [\n          {\n            \"LowCurAmt\": {\n              \"value\": \"<Error: Too many levels of nesting to fake this schema>\"\n            },\n            \"Rate\": {\n              \"value\": \"<Error: Too many levels of nesting to fake this schema>\"\n            },\n            \"MarginType\": {\n              \"value\": \"<Error: Too many levels of nesting to fake this schema>\"\n            },\n            \"Margin\": {\n              \"value\": \"<Error: Too many levels of nesting to fake this schema>\"\n            },\n            \"IntAPY\": {\n              \"value\": \"<Error: Too many levels of nesting to fake this schema>\"\n            },\n            \"BranchIdent\": {\n              \"value\": \"<Error: Too many levels of nesting to fake this schema>\"\n            }\n          },\n          {\n            \"LowCurAmt\": {\n              \"value\": \"<Error: Too many levels of nesting to fake this schema>\"\n            },\n            \"Rate\": {\n              \"value\": \"<Error: Too many levels of nesting to fake this schema>\"\n            },\n            \"MarginType\": {\n              \"value\": \"<Error: Too many levels of nesting to fake this schema>\"\n            },\n            \"Margin\": {\n              \"value\": \"<Error: Too many levels of nesting to fake this schema>\"\n            },\n            \"IntAPY\": {\n              \"value\": \"<Error: Too many levels of nesting to fake this schema>\"\n            },\n            \"BranchIdent\": {\n              \"value\": \"<Error: Too many levels of nesting to fake this schema>\"\n            }\n          }\n        ]\n      }\n    },\n    \"LoanProdSpecInfo\": {\n      \"IsEnabledInd\": false,\n      \"ProdType\": \"id cillum dolor dolore\",\n      \"Desc\": \"ipsum dolor aliquip in\",\n      \"ProductDtlStatus\": \"Active\",\n      \"AcctType\": \"LOC\",\n      \"Term\": {\n        \"TermUnits\": \"Years\",\n        \"Count\": -7861743\n      },\n      \"IntRateData\": {\n        \"AccrualMethod\": \"AmortizedArrears\"\n      },\n      \"MaturityOption\": \"RollToRepay\",\n      \"RateChangeData\": [\n        {\n          \"RateChangeControl\": \"nostrud quis\"\n        },\n        {\n          \"RateChangeControl\": \"aute ci\"\n        }\n      ],\n      \"AcctMajorType\": \"PersonalLineOfCredit\",\n      \"AcctMajorTypeEnumDesc\": \"ut pariatur\",\n      \"InterestBilling\": {\n        \"IntBillingType\": \"Fixed\"\n      },\n      \"PmtSched\": [\n        {\n          \"RecurModel\": {\n            \"RecurRule\": {\n              \"value\": \"<Error: Too many levels of nesting to fake this schema>\"\n            }\n          },\n          \"PmtAmtOption\": \"CalculatedInterest\"\n        },\n        {\n          \"RecurModel\": {\n            \"RecurRule\": {\n              \"value\": \"<Error: Too many levels of nesting to fake this schema>\"\n            }\n          },\n          \"PmtAmtOption\": \"CalculatedInterest\"\n        }\n      ]\n    },\n    \"CardProdSpecInfo\": {\n      \"CardType\": \"minim deserunt ullamco ex\",\n      \"ProductIdent\": \"commodo ea pariatur do\",\n      \"Desc\": \"dolore Ut\",\n      \"CardDtlStatus\": \"aliqua quis eu qui aliquip\"\n    }\n  },\n  \"Status\": {\n    \"Severity\": \"Error\",\n    \"StatusCode\": \"anim fugiat conse\",\n    \"StatusDesc\": \"elit occaecat in\",\n    \"SvcProviderName\": \"cillum incididunt Duis\",\n    \"Id\": \"sunt\",\n    \"ServerStatusCode\": \"in eu qui\",\n    \"ServerStatusDesc\": \"sit dolore incididunt officia\",\n    \"OvrdExceptionInd\": true,\n    \"SubjectRole\": \"do dolor in\",\n    \"SubjectElement\": [\n      {\n        \"Path\": \"irure do\",\n        \"ServerPath\": \"eiusmod officia laboris\",\n        \"Value\": \"sed amet\"\n      },\n      {\n        \"Path\": \"eu Duis occaecat\",\n        \"ServerPath\": \"labore\",\n        \"Value\": \"deserunt veniam\"\n      }\n    ],\n    \"ContentHTML\": \"nisi ullamco aute ea\",\n    \"AdditionalStatus\": [\n      {\n        \"StatusCode\": \"exercitati\",\n        \"StatusDesc\": \"amet ullamco dolore reprehenderit\",\n        \"Severity\": \"Error\",\n        \"SvcProviderName\": \"tempor eu qui occaecat proident\",\n        \"ServerStatusCode\": \"ipsum\",\n        \"ServerStatusDesc\": \"ullamco aute culpa\",\n        \"OvrdExceptionInd\": false,\n        \"SubjectElement\": [\n          {\n            \"Path\": \"officia aliqua et \",\n            \"ServerPath\": \"reprehenderit dolore proi\",\n            \"Value\": \"sit in dolore\"\n          },\n          {\n            \"Path\": \"anim nisi aute sed\",\n            \"ServerPath\": \"sed culpa proident non\",\n            \"Value\": \"est anim Ut tempor dolore\"\n          }\n        ]\n      },\n      {\n        \"StatusCode\": \"aute\",\n        \"StatusDesc\": \"est\",\n        \"Severity\": \"Info\",\n        \"SvcProviderName\": \"Ut ipsum tempor commodo\",\n        \"ServerStatusCode\": \"ex\",\n        \"ServerStatusDesc\": \"cupidatat culpa\",\n        \"OvrdExceptionInd\": false,\n        \"SubjectElement\": [\n          {\n            \"Path\": \"id tempor\",\n            \"ServerPath\": \"in ut est Excepteur nisi\",\n            \"Value\": \"do non et Duis\"\n          },\n          {\n            \"Path\": \"nostrud eu culpa quis\",\n            \"ServerPath\": \"dolore Ut\",\n            \"Value\": \"voluptate Ut ex incididunt\"\n          }\n        ]\n      }\n    ]\n  }\n}","cookie":[],"_postman_previewlanguage":"json"},{"id":"0a4d10f9-f194-445c-9cb9-2b23182f0b2b","name":"To view the complete list of response codes, <a href=\"../docs/?path=docs/response-codes.md\" title=\"Click to open\">click here.</a>","originalRequest":{"url":{"path":["prodspecservice","servicing","prodspec","secured"],"host":["{{baseUrl}}"],"query":[],"variable":[]},"header":[{"disabled":false,"description":"(Required) EFX Header is a common and required component for all API calls, it contains client-related parameters. Please note that the header parameters should be sent as a JSON object under the EFXHeader parameter. To view the list of header parameters, <a href=\"../docs?path=docs/api-ref-EFX-header.md\" title=\"Click to open\"> click here.</a>","key":"EFXHeader","value":"OrganizationId,<string>,TrnId,<string>,VendorId,<string>,Context,[object Object]"},{"key":"Accept","value":"application/json"}],"method":"POST","body":{"mode":"raw","raw":"{\n  \"ProdSpecSel\": {\n    \"ProdSpecKeys\": {\n      \"ProductIdent\": \"<string>\",\n      \"AcctType\": \"<string>\"\n    }\n  }\n}","options":{"raw":{"language":"json"}}}},"status":"Internal Server Error","code":500,"header":[{"key":"Content-Type","value":"application/json"}],"body":"{\n  \"ProdSpecRec\": {\n    \"ProdSpecKeys\": {\n      \"ProductIdent\": \"laborum reprehender\",\n      \"AcctType\": \"ATMCard\"\n    },\n    \"ProdSpecStatus\": {\n      \"ProdSpecStatusCode\": \"Valid\",\n      \"EffDt\": \"6660-24-15\"\n    },\n    \"DepositProdSpecInfo\": {\n      \"IsEnabledInd\": false,\n      \"ProdType\": \"non ad aute\",\n      \"Desc\": \"fugiat Ut Excepteur\",\n      \"ProductDtlStatus\": \"Inactive\",\n      \"AcctType\": \"CDA\",\n      \"MinIssueAmt\": {\n        \"Amt\": -76949242.17360501,\n        \"CurCode\": {\n          \"CurCodeValue\": \"dolor enim labore\",\n          \"CurCodeType\": \"ISO4217-Alpha\"\n        }\n      },\n      \"Term\": {\n        \"TermUnits\": \"Months\",\n        \"Count\": 19187878\n      },\n      \"IntAPY\": -80426630.20682186,\n      \"Rate\": -23103254.98287864,\n      \"IntRateData\": {\n        \"RateMatrixTier\": [\n          {\n            \"LowCurAmt\": {\n              \"value\": \"<Error: Too many levels of nesting to fake this schema>\"\n            },\n            \"Rate\": {\n              \"value\": \"<Error: Too many levels of nesting to fake this schema>\"\n            },\n            \"MarginType\": {\n              \"value\": \"<Error: Too many levels of nesting to fake this schema>\"\n            },\n            \"Margin\": {\n              \"value\": \"<Error: Too many levels of nesting to fake this schema>\"\n            },\n            \"IntAPY\": {\n              \"value\": \"<Error: Too many levels of nesting to fake this schema>\"\n            },\n            \"BranchIdent\": {\n              \"value\": \"<Error: Too many levels of nesting to fake this schema>\"\n            }\n          },\n          {\n            \"LowCurAmt\": {\n              \"value\": \"<Error: Too many levels of nesting to fake this schema>\"\n            },\n            \"Rate\": {\n              \"value\": \"<Error: Too many levels of nesting to fake this schema>\"\n            },\n            \"MarginType\": {\n              \"value\": \"<Error: Too many levels of nesting to fake this schema>\"\n            },\n            \"Margin\": {\n              \"value\": \"<Error: Too many levels of nesting to fake this schema>\"\n            },\n            \"IntAPY\": {\n              \"value\": \"<Error: Too many levels of nesting to fake this schema>\"\n            },\n            \"BranchIdent\": {\n              \"value\": \"<Error: Too many levels of nesting to fake this schema>\"\n            }\n          }\n        ]\n      }\n    },\n    \"LoanProdSpecInfo\": {\n      \"IsEnabledInd\": true,\n      \"ProdType\": \"mollit sit Ut amet\",\n      \"Desc\": \"nostrud ullamco exercitation quis anim\",\n      \"ProductDtlStatus\": \"Active\",\n      \"AcctType\": \"LOC\",\n      \"Term\": {\n        \"TermUnits\": \"Years\",\n        \"Count\": 18863037\n      },\n      \"IntRateData\": {\n        \"AccrualMethod\": \"Rule78th\"\n      },\n      \"MaturityOption\": \"PayInFull\",\n      \"RateChangeData\": [\n        {\n          \"RateChangeControl\": \"nulla\"\n        },\n        {\n          \"RateChangeControl\": \"adipisic\"\n        }\n      ],\n      \"AcctMajorType\": \"PersonalLineOfCredit\",\n      \"AcctMajorTypeEnumDesc\": \"tempor irure pariatur\",\n      \"InterestBilling\": {\n        \"IntBillingType\": \"Fixed\"\n      },\n      \"PmtSched\": [\n        {\n          \"RecurModel\": {\n            \"RecurRule\": {\n              \"value\": \"<Error: Too many levels of nesting to fake this schema>\"\n            }\n          },\n          \"PmtAmtOption\": \"CalculatedInterest\"\n        },\n        {\n          \"RecurModel\": {\n            \"RecurRule\": {\n              \"value\": \"<Error: Too many levels of nesting to fake this schema>\"\n            }\n          },\n          \"PmtAmtOption\": \"CalculatedPercentOfPrincipal\"\n        }\n      ]\n    },\n    \"CardProdSpecInfo\": {\n      \"CardType\": \"Ut dolore veniam\",\n      \"ProductIdent\": \"elit ut cupidatat eiusmod\",\n      \"Desc\": \"reprehenderit Lorem ut ea\",\n      \"CardDtlStatus\": \"voluptate consectetur veniam\"\n    }\n  },\n  \"Status\": {\n    \"Severity\": \"Error\",\n    \"StatusCode\": \"do\",\n    \"StatusDesc\": \"Ut tempor exercitation\",\n    \"SvcProviderName\": \"consequat sit ex\",\n    \"Id\": \"esse ipsum\",\n    \"ServerStatusCode\": \"elit\",\n    \"ServerStatusDesc\": \"consequat Lorem deserunt proident\",\n    \"OvrdExceptionInd\": false,\n    \"SubjectRole\": \"exercitation dolor U\",\n    \"SubjectElement\": [\n      {\n        \"Path\": \"proident exercit\",\n        \"ServerPath\": \"fugiat laboris in mollit\",\n        \"Value\": \"quis proident ipsum\"\n      },\n      {\n        \"Path\": \"laboris magna culpa enim\",\n        \"ServerPath\": \"consequat non aliqua in\",\n        \"Value\": \"dolore consequat eu dolor cillum\"\n      }\n    ],\n    \"ContentHTML\": \"proident Excepteur officia dolor\",\n    \"AdditionalStatus\": [\n      {\n        \"StatusCode\": \"Ut nulla mag\",\n        \"StatusDesc\": \"laboris do est Ut\",\n        \"Severity\": \"Warning\",\n        \"SvcProviderName\": \"nulla Lorem adipisicing\",\n        \"ServerStatusCode\": \"culpa p\",\n        \"ServerStatusDesc\": \"laborum Ut\",\n        \"OvrdExceptionInd\": false,\n        \"SubjectElement\": [\n          {\n            \"Path\": \"id occaecat et qui\",\n            \"ServerPath\": \"sed cupidatat eiusmod minim\",\n            \"Value\": \"tempor ad consequat\"\n          },\n          {\n            \"Path\": \"sit cupida\",\n            \"ServerPath\": \"pariatur\",\n            \"Value\": \"amet aliqua\"\n          }\n        ]\n      },\n      {\n        \"StatusCode\": \"enim aliqui\",\n        \"StatusDesc\": \"enim nisi Duis\",\n        \"Severity\": \"Warning\",\n        \"SvcProviderName\": \"minim amet\",\n        \"ServerStatusCode\": \"esse sed\",\n        \"ServerStatusDesc\": \"laboris ex\",\n        \"OvrdExceptionInd\": true,\n        \"SubjectElement\": [\n          {\n            \"Path\": \"do reprehenderit\",\n            \"ServerPath\": \"proident ex\",\n            \"Value\": \"est minim\"\n          },\n          {\n            \"Path\": \"Lorem eiusmod irure\",\n            \"ServerPath\": \"in reprehenderit\",\n            \"Value\": \"consectetur laboris\"\n          }\n        ]\n      }\n    ]\n  }\n}","cookie":[],"_postman_previewlanguage":"json"}],"event":[],"protocolProfileBehavior":{"disableBodyPruning":true}}],"event":[],"variable":[{"type":"string","value":"/","key":"baseUrl"}],"info":{"_postman_id":"1a61292e-1b61-459d-be18-28693cb76bd5","name":"Product Specification Service","schema":"https://schema.getpostman.com/json/collection/v2.1.0/collection.json","description":{"content":"The Product Specification service supports an inquiry operation to retrieve the specification of a product. The information of a product specification is used for product offerings, new account disclosures and the creation of new accounts.","type":"text/plain"}}}