{"item":[{"id":"b6ea7821-b36e-4469-ae12-649eeb34f107","name":"Get Transfer","request":{"name":"Get Transfer","description":{"content":"Get Transfer API retrieves the information about one specific transfer between two accounts based on the transfer identifier sent in the request. The transfer identifier is a unique 12-digit identifier that is used to identify the transfer record.<br>This API returns the TO and FROM accounts details, the amount, the frequency of the transfer and other details in the response. <br>This API retrieves the information only of recurrent transfers and future dating transfers that are defined in the FTM subsystem of Signature. This API does not support inquiring information of immediate transfers. <br> <br> To download the API Specifications and Postman Collection, click <a href=\"../docs/?path=docs/resources/resources.md\" title=\"Click to open\">Resources</a>.","type":"text/plain"},"url":{"path":["xferservice","payments","transfers","secured"],"host":["{{baseUrl}}"],"query":[],"variable":[]},"header":[{"disabled":false,"description":"(Required) EFX Header is a common and required component for all API calls, it contains client-related parameters. Please note that the header parameters should be sent as a JSON object under the EFXHeader parameter. To view the list of header parameters, <a href=\"../docs?path=docs/api-ref-EFX-header.md\" title=\"Click to open\"> click here.</a>","key":"EFXHeader","value":"OrganizationId,<string>,TrnId,<string>,VendorId,<string>,Context,[object Object]"},{"key":"Content-Type","value":"application/json"},{"key":"Accept","value":"application/json"}],"method":"POST","auth":null,"body":{"mode":"raw","raw":"{\n  \"XferSel\": {\n    \"XferKeys\": {\n      \"XferId\": \"<string>\"\n    }\n  }\n}","options":{"raw":{"language":"json"}}}},"response":[{"id":"6372ee0f-de5b-444f-a40b-a2c8547fe08b","name":"Success","originalRequest":{"url":{"path":["xferservice","payments","transfers","secured"],"host":["{{baseUrl}}"],"query":[],"variable":[]},"header":[{"disabled":false,"description":"(Required) EFX Header is a common and required component for all API calls, it contains client-related parameters. Please note that the header parameters should be sent as a JSON object under the EFXHeader parameter. To view the list of header parameters, <a href=\"../docs?path=docs/api-ref-EFX-header.md\" title=\"Click to open\"> click here.</a>","key":"EFXHeader","value":"OrganizationId,<string>,TrnId,<string>,VendorId,<string>,Context,[object Object]"},{"key":"Accept","value":"application/json"}],"method":"POST","body":{"mode":"raw","raw":"{\n  \"XferSel\": {\n    \"XferKeys\": {\n      \"XferId\": \"<string>\"\n    }\n  }\n}","options":{"raw":{"language":"json"}}}},"status":"OK","code":200,"header":[{"key":"Content-Type","value":"application/json"}],"body":"{\n  \"XferRec\": [\n    {\n      \"XferInfo\": {\n        \"FromAcctRef\": {\n          \"AcctKeys\": {\n            \"AcctId\": \"minim laboris commodo\",\n            \"AcctType\": \"DDA\",\n            \"FIIdentType\": \"RoutingNum\",\n            \"FIIdent\": \"ut elit\"\n          }\n        },\n        \"ToAcctRef\": {\n          \"AcctKeys\": {\n            \"AcctId\": \"pariatur non\",\n            \"AcctType\": \"CDA\",\n            \"FIIdentType\": \"RoutingNum\",\n            \"FIIdent\": \"incididunt aliqua la\"\n          }\n        },\n        \"CurAmt\": {\n          \"Amt\": 56321627.49866736,\n          \"CurCode\": {\n            \"CurCodeValue\": \"in Lorem exercitation\",\n            \"CurCodeType\": \"ISO4217-Alpha\"\n          }\n        },\n        \"EffDt\": \"2190-89-97\",\n        \"RecurModel\": {\n          \"RecurRule\": [\n            {\n              \"RecurType\": \"Daily\",\n              \"RecurInterval\": -70849716,\n              \"DayOfWeek\": \"sit labore est ea\",\n              \"DayOfMonth\": \"ex do minim ad et\",\n              \"SecondDayOfMonth\": \"ut exercitation\",\n              \"RecurStartDate\": \"1999-05-18\",\n              \"RecurEndDate\": \"2017-03-01\"\n            },\n            {\n              \"RecurType\": \"Weekly\",\n              \"RecurInterval\": 77008843,\n              \"DayOfWeek\": \"ea\",\n              \"DayOfMonth\": \"amet fugiat cupidatat dolore\",\n              \"SecondDayOfMonth\": \"dolore Lor\",\n              \"RecurStartDate\": \"1954-06-04\",\n              \"RecurEndDate\": \"1998-08-21\"\n            }\n          ]\n        },\n        \"Nickname\": \"cillum ulla\",\n        \"ExtendedXferData\": {\n          \"LoanSchedInd\": true,\n          \"ForcePostInd\": false,\n          \"RetryTimes\": -59986820,\n          \"RetryCount\": -28414229,\n          \"WaiveFeeInd\": true\n        },\n        \"CreateDt\": \"5718-67-37\",\n        \"UpDt\": \"1869-10-73T91:85\",\n        \"LastXferDt\": \"6370-92-14T65:11:16+07:96\",\n        \"XferStatusType\": \"Inactive\"\n      },\n      \"XferKeys\": {\n        \"XferId\": \"aute exercitation ut\"\n      },\n      \"XferStatus\": {\n        \"XferStatusCode\": \"Valid\",\n        \"EffDt\": \"4992-02-54T16:66\"\n      }\n    },\n    {\n      \"XferInfo\": {\n        \"FromAcctRef\": {\n          \"AcctKeys\": {\n            \"AcctId\": \"velit deserunt\",\n            \"AcctType\": \"DDA\",\n            \"FIIdentType\": \"RoutingNum\",\n            \"FIIdent\": \"mollit enim nisi aliquip\"\n          }\n        },\n        \"ToAcctRef\": {\n          \"AcctKeys\": {\n            \"AcctId\": \"proiden\",\n            \"AcctType\": \"LOAN\",\n            \"FIIdentType\": \"RoutingNum\",\n            \"FIIdent\": \"mollit cu\"\n          }\n        },\n        \"CurAmt\": {\n          \"Amt\": 48510255.20615631,\n          \"CurCode\": {\n            \"CurCodeValue\": \"ut ullamco sit\",\n            \"CurCodeType\": \"ISO4217-Alpha\"\n          }\n        },\n        \"EffDt\": \"2235-21-02T81:98\",\n        \"RecurModel\": {\n          \"RecurRule\": [\n            {\n              \"RecurType\": \"SemiMonthly\",\n              \"RecurInterval\": -94955891,\n              \"DayOfWeek\": \"Ut sit\",\n              \"DayOfMonth\": \"enim reprehenderit\",\n              \"SecondDayOfMonth\": \"in laboris quis fugiat\",\n              \"RecurStartDate\": \"1997-07-23\",\n              \"RecurEndDate\": \"1954-06-10\"\n            },\n            {\n              \"RecurType\": \"Monthly\",\n              \"RecurInterval\": 72534970,\n              \"DayOfWeek\": \"in velit Excepteur\",\n              \"DayOfMonth\": \"culpa dolor nisi\",\n              \"SecondDayOfMonth\": \"Ut adipisicing cupidatat\",\n              \"RecurStartDate\": \"1961-02-24\",\n              \"RecurEndDate\": \"1971-04-05\"\n            }\n          ]\n        },\n        \"Nickname\": \"sin\",\n        \"ExtendedXferData\": {\n          \"LoanSchedInd\": true,\n          \"ForcePostInd\": false,\n          \"RetryTimes\": 96802216,\n          \"RetryCount\": 41972103,\n          \"WaiveFeeInd\": false\n        },\n        \"CreateDt\": \"2546-80-92\",\n        \"UpDt\": \"4415-14-01\",\n        \"LastXferDt\": \"1160-75-87\",\n        \"XferStatusType\": \"Active\"\n      },\n      \"XferKeys\": {\n        \"XferId\": \"sunt nostrud\"\n      },\n      \"XferStatus\": {\n        \"XferStatusCode\": \"Valid\",\n        \"EffDt\": \"2386-02-65\"\n      }\n    }\n  ],\n  \"Status\": {\n    \"Severity\": \"Error\",\n    \"StatusCode\": \"officia\",\n    \"StatusDesc\": \"nostrud elit culpa mollit enim\",\n    \"SvcProviderName\": \"sit proident Lorem\",\n    \"Id\": \"co\",\n    \"ServerStatusCode\": \"labore ex\",\n    \"ServerStatusDesc\": \"reprehenderit consequat cillum Lorem\",\n    \"OvrdExceptionInd\": true,\n    \"SubjectRole\": \"non mollit\",\n    \"SubjectElement\": [\n      {\n        \"Path\": \"exercitation sed deserunt\",\n        \"ServerPath\": \"minim mollit\",\n        \"Value\": \"id culpa\"\n      },\n      {\n        \"Path\": \"esse\",\n        \"ServerPath\": \"nostrud minim dolor nulla\",\n        \"Value\": \"ipsum nulla reprehenderit laborum dolor\"\n      }\n    ],\n    \"ContentHTML\": \"irure\",\n    \"AdditionalStatus\": [\n      {\n        \"StatusCode\": \"enim in\",\n        \"StatusDesc\": \"exercitation et laboris\",\n        \"Severity\": \"Info\",\n        \"SvcProviderName\": \"commodo pariatur\",\n        \"ServerStatusCode\": \"qui aliqua\",\n        \"ServerStatusDesc\": \"exercitation officia ut\",\n        \"OvrdExceptionInd\": true,\n        \"SubjectElement\": [\n          {\n            \"Path\": \"pariatur culpa irure est sit\",\n            \"ServerPath\": \"officia deserunt eiusmod\",\n            \"Value\": \"consequat par\"\n          },\n          {\n            \"Path\": \"sint cupidatat\",\n            \"ServerPath\": \"dolore\",\n            \"Value\": \"adipisicing in incididunt dolor\"\n          }\n        ]\n      },\n      {\n        \"StatusCode\": \"magna in\",\n        \"StatusDesc\": \"elit\",\n        \"Severity\": \"Error\",\n        \"SvcProviderName\": \"tempor cupidatat\",\n        \"ServerStatusCode\": \"aliquip\",\n        \"ServerStatusDesc\": \"Duis in quis\",\n        \"OvrdExceptionInd\": true,\n        \"SubjectElement\": [\n          {\n            \"Path\": \"Ut dolor mollit ipsum\",\n            \"ServerPath\": \"occaecat dolor ex commodo\",\n            \"Value\": \"dolore Duis\"\n          },\n          {\n            \"Path\": \"ex ipsum ad consequat dolore\",\n            \"ServerPath\": \"ex nisi laborum deserunt\",\n            \"Value\": \"incididunt nostrud consequat adipisicin\"\n          }\n        ]\n      }\n    ]\n  }\n}","cookie":[],"_postman_previewlanguage":"json"},{"id":"d2236565-ddde-45c7-b35f-9f1e37faf6b6","name":"To view the complete list of response codes, <a href=\"../docs/?path=docs/response-codes.md\" title=\"Click to open\">click here.</a>","originalRequest":{"url":{"path":["xferservice","payments","transfers","secured"],"host":["{{baseUrl}}"],"query":[],"variable":[]},"header":[{"disabled":false,"description":"(Required) EFX Header is a common and required component for all API calls, it contains client-related parameters. Please note that the header parameters should be sent as a JSON object under the EFXHeader parameter. To view the list of header parameters, <a href=\"../docs?path=docs/api-ref-EFX-header.md\" title=\"Click to open\"> click here.</a>","key":"EFXHeader","value":"OrganizationId,<string>,TrnId,<string>,VendorId,<string>,Context,[object Object]"},{"key":"Accept","value":"application/json"}],"method":"POST","body":{"mode":"raw","raw":"{\n  \"XferSel\": {\n    \"XferKeys\": {\n      \"XferId\": \"<string>\"\n    }\n  }\n}","options":{"raw":{"language":"json"}}}},"status":"Internal Server Error","code":500,"header":[{"key":"Content-Type","value":"application/json"}],"body":"{\n  \"XferRec\": [\n    {\n      \"XferInfo\": {\n        \"FromAcctRef\": {\n          \"AcctKeys\": {\n            \"AcctId\": \"id\",\n            \"AcctType\": \"SDA\",\n            \"FIIdentType\": \"RoutingNum\",\n            \"FIIdent\": \"dolor\"\n          }\n        },\n        \"ToAcctRef\": {\n          \"AcctKeys\": {\n            \"AcctId\": \"deserunt i\",\n            \"AcctType\": \"CDA\",\n            \"FIIdentType\": \"RoutingNum\",\n            \"FIIdent\": \"do quis\"\n          }\n        },\n        \"CurAmt\": {\n          \"Amt\": 62853640.90786153,\n          \"CurCode\": {\n            \"CurCodeValue\": \"esse proident\",\n            \"CurCodeType\": \"ISO4217-Alpha\"\n          }\n        },\n        \"EffDt\": \"9762-86-26\",\n        \"RecurModel\": {\n          \"RecurRule\": [\n            {\n              \"RecurType\": \"Quarterly\",\n              \"RecurInterval\": -98617504,\n              \"DayOfWeek\": \"eiusmod et id ea\",\n              \"DayOfMonth\": \"fugiat ut\",\n              \"SecondDayOfMonth\": \"anim\",\n              \"RecurStartDate\": \"1999-10-24\",\n              \"RecurEndDate\": \"1974-04-29\"\n            },\n            {\n              \"RecurType\": \"SemiMonthly\",\n              \"RecurInterval\": -99312580,\n              \"DayOfWeek\": \"sit ut culpa esse\",\n              \"DayOfMonth\": \"sed aliqua\",\n              \"SecondDayOfMonth\": \"aliquip laboris consectetur\",\n              \"RecurStartDate\": \"2024-03-16\",\n              \"RecurEndDate\": \"1987-11-12\"\n            }\n          ]\n        },\n        \"Nickname\": \"est do\",\n        \"ExtendedXferData\": {\n          \"LoanSchedInd\": true,\n          \"ForcePostInd\": false,\n          \"RetryTimes\": 88098647,\n          \"RetryCount\": -87215771,\n          \"WaiveFeeInd\": false\n        },\n        \"CreateDt\": \"5409-49-30\",\n        \"UpDt\": \"9594-09-41T59:74\",\n        \"LastXferDt\": \"1861-99-56\",\n        \"XferStatusType\": \"Active\"\n      },\n      \"XferKeys\": {\n        \"XferId\": \"fugiat\"\n      },\n      \"XferStatus\": {\n        \"XferStatusCode\": \"Valid\",\n        \"EffDt\": \"7291-94-97\"\n      }\n    },\n    {\n      \"XferInfo\": {\n        \"FromAcctRef\": {\n          \"AcctKeys\": {\n            \"AcctId\": \"dolore adipisicing u\",\n            \"AcctType\": \"SDA\",\n            \"FIIdentType\": \"RoutingNum\",\n            \"FIIdent\": \"est eiusmod do quis\"\n          }\n        },\n        \"ToAcctRef\": {\n          \"AcctKeys\": {\n            \"AcctId\": \"enim minim\",\n            \"AcctType\": \"SDA\",\n            \"FIIdentType\": \"RoutingNum\",\n            \"FIIdent\": \"elit mollit quis ad in\"\n          }\n        },\n        \"CurAmt\": {\n          \"Amt\": 12192202.2846324,\n          \"CurCode\": {\n            \"CurCodeValue\": \"dolor ut Lor\",\n            \"CurCodeType\": \"ISO4217-Alpha\"\n          }\n        },\n        \"EffDt\": \"2932-54-85\",\n        \"RecurModel\": {\n          \"RecurRule\": [\n            {\n              \"RecurType\": \"Monthly\",\n              \"RecurInterval\": 48438692,\n              \"DayOfWeek\": \"incididunt\",\n              \"DayOfMonth\": \"in tempor \",\n              \"SecondDayOfMonth\": \"ullamco\",\n              \"RecurStartDate\": \"1989-05-30\",\n              \"RecurEndDate\": \"1976-05-26\"\n            },\n            {\n              \"RecurType\": \"BiWeekly\",\n              \"RecurInterval\": 55581686,\n              \"DayOfWeek\": \"consectetur anim magna est\",\n              \"DayOfMonth\": \"velit Duis ad\",\n              \"SecondDayOfMonth\": \"quis nulla \",\n              \"RecurStartDate\": \"2016-04-01\",\n              \"RecurEndDate\": \"2001-11-08\"\n            }\n          ]\n        },\n        \"Nickname\": \"aute occaecat\",\n        \"ExtendedXferData\": {\n          \"LoanSchedInd\": false,\n          \"ForcePostInd\": false,\n          \"RetryTimes\": 68779776,\n          \"RetryCount\": -96839582,\n          \"WaiveFeeInd\": true\n        },\n        \"CreateDt\": \"6977-02-43\",\n        \"UpDt\": \"2893-21-19T65:36\",\n        \"LastXferDt\": \"1055-97-63T14:22\",\n        \"XferStatusType\": \"Active\"\n      },\n      \"XferKeys\": {\n        \"XferId\": \"laboris\"\n      },\n      \"XferStatus\": {\n        \"XferStatusCode\": \"Valid\",\n        \"EffDt\": \"9030-26-82T20:83\"\n      }\n    }\n  ],\n  \"Status\": {\n    \"Severity\": \"Warning\",\n    \"StatusCode\": \"fugiat dolore\",\n    \"StatusDesc\": \"ipsum\",\n    \"SvcProviderName\": \"veniam\",\n    \"Id\": \"veniam fugiat cupidatat aliquip\",\n    \"ServerStatusCode\": \"deserunt la\",\n    \"ServerStatusDesc\": \"officia sunt ex dolore\",\n    \"OvrdExceptionInd\": true,\n    \"SubjectRole\": \"in dolor laborum cupidatat reprehenderit\",\n    \"SubjectElement\": [\n      {\n        \"Path\": \"sit sed\",\n        \"ServerPath\": \"ipsum fugiat\",\n        \"Value\": \"aliquip dolor labore cupidatat\"\n      },\n      {\n        \"Path\": \"occaecat nisi ut\",\n        \"ServerPath\": \"incididunt pariatur aliquip ex\",\n        \"Value\": \"in velit occaecat\"\n      }\n    ],\n    \"ContentHTML\": \"fugiat Duis ea eu dolor\",\n    \"AdditionalStatus\": [\n      {\n        \"StatusCode\": \"exercitation ea\",\n        \"StatusDesc\": \"cupidatat\",\n        \"Severity\": \"Warning\",\n        \"SvcProviderName\": \"cillum ad\",\n        \"ServerStatusCode\": \"e\",\n        \"ServerStatusDesc\": \"sint do quis\",\n        \"OvrdExceptionInd\": false,\n        \"SubjectElement\": [\n          {\n            \"Path\": \"commodo\",\n            \"ServerPath\": \"commodo Ut\",\n            \"Value\": \"exercitation ad\"\n          },\n          {\n            \"Path\": \"nostrud\",\n            \"ServerPath\": \"sit \",\n            \"Value\": \"Excepteur cillum eiusmod\"\n          }\n        ]\n      },\n      {\n        \"StatusCode\": \"sint\",\n        \"StatusDesc\": \"ad ex ut\",\n        \"Severity\": \"Warning\",\n        \"SvcProviderName\": \"Ut voluptate enim sint\",\n        \"ServerStatusCode\": \"dolor sed mollit fu\",\n        \"ServerStatusDesc\": \"adipisicing laboris quis\",\n        \"OvrdExceptionInd\": true,\n        \"SubjectElement\": [\n          {\n            \"Path\": \"enim\",\n            \"ServerPath\": \"adipisi\",\n            \"Value\": \"in sed incididunt exercitation\"\n          },\n          {\n            \"Path\": \"minim deserunt labore \",\n            \"ServerPath\": \"commodo quis\",\n            \"Value\": \"adipisicing Ut occaecat eu deserunt\"\n          }\n        ]\n      }\n    ]\n  }\n}","cookie":[],"_postman_previewlanguage":"json"}],"event":[],"protocolProfileBehavior":{"disableBodyPruning":true}}],"event":[],"variable":[{"type":"string","value":"/","key":"baseUrl"}],"info":{"_postman_id":"8ca30fab-f770-4722-aaf8-e3ef224cdd54","name":"Transfer Service","schema":"https://schema.getpostman.com/json/collection/v2.1.0/collection.json","description":{"content":"The Transfer service supports operations related to managing the transfer of money between accounts. The service includes the description of the FROM and TO accounts, amount of the transfer, transfer fees and frequency of the transfer as it can be a one-time transfer or a recurring transfer.","type":"text/plain"}}}