{"item":[{"id":"2b9a898b-4c87-4aec-ad35-41ebb915635d","name":"xferservice/payments","item":[{"id":"49d55989-d9c4-46a7-8b62-78ed37ace22a","name":"transfers","item":[{"id":"93bd8256-b63d-471a-a0c3-368eaceb6560","name":"Update Transfer","request":{"name":"Update Transfer","description":{"content":"Update Transfer API modifies the existing scheduled future dating or recurring transfer. <br> <br> To download the API Specifications and Postman Collection, click <a href=\"../docs/?path=docs/resources/resources.md\" title=\"Click to open\">Resources</a>.","type":"text/plain"},"url":{"path":["xferservice","payments","transfers"],"host":["{{baseUrl}}"],"query":[],"variable":[]},"header":[{"disabled":false,"description":"(Required) EFX Header is a common and required component for all API calls, it contains client-related parameters. Please note that the header parameters should be sent as a JSON object under the EFXHeader parameter. To view the list of header parameters, <a href=\"../docs?path=docs/api-ref-EFX-header.md\" title=\"Click to open\"> click here.</a>","key":"EFXHeader","value":"OrganizationId,<string>,TrnId,<string>,VendorId,<string>,Context,[object Object]"},{"key":"Content-Type","value":"application/json"},{"key":"Accept","value":"application/json"}],"method":"PUT","auth":null,"body":{"mode":"raw","raw":"{\n  \"XferInfo\": {\n    \"FromAcctRef\": {\n      \"AcctKeys\": {\n        \"AcctId\": \"<string>\",\n        \"AcctType\": \"<string>\",\n        \"FIIdentType\": \"<string>\",\n        \"FIIdent\": \"<string>\"\n      }\n    },\n    \"ToAcctRef\": {\n      \"AcctKeys\": {\n        \"AcctId\": \"<string>\",\n        \"AcctType\": \"<string>\",\n        \"FIIdentType\": \"<string>\",\n        \"FIIdent\": \"<string>\"\n      }\n    },\n    \"CurAmt\": {\n      \"Amt\": \"<number>\",\n      \"CurCode\": {\n        \"CurCodeValue\": \"<string>\",\n        \"CurCodeType\": \"<string>\"\n      }\n    },\n    \"EffDt\": \"<string>\",\n    \"RecurModel\": {\n      \"RecurRule\": [\n        {\n          \"RecurType\": \"<string>\",\n          \"RecurInterval\": \"<long>\",\n          \"DayOfWeek\": \"<string>\",\n          \"DayOfMonth\": \"<string>\",\n          \"SecondDayOfMonth\": \"<string>\",\n          \"RecurStartDate\": \"<date>\",\n          \"RecurEndDate\": \"<date>\"\n        },\n        {\n          \"RecurType\": \"<string>\",\n          \"RecurInterval\": \"<long>\",\n          \"DayOfWeek\": \"<string>\",\n          \"DayOfMonth\": \"<string>\",\n          \"SecondDayOfMonth\": \"<string>\",\n          \"RecurStartDate\": \"<date>\",\n          \"RecurEndDate\": \"<date>\"\n        }\n      ]\n    },\n    \"Nickname\": \"<string>\",\n    \"ExtendedXferData\": {\n      \"LoanSchedInd\": \"<boolean>\",\n      \"ForcePostInd\": \"<boolean>\",\n      \"RetryTimes\": \"<long>\",\n      \"WaiveFeeInd\": \"<boolean>\"\n    },\n    \"XferStatusType\": \"<string>\"\n  },\n  \"XferKeys\": {\n    \"XferId\": \"<string>\"\n  }\n}","options":{"raw":{"language":"json"}}}},"response":[{"id":"4a8a0982-7085-474e-bc2f-88a4b504f4cb","name":"Success","originalRequest":{"url":{"path":["xferservice","payments","transfers"],"host":["{{baseUrl}}"],"query":[],"variable":[]},"header":[{"disabled":false,"description":"(Required) EFX Header is a common and required component for all API calls, it contains client-related parameters. Please note that the header parameters should be sent as a JSON object under the EFXHeader parameter. To view the list of header parameters, <a href=\"../docs?path=docs/api-ref-EFX-header.md\" title=\"Click to open\"> click here.</a>","key":"EFXHeader","value":"OrganizationId,<string>,TrnId,<string>,VendorId,<string>,Context,[object Object]"},{"key":"Accept","value":"application/json"}],"method":"PUT","body":{"mode":"raw","raw":"{\n  \"XferInfo\": {\n    \"FromAcctRef\": {\n      \"AcctKeys\": {\n        \"AcctId\": \"<string>\",\n        \"AcctType\": \"<string>\",\n        \"FIIdentType\": \"<string>\",\n        \"FIIdent\": \"<string>\"\n      }\n    },\n    \"ToAcctRef\": {\n      \"AcctKeys\": {\n        \"AcctId\": \"<string>\",\n        \"AcctType\": \"<string>\",\n        \"FIIdentType\": \"<string>\",\n        \"FIIdent\": \"<string>\"\n      }\n    },\n    \"CurAmt\": {\n      \"Amt\": \"<number>\",\n      \"CurCode\": {\n        \"CurCodeValue\": \"<string>\",\n        \"CurCodeType\": \"<string>\"\n      }\n    },\n    \"EffDt\": \"<string>\",\n    \"RecurModel\": {\n      \"RecurRule\": [\n        {\n          \"RecurType\": \"<string>\",\n          \"RecurInterval\": \"<long>\",\n          \"DayOfWeek\": \"<string>\",\n          \"DayOfMonth\": \"<string>\",\n          \"SecondDayOfMonth\": \"<string>\",\n          \"RecurStartDate\": \"<date>\",\n          \"RecurEndDate\": \"<date>\"\n        },\n        {\n          \"RecurType\": \"<string>\",\n          \"RecurInterval\": \"<long>\",\n          \"DayOfWeek\": \"<string>\",\n          \"DayOfMonth\": \"<string>\",\n          \"SecondDayOfMonth\": \"<string>\",\n          \"RecurStartDate\": \"<date>\",\n          \"RecurEndDate\": \"<date>\"\n        }\n      ]\n    },\n    \"Nickname\": \"<string>\",\n    \"ExtendedXferData\": {\n      \"LoanSchedInd\": \"<boolean>\",\n      \"ForcePostInd\": \"<boolean>\",\n      \"RetryTimes\": \"<long>\",\n      \"WaiveFeeInd\": \"<boolean>\"\n    },\n    \"XferStatusType\": \"<string>\"\n  },\n  \"XferKeys\": {\n    \"XferId\": \"<string>\"\n  }\n}","options":{"raw":{"language":"json"}}}},"status":"OK","code":200,"header":[{"key":"Content-Type","value":"application/json"}],"body":"{\n  \"XferStatusRec\": {\n    \"XferKeys\": {\n      \"XferId\": \"sed eu\"\n    },\n    \"XferStatus\": {\n      \"XferStatusCode\": \"Valid\",\n      \"EffDt\": \"2789-86-80\"\n    }\n  },\n  \"Status\": {\n    \"Severity\": \"Error\",\n    \"StatusCode\": \"labore de\",\n    \"StatusDesc\": \"dolore\",\n    \"SvcProviderName\": \"occaecat labore esse magna\",\n    \"Id\": \"elit velit et ut\",\n    \"ServerStatusCode\": \"ame\",\n    \"ServerStatusDesc\": \"eu pariatur magna deserunt\",\n    \"OvrdExceptionInd\": false,\n    \"SubjectRole\": \"in quis nisi\",\n    \"SubjectElement\": [\n      {\n        \"Path\": \"laboris et voluptate\",\n        \"ServerPath\": \"exercitation\",\n        \"Value\": \"mollit magna\"\n      },\n      {\n        \"Path\": \"ut nisi aliqua voluptate\",\n        \"ServerPath\": \"do ex v\",\n        \"Value\": \"irure voluptate\"\n      }\n    ],\n    \"ContentHTML\": \"in D\",\n    \"AdditionalStatus\": [\n      {\n        \"StatusCode\": \"ullamco est ea iru\",\n        \"StatusDesc\": \"Ut\",\n        \"Severity\": \"Warning\",\n        \"SvcProviderName\": \"sint ut proident cillum\",\n        \"ServerStatusCode\": \"et d\",\n        \"ServerStatusDesc\": \"officia sint tempor deserunt\",\n        \"OvrdExceptionInd\": true,\n        \"SubjectElement\": [\n          {\n            \"Path\": \"do ullamco non\",\n            \"ServerPath\": \"elit Duis\",\n            \"Value\": \"dolor veniam eu sit\"\n          },\n          {\n            \"Path\": \"sed aute dolore\",\n            \"ServerPath\": \"aute minim\",\n            \"Value\": \"cillum elit tempor laborum\"\n          }\n        ]\n      },\n      {\n        \"StatusCode\": \"sunt Excepteur null\",\n        \"StatusDesc\": \"ad enim\",\n        \"Severity\": \"Info\",\n        \"SvcProviderName\": \"cupidatat deserunt\",\n        \"ServerStatusCode\": \"reprehenderit\",\n        \"ServerStatusDesc\": \"labore Ut\",\n        \"OvrdExceptionInd\": true,\n        \"SubjectElement\": [\n          {\n            \"Path\": \"occaecat\",\n            \"ServerPath\": \"tempor enim ut reprehenderit irure\",\n            \"Value\": \"consectetur in Lorem do\"\n          },\n          {\n            \"Path\": \"id voluptate\",\n            \"ServerPath\": \"in ex anim\",\n            \"Value\": \"sunt\"\n          }\n        ]\n      }\n    ]\n  }\n}","cookie":[],"_postman_previewlanguage":"json"},{"id":"ea881ab0-f778-4a1c-8949-c31c04b008da","name":"To view the complete list of response codes, <a href=\"../docs/?path=docs/response-codes.md\" title=\"Click to open\">click here.</a>","originalRequest":{"url":{"path":["xferservice","payments","transfers"],"host":["{{baseUrl}}"],"query":[],"variable":[]},"header":[{"disabled":false,"description":"(Required) EFX Header is a common and required component for all API calls, it contains client-related parameters. Please note that the header parameters should be sent as a JSON object under the EFXHeader parameter. To view the list of header parameters, <a href=\"../docs?path=docs/api-ref-EFX-header.md\" title=\"Click to open\"> click here.</a>","key":"EFXHeader","value":"OrganizationId,<string>,TrnId,<string>,VendorId,<string>,Context,[object Object]"},{"key":"Accept","value":"application/json"}],"method":"PUT","body":{"mode":"raw","raw":"{\n  \"XferInfo\": {\n    \"FromAcctRef\": {\n      \"AcctKeys\": {\n        \"AcctId\": \"<string>\",\n        \"AcctType\": \"<string>\",\n        \"FIIdentType\": \"<string>\",\n        \"FIIdent\": \"<string>\"\n      }\n    },\n    \"ToAcctRef\": {\n      \"AcctKeys\": {\n        \"AcctId\": \"<string>\",\n        \"AcctType\": \"<string>\",\n        \"FIIdentType\": \"<string>\",\n        \"FIIdent\": \"<string>\"\n      }\n    },\n    \"CurAmt\": {\n      \"Amt\": \"<number>\",\n      \"CurCode\": {\n        \"CurCodeValue\": \"<string>\",\n        \"CurCodeType\": \"<string>\"\n      }\n    },\n    \"EffDt\": \"<string>\",\n    \"RecurModel\": {\n      \"RecurRule\": [\n        {\n          \"RecurType\": \"<string>\",\n          \"RecurInterval\": \"<long>\",\n          \"DayOfWeek\": \"<string>\",\n          \"DayOfMonth\": \"<string>\",\n          \"SecondDayOfMonth\": \"<string>\",\n          \"RecurStartDate\": \"<date>\",\n          \"RecurEndDate\": \"<date>\"\n        },\n        {\n          \"RecurType\": \"<string>\",\n          \"RecurInterval\": \"<long>\",\n          \"DayOfWeek\": \"<string>\",\n          \"DayOfMonth\": \"<string>\",\n          \"SecondDayOfMonth\": \"<string>\",\n          \"RecurStartDate\": \"<date>\",\n          \"RecurEndDate\": \"<date>\"\n        }\n      ]\n    },\n    \"Nickname\": \"<string>\",\n    \"ExtendedXferData\": {\n      \"LoanSchedInd\": \"<boolean>\",\n      \"ForcePostInd\": \"<boolean>\",\n      \"RetryTimes\": \"<long>\",\n      \"WaiveFeeInd\": \"<boolean>\"\n    },\n    \"XferStatusType\": \"<string>\"\n  },\n  \"XferKeys\": {\n    \"XferId\": \"<string>\"\n  }\n}","options":{"raw":{"language":"json"}}}},"status":"Internal Server Error","code":500,"header":[{"key":"Content-Type","value":"application/json"}],"body":"{\n  \"XferStatusRec\": {\n    \"XferKeys\": {\n      \"XferId\": \"exercitation cupidatat i\"\n    },\n    \"XferStatus\": {\n      \"XferStatusCode\": \"Valid\",\n      \"EffDt\": \"4723-32-81\"\n    }\n  },\n  \"Status\": {\n    \"Severity\": \"Warning\",\n    \"StatusCode\": \"Except\",\n    \"StatusDesc\": \"sed consequat Excepteur deserunt non\",\n    \"SvcProviderName\": \"adipisicing qui\",\n    \"Id\": \"sit ut voluptate aliq\",\n    \"ServerStatusCode\": \"sunt\",\n    \"ServerStatusDesc\": \"culpa cupidatat proident aute\",\n    \"OvrdExceptionInd\": true,\n    \"SubjectRole\": \"dolore Excepteur mollit do\",\n    \"SubjectElement\": [\n      {\n        \"Path\": \"in eiusmod mollit\",\n        \"ServerPath\": \"amet ut Lorem\",\n        \"Value\": \"deserunt\"\n      },\n      {\n        \"Path\": \"reprehenderit non ipsum dolore\",\n        \"ServerPath\": \"occaecat quis anim adipisicing dolor\",\n        \"Value\": \"qui id\"\n      }\n    ],\n    \"ContentHTML\": \"fugiat aliquip est\",\n    \"AdditionalStatus\": [\n      {\n        \"StatusCode\": \"in laborum rep\",\n        \"StatusDesc\": \"ex in est\",\n        \"Severity\": \"Info\",\n        \"SvcProviderName\": \"ipsum minim proident\",\n        \"ServerStatusCode\": \"nulla enim do ea\",\n        \"ServerStatusDesc\": \"cupidatat voluptate in\",\n        \"OvrdExceptionInd\": false,\n        \"SubjectElement\": [\n          {\n            \"Path\": \"elit fugiat quis officia\",\n            \"ServerPath\": \"magna\",\n            \"Value\": \"minim con\"\n          },\n          {\n            \"Path\": \"qui\",\n            \"ServerPath\": \"dolore irure et\",\n            \"Value\": \"occaecat\"\n          }\n        ]\n      },\n      {\n        \"StatusCode\": \"nostrud sunt \",\n        \"StatusDesc\": \"culpa non\",\n        \"Severity\": \"Warning\",\n        \"SvcProviderName\": \"laborum Ut\",\n        \"ServerStatusCode\": \"ipsum\",\n        \"ServerStatusDesc\": \"deserunt in\",\n        \"OvrdExceptionInd\": true,\n        \"SubjectElement\": [\n          {\n            \"Path\": \"eu sit proident nulla\",\n            \"ServerPath\": \"Ut aliquip qui mollit\",\n            \"Value\": \"ullamco aute\"\n          },\n          {\n            \"Path\": \"dolor ad eu sunt\",\n            \"ServerPath\": \"eiusmod in occaecat Lorem adipisicing\",\n            \"Value\": \"enim sint aliqua\"\n          }\n        ]\n      }\n    ]\n  }\n}","cookie":[],"_postman_previewlanguage":"json"}],"event":[],"protocolProfileBehavior":{"disableBodyPruning":true}},{"id":"c8b231f4-490d-4f53-9691-edccdc858e37","name":"Add Transfer","request":{"name":"Add Transfer","description":{"content":"Add Transfer API adds an immediate, future dating or a recurring transfer to the account.<br>For Signature, this API uses the EFT subsystem for immediate transfers and the FTM subsystem for future dated or recurring transfers. <br>This API supports immediate transfers for General Ledger Accounts (GLA) and Loan Account (LOAN). For Loans, the supported immediate tranfers are for principal payment, interest payment, late charge payment, regular payment and unscheduled payment. However only regular and principal payments can be processed as future dating or recurring payments. This API does not support other combinations of transfer types for future and recurring payments. <br> <br> To download the API Specifications and Postman Collection, click <a href=\"../docs/?path=docs/resources/resources.md\" title=\"Click to open\">Resources</a>.","type":"text/plain"},"url":{"path":["xferservice","payments","transfers"],"host":["{{baseUrl}}"],"query":[],"variable":[]},"header":[{"disabled":false,"description":"(Required) EFX Header is a common and required component for all API calls, it contains client-related parameters. Please note that the header parameters should be sent as a JSON object under the EFXHeader parameter. To view the list of header parameters, <a href=\"../docs?path=docs/api-ref-EFX-header.md\" title=\"Click to open\"> click here.</a>","key":"EFXHeader","value":"OrganizationId,<string>,TrnId,<string>,VendorId,<string>,Context,[object Object]"},{"key":"Content-Type","value":"application/json"},{"key":"Accept","value":"application/json"}],"method":"POST","auth":null,"body":{"mode":"raw","raw":"{\n  \"XferInfo\": {\n    \"TransferType\": \"<string>\",\n    \"FromAcctRef\": {\n      \"AcctKeys\": {\n        \"AcctId\": \"<string>\",\n        \"AcctType\": \"<string>\",\n        \"AcctIdent\": {\n          \"AcctIdentType\": \"<string>\",\n          \"AcctIdentValue\": \"<string>\"\n        },\n        \"FIIdentType\": \"<string>\",\n        \"FIIdent\": \"<string>\",\n        \"BranchIdent\": \"<string>\"\n      }\n    },\n    \"ToAcctRef\": {\n      \"AcctKeys\": {\n        \"AcctId\": \"<string>\",\n        \"AcctType\": \"<string>\",\n        \"FIIdentType\": \"<string>\",\n        \"FIIdent\": \"<string>\",\n        \"BranchIdent\": \"<string>\"\n      }\n    },\n    \"CurAmt\": {\n      \"Amt\": \"<number>\",\n      \"CurCode\": {\n        \"CurCodeValue\": \"<string>\",\n        \"CurCodeType\": \"<string>\"\n      }\n    },\n    \"CompositeCurAmt\": [\n      {\n        \"CurAmt\": {\n          \"Amt\": \"<number>\",\n          \"CurCode\": {\n            \"CurCodeValue\": {\n              \"value\": \"<Error: Too many levels of nesting to fake this schema>\"\n            },\n            \"CurCodeType\": {\n              \"value\": \"<Error: Too many levels of nesting to fake this schema>\"\n            }\n          }\n        },\n        \"CompositeCurAmtType\": \"<string>\"\n      },\n      {\n        \"CurAmt\": {\n          \"Amt\": \"<number>\",\n          \"CurCode\": {\n            \"CurCodeValue\": {\n              \"value\": \"<Error: Too many levels of nesting to fake this schema>\"\n            },\n            \"CurCodeType\": {\n              \"value\": \"<Error: Too many levels of nesting to fake this schema>\"\n            }\n          }\n        },\n        \"CompositeCurAmtType\": \"<string>\"\n      }\n    ],\n    \"EffDt\": \"<string>\",\n    \"RecurModel\": {\n      \"RecurRule\": [\n        {\n          \"RecurType\": \"<string>\",\n          \"DayOfMonth\": \"<string>\",\n          \"SecondDayOfMonth\": \"<string>\",\n          \"RecurStartDate\": \"<date>\",\n          \"RecurEndDate\": \"<date>\"\n        },\n        {\n          \"RecurType\": \"<string>\",\n          \"DayOfMonth\": \"<string>\",\n          \"SecondDayOfMonth\": \"<string>\",\n          \"RecurStartDate\": \"<date>\",\n          \"RecurEndDate\": \"<date>\"\n        }\n      ]\n    },\n    \"ExpediteInd\": \"<boolean>\",\n    \"ExtendedXferData\": {\n      \"LoanSchedInd\": \"<boolean>\",\n      \"ForcePostInd\": \"<boolean>\",\n      \"BalanceVerification\": \"<string>\",\n      \"RetryTimes\": \"<long>\",\n      \"WaiveFeeInd\": \"<boolean>\"\n    },\n    \"RefData\": [\n      {\n        \"RefType\": \"<string>\",\n        \"RefDesc\": \"<string>\"\n      },\n      {\n        \"RefType\": \"<string>\",\n        \"RefDesc\": \"<string>\"\n      }\n    ]\n  }\n}","options":{"raw":{"language":"json"}}}},"response":[{"id":"6c75ef4d-5e12-45b6-bec1-fcb550e1590d","name":"Created","originalRequest":{"url":{"path":["xferservice","payments","transfers"],"host":["{{baseUrl}}"],"query":[],"variable":[]},"header":[{"disabled":false,"description":"(Required) EFX Header is a common and required component for all API calls, it contains client-related parameters. Please note that the header parameters should be sent as a JSON object under the EFXHeader parameter. To view the list of header parameters, <a href=\"../docs?path=docs/api-ref-EFX-header.md\" title=\"Click to open\"> click here.</a>","key":"EFXHeader","value":"OrganizationId,<string>,TrnId,<string>,VendorId,<string>,Context,[object Object]"},{"key":"Accept","value":"application/json"}],"method":"POST","body":{"mode":"raw","raw":"{\n  \"XferInfo\": {\n    \"TransferType\": \"<string>\",\n    \"FromAcctRef\": {\n      \"AcctKeys\": {\n        \"AcctId\": \"<string>\",\n        \"AcctType\": \"<string>\",\n        \"AcctIdent\": {\n          \"AcctIdentType\": \"<string>\",\n          \"AcctIdentValue\": \"<string>\"\n        },\n        \"FIIdentType\": \"<string>\",\n        \"FIIdent\": \"<string>\",\n        \"BranchIdent\": \"<string>\"\n      }\n    },\n    \"ToAcctRef\": {\n      \"AcctKeys\": {\n        \"AcctId\": \"<string>\",\n        \"AcctType\": \"<string>\",\n        \"FIIdentType\": \"<string>\",\n        \"FIIdent\": \"<string>\",\n        \"BranchIdent\": \"<string>\"\n      }\n    },\n    \"CurAmt\": {\n      \"Amt\": \"<number>\",\n      \"CurCode\": {\n        \"CurCodeValue\": \"<string>\",\n        \"CurCodeType\": \"<string>\"\n      }\n    },\n    \"CompositeCurAmt\": [\n      {\n        \"CurAmt\": {\n          \"Amt\": \"<number>\",\n          \"CurCode\": {\n            \"CurCodeValue\": {\n              \"value\": \"<Error: Too many levels of nesting to fake this schema>\"\n            },\n            \"CurCodeType\": {\n              \"value\": \"<Error: Too many levels of nesting to fake this schema>\"\n            }\n          }\n        },\n        \"CompositeCurAmtType\": \"<string>\"\n      },\n      {\n        \"CurAmt\": {\n          \"Amt\": \"<number>\",\n          \"CurCode\": {\n            \"CurCodeValue\": {\n              \"value\": \"<Error: Too many levels of nesting to fake this schema>\"\n            },\n            \"CurCodeType\": {\n              \"value\": \"<Error: Too many levels of nesting to fake this schema>\"\n            }\n          }\n        },\n        \"CompositeCurAmtType\": \"<string>\"\n      }\n    ],\n    \"EffDt\": \"<string>\",\n    \"RecurModel\": {\n      \"RecurRule\": [\n        {\n          \"RecurType\": \"<string>\",\n          \"DayOfMonth\": \"<string>\",\n          \"SecondDayOfMonth\": \"<string>\",\n          \"RecurStartDate\": \"<date>\",\n          \"RecurEndDate\": \"<date>\"\n        },\n        {\n          \"RecurType\": \"<string>\",\n          \"DayOfMonth\": \"<string>\",\n          \"SecondDayOfMonth\": \"<string>\",\n          \"RecurStartDate\": \"<date>\",\n          \"RecurEndDate\": \"<date>\"\n        }\n      ]\n    },\n    \"ExpediteInd\": \"<boolean>\",\n    \"ExtendedXferData\": {\n      \"LoanSchedInd\": \"<boolean>\",\n      \"ForcePostInd\": \"<boolean>\",\n      \"BalanceVerification\": \"<string>\",\n      \"RetryTimes\": \"<long>\",\n      \"WaiveFeeInd\": \"<boolean>\"\n    },\n    \"RefData\": [\n      {\n        \"RefType\": \"<string>\",\n        \"RefDesc\": \"<string>\"\n      },\n      {\n        \"RefType\": \"<string>\",\n        \"RefDesc\": \"<string>\"\n      }\n    ]\n  }\n}","options":{"raw":{"language":"json"}}}},"status":"Created","code":201,"header":[{"key":"Content-Type","value":"application/json"}],"body":"{\n  \"XferStatusRec\": {\n    \"XferKeys\": {\n      \"XferId\": \"do o\"\n    },\n    \"XferStatus\": {\n      \"XferStatusCode\": \"Valid\",\n      \"EffDt\": \"6621-25-65T07:01\"\n    }\n  },\n  \"Status\": {\n    \"Severity\": \"Error\",\n    \"StatusCode\": \"qui\",\n    \"StatusDesc\": \"cupidatat\",\n    \"SvcProviderName\": \"aute et do sed sunt\",\n    \"Id\": \"ex ullamco\",\n    \"ServerStatusCode\": \"dolor aliqua\",\n    \"ServerStatusDesc\": \"tempor Lorem\",\n    \"OvrdExceptionInd\": true,\n    \"SubjectRole\": \"dolore cillum Ut reprehenderit\",\n    \"SubjectElement\": [\n      {\n        \"Path\": \"amet labore exerc\",\n        \"ServerPath\": \"dolor non ipsum occaecat ni\",\n        \"Value\": \"d\"\n      },\n      {\n        \"Path\": \"irure\",\n        \"ServerPath\": \"cillum ullamco tempor sit\",\n        \"Value\": \"laborum in quis sunt veniam\"\n      }\n    ],\n    \"ContentHTML\": \"quis id incididunt\",\n    \"AdditionalStatus\": [\n      {\n        \"StatusCode\": \"est Ex\",\n        \"StatusDesc\": \"esse quis\",\n        \"Severity\": \"Info\",\n        \"SvcProviderName\": \"amet culpa enim\",\n        \"ServerStatusCode\": \"est a\",\n        \"ServerStatusDesc\": \"nostrud occaecat Excepteur\",\n        \"OvrdExceptionInd\": true,\n        \"SubjectElement\": [\n          {\n            \"Path\": \"officia culpa\",\n            \"ServerPath\": \"est sed\",\n            \"Value\": \"veniam ea\"\n          },\n          {\n            \"Path\": \"laboris nostru\",\n            \"ServerPath\": \"labore officia in sit Duis\",\n            \"Value\": \"dolor ut\"\n          }\n        ]\n      },\n      {\n        \"StatusCode\": \"anim iru\",\n        \"StatusDesc\": \"culpa consequat nulla\",\n        \"Severity\": \"Info\",\n        \"SvcProviderName\": \"irure p\",\n        \"ServerStatusCode\": \"dolor commodo n\",\n        \"ServerStatusDesc\": \"dolor ea\",\n        \"OvrdExceptionInd\": true,\n        \"SubjectElement\": [\n          {\n            \"Path\": \"voluptate incidi\",\n            \"ServerPath\": \"Duis cupidatat non eu\",\n            \"Value\": \"ipsum dolore ea quis enim\"\n          },\n          {\n            \"Path\": \"irure eu elit ad\",\n            \"ServerPath\": \"fugiat aliquip consequat id\",\n            \"Value\": \"id labore esse\"\n          }\n        ]\n      }\n    ]\n  },\n  \"AcctInfoDtl\": {\n    \"ConfirmationNbr\": \"labore commodo Ut\"\n  }\n}","cookie":[],"_postman_previewlanguage":"json"},{"id":"f6d56ccb-11fd-42af-abc3-6e4338d5a0d8","name":"To view the complete list of response codes, <a href=\"../docs/?path=docs/response-codes.md\" title=\"Click to open\">click here.</a>","originalRequest":{"url":{"path":["xferservice","payments","transfers"],"host":["{{baseUrl}}"],"query":[],"variable":[]},"header":[{"disabled":false,"description":"(Required) EFX Header is a common and required component for all API calls, it contains client-related parameters. Please note that the header parameters should be sent as a JSON object under the EFXHeader parameter. To view the list of header parameters, <a href=\"../docs?path=docs/api-ref-EFX-header.md\" title=\"Click to open\"> click here.</a>","key":"EFXHeader","value":"OrganizationId,<string>,TrnId,<string>,VendorId,<string>,Context,[object Object]"},{"key":"Accept","value":"application/json"}],"method":"POST","body":{"mode":"raw","raw":"{\n  \"XferInfo\": {\n    \"TransferType\": \"<string>\",\n    \"FromAcctRef\": {\n      \"AcctKeys\": {\n        \"AcctId\": \"<string>\",\n        \"AcctType\": \"<string>\",\n        \"AcctIdent\": {\n          \"AcctIdentType\": \"<string>\",\n          \"AcctIdentValue\": \"<string>\"\n        },\n        \"FIIdentType\": \"<string>\",\n        \"FIIdent\": \"<string>\",\n        \"BranchIdent\": \"<string>\"\n      }\n    },\n    \"ToAcctRef\": {\n      \"AcctKeys\": {\n        \"AcctId\": \"<string>\",\n        \"AcctType\": \"<string>\",\n        \"FIIdentType\": \"<string>\",\n        \"FIIdent\": \"<string>\",\n        \"BranchIdent\": \"<string>\"\n      }\n    },\n    \"CurAmt\": {\n      \"Amt\": \"<number>\",\n      \"CurCode\": {\n        \"CurCodeValue\": \"<string>\",\n        \"CurCodeType\": \"<string>\"\n      }\n    },\n    \"CompositeCurAmt\": [\n      {\n        \"CurAmt\": {\n          \"Amt\": \"<number>\",\n          \"CurCode\": {\n            \"CurCodeValue\": {\n              \"value\": \"<Error: Too many levels of nesting to fake this schema>\"\n            },\n            \"CurCodeType\": {\n              \"value\": \"<Error: Too many levels of nesting to fake this schema>\"\n            }\n          }\n        },\n        \"CompositeCurAmtType\": \"<string>\"\n      },\n      {\n        \"CurAmt\": {\n          \"Amt\": \"<number>\",\n          \"CurCode\": {\n            \"CurCodeValue\": {\n              \"value\": \"<Error: Too many levels of nesting to fake this schema>\"\n            },\n            \"CurCodeType\": {\n              \"value\": \"<Error: Too many levels of nesting to fake this schema>\"\n            }\n          }\n        },\n        \"CompositeCurAmtType\": \"<string>\"\n      }\n    ],\n    \"EffDt\": \"<string>\",\n    \"RecurModel\": {\n      \"RecurRule\": [\n        {\n          \"RecurType\": \"<string>\",\n          \"DayOfMonth\": \"<string>\",\n          \"SecondDayOfMonth\": \"<string>\",\n          \"RecurStartDate\": \"<date>\",\n          \"RecurEndDate\": \"<date>\"\n        },\n        {\n          \"RecurType\": \"<string>\",\n          \"DayOfMonth\": \"<string>\",\n          \"SecondDayOfMonth\": \"<string>\",\n          \"RecurStartDate\": \"<date>\",\n          \"RecurEndDate\": \"<date>\"\n        }\n      ]\n    },\n    \"ExpediteInd\": \"<boolean>\",\n    \"ExtendedXferData\": {\n      \"LoanSchedInd\": \"<boolean>\",\n      \"ForcePostInd\": \"<boolean>\",\n      \"BalanceVerification\": \"<string>\",\n      \"RetryTimes\": \"<long>\",\n      \"WaiveFeeInd\": \"<boolean>\"\n    },\n    \"RefData\": [\n      {\n        \"RefType\": \"<string>\",\n        \"RefDesc\": \"<string>\"\n      },\n      {\n        \"RefType\": \"<string>\",\n        \"RefDesc\": \"<string>\"\n      }\n    ]\n  }\n}","options":{"raw":{"language":"json"}}}},"status":"Internal Server Error","code":500,"header":[{"key":"Content-Type","value":"application/json"}],"body":"{\n  \"XferStatusRec\": {\n    \"XferKeys\": {\n      \"XferId\": \"do o\"\n    },\n    \"XferStatus\": {\n      \"XferStatusCode\": \"Valid\",\n      \"EffDt\": \"6621-25-65T07:01\"\n    }\n  },\n  \"Status\": {\n    \"Severity\": \"Error\",\n    \"StatusCode\": \"qui\",\n    \"StatusDesc\": \"cupidatat\",\n    \"SvcProviderName\": \"aute et do sed sunt\",\n    \"Id\": \"ex ullamco\",\n    \"ServerStatusCode\": \"dolor aliqua\",\n    \"ServerStatusDesc\": \"tempor Lorem\",\n    \"OvrdExceptionInd\": true,\n    \"SubjectRole\": \"dolore cillum Ut reprehenderit\",\n    \"SubjectElement\": [\n      {\n        \"Path\": \"amet labore exerc\",\n        \"ServerPath\": \"dolor non ipsum occaecat ni\",\n        \"Value\": \"d\"\n      },\n      {\n        \"Path\": \"irure\",\n        \"ServerPath\": \"cillum ullamco tempor sit\",\n        \"Value\": \"laborum in quis sunt veniam\"\n      }\n    ],\n    \"ContentHTML\": \"quis id incididunt\",\n    \"AdditionalStatus\": [\n      {\n        \"StatusCode\": \"est Ex\",\n        \"StatusDesc\": \"esse quis\",\n        \"Severity\": \"Info\",\n        \"SvcProviderName\": \"amet culpa enim\",\n        \"ServerStatusCode\": \"est a\",\n        \"ServerStatusDesc\": \"nostrud occaecat Excepteur\",\n        \"OvrdExceptionInd\": true,\n        \"SubjectElement\": [\n          {\n            \"Path\": \"officia culpa\",\n            \"ServerPath\": \"est sed\",\n            \"Value\": \"veniam ea\"\n          },\n          {\n            \"Path\": \"laboris nostru\",\n            \"ServerPath\": \"labore officia in sit Duis\",\n            \"Value\": \"dolor ut\"\n          }\n        ]\n      },\n      {\n        \"StatusCode\": \"anim iru\",\n        \"StatusDesc\": \"culpa consequat nulla\",\n        \"Severity\": \"Info\",\n        \"SvcProviderName\": \"irure p\",\n        \"ServerStatusCode\": \"dolor commodo n\",\n        \"ServerStatusDesc\": \"dolor ea\",\n        \"OvrdExceptionInd\": true,\n        \"SubjectElement\": [\n          {\n            \"Path\": \"voluptate incidi\",\n            \"ServerPath\": \"Duis cupidatat non eu\",\n            \"Value\": \"ipsum dolore ea quis enim\"\n          },\n          {\n            \"Path\": \"irure eu elit ad\",\n            \"ServerPath\": \"fugiat aliquip consequat id\",\n            \"Value\": \"id labore esse\"\n          }\n        ]\n      }\n    ]\n  },\n  \"AcctInfoDtl\": {\n    \"ConfirmationNbr\": \"labore commodo Ut\"\n  }\n}","cookie":[],"_postman_previewlanguage":"json"}],"event":[],"protocolProfileBehavior":{"disableBodyPruning":true}},{"id":"60629915-b3b5-43fa-bee1-3e6268325f1c","name":"Delete Transfer","request":{"name":"Delete Transfer","description":{"content":"Delete Transfer API deletes the existing recurring or future dating transfer.<br>For Signature, this API cannot delete immediate tranfers and only one tranfer can be deleted per request. <br> <br> To download the API Specifications and Postman Collection, click <a href=\"../docs/?path=docs/resources/resources.md\" title=\"Click to open\">Resources</a>.","type":"text/plain"},"url":{"path":["xferservice","payments","transfers","secured"],"host":["{{baseUrl}}"],"query":[],"variable":[]},"header":[{"disabled":false,"description":"(Required) EFX Header is a common and required component for all API calls, it contains client-related parameters. Please note that the header parameters should be sent as a JSON object under the EFXHeader parameter. To view the list of header parameters, <a href=\"../docs?path=docs/api-ref-EFX-header.md\" title=\"Click to open\"> click here.</a>","key":"EFXHeader","value":"OrganizationId,<string>,TrnId,<string>,VendorId,<string>,Context,[object Object]"},{"key":"Content-Type","value":"application/json"},{"key":"Accept","value":"application/json"}],"method":"PUT","auth":null,"body":{"mode":"raw","raw":"{\n  \"XferKeys\": {\n    \"XferId\": \"<string>\"\n  }\n}","options":{"raw":{"language":"json"}}}},"response":[{"id":"6b8abc73-71ae-4a22-bec7-fe91b0c45042","name":"Success","originalRequest":{"url":{"path":["xferservice","payments","transfers","secured"],"host":["{{baseUrl}}"],"query":[],"variable":[]},"header":[{"disabled":false,"description":"(Required) EFX Header is a common and required component for all API calls, it contains client-related parameters. Please note that the header parameters should be sent as a JSON object under the EFXHeader parameter. To view the list of header parameters, <a href=\"../docs?path=docs/api-ref-EFX-header.md\" title=\"Click to open\"> click here.</a>","key":"EFXHeader","value":"OrganizationId,<string>,TrnId,<string>,VendorId,<string>,Context,[object Object]"},{"key":"Accept","value":"application/json"}],"method":"PUT","body":{"mode":"raw","raw":"{\n  \"XferKeys\": {\n    \"XferId\": \"<string>\"\n  }\n}","options":{"raw":{"language":"json"}}}},"status":"OK","code":200,"header":[{"key":"Content-Type","value":"application/json"}],"body":"{\n  \"XferStatusRec\": {\n    \"XferKeys\": {\n      \"XferId\": \"Excepteur esse\"\n    },\n    \"XferStatus\": {\n      \"XferStatusCode\": \"Valid\",\n      \"EffDt\": \"2470-31-63\"\n    }\n  },\n  \"Status\": {\n    \"Severity\": \"Error\",\n    \"StatusCode\": \"Ut\",\n    \"StatusDesc\": \"labore velit eiusmod\",\n    \"SvcProviderName\": \"reprehenderit dolor tempor proident\",\n    \"Id\": \"in anim\",\n    \"ServerStatusCode\": \"eni\",\n    \"ServerStatusDesc\": \"ut dolore\",\n    \"OvrdExceptionInd\": true,\n    \"SubjectRole\": \"irure reprehenderit sint eu\",\n    \"SubjectElement\": [\n      {\n        \"Path\": \"elit quis\",\n        \"ServerPath\": \"esse s\",\n        \"Value\": \"deserunt cillum sit\"\n      },\n      {\n        \"Path\": \"laboris\",\n        \"ServerPath\": \"dolor pro\",\n        \"Value\": \"voluptate occaecat\"\n      }\n    ],\n    \"ContentHTML\": \"consectetur anim sint ex Lorem\",\n    \"AdditionalStatus\": [\n      {\n        \"StatusCode\": \"non\",\n        \"StatusDesc\": \"eu\",\n        \"Severity\": \"Warning\",\n        \"SvcProviderName\": \"nisi aliquip dolor\",\n        \"ServerStatusCode\": \"Duis fugiat \",\n        \"ServerStatusDesc\": \"dolor culpa\",\n        \"OvrdExceptionInd\": false,\n        \"SubjectElement\": [\n          {\n            \"Path\": \"aliquip Ut cupidatat dolore occaecat\",\n            \"ServerPath\": \"non in nostrud\",\n            \"Value\": \"sunt aute cillum adipisicing Ut\"\n          },\n          {\n            \"Path\": \"magna amet cillum sint\",\n            \"ServerPath\": \"occaecat commodo\",\n            \"Value\": \"deserunt dolor anim\"\n          }\n        ]\n      },\n      {\n        \"StatusCode\": \"dolor\",\n        \"StatusDesc\": \"deserunt\",\n        \"Severity\": \"Warning\",\n        \"SvcProviderName\": \"ipsum sint officia cul\",\n        \"ServerStatusCode\": \"in quis\",\n        \"ServerStatusDesc\": \"fugiat \",\n        \"OvrdExceptionInd\": true,\n        \"SubjectElement\": [\n          {\n            \"Path\": \"id magna adipisicing\",\n            \"ServerPath\": \"in nostrud ea pariatur\",\n            \"Value\": \"dolor dolore nisi in\"\n          },\n          {\n            \"Path\": \"ea occaecat nostrud ut\",\n            \"ServerPath\": \"et Excepteur dolor tempor in\",\n            \"Value\": \"ea Excepteur qui sed\"\n          }\n        ]\n      }\n    ]\n  }\n}","cookie":[],"_postman_previewlanguage":"json"},{"id":"a29d93c1-4ecd-4bf0-870a-3dbb2411c85d","name":"To view the complete list of response codes, <a href=\"../docs/?path=docs/response-codes.md\" title=\"Click to open\">click here.</a>","originalRequest":{"url":{"path":["xferservice","payments","transfers","secured"],"host":["{{baseUrl}}"],"query":[],"variable":[]},"header":[{"disabled":false,"description":"(Required) EFX Header is a common and required component for all API calls, it contains client-related parameters. Please note that the header parameters should be sent as a JSON object under the EFXHeader parameter. To view the list of header parameters, <a href=\"../docs?path=docs/api-ref-EFX-header.md\" title=\"Click to open\"> click here.</a>","key":"EFXHeader","value":"OrganizationId,<string>,TrnId,<string>,VendorId,<string>,Context,[object Object]"},{"key":"Accept","value":"application/json"}],"method":"PUT","body":{"mode":"raw","raw":"{\n  \"XferKeys\": {\n    \"XferId\": \"<string>\"\n  }\n}","options":{"raw":{"language":"json"}}}},"status":"Internal Server Error","code":500,"header":[{"key":"Content-Type","value":"application/json"}],"body":"{\n  \"XferStatusRec\": {\n    \"XferKeys\": {\n      \"XferId\": \"Excepteur esse\"\n    },\n    \"XferStatus\": {\n      \"XferStatusCode\": \"Valid\",\n      \"EffDt\": \"2470-31-63\"\n    }\n  },\n  \"Status\": {\n    \"Severity\": \"Error\",\n    \"StatusCode\": \"Ut\",\n    \"StatusDesc\": \"labore velit eiusmod\",\n    \"SvcProviderName\": \"reprehenderit dolor tempor proident\",\n    \"Id\": \"in anim\",\n    \"ServerStatusCode\": \"eni\",\n    \"ServerStatusDesc\": \"ut dolore\",\n    \"OvrdExceptionInd\": true,\n    \"SubjectRole\": \"irure reprehenderit sint eu\",\n    \"SubjectElement\": [\n      {\n        \"Path\": \"elit quis\",\n        \"ServerPath\": \"esse s\",\n        \"Value\": \"deserunt cillum sit\"\n      },\n      {\n        \"Path\": \"laboris\",\n        \"ServerPath\": \"dolor pro\",\n        \"Value\": \"voluptate occaecat\"\n      }\n    ],\n    \"ContentHTML\": \"consectetur anim sint ex Lorem\",\n    \"AdditionalStatus\": [\n      {\n        \"StatusCode\": \"non\",\n        \"StatusDesc\": \"eu\",\n        \"Severity\": \"Warning\",\n        \"SvcProviderName\": \"nisi aliquip dolor\",\n        \"ServerStatusCode\": \"Duis fugiat \",\n        \"ServerStatusDesc\": \"dolor culpa\",\n        \"OvrdExceptionInd\": false,\n        \"SubjectElement\": [\n          {\n            \"Path\": \"aliquip Ut cupidatat dolore occaecat\",\n            \"ServerPath\": \"non in nostrud\",\n            \"Value\": \"sunt aute cillum adipisicing Ut\"\n          },\n          {\n            \"Path\": \"magna amet cillum sint\",\n            \"ServerPath\": \"occaecat commodo\",\n            \"Value\": \"deserunt dolor anim\"\n          }\n        ]\n      },\n      {\n        \"StatusCode\": \"dolor\",\n        \"StatusDesc\": \"deserunt\",\n        \"Severity\": \"Warning\",\n        \"SvcProviderName\": \"ipsum sint officia cul\",\n        \"ServerStatusCode\": \"in quis\",\n        \"ServerStatusDesc\": \"fugiat \",\n        \"OvrdExceptionInd\": true,\n        \"SubjectElement\": [\n          {\n            \"Path\": \"id magna adipisicing\",\n            \"ServerPath\": \"in nostrud ea pariatur\",\n            \"Value\": \"dolor dolore nisi in\"\n          },\n          {\n            \"Path\": \"ea occaecat nostrud ut\",\n            \"ServerPath\": \"et Excepteur dolor tempor in\",\n            \"Value\": \"ea Excepteur qui sed\"\n          }\n        ]\n      }\n    ]\n  }\n}","cookie":[],"_postman_previewlanguage":"json"}],"event":[],"protocolProfileBehavior":{"disableBodyPruning":true}}],"event":[]},{"id":"dad89887-b483-4fb1-873e-81805bc93609","name":"Get Transfer List","request":{"name":"Get Transfer List","description":{"content":"Get Transfer List API retrieves a list of transfers for the selected account.<br>For DNA, this API can be used to retrieve the transfer identifier before sending the Get Transfer and Delete Transfer request.<br>This API retrieves the information only for recurrent and future dating transfers that are defined in the FTM subsystem of Signature. <br> <br> To download the API Specifications and Postman Collection, click <a href=\"../docs/?path=docs/resources/resources.md\" title=\"Click to open\">Resources</a>.","type":"text/plain"},"url":{"path":["xferservice","payments","transferlist","secured"],"host":["{{baseUrl}}"],"query":[],"variable":[]},"header":[{"disabled":false,"description":"(Required) EFX Header is a common and required component for all API calls, it contains client-related parameters. Please note that the header parameters should be sent as a JSON object under the EFXHeader parameter. To view the list of header parameters, <a href=\"../docs?path=docs/api-ref-EFX-header.md\" title=\"Click to open\"> click here.</a>","key":"EFXHeader","value":"OrganizationId,<string>,TrnId,<string>,VendorId,<string>,Context,[object Object]"},{"key":"Content-Type","value":"application/json"},{"key":"Accept","value":"application/json"}],"method":"POST","auth":null,"body":{"mode":"raw","raw":"{\n  \"XferListSel\": {\n    \"AcctRef\": {\n      \"AcctKeys\": {\n        \"AcctId\": \"<string>\",\n        \"AcctType\": \"<string>\"\n      }\n    }\n  },\n  \"RecCtrlIn\": {\n    \"MaxRecLimit\": \"<long>\",\n    \"Cursor\": \"<string>\"\n  }\n}","options":{"raw":{"language":"json"}}}},"response":[{"id":"d9465cca-7509-495e-a6e8-50e71bf92735","name":"Success","originalRequest":{"url":{"path":["xferservice","payments","transferlist","secured"],"host":["{{baseUrl}}"],"query":[],"variable":[]},"header":[{"disabled":false,"description":"(Required) EFX Header is a common and required component for all API calls, it contains client-related parameters. Please note that the header parameters should be sent as a JSON object under the EFXHeader parameter. To view the list of header parameters, <a href=\"../docs?path=docs/api-ref-EFX-header.md\" title=\"Click to open\"> click here.</a>","key":"EFXHeader","value":"OrganizationId,<string>,TrnId,<string>,VendorId,<string>,Context,[object Object]"},{"key":"Accept","value":"application/json"}],"method":"POST","body":{"mode":"raw","raw":"{\n  \"XferListSel\": {\n    \"AcctRef\": {\n      \"AcctKeys\": {\n        \"AcctId\": \"<string>\",\n        \"AcctType\": \"<string>\"\n      }\n    }\n  },\n  \"RecCtrlIn\": {\n    \"MaxRecLimit\": \"<long>\",\n    \"Cursor\": \"<string>\"\n  }\n}","options":{"raw":{"language":"json"}}}},"status":"OK","code":200,"header":[{"key":"Content-Type","value":"application/json"}],"body":"{\n  \"XferListRec\": [\n    {\n      \"XferKeys\": {\n        \"XferId\": \"proident tempor minim ul\"\n      },\n      \"XferListInfo\": {\n        \"CurAmt\": {\n          \"Amt\": \"<number>\",\n          \"CurCode\": {\n            \"CurCodeValue\": {\n              \"value\": \"<Error: Too many levels of nesting to fake this schema>\"\n            },\n            \"CurCodeType\": {\n              \"value\": \"<Error: Too many levels of nesting to fake this schema>\"\n            }\n          }\n        },\n        \"FromAcctRef\": {\n          \"AcctKeys\": {\n            \"AcctId\": {\n              \"value\": \"<Error: Too many levels of nesting to fake this schema>\"\n            },\n            \"AcctType\": {\n              \"value\": \"<Error: Too many levels of nesting to fake this schema>\"\n            }\n          }\n        },\n        \"ToAcctRef\": {\n          \"AcctKeys\": {\n            \"AcctId\": {\n              \"value\": \"<Error: Too many levels of nesting to fake this schema>\"\n            },\n            \"AcctType\": {\n              \"value\": \"<Error: Too many levels of nesting to fake this schema>\"\n            }\n          }\n        },\n        \"EndDt\": \"7131-49-95T49:14\",\n        \"Nickname\": \"elit velit sint do\",\n        \"XferStatusType\": \"Inactive\"\n      },\n      \"XferStatus\": {\n        \"XferStatusCode\": \"Valid\",\n        \"EffDt\": \"4746-39-40T92:02:21.749+21:21\"\n      }\n    },\n    {\n      \"XferKeys\": {\n        \"XferId\": \"aliqua magna exercitation\"\n      },\n      \"XferListInfo\": {\n        \"CurAmt\": {\n          \"Amt\": \"<number>\",\n          \"CurCode\": {\n            \"CurCodeValue\": {\n              \"value\": \"<Error: Too many levels of nesting to fake this schema>\"\n            },\n            \"CurCodeType\": {\n              \"value\": \"<Error: Too many levels of nesting to fake this schema>\"\n            }\n          }\n        },\n        \"FromAcctRef\": {\n          \"AcctKeys\": {\n            \"AcctId\": {\n              \"value\": \"<Error: Too many levels of nesting to fake this schema>\"\n            },\n            \"AcctType\": {\n              \"value\": \"<Error: Too many levels of nesting to fake this schema>\"\n            }\n          }\n        },\n        \"ToAcctRef\": {\n          \"AcctKeys\": {\n            \"AcctId\": {\n              \"value\": \"<Error: Too many levels of nesting to fake this schema>\"\n            },\n            \"AcctType\": {\n              \"value\": \"<Error: Too many levels of nesting to fake this schema>\"\n            }\n          }\n        },\n        \"EndDt\": \"1766-93-89\",\n        \"Nickname\": \"anim reprehenderit\",\n        \"XferStatusType\": \"New\"\n      },\n      \"XferStatus\": {\n        \"XferStatusCode\": \"Valid\",\n        \"EffDt\": \"5359-30-32T40:71\"\n      }\n    }\n  ],\n  \"Status\": {\n    \"Severity\": \"Warning\",\n    \"StatusCode\": \"irure tempor si\",\n    \"StatusDesc\": \"minim\",\n    \"SvcProviderName\": \"est esse labore laboris\",\n    \"Id\": \"dolor voluptate laboris ea adipisicing\",\n    \"ServerStatusCode\": \"sunt ut\",\n    \"ServerStatusDesc\": \"officia eu\",\n    \"OvrdExceptionInd\": true,\n    \"SubjectRole\": \"exercitation Ut\",\n    \"SubjectElement\": [\n      {\n        \"Path\": \"id magna fugiat est\",\n        \"ServerPath\": \"dolore elit ex\",\n        \"Value\": \"cillum id\"\n      },\n      {\n        \"Path\": \"consectetur aliqua ipsum\",\n        \"ServerPath\": \"proident occaecat veniam\",\n        \"Value\": \"aute\"\n      }\n    ],\n    \"ContentHTML\": \"labore quis\",\n    \"AdditionalStatus\": [\n      {\n        \"StatusCode\": \"officia ipsum mini\",\n        \"StatusDesc\": \"occaecat incididunt\",\n        \"Severity\": \"Info\",\n        \"SvcProviderName\": \"aliquip non\",\n        \"ServerStatusCode\": \"cupidatat reprehend\",\n        \"ServerStatusDesc\": \"nisi ex Lorem\",\n        \"OvrdExceptionInd\": false,\n        \"SubjectElement\": [\n          {\n            \"Path\": \"elit quis sit labore\",\n            \"ServerPath\": \"voluptate amet\",\n            \"Value\": \"ut et\"\n          },\n          {\n            \"Path\": \"labore Duis laborum tempor\",\n            \"ServerPath\": \"id commodo anim\",\n            \"Value\": \"elit\"\n          }\n        ]\n      },\n      {\n        \"StatusCode\": \"ut magna lab\",\n        \"StatusDesc\": \"labore mollit\",\n        \"Severity\": \"Warning\",\n        \"SvcProviderName\": \"qui non adipisicing eiusmod\",\n        \"ServerStatusCode\": \"in dolore\",\n        \"ServerStatusDesc\": \"enim mollit\",\n        \"OvrdExceptionInd\": false,\n        \"SubjectElement\": [\n          {\n            \"Path\": \"culpa anim\",\n            \"ServerPath\": \"ipsum irure dolore\",\n            \"Value\": \"reprehenderit id non cillum\"\n          },\n          {\n            \"Path\": \"eiusmod dolore\",\n            \"ServerPath\": \"consequat in\",\n            \"Value\": \"sed voluptate eiusmod anim\"\n          }\n        ]\n      }\n    ]\n  },\n  \"RecCtrlOut\": {\n    \"SentRecCount\": 70320137,\n    \"MatchedRecCount\": 66159878,\n    \"Cursor\": \"velit pariatur laboris consequat\"\n  }\n}","cookie":[],"_postman_previewlanguage":"json"},{"id":"907379ef-aafe-418f-9925-5553b5fe9965","name":"To view the complete list of response codes, <a href=\"../docs/?path=docs/response-codes.md\" title=\"Click to open\">click here.</a>","originalRequest":{"url":{"path":["xferservice","payments","transferlist","secured"],"host":["{{baseUrl}}"],"query":[],"variable":[]},"header":[{"disabled":false,"description":"(Required) EFX Header is a common and required component for all API calls, it contains client-related parameters. Please note that the header parameters should be sent as a JSON object under the EFXHeader parameter. To view the list of header parameters, <a href=\"../docs?path=docs/api-ref-EFX-header.md\" title=\"Click to open\"> click here.</a>","key":"EFXHeader","value":"OrganizationId,<string>,TrnId,<string>,VendorId,<string>,Context,[object Object]"},{"key":"Accept","value":"application/json"}],"method":"POST","body":{"mode":"raw","raw":"{\n  \"XferListSel\": {\n    \"AcctRef\": {\n      \"AcctKeys\": {\n        \"AcctId\": \"<string>\",\n        \"AcctType\": \"<string>\"\n      }\n    }\n  },\n  \"RecCtrlIn\": {\n    \"MaxRecLimit\": \"<long>\",\n    \"Cursor\": \"<string>\"\n  }\n}","options":{"raw":{"language":"json"}}}},"status":"Internal Server Error","code":500,"header":[{"key":"Content-Type","value":"application/json"}],"body":"{\n  \"XferListRec\": [\n    {\n      \"XferKeys\": {\n        \"XferId\": \"officia in\"\n      },\n      \"XferListInfo\": {\n        \"CurAmt\": {\n          \"Amt\": \"<number>\",\n          \"CurCode\": {\n            \"CurCodeValue\": {\n              \"value\": \"<Error: Too many levels of nesting to fake this schema>\"\n            },\n            \"CurCodeType\": {\n              \"value\": \"<Error: Too many levels of nesting to fake this schema>\"\n            }\n          }\n        },\n        \"FromAcctRef\": {\n          \"AcctKeys\": {\n            \"AcctId\": {\n              \"value\": \"<Error: Too many levels of nesting to fake this schema>\"\n            },\n            \"AcctType\": {\n              \"value\": \"<Error: Too many levels of nesting to fake this schema>\"\n            }\n          }\n        },\n        \"ToAcctRef\": {\n          \"AcctKeys\": {\n            \"AcctId\": {\n              \"value\": \"<Error: Too many levels of nesting to fake this schema>\"\n            },\n            \"AcctType\": {\n              \"value\": \"<Error: Too many levels of nesting to fake this schema>\"\n            }\n          }\n        },\n        \"EndDt\": \"2101-46-35T45:96\",\n        \"Nickname\": \"consectetu\",\n        \"XferStatusType\": \"Expired\"\n      },\n      \"XferStatus\": {\n        \"XferStatusCode\": \"Valid\",\n        \"EffDt\": \"0821-80-78\"\n      }\n    },\n    {\n      \"XferKeys\": {\n        \"XferId\": \"reprehenderit\"\n      },\n      \"XferListInfo\": {\n        \"CurAmt\": {\n          \"Amt\": \"<number>\",\n          \"CurCode\": {\n            \"CurCodeValue\": {\n              \"value\": \"<Error: Too many levels of nesting to fake this schema>\"\n            },\n            \"CurCodeType\": {\n              \"value\": \"<Error: Too many levels of nesting to fake this schema>\"\n            }\n          }\n        },\n        \"FromAcctRef\": {\n          \"AcctKeys\": {\n            \"AcctId\": {\n              \"value\": \"<Error: Too many levels of nesting to fake this schema>\"\n            },\n            \"AcctType\": {\n              \"value\": \"<Error: Too many levels of nesting to fake this schema>\"\n            }\n          }\n        },\n        \"ToAcctRef\": {\n          \"AcctKeys\": {\n            \"AcctId\": {\n              \"value\": \"<Error: Too many levels of nesting to fake this schema>\"\n            },\n            \"AcctType\": {\n              \"value\": \"<Error: Too many levels of nesting to fake this schema>\"\n            }\n          }\n        },\n        \"EndDt\": \"8390-81-79\",\n        \"Nickname\": \"quis sint pariatur in\",\n        \"XferStatusType\": \"Inactive\"\n      },\n      \"XferStatus\": {\n        \"XferStatusCode\": \"Valid\",\n        \"EffDt\": \"5537-19-77T73:74\"\n      }\n    }\n  ],\n  \"Status\": {\n    \"Severity\": \"Info\",\n    \"StatusCode\": \"Excepteur enim \",\n    \"StatusDesc\": \"magna incididunt dolore\",\n    \"SvcProviderName\": \"anim Ut proident tempor\",\n    \"Id\": \"quis Duis nostrud incididunt\",\n    \"ServerStatusCode\": \"laboris \",\n    \"ServerStatusDesc\": \"dolore dolore non amet consequat\",\n    \"OvrdExceptionInd\": true,\n    \"SubjectRole\": \"cupidatat deserunt\",\n    \"SubjectElement\": [\n      {\n        \"Path\": \"dolor consectetur ullamco Excepteur tempor\",\n        \"ServerPath\": \"nostrud id aute nulla\",\n        \"Value\": \"qui ut ex\"\n      },\n      {\n        \"Path\": \"consectetur te\",\n        \"ServerPath\": \"ut in\",\n        \"Value\": \"Ut mollit officia\"\n      }\n    ],\n    \"ContentHTML\": \"qui ad in\",\n    \"AdditionalStatus\": [\n      {\n        \"StatusCode\": \"occaecat\",\n        \"StatusDesc\": \"dolor consectetur Duis\",\n        \"Severity\": \"Info\",\n        \"SvcProviderName\": \"id amet\",\n        \"ServerStatusCode\": \"enim irure\",\n        \"ServerStatusDesc\": \"id volupt\",\n        \"OvrdExceptionInd\": true,\n        \"SubjectElement\": [\n          {\n            \"Path\": \"labore id laborum\",\n            \"ServerPath\": \"sint\",\n            \"Value\": \"culpa\"\n          },\n          {\n            \"Path\": \"incididunt cupidatat qui ut\",\n            \"ServerPath\": \"exercitation\",\n            \"Value\": \"et magna ipsum ea\"\n          }\n        ]\n      },\n      {\n        \"StatusCode\": \"eiusmod c\",\n        \"StatusDesc\": \"esse ea enim tempor\",\n        \"Severity\": \"Error\",\n        \"SvcProviderName\": \"ut dolor eu labore\",\n        \"ServerStatusCode\": \"eiusmod consequat \",\n        \"ServerStatusDesc\": \"laboris\",\n        \"OvrdExceptionInd\": true,\n        \"SubjectElement\": [\n          {\n            \"Path\": \"est in exercitation consectetur\",\n            \"ServerPath\": \"aute pariatur in\",\n            \"Value\": \"incididunt Excepteur\"\n          },\n          {\n            \"Path\": \"Lorem ea\",\n            \"ServerPath\": \"nostrud in incididunt\",\n            \"Value\": \"Lorem ad esse voluptate laboris\"\n          }\n        ]\n      }\n    ]\n  },\n  \"RecCtrlOut\": {\n    \"SentRecCount\": 7433513,\n    \"MatchedRecCount\": 13744277,\n    \"Cursor\": \"mollit culpa\"\n  }\n}","cookie":[],"_postman_previewlanguage":"json"}],"event":[],"protocolProfileBehavior":{"disableBodyPruning":true}}],"event":[]}],"event":[],"variable":[{"type":"string","value":"/","key":"baseUrl"}],"info":{"_postman_id":"dcd05e6d-3ea1-49ac-86a7-72014e836a62","name":"Transfer Service","schema":"https://schema.getpostman.com/json/collection/v2.1.0/collection.json","description":{"content":"The Transfer service supports operations related to managing the transfer of money between accounts. The service includes the description of the FROM and TO accounts, amount of the transfer, transfer fees and frequency of the transfer as it can be a one-time transfer or a recurring transfer.","type":"text/plain"}}}