{"item":[{"id":"99f6b584-e2ed-446c-8074-a7025cb4af38","name":"Update Account.","request":{"name":"Update Account.","description":{"content":"Update Account API modifies the various Demand Deposit Account (DDA) and Saving Account (SDA) details, such as account status, account titling, statement and notice options.<br>In the request, the client application should send the entire object in its changed/new state. The system identifies the new, updated or removed data.<br> <br> To download the API Specifications and Postman Collection, click <a href=\"../docs/?path=docs/resources/resources.md\" title=\"Click to open\">Resources</a>.","type":"text/plain"},"url":{"path":["acctservice","acctmgmt","accounts"],"host":["{{baseUrl}}"],"query":[],"variable":[]},"header":[{"disabled":false,"description":"(Required) EFX Header is a common and required component for all API calls, it contains client-related parameters. Please note that the header parameters should be sent as a JSON object under the EFXHeader parameter. To view the list of header parameters, <a href=\"../docs?path=docs/api-ref-EFX-header.md\" title=\"Click to open\"> click here.</a>","key":"EFXHeader","value":"OrganizationId,<string>,TrnId,<string>,VendorId,<string>,Context,[object Object]"},{"key":"Content-Type","value":"application/json"},{"key":"Accept","value":"application/json"}],"method":"PUT","auth":null,"body":{"mode":"raw","raw":"{\n  \"AcctKeys\": {\n    \"AcctId\": \"<string>\",\n    \"AcctType\": \"<string>\"\n  },\n  \"DepositAcctInfo\": {\n    \"Brand\": \"<string>\",\n    \"AcctDtlStatus\": \"<string>\",\n    \"ProductIdent\": \"<string>\",\n    \"TaxIncentiveType\": \"<string>\",\n    \"InitialAmount\": {\n      \"Amt\": \"<number>\",\n      \"CurCode\": {\n        \"CurCodeValue\": \"<string>\",\n        \"CurCodeType\": \"<string>\"\n      }\n    },\n    \"OpenDt\": \"<date>\",\n    \"ClosedDt\": \"<date>\",\n    \"ClosedReasonCode\": \"<string>\",\n    \"LastContactDt\": \"<string>\",\n    \"DateData\": [\n      {\n        \"DateType\": \"<string>\",\n        \"DateValue\": \"<string>\"\n      },\n      {\n        \"DateType\": \"<string>\",\n        \"DateValue\": \"<string>\"\n      }\n    ],\n    \"RelationshipMgr\": [\n      {\n        \"RelationshipMgrIdent\": \"<string>\",\n        \"RelationshipRole\": \"<string>\"\n      },\n      {\n        \"RelationshipMgrIdent\": \"<string>\",\n        \"RelationshipRole\": \"<string>\"\n      }\n    ],\n    \"OriginatingBranch\": \"<string>\",\n    \"Nickname\": \"<string>\",\n    \"AddtlTitles\": [\n      {\n        \"AcctTitleType\": \"<string>\",\n        \"AcctTitle\": \"<string>\",\n        \"AcctTitleOption\": \"<string>\",\n        \"DBAInd\": \"<boolean>\"\n      },\n      {\n        \"AcctTitleType\": \"<string>\",\n        \"AcctTitle\": \"<string>\",\n        \"AcctTitleOption\": \"<string>\",\n        \"DBAInd\": \"<boolean>\"\n      }\n    ],\n    \"AccountingMethod\": \"<string>\",\n    \"ClassCode\": \"<string>\",\n    \"ClientDefinedData\": [\n      {\n        \"DataIdent\": \"<string>\",\n        \"DataClassType\": \"<string>\",\n        \"DataType\": \"<string>\",\n        \"Value\": \"<string>\"\n      },\n      {\n        \"DataIdent\": \"<string>\",\n        \"DataClassType\": \"<string>\",\n        \"DataType\": \"<string>\",\n        \"Value\": \"<string>\"\n      }\n    ],\n    \"AcctStmtData\": {\n      \"StmtTimeFrame\": [\n        {\n          \"RecurType\": \"<string>\",\n          \"RecurInterval\": \"<long>\"\n        },\n        {\n          \"RecurType\": \"<string>\",\n          \"RecurInterval\": \"<long>\"\n        }\n      ],\n      \"LastStmtDt\": \"<date>\",\n      \"StmtPrepCode\": \"<string>\",\n      \"StmtFormat\": \"<string>\",\n      \"StmtTruncationOption\": \"<string>\",\n      \"MailCode\": \"<string>\",\n      \"StmtOptions\": [\n        {\n          \"StmtOptionType\": \"<string>\",\n          \"StmtOptionValue\": \"<string>\"\n        },\n        {\n          \"StmtOptionType\": \"<string>\",\n          \"StmtOptionValue\": \"<string>\"\n        }\n      ]\n    },\n    \"NoticeData\": [\n      {\n        \"NoticeType\": \"<string>\",\n        \"NoticeOption\": \"<string>\",\n        \"HandlingCode\": \"<string>\"\n      },\n      {\n        \"NoticeType\": \"<string>\",\n        \"NoticeOption\": \"<string>\",\n        \"HandlingCode\": \"<string>\"\n      }\n    ],\n    \"ProdIntRateId\": \"<string>\",\n    \"IntRateData\": {\n      \"RateMatrixTier\": [\n        {\n          \"Tier\": \"<string>\",\n          \"LowCurAmt\": {\n            \"Amt\": {\n              \"value\": \"<Error: Too many levels of nesting to fake this schema>\"\n            },\n            \"CurCode\": {\n              \"value\": \"<Error: Too many levels of nesting to fake this schema>\"\n            }\n          },\n          \"HighCurAmt\": {\n            \"Amt\": {\n              \"value\": \"<Error: Too many levels of nesting to fake this schema>\"\n            },\n            \"CurCode\": {\n              \"value\": \"<Error: Too many levels of nesting to fake this schema>\"\n            }\n          },\n          \"MarginType\": \"<string>\",\n          \"Margin\": \"<number>\"\n        },\n        {\n          \"Tier\": \"<string>\",\n          \"LowCurAmt\": {\n            \"Amt\": {\n              \"value\": \"<Error: Too many levels of nesting to fake this schema>\"\n            },\n            \"CurCode\": {\n              \"value\": \"<Error: Too many levels of nesting to fake this schema>\"\n            }\n          },\n          \"HighCurAmt\": {\n            \"Amt\": {\n              \"value\": \"<Error: Too many levels of nesting to fake this schema>\"\n            },\n            \"CurCode\": {\n              \"value\": \"<Error: Too many levels of nesting to fake this schema>\"\n            }\n          },\n          \"MarginType\": \"<string>\",\n          \"Margin\": \"<number>\"\n        }\n      ]\n    },\n    \"RateChangeData\": [\n      {\n        \"BasedOnCode\": \"<string>\",\n        \"RateVariance\": \"<number>\",\n        \"ExpDt\": \"<date>\",\n        \"MinRateChange\": \"<number>\",\n        \"MaxRateChange\": \"<number>\"\n      },\n      {\n        \"BasedOnCode\": \"<string>\",\n        \"RateVariance\": \"<number>\",\n        \"ExpDt\": \"<date>\",\n        \"MinRateChange\": \"<number>\",\n        \"MaxRateChange\": \"<number>\"\n      }\n    ],\n    \"FinancialLiteracy\": {\n      \"IsRoundUp\": \"<boolean>\",\n      \"IsFunding\": \"<boolean>\"\n    },\n    \"PostAddr\": [\n      {\n        \"AddrType\": \"<string>\",\n        \"AddressIdent\": \"<string>\",\n        \"AddrFormatType\": \"<string>\"\n      },\n      {\n        \"AddrType\": \"<string>\",\n        \"AddressIdent\": \"<string>\",\n        \"AddrFormatType\": \"<string>\"\n      }\n    ],\n    \"WithholdingData\": {\n      \"WithholdingType\": \"<string>\",\n      \"WithholdingCode\": \"<string>\"\n    },\n    \"Fee\": [\n      {\n        \"FeeType\": \"<string>\",\n        \"FeeIdent\": \"<string>\",\n        \"FeeOption\": \"<string>\",\n        \"TimeFrame\": {\n          \"StartDt\": \"<string>\",\n          \"EndDt\": \"<string>\",\n          \"RecurRule\": [\n            {\n              \"value\": \"<Error: Too many levels of nesting to fake this schema>\"\n            },\n            {\n              \"value\": \"<Error: Too many levels of nesting to fake this schema>\"\n            }\n          ]\n        },\n        \"FeeWaiver\": {\n          \"WaiverReasonCode\": \"<string>\"\n        }\n      },\n      {\n        \"FeeType\": \"<string>\",\n        \"FeeIdent\": \"<string>\",\n        \"FeeOption\": \"<string>\",\n        \"TimeFrame\": {\n          \"StartDt\": \"<string>\",\n          \"EndDt\": \"<string>\",\n          \"RecurRule\": [\n            {\n              \"value\": \"<Error: Too many levels of nesting to fake this schema>\"\n            },\n            {\n              \"value\": \"<Error: Too many levels of nesting to fake this schema>\"\n            }\n          ]\n        },\n        \"FeeWaiver\": {\n          \"WaiverReasonCode\": \"<string>\"\n        }\n      }\n    ],\n    \"ReportGroupCode\": \"<string>\",\n    \"DocDistributionOption\": \"<string>\",\n    \"NAICS\": \"<string>\",\n    \"NOWEnabledInd\": \"<boolean>\",\n    \"CallReportCode\": \"<string>\",\n    \"AccessLevelData\": {\n      \"AccessLevelType\": \"<string>\",\n      \"AccessLevelCode\": \"<string>\"\n    },\n    \"RewardsData\": [\n      {\n        \"RewardType\": \"<string>\",\n        \"RewardDispositionType\": \"<string>\",\n        \"RewardAcct\": {\n          \"AcctId\": \"<string>\",\n          \"AcctType\": \"<string>\"\n        },\n        \"PromoPeriods\": \"<long>\"\n      },\n      {\n        \"RewardType\": \"<string>\",\n        \"RewardDispositionType\": \"<string>\",\n        \"RewardAcct\": {\n          \"AcctId\": \"<string>\",\n          \"AcctType\": \"<string>\"\n        },\n        \"PromoPeriods\": \"<long>\"\n      }\n    ],\n    \"IntDispData\": {\n      \"IntDisposition\": \"<string>\",\n      \"IntDistAcctRef\": {\n        \"AcctKeys\": {\n          \"AcctId\": \"<string>\",\n          \"AcctType\": \"<string>\",\n          \"FIIdentType\": \"<string>\",\n          \"FIIdent\": \"<string>\"\n        },\n        \"AcctSummInfo\": \"<object>\",\n        \"ACHReceivingType\": \"<string>\",\n        \"ACHCompanyEntryDesc\": \"<string>\",\n        \"SameDayInd\": \"<boolean>\"\n      }\n    },\n    \"ClubPayoffData\": {\n      \"ClubPayoffOption\": \"<string>\",\n      \"ClubPayoffAcctRef\": {\n        \"AcctKeys\": {\n          \"AcctId\": \"<string>\",\n          \"AcctType\": \"<string>\",\n          \"FIIdentType\": \"<string>\",\n          \"FIIdent\": \"<string>\"\n        },\n        \"ACHReceivingType\": \"<string>\",\n        \"ACHCompanyEntryDesc\": \"<string>\",\n        \"SameDayInd\": \"<boolean>\"\n      }\n    },\n    \"OverdraftData\": {\n      \"OverdraftEnrollOpt\": \"<string>\",\n      \"BalanceVerification\": \"<string>\",\n      \"OverdraftLimitAmt\": {\n        \"Amt\": \"<number>\",\n        \"CurCode\": {\n          \"CurCodeValue\": \"<string>\",\n          \"CurCodeType\": \"<string>\"\n        }\n      },\n      \"OverdraftLimitReviewOption\": \"<string>\",\n      \"WaiveOverdraftInd\": \"<boolean>\"\n    },\n    \"ChargeOffCode\": \"<string>\",\n    \"SvcChgData\": {\n      \"SvcChgMethod\": [\n        {\n          \"SvcChgMethodType\": \"<string>\"\n        },\n        {\n          \"SvcChgMethodType\": \"<string>\"\n        }\n      ],\n      \"SvcChgRelatedAcct\": [\n        {\n          \"AcctKeys\": {\n            \"AcctId\": {\n              \"value\": \"<Error: Too many levels of nesting to fake this schema>\"\n            },\n            \"AcctType\": {\n              \"value\": \"<Error: Too many levels of nesting to fake this schema>\"\n            }\n          }\n        },\n        {\n          \"AcctKeys\": {\n            \"AcctId\": {\n              \"value\": \"<Error: Too many levels of nesting to fake this schema>\"\n            },\n            \"AcctType\": {\n              \"value\": \"<Error: Too many levels of nesting to fake this schema>\"\n            }\n          }\n        }\n      ],\n      \"SvcChgAcctRef\": {\n        \"AcctKeys\": {\n          \"AcctId\": \"<string>\",\n          \"AcctType\": \"<string>\"\n        }\n      }\n    },\n    \"RegCCData\": {\n      \"RegCCStatus\": \"<string>\"\n    },\n    \"AcctReconciliation\": {\n      \"ReconciliationType\": \"<string>\",\n      \"Contact\": {\n        \"PhoneNum\": \"<object>\"\n      },\n      \"StaleDays\": \"<long>\",\n      \"DormantDays\": \"<long>\",\n      \"CombineGroup\": \"<long>\",\n      \"UserDefinedData\": {\n        \"UserIdent\": \"<string>\",\n        \"Value\": \"<string>\"\n      },\n      \"PositivePay\": {\n        \"DeliveryMethod\": \"<string>\",\n        \"ToleranceAmt\": \"<number>\",\n        \"Contact\": {\n          \"PhoneNum\": {\n            \"value\": \"<Error: Too many levels of nesting to fake this schema>\"\n          }\n        }\n      }\n    }\n  }\n}","options":{"raw":{"language":"json"}}}},"response":[{"id":"48ab2505-3769-4d82-b8cc-8fa354d51785","name":"Created","originalRequest":{"url":{"path":["acctservice","acctmgmt","accounts"],"host":["{{baseUrl}}"],"query":[],"variable":[]},"header":[{"disabled":false,"description":"(Required) EFX Header is a common and required component for all API calls, it contains client-related parameters. Please note that the header parameters should be sent as a JSON object under the EFXHeader parameter. To view the list of header parameters, <a href=\"../docs?path=docs/api-ref-EFX-header.md\" title=\"Click to open\"> click here.</a>","key":"EFXHeader","value":"OrganizationId,<string>,TrnId,<string>,VendorId,<string>,Context,[object Object]"},{"key":"Accept","value":"application/json"}],"method":"PUT","body":{"mode":"raw","raw":"{\n  \"AcctKeys\": {\n    \"AcctId\": \"<string>\",\n    \"AcctType\": \"<string>\"\n  },\n  \"DepositAcctInfo\": {\n    \"Brand\": \"<string>\",\n    \"AcctDtlStatus\": \"<string>\",\n    \"ProductIdent\": \"<string>\",\n    \"TaxIncentiveType\": \"<string>\",\n    \"InitialAmount\": {\n      \"Amt\": \"<number>\",\n      \"CurCode\": {\n        \"CurCodeValue\": \"<string>\",\n        \"CurCodeType\": \"<string>\"\n      }\n    },\n    \"OpenDt\": \"<date>\",\n    \"ClosedDt\": \"<date>\",\n    \"ClosedReasonCode\": \"<string>\",\n    \"LastContactDt\": \"<string>\",\n    \"DateData\": [\n      {\n        \"DateType\": \"<string>\",\n        \"DateValue\": \"<string>\"\n      },\n      {\n        \"DateType\": \"<string>\",\n        \"DateValue\": \"<string>\"\n      }\n    ],\n    \"RelationshipMgr\": [\n      {\n        \"RelationshipMgrIdent\": \"<string>\",\n        \"RelationshipRole\": \"<string>\"\n      },\n      {\n        \"RelationshipMgrIdent\": \"<string>\",\n        \"RelationshipRole\": \"<string>\"\n      }\n    ],\n    \"OriginatingBranch\": \"<string>\",\n    \"Nickname\": \"<string>\",\n    \"AddtlTitles\": [\n      {\n        \"AcctTitleType\": \"<string>\",\n        \"AcctTitle\": \"<string>\",\n        \"AcctTitleOption\": \"<string>\",\n        \"DBAInd\": \"<boolean>\"\n      },\n      {\n        \"AcctTitleType\": \"<string>\",\n        \"AcctTitle\": \"<string>\",\n        \"AcctTitleOption\": \"<string>\",\n        \"DBAInd\": \"<boolean>\"\n      }\n    ],\n    \"AccountingMethod\": \"<string>\",\n    \"ClassCode\": \"<string>\",\n    \"ClientDefinedData\": [\n      {\n        \"DataIdent\": \"<string>\",\n        \"DataClassType\": \"<string>\",\n        \"DataType\": \"<string>\",\n        \"Value\": \"<string>\"\n      },\n      {\n        \"DataIdent\": \"<string>\",\n        \"DataClassType\": \"<string>\",\n        \"DataType\": \"<string>\",\n        \"Value\": \"<string>\"\n      }\n    ],\n    \"AcctStmtData\": {\n      \"StmtTimeFrame\": [\n        {\n          \"RecurType\": \"<string>\",\n          \"RecurInterval\": \"<long>\"\n        },\n        {\n          \"RecurType\": \"<string>\",\n          \"RecurInterval\": \"<long>\"\n        }\n      ],\n      \"LastStmtDt\": \"<date>\",\n      \"StmtPrepCode\": \"<string>\",\n      \"StmtFormat\": \"<string>\",\n      \"StmtTruncationOption\": \"<string>\",\n      \"MailCode\": \"<string>\",\n      \"StmtOptions\": [\n        {\n          \"StmtOptionType\": \"<string>\",\n          \"StmtOptionValue\": \"<string>\"\n        },\n        {\n          \"StmtOptionType\": \"<string>\",\n          \"StmtOptionValue\": \"<string>\"\n        }\n      ]\n    },\n    \"NoticeData\": [\n      {\n        \"NoticeType\": \"<string>\",\n        \"NoticeOption\": \"<string>\",\n        \"HandlingCode\": \"<string>\"\n      },\n      {\n        \"NoticeType\": \"<string>\",\n        \"NoticeOption\": \"<string>\",\n        \"HandlingCode\": \"<string>\"\n      }\n    ],\n    \"ProdIntRateId\": \"<string>\",\n    \"IntRateData\": {\n      \"RateMatrixTier\": [\n        {\n          \"Tier\": \"<string>\",\n          \"LowCurAmt\": {\n            \"Amt\": {\n              \"value\": \"<Error: Too many levels of nesting to fake this schema>\"\n            },\n            \"CurCode\": {\n              \"value\": \"<Error: Too many levels of nesting to fake this schema>\"\n            }\n          },\n          \"HighCurAmt\": {\n            \"Amt\": {\n              \"value\": \"<Error: Too many levels of nesting to fake this schema>\"\n            },\n            \"CurCode\": {\n              \"value\": \"<Error: Too many levels of nesting to fake this schema>\"\n            }\n          },\n          \"MarginType\": \"<string>\",\n          \"Margin\": \"<number>\"\n        },\n        {\n          \"Tier\": \"<string>\",\n          \"LowCurAmt\": {\n            \"Amt\": {\n              \"value\": \"<Error: Too many levels of nesting to fake this schema>\"\n            },\n            \"CurCode\": {\n              \"value\": \"<Error: Too many levels of nesting to fake this schema>\"\n            }\n          },\n          \"HighCurAmt\": {\n            \"Amt\": {\n              \"value\": \"<Error: Too many levels of nesting to fake this schema>\"\n            },\n            \"CurCode\": {\n              \"value\": \"<Error: Too many levels of nesting to fake this schema>\"\n            }\n          },\n          \"MarginType\": \"<string>\",\n          \"Margin\": \"<number>\"\n        }\n      ]\n    },\n    \"RateChangeData\": [\n      {\n        \"BasedOnCode\": \"<string>\",\n        \"RateVariance\": \"<number>\",\n        \"ExpDt\": \"<date>\",\n        \"MinRateChange\": \"<number>\",\n        \"MaxRateChange\": \"<number>\"\n      },\n      {\n        \"BasedOnCode\": \"<string>\",\n        \"RateVariance\": \"<number>\",\n        \"ExpDt\": \"<date>\",\n        \"MinRateChange\": \"<number>\",\n        \"MaxRateChange\": \"<number>\"\n      }\n    ],\n    \"FinancialLiteracy\": {\n      \"IsRoundUp\": \"<boolean>\",\n      \"IsFunding\": \"<boolean>\"\n    },\n    \"PostAddr\": [\n      {\n        \"AddrType\": \"<string>\",\n        \"AddressIdent\": \"<string>\",\n        \"AddrFormatType\": \"<string>\"\n      },\n      {\n        \"AddrType\": \"<string>\",\n        \"AddressIdent\": \"<string>\",\n        \"AddrFormatType\": \"<string>\"\n      }\n    ],\n    \"WithholdingData\": {\n      \"WithholdingType\": \"<string>\",\n      \"WithholdingCode\": \"<string>\"\n    },\n    \"Fee\": [\n      {\n        \"FeeType\": \"<string>\",\n        \"FeeIdent\": \"<string>\",\n        \"FeeOption\": \"<string>\",\n        \"TimeFrame\": {\n          \"StartDt\": \"<string>\",\n          \"EndDt\": \"<string>\",\n          \"RecurRule\": [\n            {\n              \"value\": \"<Error: Too many levels of nesting to fake this schema>\"\n            },\n            {\n              \"value\": \"<Error: Too many levels of nesting to fake this schema>\"\n            }\n          ]\n        },\n        \"FeeWaiver\": {\n          \"WaiverReasonCode\": \"<string>\"\n        }\n      },\n      {\n        \"FeeType\": \"<string>\",\n        \"FeeIdent\": \"<string>\",\n        \"FeeOption\": \"<string>\",\n        \"TimeFrame\": {\n          \"StartDt\": \"<string>\",\n          \"EndDt\": \"<string>\",\n          \"RecurRule\": [\n            {\n              \"value\": \"<Error: Too many levels of nesting to fake this schema>\"\n            },\n            {\n              \"value\": \"<Error: Too many levels of nesting to fake this schema>\"\n            }\n          ]\n        },\n        \"FeeWaiver\": {\n          \"WaiverReasonCode\": \"<string>\"\n        }\n      }\n    ],\n    \"ReportGroupCode\": \"<string>\",\n    \"DocDistributionOption\": \"<string>\",\n    \"NAICS\": \"<string>\",\n    \"NOWEnabledInd\": \"<boolean>\",\n    \"CallReportCode\": \"<string>\",\n    \"AccessLevelData\": {\n      \"AccessLevelType\": \"<string>\",\n      \"AccessLevelCode\": \"<string>\"\n    },\n    \"RewardsData\": [\n      {\n        \"RewardType\": \"<string>\",\n        \"RewardDispositionType\": \"<string>\",\n        \"RewardAcct\": {\n          \"AcctId\": \"<string>\",\n          \"AcctType\": \"<string>\"\n        },\n        \"PromoPeriods\": \"<long>\"\n      },\n      {\n        \"RewardType\": \"<string>\",\n        \"RewardDispositionType\": \"<string>\",\n        \"RewardAcct\": {\n          \"AcctId\": \"<string>\",\n          \"AcctType\": \"<string>\"\n        },\n        \"PromoPeriods\": \"<long>\"\n      }\n    ],\n    \"IntDispData\": {\n      \"IntDisposition\": \"<string>\",\n      \"IntDistAcctRef\": {\n        \"AcctKeys\": {\n          \"AcctId\": \"<string>\",\n          \"AcctType\": \"<string>\",\n          \"FIIdentType\": \"<string>\",\n          \"FIIdent\": \"<string>\"\n        },\n        \"AcctSummInfo\": \"<object>\",\n        \"ACHReceivingType\": \"<string>\",\n        \"ACHCompanyEntryDesc\": \"<string>\",\n        \"SameDayInd\": \"<boolean>\"\n      }\n    },\n    \"ClubPayoffData\": {\n      \"ClubPayoffOption\": \"<string>\",\n      \"ClubPayoffAcctRef\": {\n        \"AcctKeys\": {\n          \"AcctId\": \"<string>\",\n          \"AcctType\": \"<string>\",\n          \"FIIdentType\": \"<string>\",\n          \"FIIdent\": \"<string>\"\n        },\n        \"ACHReceivingType\": \"<string>\",\n        \"ACHCompanyEntryDesc\": \"<string>\",\n        \"SameDayInd\": \"<boolean>\"\n      }\n    },\n    \"OverdraftData\": {\n      \"OverdraftEnrollOpt\": \"<string>\",\n      \"BalanceVerification\": \"<string>\",\n      \"OverdraftLimitAmt\": {\n        \"Amt\": \"<number>\",\n        \"CurCode\": {\n          \"CurCodeValue\": \"<string>\",\n          \"CurCodeType\": \"<string>\"\n        }\n      },\n      \"OverdraftLimitReviewOption\": \"<string>\",\n      \"WaiveOverdraftInd\": \"<boolean>\"\n    },\n    \"ChargeOffCode\": \"<string>\",\n    \"SvcChgData\": {\n      \"SvcChgMethod\": [\n        {\n          \"SvcChgMethodType\": \"<string>\"\n        },\n        {\n          \"SvcChgMethodType\": \"<string>\"\n        }\n      ],\n      \"SvcChgRelatedAcct\": [\n        {\n          \"AcctKeys\": {\n            \"AcctId\": {\n              \"value\": \"<Error: Too many levels of nesting to fake this schema>\"\n            },\n            \"AcctType\": {\n              \"value\": \"<Error: Too many levels of nesting to fake this schema>\"\n            }\n          }\n        },\n        {\n          \"AcctKeys\": {\n            \"AcctId\": {\n              \"value\": \"<Error: Too many levels of nesting to fake this schema>\"\n            },\n            \"AcctType\": {\n              \"value\": \"<Error: Too many levels of nesting to fake this schema>\"\n            }\n          }\n        }\n      ],\n      \"SvcChgAcctRef\": {\n        \"AcctKeys\": {\n          \"AcctId\": \"<string>\",\n          \"AcctType\": \"<string>\"\n        }\n      }\n    },\n    \"RegCCData\": {\n      \"RegCCStatus\": \"<string>\"\n    },\n    \"AcctReconciliation\": {\n      \"ReconciliationType\": \"<string>\",\n      \"Contact\": {\n        \"PhoneNum\": \"<object>\"\n      },\n      \"StaleDays\": \"<long>\",\n      \"DormantDays\": \"<long>\",\n      \"CombineGroup\": \"<long>\",\n      \"UserDefinedData\": {\n        \"UserIdent\": \"<string>\",\n        \"Value\": \"<string>\"\n      },\n      \"PositivePay\": {\n        \"DeliveryMethod\": \"<string>\",\n        \"ToleranceAmt\": \"<number>\",\n        \"Contact\": {\n          \"PhoneNum\": {\n            \"value\": \"<Error: Too many levels of nesting to fake this schema>\"\n          }\n        }\n      }\n    }\n  }\n}","options":{"raw":{"language":"json"}}}},"status":"Created","code":201,"header":[{"key":"Content-Type","value":"application/json"}],"body":"{\n  \"AcctStatusRec\": {\n    \"AcctKeys\": {\n      \"AcctId\": \"labore laborum ad\",\n      \"AcctType\": \"officia et sint Ut in\"\n    }\n  },\n  \"Status\": {\n    \"Severity\": \"Error\",\n    \"StatusCode\": \"do elit \",\n    \"StatusDesc\": \"culpa amet\",\n    \"SvcProviderName\": \"et deserunt est dolor\",\n    \"Id\": \"adipisicing voluptate\",\n    \"ServerStatusCode\": \"eu exercitation\",\n    \"ServerStatusDesc\": \"dolore deserunt amet qui consequat\",\n    \"OvrdExceptionInd\": false,\n    \"SubjectRole\": \"nulla\",\n    \"SubjectElement\": [\n      {\n        \"Path\": \"et sit do\",\n        \"ServerPath\": \"nostrud reprehenderit\",\n        \"Value\": \"Lorem laboris aliquip\"\n      },\n      {\n        \"Path\": \"veniam dolore\",\n        \"ServerPath\": \"reprehenderit amet consequat ut\",\n        \"Value\": \"ad exercitation eiusmod\"\n      }\n    ],\n    \"ContentHTML\": \"exercitation consequat aliqua\",\n    \"AdditionalStatus\": [\n      {\n        \"StatusCode\": \"ut dolore\",\n        \"StatusDesc\": \"aute veniam reprehenderit\",\n        \"Severity\": \"Warning\",\n        \"SvcProviderName\": \"nulla\",\n        \"ServerStatusCode\": \"eu \",\n        \"ServerStatusDesc\": \"consequat ea\",\n        \"OvrdExceptionInd\": false,\n        \"SubjectElement\": [\n          {\n            \"Path\": \"dolore Lorem ad mollit\",\n            \"ServerPath\": \"ut amet eiusmod nulla\",\n            \"Value\": \"cupidatat magna\"\n          },\n          {\n            \"Path\": \"laborum ci\",\n            \"ServerPath\": \"dolor reprehenderit\",\n            \"Value\": \"occaecat laboris consectetur culpa\"\n          }\n        ]\n      },\n      {\n        \"StatusCode\": \"fugi\",\n        \"StatusDesc\": \"commodo ipsum veniam ex\",\n        \"Severity\": \"Warning\",\n        \"SvcProviderName\": \"non dolor est\",\n        \"ServerStatusCode\": \"sint minim eiusmo\",\n        \"ServerStatusDesc\": \"ex nisi ut\",\n        \"OvrdExceptionInd\": false,\n        \"SubjectElement\": [\n          {\n            \"Path\": \"irure ut in velit\",\n            \"ServerPath\": \"nisi culpa adipisicing\",\n            \"Value\": \"aliqua\"\n          },\n          {\n            \"Path\": \"reprehenderit laborum\",\n            \"ServerPath\": \"cupidatat dolor in\",\n            \"Value\": \"elit amet\"\n          }\n        ]\n      }\n    ]\n  }\n}","cookie":[],"_postman_previewlanguage":"json"},{"id":"effca0ed-4e39-47b3-a851-ba45ec7804ac","name":"To view the complete list of response codes, <a href=\"../docs/?path=docs/response-codes.md\" title=\"Click to open\">click here.</a>","originalRequest":{"url":{"path":["acctservice","acctmgmt","accounts"],"host":["{{baseUrl}}"],"query":[],"variable":[]},"header":[{"disabled":false,"description":"(Required) EFX Header is a common and required component for all API calls, it contains client-related parameters. Please note that the header parameters should be sent as a JSON object under the EFXHeader parameter. To view the list of header parameters, <a href=\"../docs?path=docs/api-ref-EFX-header.md\" title=\"Click to open\"> click here.</a>","key":"EFXHeader","value":"OrganizationId,<string>,TrnId,<string>,VendorId,<string>,Context,[object Object]"},{"key":"Accept","value":"application/json"}],"method":"PUT","body":{"mode":"raw","raw":"{\n  \"AcctKeys\": {\n    \"AcctId\": \"<string>\",\n    \"AcctType\": \"<string>\"\n  },\n  \"DepositAcctInfo\": {\n    \"Brand\": \"<string>\",\n    \"AcctDtlStatus\": \"<string>\",\n    \"ProductIdent\": \"<string>\",\n    \"TaxIncentiveType\": \"<string>\",\n    \"InitialAmount\": {\n      \"Amt\": \"<number>\",\n      \"CurCode\": {\n        \"CurCodeValue\": \"<string>\",\n        \"CurCodeType\": \"<string>\"\n      }\n    },\n    \"OpenDt\": \"<date>\",\n    \"ClosedDt\": \"<date>\",\n    \"ClosedReasonCode\": \"<string>\",\n    \"LastContactDt\": \"<string>\",\n    \"DateData\": [\n      {\n        \"DateType\": \"<string>\",\n        \"DateValue\": \"<string>\"\n      },\n      {\n        \"DateType\": \"<string>\",\n        \"DateValue\": \"<string>\"\n      }\n    ],\n    \"RelationshipMgr\": [\n      {\n        \"RelationshipMgrIdent\": \"<string>\",\n        \"RelationshipRole\": \"<string>\"\n      },\n      {\n        \"RelationshipMgrIdent\": \"<string>\",\n        \"RelationshipRole\": \"<string>\"\n      }\n    ],\n    \"OriginatingBranch\": \"<string>\",\n    \"Nickname\": \"<string>\",\n    \"AddtlTitles\": [\n      {\n        \"AcctTitleType\": \"<string>\",\n        \"AcctTitle\": \"<string>\",\n        \"AcctTitleOption\": \"<string>\",\n        \"DBAInd\": \"<boolean>\"\n      },\n      {\n        \"AcctTitleType\": \"<string>\",\n        \"AcctTitle\": \"<string>\",\n        \"AcctTitleOption\": \"<string>\",\n        \"DBAInd\": \"<boolean>\"\n      }\n    ],\n    \"AccountingMethod\": \"<string>\",\n    \"ClassCode\": \"<string>\",\n    \"ClientDefinedData\": [\n      {\n        \"DataIdent\": \"<string>\",\n        \"DataClassType\": \"<string>\",\n        \"DataType\": \"<string>\",\n        \"Value\": \"<string>\"\n      },\n      {\n        \"DataIdent\": \"<string>\",\n        \"DataClassType\": \"<string>\",\n        \"DataType\": \"<string>\",\n        \"Value\": \"<string>\"\n      }\n    ],\n    \"AcctStmtData\": {\n      \"StmtTimeFrame\": [\n        {\n          \"RecurType\": \"<string>\",\n          \"RecurInterval\": \"<long>\"\n        },\n        {\n          \"RecurType\": \"<string>\",\n          \"RecurInterval\": \"<long>\"\n        }\n      ],\n      \"LastStmtDt\": \"<date>\",\n      \"StmtPrepCode\": \"<string>\",\n      \"StmtFormat\": \"<string>\",\n      \"StmtTruncationOption\": \"<string>\",\n      \"MailCode\": \"<string>\",\n      \"StmtOptions\": [\n        {\n          \"StmtOptionType\": \"<string>\",\n          \"StmtOptionValue\": \"<string>\"\n        },\n        {\n          \"StmtOptionType\": \"<string>\",\n          \"StmtOptionValue\": \"<string>\"\n        }\n      ]\n    },\n    \"NoticeData\": [\n      {\n        \"NoticeType\": \"<string>\",\n        \"NoticeOption\": \"<string>\",\n        \"HandlingCode\": \"<string>\"\n      },\n      {\n        \"NoticeType\": \"<string>\",\n        \"NoticeOption\": \"<string>\",\n        \"HandlingCode\": \"<string>\"\n      }\n    ],\n    \"ProdIntRateId\": \"<string>\",\n    \"IntRateData\": {\n      \"RateMatrixTier\": [\n        {\n          \"Tier\": \"<string>\",\n          \"LowCurAmt\": {\n            \"Amt\": {\n              \"value\": \"<Error: Too many levels of nesting to fake this schema>\"\n            },\n            \"CurCode\": {\n              \"value\": \"<Error: Too many levels of nesting to fake this schema>\"\n            }\n          },\n          \"HighCurAmt\": {\n            \"Amt\": {\n              \"value\": \"<Error: Too many levels of nesting to fake this schema>\"\n            },\n            \"CurCode\": {\n              \"value\": \"<Error: Too many levels of nesting to fake this schema>\"\n            }\n          },\n          \"MarginType\": \"<string>\",\n          \"Margin\": \"<number>\"\n        },\n        {\n          \"Tier\": \"<string>\",\n          \"LowCurAmt\": {\n            \"Amt\": {\n              \"value\": \"<Error: Too many levels of nesting to fake this schema>\"\n            },\n            \"CurCode\": {\n              \"value\": \"<Error: Too many levels of nesting to fake this schema>\"\n            }\n          },\n          \"HighCurAmt\": {\n            \"Amt\": {\n              \"value\": \"<Error: Too many levels of nesting to fake this schema>\"\n            },\n            \"CurCode\": {\n              \"value\": \"<Error: Too many levels of nesting to fake this schema>\"\n            }\n          },\n          \"MarginType\": \"<string>\",\n          \"Margin\": \"<number>\"\n        }\n      ]\n    },\n    \"RateChangeData\": [\n      {\n        \"BasedOnCode\": \"<string>\",\n        \"RateVariance\": \"<number>\",\n        \"ExpDt\": \"<date>\",\n        \"MinRateChange\": \"<number>\",\n        \"MaxRateChange\": \"<number>\"\n      },\n      {\n        \"BasedOnCode\": \"<string>\",\n        \"RateVariance\": \"<number>\",\n        \"ExpDt\": \"<date>\",\n        \"MinRateChange\": \"<number>\",\n        \"MaxRateChange\": \"<number>\"\n      }\n    ],\n    \"FinancialLiteracy\": {\n      \"IsRoundUp\": \"<boolean>\",\n      \"IsFunding\": \"<boolean>\"\n    },\n    \"PostAddr\": [\n      {\n        \"AddrType\": \"<string>\",\n        \"AddressIdent\": \"<string>\",\n        \"AddrFormatType\": \"<string>\"\n      },\n      {\n        \"AddrType\": \"<string>\",\n        \"AddressIdent\": \"<string>\",\n        \"AddrFormatType\": \"<string>\"\n      }\n    ],\n    \"WithholdingData\": {\n      \"WithholdingType\": \"<string>\",\n      \"WithholdingCode\": \"<string>\"\n    },\n    \"Fee\": [\n      {\n        \"FeeType\": \"<string>\",\n        \"FeeIdent\": \"<string>\",\n        \"FeeOption\": \"<string>\",\n        \"TimeFrame\": {\n          \"StartDt\": \"<string>\",\n          \"EndDt\": \"<string>\",\n          \"RecurRule\": [\n            {\n              \"value\": \"<Error: Too many levels of nesting to fake this schema>\"\n            },\n            {\n              \"value\": \"<Error: Too many levels of nesting to fake this schema>\"\n            }\n          ]\n        },\n        \"FeeWaiver\": {\n          \"WaiverReasonCode\": \"<string>\"\n        }\n      },\n      {\n        \"FeeType\": \"<string>\",\n        \"FeeIdent\": \"<string>\",\n        \"FeeOption\": \"<string>\",\n        \"TimeFrame\": {\n          \"StartDt\": \"<string>\",\n          \"EndDt\": \"<string>\",\n          \"RecurRule\": [\n            {\n              \"value\": \"<Error: Too many levels of nesting to fake this schema>\"\n            },\n            {\n              \"value\": \"<Error: Too many levels of nesting to fake this schema>\"\n            }\n          ]\n        },\n        \"FeeWaiver\": {\n          \"WaiverReasonCode\": \"<string>\"\n        }\n      }\n    ],\n    \"ReportGroupCode\": \"<string>\",\n    \"DocDistributionOption\": \"<string>\",\n    \"NAICS\": \"<string>\",\n    \"NOWEnabledInd\": \"<boolean>\",\n    \"CallReportCode\": \"<string>\",\n    \"AccessLevelData\": {\n      \"AccessLevelType\": \"<string>\",\n      \"AccessLevelCode\": \"<string>\"\n    },\n    \"RewardsData\": [\n      {\n        \"RewardType\": \"<string>\",\n        \"RewardDispositionType\": \"<string>\",\n        \"RewardAcct\": {\n          \"AcctId\": \"<string>\",\n          \"AcctType\": \"<string>\"\n        },\n        \"PromoPeriods\": \"<long>\"\n      },\n      {\n        \"RewardType\": \"<string>\",\n        \"RewardDispositionType\": \"<string>\",\n        \"RewardAcct\": {\n          \"AcctId\": \"<string>\",\n          \"AcctType\": \"<string>\"\n        },\n        \"PromoPeriods\": \"<long>\"\n      }\n    ],\n    \"IntDispData\": {\n      \"IntDisposition\": \"<string>\",\n      \"IntDistAcctRef\": {\n        \"AcctKeys\": {\n          \"AcctId\": \"<string>\",\n          \"AcctType\": \"<string>\",\n          \"FIIdentType\": \"<string>\",\n          \"FIIdent\": \"<string>\"\n        },\n        \"AcctSummInfo\": \"<object>\",\n        \"ACHReceivingType\": \"<string>\",\n        \"ACHCompanyEntryDesc\": \"<string>\",\n        \"SameDayInd\": \"<boolean>\"\n      }\n    },\n    \"ClubPayoffData\": {\n      \"ClubPayoffOption\": \"<string>\",\n      \"ClubPayoffAcctRef\": {\n        \"AcctKeys\": {\n          \"AcctId\": \"<string>\",\n          \"AcctType\": \"<string>\",\n          \"FIIdentType\": \"<string>\",\n          \"FIIdent\": \"<string>\"\n        },\n        \"ACHReceivingType\": \"<string>\",\n        \"ACHCompanyEntryDesc\": \"<string>\",\n        \"SameDayInd\": \"<boolean>\"\n      }\n    },\n    \"OverdraftData\": {\n      \"OverdraftEnrollOpt\": \"<string>\",\n      \"BalanceVerification\": \"<string>\",\n      \"OverdraftLimitAmt\": {\n        \"Amt\": \"<number>\",\n        \"CurCode\": {\n          \"CurCodeValue\": \"<string>\",\n          \"CurCodeType\": \"<string>\"\n        }\n      },\n      \"OverdraftLimitReviewOption\": \"<string>\",\n      \"WaiveOverdraftInd\": \"<boolean>\"\n    },\n    \"ChargeOffCode\": \"<string>\",\n    \"SvcChgData\": {\n      \"SvcChgMethod\": [\n        {\n          \"SvcChgMethodType\": \"<string>\"\n        },\n        {\n          \"SvcChgMethodType\": \"<string>\"\n        }\n      ],\n      \"SvcChgRelatedAcct\": [\n        {\n          \"AcctKeys\": {\n            \"AcctId\": {\n              \"value\": \"<Error: Too many levels of nesting to fake this schema>\"\n            },\n            \"AcctType\": {\n              \"value\": \"<Error: Too many levels of nesting to fake this schema>\"\n            }\n          }\n        },\n        {\n          \"AcctKeys\": {\n            \"AcctId\": {\n              \"value\": \"<Error: Too many levels of nesting to fake this schema>\"\n            },\n            \"AcctType\": {\n              \"value\": \"<Error: Too many levels of nesting to fake this schema>\"\n            }\n          }\n        }\n      ],\n      \"SvcChgAcctRef\": {\n        \"AcctKeys\": {\n          \"AcctId\": \"<string>\",\n          \"AcctType\": \"<string>\"\n        }\n      }\n    },\n    \"RegCCData\": {\n      \"RegCCStatus\": \"<string>\"\n    },\n    \"AcctReconciliation\": {\n      \"ReconciliationType\": \"<string>\",\n      \"Contact\": {\n        \"PhoneNum\": \"<object>\"\n      },\n      \"StaleDays\": \"<long>\",\n      \"DormantDays\": \"<long>\",\n      \"CombineGroup\": \"<long>\",\n      \"UserDefinedData\": {\n        \"UserIdent\": \"<string>\",\n        \"Value\": \"<string>\"\n      },\n      \"PositivePay\": {\n        \"DeliveryMethod\": \"<string>\",\n        \"ToleranceAmt\": \"<number>\",\n        \"Contact\": {\n          \"PhoneNum\": {\n            \"value\": \"<Error: Too many levels of nesting to fake this schema>\"\n          }\n        }\n      }\n    }\n  }\n}","options":{"raw":{"language":"json"}}}},"status":"Internal Server Error","code":500,"header":[{"key":"Content-Type","value":"application/json"}],"body":"{\n  \"AcctStatusRec\": {\n    \"AcctKeys\": {\n      \"AcctId\": \"occaecat\",\n      \"AcctType\": \"mollit deserunt\"\n    }\n  },\n  \"Status\": {\n    \"Severity\": \"Error\",\n    \"StatusCode\": \"ad ex vel\",\n    \"StatusDesc\": \"voluptate et magna ullamco nisi\",\n    \"SvcProviderName\": \"nostrud enim non sint consequat\",\n    \"Id\": \"consequat eu deserunt dolore\",\n    \"ServerStatusCode\": \"in\",\n    \"ServerStatusDesc\": \"id aute cillum\",\n    \"OvrdExceptionInd\": false,\n    \"SubjectRole\": \"elit magna\",\n    \"SubjectElement\": [\n      {\n        \"Path\": \"aute tempor esse\",\n        \"ServerPath\": \"ad aliquip\",\n        \"Value\": \"veniam laboris voluptate est\"\n      },\n      {\n        \"Path\": \"ut incididunt do\",\n        \"ServerPath\": \"dolore\",\n        \"Value\": \"proident Excepteur laboris\"\n      }\n    ],\n    \"ContentHTML\": \"aliqua\",\n    \"AdditionalStatus\": [\n      {\n        \"StatusCode\": \"sint nulla adipis\",\n        \"StatusDesc\": \"consectetur nostrud\",\n        \"Severity\": \"Error\",\n        \"SvcProviderName\": \"Excepteur nulla mollit enim\",\n        \"ServerStatusCode\": \"ullam\",\n        \"ServerStatusDesc\": \"enim labore\",\n        \"OvrdExceptionInd\": true,\n        \"SubjectElement\": [\n          {\n            \"Path\": \"Duis\",\n            \"ServerPath\": \"deserunt quis\",\n            \"Value\": \"\"\n          },\n          {\n            \"Path\": \"eiusmod cillum aute\",\n            \"ServerPath\": \"mollit\",\n            \"Value\": \"sunt adipisicing dolor minim\"\n          }\n        ]\n      },\n      {\n        \"StatusCode\": \"ut voluptate i\",\n        \"StatusDesc\": \"Excepteur Duis sunt nostr\",\n        \"Severity\": \"Info\",\n        \"SvcProviderName\": \"dolore magna irure\",\n        \"ServerStatusCode\": \"laboris rep\",\n        \"ServerStatusDesc\": \"fugiat adipisicing\",\n        \"OvrdExceptionInd\": false,\n        \"SubjectElement\": [\n          {\n            \"Path\": \"ad commodo\",\n            \"ServerPath\": \"occaecat eu\",\n            \"Value\": \"laborum occaecat sunt fugiat sit\"\n          },\n          {\n            \"Path\": \"tempor\",\n            \"ServerPath\": \"sint do eu anim\",\n            \"Value\": \"sunt labore\"\n          }\n        ]\n      }\n    ]\n  }\n}","cookie":[],"_postman_previewlanguage":"json"}],"event":[],"protocolProfileBehavior":{"disableBodyPruning":true}}],"event":[],"variable":[{"type":"string","value":"/","key":"baseUrl"}],"info":{"_postman_id":"360fc8cd-ce09-4097-88ba-0d1cd922c571","name":"Account Service","schema":"https://schema.getpostman.com/json/collection/v2.1.0/collection.json","description":{"content":"The account service helps to create and manage product accounts serviced by the financial institutions. It is also used to retrieve information about the existing accounts and maintain information of new accounts.","type":"text/plain"}}}