{"item":[{"id":"9a7e7bc9-88c2-432b-aca1-5ab60dc8f121","name":"Get Accounts.","request":{"name":"Get Accounts.","description":{"content":"Get Account API retrieves the account-related information for the Installment Loan Account (ILA). This API supports specific consumer lending products, such as Commercial Loans, Mortgages and Line of Credit. <br> <br> To download the API Specifications and Postman Collection, click <a href=\"../docs/?path=docs/resources/resources.md\" title=\"Click to open\">Resources</a>.","type":"text/plain"},"url":{"path":["acctservice","acctmgmt","accounts","secured"],"host":["{{baseUrl}}"],"query":[],"variable":[]},"header":[{"disabled":false,"description":"(Required) EFX Header is a common and required component for all API calls, it contains client-related parameters. Please note that the header parameters should be sent as a JSON object under the EFXHeader parameter. To view the list of header parameters, <a href=\"../docs?path=docs/api-ref-EFX-header.md\" title=\"Click to open\"> click here.</a>","key":"EFXHeader","value":"OrganizationId,<string>,TrnId,<string>,VendorId,<string>,Context,[object Object]"},{"key":"Content-Type","value":"application/json"},{"key":"Accept","value":"application/json"}],"method":"POST","auth":null,"body":{"mode":"raw","raw":"{\n  \"AcctSel\": {\n    \"AcctKeys\": {\n      \"AcctId\": \"<string>\",\n      \"AcctType\": \"<string>\"\n    }\n  }\n}","options":{"raw":{"language":"json"}}}},"response":[{"id":"4249a87e-9aff-45ec-b481-82ce6a82fdbc","name":"Success","originalRequest":{"url":{"path":["acctservice","acctmgmt","accounts","secured"],"host":["{{baseUrl}}"],"query":[],"variable":[]},"header":[{"disabled":false,"description":"(Required) EFX Header is a common and required component for all API calls, it contains client-related parameters. Please note that the header parameters should be sent as a JSON object under the EFXHeader parameter. To view the list of header parameters, <a href=\"../docs?path=docs/api-ref-EFX-header.md\" title=\"Click to open\"> click here.</a>","key":"EFXHeader","value":"OrganizationId,<string>,TrnId,<string>,VendorId,<string>,Context,[object Object]"},{"key":"Accept","value":"application/json"}],"method":"POST","body":{"mode":"raw","raw":"{\n  \"AcctSel\": {\n    \"AcctKeys\": {\n      \"AcctId\": \"<string>\",\n      \"AcctType\": \"<string>\"\n    }\n  }\n}","options":{"raw":{"language":"json"}}}},"status":"OK","code":200,"header":[{"key":"Content-Type","value":"application/json"}],"body":"{\n  \"AcctRec\": {\n    \"AcctKeys\": {\n      \"AcctId\": \"oc\",\n      \"AcctType\": \"ILA\"\n    },\n    \"AcctStatus\": {\n      \"AcctStatusCode\": \"Valid\",\n      \"EffDt\": \"5514-66-41T31:35:15.369-83:52\"\n    },\n    \"LoanAcctInfo\": {\n      \"GoodThruDt\": \"1985-10-06\",\n      \"AcctDtlStatus\": \"NewThisMonth\",\n      \"AcctDtlStatusEnumDesc\": \"culpa non\",\n      \"ProductIdent\": \"nulla occaecat voluptate\",\n      \"InitialAmount\": {\n        \"Amt\": -36777703.571735464\n      },\n      \"OpenDt\": \"2017-03-12\",\n      \"Term\": {\n        \"TermUnits\": \"Months\",\n        \"Count\": -54500125\n      },\n      \"MaturityDt\": \"1969-03-07\",\n      \"DateData\": [\n        {\n          \"DateType\": \"ChargeOff\",\n          \"DateTypeEnumDesc\": \"ea moll\"\n        },\n        {\n          \"DateType\": \"NonAccrual\",\n          \"DateTypeEnumDesc\": \"amet magna\"\n        }\n      ],\n      \"RelationshipMgr\": [\n        {\n          \"RelationshipMgrIdent\": \"velit \",\n          \"RelationshipMgrIdentEnumDesc\": \"ea con\",\n          \"RelationshipRole\": \"Officer\",\n          \"RelationshipRoleEnumDesc\": \"mollit sunt\"\n        },\n        {\n          \"RelationshipMgrIdent\": \"Duis ad deserunt quis\",\n          \"RelationshipMgrIdentEnumDesc\": \"quis in eiusmod\",\n          \"RelationshipRole\": \"Officer\",\n          \"RelationshipRoleEnumDesc\": \"l\"\n        }\n      ],\n      \"OriginatingBranch\": \"adipisicing commodo\",\n      \"OriginatingBranchEnumDesc\": \"exercitation anim Lorem labore\",\n      \"AcctTitleOption\": \"enim consequat ullamco consectetur\",\n      \"OEDCode\": \"velit in nulla\",\n      \"OEDCodeEnumDesc\": \"irure velit in eu\",\n      \"EmployeeInd\": false,\n      \"NoticeData\": [\n        {\n          \"NoticeType\": \"ut dolore non\"\n        },\n        {\n          \"NoticeType\": \"magna dolore eu\"\n        }\n      ],\n      \"Rate\": 15474578.615402162,\n      \"EffectiveRate\": 81956133.66964486,\n      \"IntRateData\": {\n        \"AccrualMethod\": \"irure fugiat incididunt qui\"\n      },\n      \"AcctBal\": [\n        {\n          \"BalType\": \"LateFee\",\n          \"CurAmt\": {\n            \"Amt\": {\n              \"value\": \"<Error: Too many levels of nesting to fake this schema>\"\n            }\n          },\n          \"BalTypeEnumDesc\": \"proident mini\"\n        },\n        {\n          \"BalType\": \"AvailCredit\",\n          \"CurAmt\": {\n            \"Amt\": {\n              \"value\": \"<Error: Too many levels of nesting to fake this schema>\"\n            }\n          },\n          \"BalTypeEnumDesc\": \"nulla\"\n        }\n      ],\n      \"AcctPeriodData\": [\n        {\n          \"AcctAmtType\": \"DelqCycle4\",\n          \"AcctAmtTypeEnumDesc\": \"non ut\",\n          \"AcctPeriodType\": \"PriorYr\",\n          \"AcctPeriodTypeEnumDesc\": \"ut ullamco\",\n          \"Amt\": 51470131.08199987,\n          \"Count\": -49506533\n        },\n        {\n          \"AcctAmtType\": \"DelqCycle3\",\n          \"AcctAmtTypeEnumDesc\": \"incididunt in id commodo irure\",\n          \"AcctPeriodType\": \"LTD\",\n          \"AcctPeriodTypeEnumDesc\": \"consectetur Excepteur id culpa eu\",\n          \"Amt\": -15471027.600846067,\n          \"Count\": -69864156\n        }\n      ],\n      \"Fee\": [\n        {\n          \"FeeCalcOption\": \"irure \",\n          \"CurAmt\": {\n            \"Amt\": {\n              \"value\": \"<Error: Too many levels of nesting to fake this schema>\"\n            }\n          },\n          \"BalPercent\": -46076887.91455482\n        },\n        {\n          \"FeeCalcOption\": \"laboris exercitation reprehenderit anim\",\n          \"CurAmt\": {\n            \"Amt\": {\n              \"value\": \"<Error: Too many levels of nesting to fake this schema>\"\n            }\n          },\n          \"BalPercent\": -47308210.40519326\n        }\n      ],\n      \"CreditRisk\": [\n        {\n          \"RiskCategory\": \"RiskScore1\",\n          \"InternalScore\": \"non Ut\"\n        },\n        {\n          \"RiskCategory\": \"RiskScore2\",\n          \"InternalScore\": \"in velit laboris\"\n        }\n      ],\n      \"RestrictedInd\": false,\n      \"SoldPercent\": -17329596.02653703,\n      \"OriginationDt\": \"2020-04-14\",\n      \"LastRenewalDt\": \"1950-10-30\",\n      \"Freq\": \"Yearly\",\n      \"CollateralCode\": \"esse nostrud consectetur minim magna\",\n      \"CollateralCodeEnumDesc\": \"nulla Dui\",\n      \"Insurance\": [\n        {\n          \"InsuranceType\": \"pariatur dolore reprehenderit\"\n        },\n        {\n          \"InsuranceType\": \"nulla Excepteur ut ullamco\"\n        }\n      ],\n      \"CreditLineCycle\": -19466334,\n      \"LoanBilling\": {\n        \"BillingMethod\": \"BillingNotice\",\n        \"BillingMethodEnumDesc\": \"nostrud et reprehenderit ea\",\n        \"LOCPaymentMethodEnumDesc\": \"eu \",\n        \"FromAcctKeys\": {\n          \"AcctId\": \"proident officia ipsum tem\"\n        }\n      },\n      \"TotalPmtCount\": -79545660,\n      \"RegPmt\": {\n        \"PmtCompositeAmt\": [\n          {\n            \"CurAmt\": {\n              \"value\": \"<Error: Too many levels of nesting to fake this schema>\"\n            },\n            \"CompositeCurAmtType\": {\n              \"value\": \"<Error: Too many levels of nesting to fake this schema>\"\n            },\n            \"CompositeCurAmtTypeEnumDesc\": {\n              \"value\": \"<Error: Too many levels of nesting to fake this schema>\"\n            }\n          },\n          {\n            \"CurAmt\": {\n              \"value\": \"<Error: Too many levels of nesting to fake this schema>\"\n            },\n            \"CompositeCurAmtType\": {\n              \"value\": \"<Error: Too many levels of nesting to fake this schema>\"\n            },\n            \"CompositeCurAmtTypeEnumDesc\": {\n              \"value\": \"<Error: Too many levels of nesting to fake this schema>\"\n            }\n          }\n        ]\n      },\n      \"PmtSched\": [\n        {\n          \"PmtAmtOption\": \"PctPrincipalOnly\"\n        },\n        {\n          \"PmtAmtOption\": \"SinglePmt\"\n        }\n      ],\n      \"LateFee\": {\n        \"GraceDays\": 37747762\n      },\n      \"NextPmt\": {\n        \"PmtCompositeAmt\": [\n          {\n            \"CurAmt\": {\n              \"value\": \"<Error: Too many levels of nesting to fake this schema>\"\n            },\n            \"CompositeCurAmtType\": {\n              \"value\": \"<Error: Too many levels of nesting to fake this schema>\"\n            },\n            \"CompositeCurAmtTypeEnumDesc\": {\n              \"value\": \"<Error: Too many levels of nesting to fake this schema>\"\n            }\n          },\n          {\n            \"CurAmt\": {\n              \"value\": \"<Error: Too many levels of nesting to fake this schema>\"\n            },\n            \"CompositeCurAmtType\": {\n              \"value\": \"<Error: Too many levels of nesting to fake this schema>\"\n            },\n            \"CompositeCurAmtTypeEnumDesc\": {\n              \"value\": \"<Error: Too many levels of nesting to fake this schema>\"\n            }\n          }\n        ],\n        \"PmtDt\": \"2010-05-24\"\n      },\n      \"LastPmt\": {\n        \"PmtDt\": \"2001-10-12\"\n      },\n      \"NonAccrualInd\": true,\n      \"PmtPostingRestrictions\": {\n        \"RestrictionReasonCode\": \"ea nostrud\"\n      },\n      \"Dealer\": [\n        {\n          \"DealerIdent\": \"vol\",\n          \"DealerReserveAmt\": {\n            \"Amt\": {\n              \"value\": \"<Error: Too many levels of nesting to fake this schema>\"\n            }\n          }\n        },\n        {\n          \"DealerIdent\": \"fugiat ipsum\",\n          \"DealerReserveAmt\": {\n            \"Amt\": {\n              \"value\": \"<Error: Too many levels of nesting to fake this schema>\"\n            }\n          }\n        }\n      ],\n      \"LOCAdvance\": {\n        \"LimitAmt\": {\n          \"Amt\": -54064140.87247518\n        }\n      },\n      \"IncYearEndReportCode\": \"1098Only\",\n      \"HomeMortgageDisclosure\": {\n        \"MortgageType\": \"in anim adipisicing ullamco voluptate\",\n        \"PropertyType\": \"in eu mollit in aute\",\n        \"PurposeCode\": \"mollit\"\n      },\n      \"CreditBureauAcctData\": {\n        \"BureauStatus\": \"ex irure\"\n      }\n    }\n  },\n  \"Status\": {\n    \"Severity\": \"Warning\",\n    \"StatusCode\": \"mollit dolo\",\n    \"StatusDesc\": \"occaecat dolore dolor\",\n    \"SvcProviderName\": \"ea fugiat proident\",\n    \"Id\": \"Duis nulla mollit\",\n    \"ServerStatusCode\": \"es\",\n    \"ServerStatusDesc\": \"nulla culpa dolore consequat consectetur\",\n    \"OvrdExceptionInd\": false,\n    \"SubjectRole\": \"magna Duis reprehenderit anim\",\n    \"SubjectElement\": [\n      {\n        \"Path\": \"est voluptate eiusmod tempor\",\n        \"ServerPath\": \"ullamco Duis\",\n        \"Value\": \"ea commodo proident cillum\"\n      },\n      {\n        \"Path\": \"velit in officia\",\n        \"ServerPath\": \"sed in occaecat\",\n        \"Value\": \"commodo\"\n      }\n    ],\n    \"ContentHTML\": \"dolor amet irure ullamco magna\",\n    \"AdditionalStatus\": [\n      {\n        \"StatusCode\": \"fugiat Lorem \",\n        \"StatusDesc\": \"enim id nulla consequat eu\",\n        \"Severity\": \"Info\",\n        \"SvcProviderName\": \"occaecat est adipisicing labore nisi\",\n        \"ServerStatusCode\": \"enim\",\n        \"ServerStatusDesc\": \"fugiat ullamco\",\n        \"OvrdExceptionInd\": true,\n        \"SubjectElement\": [\n          {\n            \"Path\": \"velit nisi cupidatat\",\n            \"ServerPath\": \"dolore reprehenderit\",\n            \"Value\": \"minim\"\n          },\n          {\n            \"Path\": \"sed\",\n            \"ServerPath\": \"Ut Excepteur pariatur nostrud nulla\",\n            \"Value\": \"velit esse incididunt\"\n          }\n        ]\n      },\n      {\n        \"StatusCode\": \"velit \",\n        \"StatusDesc\": \"Ut Excepteur et aliquip\",\n        \"Severity\": \"Warning\",\n        \"SvcProviderName\": \"nulla adipisicing\",\n        \"ServerStatusCode\": \"officia et non\",\n        \"ServerStatusDesc\": \"irure culpa commodo\",\n        \"OvrdExceptionInd\": false,\n        \"SubjectElement\": [\n          {\n            \"Path\": \"et velit\",\n            \"ServerPath\": \"irure Ut\",\n            \"Value\": \"mollit esse\"\n          },\n          {\n            \"Path\": \"velit in ex\",\n            \"ServerPath\": \"adipisicing cillum anim et labore\",\n            \"Value\": \"veniam irure sint id\"\n          }\n        ]\n      }\n    ]\n  }\n}","cookie":[],"_postman_previewlanguage":"json"},{"id":"ce3b298c-aa53-41f3-9a9d-32d3ec2baa39","name":"To view the complete list of response codes, <a href=\"../docs/?path=docs/response-codes.md\" title=\"Click to open\">click here.</a>","originalRequest":{"url":{"path":["acctservice","acctmgmt","accounts","secured"],"host":["{{baseUrl}}"],"query":[],"variable":[]},"header":[{"disabled":false,"description":"(Required) EFX Header is a common and required component for all API calls, it contains client-related parameters. Please note that the header parameters should be sent as a JSON object under the EFXHeader parameter. To view the list of header parameters, <a href=\"../docs?path=docs/api-ref-EFX-header.md\" title=\"Click to open\"> click here.</a>","key":"EFXHeader","value":"OrganizationId,<string>,TrnId,<string>,VendorId,<string>,Context,[object Object]"},{"key":"Accept","value":"application/json"}],"method":"POST","body":{"mode":"raw","raw":"{\n  \"AcctSel\": {\n    \"AcctKeys\": {\n      \"AcctId\": \"<string>\",\n      \"AcctType\": \"<string>\"\n    }\n  }\n}","options":{"raw":{"language":"json"}}}},"status":"Internal Server Error","code":500,"header":[{"key":"Content-Type","value":"application/json"}],"body":"{\n  \"AcctRec\": {\n    \"AcctKeys\": {\n      \"AcctId\": \"consequat Duis ex\",\n      \"AcctType\": \"ILA\"\n    },\n    \"AcctStatus\": {\n      \"AcctStatusCode\": \"Valid\",\n      \"EffDt\": \"8820-71-55\"\n    },\n    \"LoanAcctInfo\": {\n      \"GoodThruDt\": \"2008-12-06\",\n      \"AcctDtlStatus\": \"Repossession\",\n      \"AcctDtlStatusEnumDesc\": \"labore dolore Duis adipisicing\",\n      \"ProductIdent\": \"dolor Ut exercitation\",\n      \"InitialAmount\": {\n        \"Amt\": 14419304.020127296\n      },\n      \"OpenDt\": \"1990-01-08\",\n      \"Term\": {\n        \"TermUnits\": \"Months\",\n        \"Count\": -71305198\n      },\n      \"MaturityDt\": \"1965-09-07\",\n      \"DateData\": [\n        {\n          \"DateType\": \"ChargeOff\",\n          \"DateTypeEnumDesc\": \"deserunt\"\n        },\n        {\n          \"DateType\": \"Accrual\",\n          \"DateTypeEnumDesc\": \"l\"\n        }\n      ],\n      \"RelationshipMgr\": [\n        {\n          \"RelationshipMgrIdent\": \"veniam deserun\",\n          \"RelationshipMgrIdentEnumDesc\": \"veniam\",\n          \"RelationshipRole\": \"Officer\",\n          \"RelationshipRoleEnumDesc\": \"sint dolore sed\"\n        },\n        {\n          \"RelationshipMgrIdent\": \"esse anim\",\n          \"RelationshipMgrIdentEnumDesc\": \"ipsum exercitation nisi\",\n          \"RelationshipRole\": \"Officer\",\n          \"RelationshipRoleEnumDesc\": \"qui incididun\"\n        }\n      ],\n      \"OriginatingBranch\": \"nulla non ullamco proident\",\n      \"OriginatingBranchEnumDesc\": \"nisi labore laborum\",\n      \"AcctTitleOption\": \"exercitation veniam et sit\",\n      \"OEDCode\": \"Duis aute deserunt\",\n      \"OEDCodeEnumDesc\": \"proident et\",\n      \"EmployeeInd\": true,\n      \"NoticeData\": [\n        {\n          \"NoticeType\": \"deserunt sint Lorem su\"\n        },\n        {\n          \"NoticeType\": \"cupidatat dolore\"\n        }\n      ],\n      \"Rate\": 25073658.11303042,\n      \"EffectiveRate\": -60609657.889742285,\n      \"IntRateData\": {\n        \"AccrualMethod\": \"nostrud est dolor\"\n      },\n      \"AcctBal\": [\n        {\n          \"BalType\": \"Principal\",\n          \"CurAmt\": {\n            \"Amt\": {\n              \"value\": \"<Error: Too many levels of nesting to fake this schema>\"\n            }\n          },\n          \"BalTypeEnumDesc\": \"est id\"\n        },\n        {\n          \"BalType\": \"PastDue\",\n          \"CurAmt\": {\n            \"Amt\": {\n              \"value\": \"<Error: Too many levels of nesting to fake this schema>\"\n            }\n          },\n          \"BalTypeEnumDesc\": \"occaecat ex dolore\"\n        }\n      ],\n      \"AcctPeriodData\": [\n        {\n          \"AcctAmtType\": \"IntPrepaid\",\n          \"AcctAmtTypeEnumDesc\": \"in Excepteur sed\",\n          \"AcctPeriodType\": \"YTD\",\n          \"AcctPeriodTypeEnumDesc\": \"sint quis consectetur reprehenderit\",\n          \"Amt\": 89080087.58156222,\n          \"Count\": -10816650\n        },\n        {\n          \"AcctAmtType\": \"DelqCycle2\",\n          \"AcctAmtTypeEnumDesc\": \"nulla\",\n          \"AcctPeriodType\": \"MTD\",\n          \"AcctPeriodTypeEnumDesc\": \"\",\n          \"Amt\": 41760264.79563907,\n          \"Count\": -76993558\n        }\n      ],\n      \"Fee\": [\n        {\n          \"FeeCalcOption\": \"aliquip sit ex\",\n          \"CurAmt\": {\n            \"Amt\": {\n              \"value\": \"<Error: Too many levels of nesting to fake this schema>\"\n            }\n          },\n          \"BalPercent\": -49095051.37662702\n        },\n        {\n          \"FeeCalcOption\": \"velit Lorem \",\n          \"CurAmt\": {\n            \"Amt\": {\n              \"value\": \"<Error: Too many levels of nesting to fake this schema>\"\n            }\n          },\n          \"BalPercent\": -38635249.14445304\n        }\n      ],\n      \"CreditRisk\": [\n        {\n          \"RiskCategory\": \"RiskScore1\",\n          \"InternalScore\": \"consectetur enim Lorem ea\"\n        },\n        {\n          \"RiskCategory\": \"RiskScore2\",\n          \"InternalScore\": \"consectetur\"\n        }\n      ],\n      \"RestrictedInd\": false,\n      \"SoldPercent\": 30623647.82482581,\n      \"OriginationDt\": \"2022-06-14\",\n      \"LastRenewalDt\": \"1960-06-07\",\n      \"Freq\": \"Yearly\",\n      \"CollateralCode\": \"dolor laborum in nulla\",\n      \"CollateralCodeEnumDesc\": \"anim officia\",\n      \"Insurance\": [\n        {\n          \"InsuranceType\": \"anim Lorem consectetur\"\n        },\n        {\n          \"InsuranceType\": \"voluptate\"\n        }\n      ],\n      \"CreditLineCycle\": 37131123,\n      \"LoanBilling\": {\n        \"BillingMethod\": \"Coupon\",\n        \"BillingMethodEnumDesc\": \"cillum\",\n        \"LOCPaymentMethodEnumDesc\": \"deserunt\",\n        \"FromAcctKeys\": {\n          \"AcctId\": \"in Excepteur minim in\"\n        }\n      },\n      \"TotalPmtCount\": 36969028,\n      \"RegPmt\": {\n        \"PmtCompositeAmt\": [\n          {\n            \"CurAmt\": {\n              \"value\": \"<Error: Too many levels of nesting to fake this schema>\"\n            },\n            \"CompositeCurAmtType\": {\n              \"value\": \"<Error: Too many levels of nesting to fake this schema>\"\n            },\n            \"CompositeCurAmtTypeEnumDesc\": {\n              \"value\": \"<Error: Too many levels of nesting to fake this schema>\"\n            }\n          },\n          {\n            \"CurAmt\": {\n              \"value\": \"<Error: Too many levels of nesting to fake this schema>\"\n            },\n            \"CompositeCurAmtType\": {\n              \"value\": \"<Error: Too many levels of nesting to fake this schema>\"\n            },\n            \"CompositeCurAmtTypeEnumDesc\": {\n              \"value\": \"<Error: Too many levels of nesting to fake this schema>\"\n            }\n          }\n        ]\n      },\n      \"PmtSched\": [\n        {\n          \"PmtAmtOption\": \"PrincipalPlusInterest\"\n        },\n        {\n          \"PmtAmtOption\": \"SinglePmt\"\n        }\n      ],\n      \"LateFee\": {\n        \"GraceDays\": -38620593\n      },\n      \"NextPmt\": {\n        \"PmtCompositeAmt\": [\n          {\n            \"CurAmt\": {\n              \"value\": \"<Error: Too many levels of nesting to fake this schema>\"\n            },\n            \"CompositeCurAmtType\": {\n              \"value\": \"<Error: Too many levels of nesting to fake this schema>\"\n            },\n            \"CompositeCurAmtTypeEnumDesc\": {\n              \"value\": \"<Error: Too many levels of nesting to fake this schema>\"\n            }\n          },\n          {\n            \"CurAmt\": {\n              \"value\": \"<Error: Too many levels of nesting to fake this schema>\"\n            },\n            \"CompositeCurAmtType\": {\n              \"value\": \"<Error: Too many levels of nesting to fake this schema>\"\n            },\n            \"CompositeCurAmtTypeEnumDesc\": {\n              \"value\": \"<Error: Too many levels of nesting to fake this schema>\"\n            }\n          }\n        ],\n        \"PmtDt\": \"1994-06-30\"\n      },\n      \"LastPmt\": {\n        \"PmtDt\": \"1982-10-26\"\n      },\n      \"NonAccrualInd\": false,\n      \"PmtPostingRestrictions\": {\n        \"RestrictionReasonCode\": \"exercitation consectetur ullamco\"\n      },\n      \"Dealer\": [\n        {\n          \"DealerIdent\": \"tempor in consectetur\",\n          \"DealerReserveAmt\": {\n            \"Amt\": {\n              \"value\": \"<Error: Too many levels of nesting to fake this schema>\"\n            }\n          }\n        },\n        {\n          \"DealerIdent\": \"Ut do\",\n          \"DealerReserveAmt\": {\n            \"Amt\": {\n              \"value\": \"<Error: Too many levels of nesting to fake this schema>\"\n            }\n          }\n        }\n      ],\n      \"LOCAdvance\": {\n        \"LimitAmt\": {\n          \"Amt\": 224006.1485375464\n        }\n      },\n      \"IncYearEndReportCode\": \"NoIRSReporting\",\n      \"HomeMortgageDisclosure\": {\n        \"MortgageType\": \"consectetur laborum\",\n        \"PropertyType\": \"Duis amet ipsum\",\n        \"PurposeCode\": \"mollit aliqua ex\"\n      },\n      \"CreditBureauAcctData\": {\n        \"BureauStatus\": \"ad id reprehenderit\"\n      }\n    }\n  },\n  \"Status\": {\n    \"Severity\": \"Warning\",\n    \"StatusCode\": \"elit irure\",\n    \"StatusDesc\": \"nulla\",\n    \"SvcProviderName\": \"cupidatat qui sunt eiusmod\",\n    \"Id\": \"tempor laboris\",\n    \"ServerStatusCode\": \"proident \",\n    \"ServerStatusDesc\": \"et fugiat incididunt\",\n    \"OvrdExceptionInd\": false,\n    \"SubjectRole\": \"offic\",\n    \"SubjectElement\": [\n      {\n        \"Path\": \"proident Lorem\",\n        \"ServerPath\": \"proident cupidatat\",\n        \"Value\": \"minim dolor commodo et\"\n      },\n      {\n        \"Path\": \"Lorem et do ad\",\n        \"ServerPath\": \"aliqua dolore esse\",\n        \"Value\": \"et irure veniam\"\n      }\n    ],\n    \"ContentHTML\": \"ex sed fugiat\",\n    \"AdditionalStatus\": [\n      {\n        \"StatusCode\": \"ullamco adipisicing\",\n        \"StatusDesc\": \"laboris do aliqua nostrud\",\n        \"Severity\": \"Info\",\n        \"SvcProviderName\": \"sunt aute eu quis\",\n        \"ServerStatusCode\": \"eu exerc\",\n        \"ServerStatusDesc\": \"tempor quis\",\n        \"OvrdExceptionInd\": true,\n        \"SubjectElement\": [\n          {\n            \"Path\": \"et cillum Lorem cupidatat commodo\",\n            \"ServerPath\": \"nostrud in laborum mollit\",\n            \"Value\": \"ut\"\n          },\n          {\n            \"Path\": \"magna\",\n            \"ServerPath\": \"in commodo\",\n            \"Value\": \"et\"\n          }\n        ]\n      },\n      {\n        \"StatusCode\": \"in elit \",\n        \"StatusDesc\": \"deserunt proident\",\n        \"Severity\": \"Warning\",\n        \"SvcProviderName\": \"mollit Ut ad occaecat\",\n        \"ServerStatusCode\": \"nostrud culpa\",\n        \"ServerStatusDesc\": \"proident dolore in magna\",\n        \"OvrdExceptionInd\": true,\n        \"SubjectElement\": [\n          {\n            \"Path\": \"nisi do commod\",\n            \"ServerPath\": \"deserunt dolore irure sed\",\n            \"Value\": \"fugiat in\"\n          },\n          {\n            \"Path\": \"sint consequat sed ex culpa\",\n            \"ServerPath\": \"nostrud pariatur velit ipsum\",\n            \"Value\": \"voluptate dolore sed\"\n          }\n        ]\n      }\n    ]\n  }\n}","cookie":[],"_postman_previewlanguage":"json"}],"event":[],"protocolProfileBehavior":{"disableBodyPruning":true}}],"event":[],"variable":[{"type":"string","value":"/","key":"baseUrl"}],"info":{"_postman_id":"d5a849c6-1712-45e5-8779-a735fdb1a79a","name":"Account Service","schema":"https://schema.getpostman.com/json/collection/v2.1.0/collection.json","description":{"content":"The account service helps to create and manage product accounts serviced by the financial institutions. It is also used to retrieve information about the existing accounts and maintain information of new accounts.","type":"text/plain"}}}