{"item":[{"id":"33b21e9b-5917-4f00-88e8-cfc53010e7ee","name":"Get Accounts.","request":{"name":"Get Accounts.","description":{"content":"Get Account API retrieves the details of Certificate of Deposit Account (CDA), such as date data, interest payment options and maturity details.<br> <br> To download the API Specifications and Postman Collection, click <a href=\"../docs/?path=docs/resources/resources.md\" title=\"Click to open\">Resources</a>.","type":"text/plain"},"url":{"path":["acctservice","acctmgmt","accounts","secured"],"host":["{{baseUrl}}"],"query":[],"variable":[]},"header":[{"disabled":false,"description":"(Required) EFX Header is a common and required component for all API calls, it contains client-related parameters. Please note that the header parameters should be sent as a JSON object under the EFXHeader parameter. To view the list of header parameters, <a href=\"../docs?path=docs/api-ref-EFX-header.md\" title=\"Click to open\"> click here.</a>","key":"EFXHeader","value":"OrganizationId,<string>,TrnId,<string>,VendorId,<string>,Context,[object Object]"},{"key":"Content-Type","value":"application/json"},{"key":"Accept","value":"application/json"}],"method":"POST","auth":null,"body":{"mode":"raw","raw":"{\n  \"AcctSel\": {\n    \"AcctKeys\": {\n      \"AcctId\": \"<string>\",\n      \"AcctType\": \"<string>\"\n    }\n  }\n}","options":{"raw":{"language":"json"}}}},"response":[{"id":"6e2b7709-12d5-4bed-9925-495dcaaf0dca","name":"Success","originalRequest":{"url":{"path":["acctservice","acctmgmt","accounts","secured"],"host":["{{baseUrl}}"],"query":[],"variable":[]},"header":[{"disabled":false,"description":"(Required) EFX Header is a common and required component for all API calls, it contains client-related parameters. Please note that the header parameters should be sent as a JSON object under the EFXHeader parameter. To view the list of header parameters, <a href=\"../docs?path=docs/api-ref-EFX-header.md\" title=\"Click to open\"> click here.</a>","key":"EFXHeader","value":"OrganizationId,<string>,TrnId,<string>,VendorId,<string>,Context,[object Object]"},{"key":"Accept","value":"application/json"}],"method":"POST","body":{"mode":"raw","raw":"{\n  \"AcctSel\": {\n    \"AcctKeys\": {\n      \"AcctId\": \"<string>\",\n      \"AcctType\": \"<string>\"\n    }\n  }\n}","options":{"raw":{"language":"json"}}}},"status":"OK","code":200,"header":[{"key":"Content-Type","value":"application/json"}],"body":"{\n  \"AcctRec\": {\n    \"AcctKeys\": {\n      \"AcctId\": \"<string>\",\n      \"AcctType\": \"<string>\"\n    },\n    \"AcctStatus\": {\n      \"AcctStatusCode\": \"Valid\",\n      \"EffDt\": \"9148-20-64T61:29\"\n    },\n    \"DepositAcctInfo\": {\n      \"Brand\": \"in id tempor\",\n      \"AcctDtlStatus\": \"Active\",\n      \"AcctDtlStatusEnumDesc\": \"adipisicing ad ea fugiat laboris\",\n      \"ProductIdent\": \"Lorem\",\n      \"Desc\": \"dolore\",\n      \"AcctType\": \"CDA\",\n      \"TaxIncentiveType\": \"labore mollit\",\n      \"InitialAmount\": {\n        \"Amt\": -5989365.697566122,\n        \"CurCode\": {\n          \"CurCodeValue\": \"ipsum nulla et ut\",\n          \"CurCodeType\": \"ISO4217-Alpha\"\n        }\n      },\n      \"OpenDt\": \"1966-06-10\",\n      \"ClosedDt\": \"2006-09-25\",\n      \"ClosedReasonCode\": \"sed Lorem ut\",\n      \"Term\": {\n        \"TermUnits\": \"Months\",\n        \"Count\": -87311413\n      },\n      \"MaturityDt\": \"2006-12-25\",\n      \"LastContactDt\": \"0939-47-56T66:35\",\n      \"DateData\": [\n        {\n          \"DateType\": \"LastEarn2\",\n          \"DateValue\": \"9404-66-77T98:62\"\n        },\n        {\n          \"DateType\": \"LastHistDel\",\n          \"DateValue\": \"9746-43-46T68:52:06.664\"\n        }\n      ],\n      \"RelationshipMgr\": [\n        {\n          \"RelationshipMgrIdent\": \"qui \",\n          \"RelationshipMgrIdentEnumDesc\": \"aute consectetur cupidat\",\n          \"RelationshipRole\": \"FourthOfficer\"\n        },\n        {\n          \"RelationshipMgrIdent\": \"velit Duis\",\n          \"RelationshipMgrIdentEnumDesc\": \"sit velit\",\n          \"RelationshipRole\": \"SecondOfficer\"\n        }\n      ],\n      \"OriginatingBranch\": \"fugiat\",\n      \"OriginatingBranchEnumDesc\": \"tempor Ut quis nisi\",\n      \"Nickname\": \"in magna \",\n      \"AddtlTitles\": [\n        {\n          \"AcctTitleType\": \"commodo ea occaecat irure\",\n          \"AcctTitle\": \"dolor in cillum velit\",\n          \"AcctTitleOption\": \"ipsum\",\n          \"DBAInd\": true\n        },\n        {\n          \"AcctTitleType\": \"aute mollit quis\",\n          \"AcctTitle\": \"commodo aliqua\",\n          \"AcctTitleOption\": \"adipisicing ex velit non sint\",\n          \"DBAInd\": false\n        }\n      ],\n      \"AccountingMethod\": \"exercitation dolore\",\n      \"ClassCode\": \"sunt Excepteur voluptate \",\n      \"ClientDefinedData\": [\n        {\n          \"DataIdent\": \"udl-[1..n]\",\n          \"DataType\": \"Alpha\",\n          \"Value\": \"culpa labore ex\",\n          \"DataLength\": 84526998,\n          \"Desc\": \"sed occaec\",\n          \"RequiredFlag\": true\n        },\n        {\n          \"DataIdent\": \"UserCode2\",\n          \"DataType\": \"Numeric\",\n          \"Value\": \"ut aute sunt\",\n          \"DataLength\": -97293600,\n          \"Desc\": \"quis\",\n          \"RequiredFlag\": false\n        }\n      ],\n      \"AcctStmtData\": {\n        \"StmtTimeFrame\": [\n          {\n            \"RecurType\": {\n              \"value\": \"<Error: Too many levels of nesting to fake this schema>\"\n            },\n            \"RecurInterval\": {\n              \"value\": \"<Error: Too many levels of nesting to fake this schema>\"\n            }\n          },\n          {\n            \"RecurType\": {\n              \"value\": \"<Error: Too many levels of nesting to fake this schema>\"\n            },\n            \"RecurInterval\": {\n              \"value\": \"<Error: Too many levels of nesting to fake this schema>\"\n            }\n          }\n        ],\n        \"LastStmtDt\": \"1979-02-16\"\n      },\n      \"NoticeData\": [\n        {\n          \"NoticeType\": \"MaturityNotice\",\n          \"NoticeOption\": \"GenerateNotice\",\n          \"HandlingCode\": \"consectetur ex dolore\"\n        },\n        {\n          \"NoticeType\": \"IntNotice\",\n          \"NoticeOption\": \"NoNotice\",\n          \"HandlingCode\": \"Lorem occaecat\"\n        }\n      ],\n      \"Rate\": 64602012.98015708,\n      \"EffectiveRate\": 68119491.47809848,\n      \"IntRateData\": {\n        \"BasedOnCodeEnumDesc\": \"pariatur occaecat ex\",\n        \"BasedOnValue\": 84889264.21966657,\n        \"AccrualMethod\": \"Simple\",\n        \"DailyAccrual\": \"Equal360\"\n      },\n      \"RateChangeData\": [\n        {\n          \"RateChangeControl\": \"StepFreq\",\n          \"StepRate\": [\n            {\n              \"value\": \"<Error: Too many levels of nesting to fake this schema>\"\n            },\n            {\n              \"value\": \"<Error: Too many levels of nesting to fake this schema>\"\n            }\n          ],\n          \"RateChangeNbr\": -36425012,\n          \"RateChangeIntervalOption\": \"RateTerm\",\n          \"BasedOnCode\": \"amet ex in\",\n          \"VarianceFactorType\": \"Variance\",\n          \"RateVariance\": -41512368.324901104,\n          \"ExpDt\": \"1977-11-04\",\n          \"FloorRate\": -56246938.88423487,\n          \"CeilingRate\": 20032777.449745655,\n          \"MinRateChange\": -9381426.946961954,\n          \"MaxRateChange\": 1788654.8846464157,\n          \"RateChangeRecurType\": \"Weekly\",\n          \"RecurInterval\": -33063428,\n          \"RecurStartDate\": \"1985-08-07\",\n          \"NextRateChangeDt\": \"1973-01-08\",\n          \"LastRateChangeDt\": \"1946-03-02\"\n        },\n        {\n          \"RateChangeControl\": \"StepFreq\",\n          \"StepRate\": [\n            {\n              \"value\": \"<Error: Too many levels of nesting to fake this schema>\"\n            },\n            {\n              \"value\": \"<Error: Too many levels of nesting to fake this schema>\"\n            }\n          ],\n          \"RateChangeNbr\": 26173836,\n          \"RateChangeIntervalOption\": \"RateTerm\",\n          \"BasedOnCode\": \"quis irure laboris consequat\",\n          \"VarianceFactorType\": \"Variance\",\n          \"RateVariance\": -39013390.11996798,\n          \"ExpDt\": \"1979-01-20\",\n          \"FloorRate\": 75028029.17302659,\n          \"CeilingRate\": -22095619.736124396,\n          \"MinRateChange\": -2773702.693677917,\n          \"MaxRateChange\": -18468885.329261214,\n          \"RateChangeRecurType\": \"SemiMonthly\",\n          \"RecurInterval\": -39368871,\n          \"RecurStartDate\": \"1987-08-07\",\n          \"NextRateChangeDt\": \"2015-09-26\",\n          \"LastRateChangeDt\": \"1974-06-04\"\n        }\n      ],\n      \"AcctBal\": [\n        {\n          \"BalType\": \"Memo\",\n          \"CurAmt\": {\n            \"Amt\": {\n              \"value\": \"<Error: Too many levels of nesting to fake this schema>\"\n            },\n            \"CurCode\": {\n              \"value\": \"<Error: Too many levels of nesting to fake this schema>\"\n            }\n          }\n        },\n        {\n          \"BalType\": \"Current\",\n          \"CurAmt\": {\n            \"Amt\": {\n              \"value\": \"<Error: Too many levels of nesting to fake this schema>\"\n            },\n            \"CurCode\": {\n              \"value\": \"<Error: Too many levels of nesting to fake this schema>\"\n            }\n          }\n        }\n      ],\n      \"AcctPeriodData\": [\n        {\n          \"AcctAmtType\": \"sint fugiat\",\n          \"AcctPeriodType\": \"irure\",\n          \"LastOccurInd\": true,\n          \"Amt\": -40971067.22920003,\n          \"Count\": 20343002\n        },\n        {\n          \"AcctAmtType\": \"Excepteur laboris ut cillum\",\n          \"AcctPeriodType\": \"dolore minim\",\n          \"LastOccurInd\": false,\n          \"Amt\": -89299877.62046872,\n          \"Count\": -98054713\n        }\n      ],\n      \"TranCounter\": [\n        {\n          \"TranCounterType\": \"RegD3\",\n          \"Count\": 70569868\n        },\n        {\n          \"TranCounterType\": \"RegD3\",\n          \"Count\": -68623233\n        }\n      ],\n      \"PostAddr\": [\n        {\n          \"AddrType\": \"Primary\",\n          \"AddressIdent\": \"vo\",\n          \"AddrFormatType\": \"Label\",\n          \"Addr1\": \"anim incididunt\",\n          \"Addr2\": \"non velit elit\",\n          \"Addr3\": \"quis velit Ut culpa tempor\",\n          \"Addr4\": \"ut nostrud elit\",\n          \"Addr5\": \"officia minim\",\n          \"Addr6\": \"elit aliqua cupidatat sed ipsum\"\n        },\n        {\n          \"AddrType\": \"Primary\",\n          \"AddressIdent\": \"exercitation nulla ullamco magna \",\n          \"AddrFormatType\": \"Label\",\n          \"Addr1\": \"Ut aute cupidatat enim\",\n          \"Addr2\": \"ut\",\n          \"Addr3\": \"in\",\n          \"Addr4\": \"sint sed ullamco\",\n          \"Addr5\": \"id\",\n          \"Addr6\": \"labore culpa\"\n        }\n      ],\n      \"WithholdingOption\": \"None\",\n      \"WithholdingData\": {\n        \"WithholdingType\": \"FederalTax\",\n        \"WithholdingCode\": \"amet officia et in\"\n      },\n      \"IntReportingCode\": \"1099-INT\",\n      \"Fee\": [\n        {\n          \"FeeType\": \"Penalty\",\n          \"FeeIdent\": \"ve\"\n        },\n        {\n          \"FeeType\": \"Penalty\",\n          \"FeeIdent\": \"commodo \"\n        }\n      ],\n      \"ReportGroupCode\": \"esse nulla ut ipsum\",\n      \"DocDistributionOption\": \"in\",\n      \"DocDistributionOptionEnumDesc\": \"id magna\",\n      \"NAICS\": \"cu\",\n      \"RestrictedInd\": false,\n      \"RestrictedDesc\": \"do Ut iru\",\n      \"RenewalData\": {\n        \"RenewalOption\": \"AutomaticRenewal\",\n        \"OrigMatDt\": \"2002-09-08\",\n        \"NextRenewalDateOption\": \"LastMaturity\",\n        \"RenewalTermCode\": \"cillum irure do\",\n        \"NextEarningDateOption\": \"LastDateOfPeriod\",\n        \"RenewalFrequency\": {\n          \"RecurType\": \"Daily\",\n          \"RecurInterval\": 3851497\n        },\n        \"ProdIntRateId\": \"voluptate culpa\",\n        \"RateVariance\": -3534689.2968782634\n      },\n      \"CallReportCode\": \"cillum\",\n      \"AccessLevelData\": {\n        \"AccessLevelType\": \"aliqua Excepteur\",\n        \"AccessLevelCode\": \"nostrud Lorem amet dolor\"\n      },\n      \"IntDispData\": {\n        \"IntDisposition\": \"Capitalize\",\n        \"IntDistAcctRef\": {\n          \"AcctKeys\": {\n            \"value\": \"<Error: Too many levels of nesting to fake this schema>\"\n          },\n          \"ACHTrnCode\": \"amet commodo\",\n          \"ACHReceivingType\": \"Person\",\n          \"ACHCompanyEntryDesc\": \"sit ut nos\",\n          \"SameDayInd\": true\n        },\n        \"CustPayeeId\": \"in elit deserunt dolor\",\n        \"PayOnMaturityInd\": true,\n        \"IntPmtFrequency\": [\n          {\n            \"RecurType\": {\n              \"value\": \"<Error: Too many levels of nesting to fake this schema>\"\n            },\n            \"RecurInterval\": {\n              \"value\": \"<Error: Too many levels of nesting to fake this schema>\"\n            },\n            \"SeqNum\": {\n              \"value\": \"<Error: Too many levels of nesting to fake this schema>\"\n            },\n            \"EarningsSchedType\": {\n              \"value\": \"<Error: Too many levels of nesting to fake this schema>\"\n            },\n            \"EarningsSchedDateCode\": {\n              \"value\": \"<Error: Too many levels of nesting to fake this schema>\"\n            }\n          },\n          {\n            \"RecurType\": {\n              \"value\": \"<Error: Too many levels of nesting to fake this schema>\"\n            },\n            \"RecurInterval\": {\n              \"value\": \"<Error: Too many levels of nesting to fake this schema>\"\n            },\n            \"SeqNum\": {\n              \"value\": \"<Error: Too many levels of nesting to fake this schema>\"\n            },\n            \"EarningsSchedType\": {\n              \"value\": \"<Error: Too many levels of nesting to fake this schema>\"\n            },\n            \"EarningsSchedDateCode\": {\n              \"value\": \"<Error: Too many levels of nesting to fake this schema>\"\n            }\n          }\n        ],\n        \"NextIntPmtDt\": \"2024-06-21\"\n      },\n      \"AcctCDARSData\": {\n        \"CDARSType\": \"None\",\n        \"InHouseAmt\": {\n          \"Amt\": 34091380.07412134,\n          \"CurCode\": {}\n        },\n        \"OrderAmt\": {\n          \"Amt\": 28699290.169715613,\n          \"CurCode\": {\n            \"value\": \"<Error: Too many levels of nesting to fake this schema>\"\n          }\n        },\n        \"InHouseAcctRef\": {\n          \"AcctKeys\": {\n            \"value\": \"<Error: Too many levels of nesting to fake this schema>\"\n          }\n        },\n        \"Term\": {\n          \"TermUnits\": \"Days\",\n          \"Count\": 17749281\n        },\n        \"Rate\": -59559511.77198995,\n        \"EffectiveRate\": 60583310.89442614,\n        \"IntDispData\": {\n          \"IntDisposition\": \"Check\",\n          \"IntDistAcctRef\": {\n            \"value\": \"<Error: Too many levels of nesting to fake this schema>\"\n          },\n          \"IntPmtFrequency\": [\n            {\n              \"value\": \"<Error: Too many levels of nesting to fake this schema>\"\n            },\n            {\n              \"value\": \"<Error: Too many levels of nesting to fake this schema>\"\n            }\n          ]\n        },\n        \"PrincipalDispData\": {\n          \"PrincipalDisposition\": \"Check\",\n          \"AcctKeys\": {\n            \"value\": \"<Error: Too many levels of nesting to fake this schema>\"\n          }\n        },\n        \"SourceOfFunds\": \"ad eu incididunt sint\",\n        \"RetirementPlanType\": \"mollit ad cillum magna\",\n        \"ContactName\": \"quis commodo\"\n      }\n    }\n  },\n  \"Status\": {\n    \"Severity\": \"Info\",\n    \"StatusCode\": \"ut\",\n    \"StatusDesc\": \"enim culpa\",\n    \"SvcProviderName\": \"Excepteur\",\n    \"Id\": \"aliqua Ut amet dolore id\",\n    \"ServerStatusCode\": \"d\",\n    \"ServerStatusDesc\": \"sunt sed\",\n    \"OvrdExceptionInd\": true,\n    \"SubjectRole\": \"in incididunt eu\",\n    \"SubjectElement\": [\n      {\n        \"Path\": \"mollit in occaecat amet esse\",\n        \"ServerPath\": \"occaecat voluptate elit\",\n        \"Value\": \"in nostrud proident\"\n      },\n      {\n        \"Path\": \"proident officia Duis laborum\",\n        \"ServerPath\": \"non nostrud\",\n        \"Value\": \"non sit commodo elit\"\n      }\n    ],\n    \"ContentHTML\": \"in ea voluptate\",\n    \"AdditionalStatus\": [\n      {\n        \"StatusCode\": \"nisi in \",\n        \"StatusDesc\": \"tempor magna fugiat\",\n        \"Severity\": \"Info\",\n        \"SvcProviderName\": \"laborum sit\",\n        \"ServerStatusCode\": \"incidid\",\n        \"ServerStatusDesc\": \"laboris est\",\n        \"OvrdExceptionInd\": false,\n        \"SubjectElement\": [\n          {\n            \"Path\": \"ea consequat\",\n            \"ServerPath\": \"enim laborum aute\",\n            \"Value\": \"laboris velit cillum aliqua\"\n          },\n          {\n            \"Path\": \"do laboris\",\n            \"ServerPath\": \"est\",\n            \"Value\": \"tempor consequat\"\n          }\n        ]\n      },\n      {\n        \"StatusCode\": \"est dolo\",\n        \"StatusDesc\": \"labore\",\n        \"Severity\": \"Error\",\n        \"SvcProviderName\": \"nulla ut dolor enim\",\n        \"ServerStatusCode\": \"adipisicing\",\n        \"ServerStatusDesc\": \"id velit minim consequat commodo\",\n        \"OvrdExceptionInd\": true,\n        \"SubjectElement\": [\n          {\n            \"Path\": \"exercitati\",\n            \"ServerPath\": \"occaecat voluptate m\",\n            \"Value\": \"do officia\"\n          },\n          {\n            \"Path\": \"sint veniam\",\n            \"ServerPath\": \"nisi non minim nostrud\",\n            \"Value\": \"nulla sit nostrud\"\n          }\n        ]\n      }\n    ]\n  }\n}","cookie":[],"_postman_previewlanguage":"json"},{"id":"39c4861b-48d3-4a57-b175-ff21f4aa6d45","name":"To view the complete list of response codes, <a href=\"../docs/?path=docs/response-codes.md\" title=\"Click to open\">click here.</a>","originalRequest":{"url":{"path":["acctservice","acctmgmt","accounts","secured"],"host":["{{baseUrl}}"],"query":[],"variable":[]},"header":[{"disabled":false,"description":"(Required) EFX Header is a common and required component for all API calls, it contains client-related parameters. Please note that the header parameters should be sent as a JSON object under the EFXHeader parameter. To view the list of header parameters, <a href=\"../docs?path=docs/api-ref-EFX-header.md\" title=\"Click to open\"> click here.</a>","key":"EFXHeader","value":"OrganizationId,<string>,TrnId,<string>,VendorId,<string>,Context,[object Object]"},{"key":"Accept","value":"application/json"}],"method":"POST","body":{"mode":"raw","raw":"{\n  \"AcctSel\": {\n    \"AcctKeys\": {\n      \"AcctId\": \"<string>\",\n      \"AcctType\": \"<string>\"\n    }\n  }\n}","options":{"raw":{"language":"json"}}}},"status":"Internal Server Error","code":500,"header":[{"key":"Content-Type","value":"application/json"}],"body":"{\n  \"AcctRec\": {\n    \"AcctKeys\": {\n      \"AcctId\": \"<string>\",\n      \"AcctType\": \"<string>\"\n    },\n    \"AcctStatus\": {\n      \"AcctStatusCode\": \"Valid\",\n      \"EffDt\": \"9481-13-22\"\n    },\n    \"DepositAcctInfo\": {\n      \"Brand\": \"offic\",\n      \"AcctDtlStatus\": \"ClosedToPosting\",\n      \"AcctDtlStatusEnumDesc\": \"consequat adipisicing pariatur \",\n      \"ProductIdent\": \"aliquip deserunt Ut et culpa\",\n      \"Desc\": \"dolore\",\n      \"AcctType\": \"CDA\",\n      \"TaxIncentiveType\": \"eiusmod cillum consectet\",\n      \"InitialAmount\": {\n        \"Amt\": 3822762.077170655,\n        \"CurCode\": {\n          \"CurCodeValue\": \"in veniam dolore labore quis\",\n          \"CurCodeType\": \"ISO4217-Alpha\"\n        }\n      },\n      \"OpenDt\": \"1966-12-22\",\n      \"ClosedDt\": \"1952-11-28\",\n      \"ClosedReasonCode\": \"ad Duis proident Excepteur aliquip\",\n      \"Term\": {\n        \"TermUnits\": \"Days\",\n        \"Count\": -54419955\n      },\n      \"MaturityDt\": \"1964-04-13\",\n      \"LastContactDt\": \"5433-84-26\",\n      \"DateData\": [\n        {\n          \"DateType\": \"LastEarn2\",\n          \"DateValue\": \"2291-10-08\"\n        },\n        {\n          \"DateType\": \"Dormant\",\n          \"DateValue\": \"0241-95-67T97:95:13.192+63:13\"\n        }\n      ],\n      \"RelationshipMgr\": [\n        {\n          \"RelationshipMgrIdent\": \"consectetur laborum id vo\",\n          \"RelationshipMgrIdentEnumDesc\": \"non cupidatat\",\n          \"RelationshipRole\": \"Officer\"\n        },\n        {\n          \"RelationshipMgrIdent\": \"veniam minim laboru\",\n          \"RelationshipMgrIdentEnumDesc\": \"ullamco sunt qui laboris Lorem\",\n          \"RelationshipRole\": \"ThirdOfficer\"\n        }\n      ],\n      \"OriginatingBranch\": \"dol\",\n      \"OriginatingBranchEnumDesc\": \"consec\",\n      \"Nickname\": \"Lorem voluptate in\",\n      \"AddtlTitles\": [\n        {\n          \"AcctTitleType\": \"in ad nisi sit eiusmod\",\n          \"AcctTitle\": \"Ut ipsum\",\n          \"AcctTitleOption\": \"fugiat sunt ad\",\n          \"DBAInd\": true\n        },\n        {\n          \"AcctTitleType\": \"sint qui aute\",\n          \"AcctTitle\": \"dolor\",\n          \"AcctTitleOption\": \"fugiat\",\n          \"DBAInd\": true\n        }\n      ],\n      \"AccountingMethod\": \"dolor reprehenderit cillum\",\n      \"ClassCode\": \"est i\",\n      \"ClientDefinedData\": [\n        {\n          \"DataIdent\": \"udl-[1..n]\",\n          \"DataType\": \"Currency\",\n          \"Value\": \"quis Excepteur\",\n          \"DataLength\": -78696426,\n          \"Desc\": \"in commodo qui elit\",\n          \"RequiredFlag\": false\n        },\n        {\n          \"DataIdent\": \"udc-[1..n]\",\n          \"DataType\": \"Alpha\",\n          \"Value\": \"laborum aliqua quis Ut\",\n          \"DataLength\": -68926174,\n          \"Desc\": \"labore\",\n          \"RequiredFlag\": true\n        }\n      ],\n      \"AcctStmtData\": {\n        \"StmtTimeFrame\": [\n          {\n            \"RecurType\": {\n              \"value\": \"<Error: Too many levels of nesting to fake this schema>\"\n            },\n            \"RecurInterval\": {\n              \"value\": \"<Error: Too many levels of nesting to fake this schema>\"\n            }\n          },\n          {\n            \"RecurType\": {\n              \"value\": \"<Error: Too many levels of nesting to fake this schema>\"\n            },\n            \"RecurInterval\": {\n              \"value\": \"<Error: Too many levels of nesting to fake this schema>\"\n            }\n          }\n        ],\n        \"LastStmtDt\": \"1957-03-26\"\n      },\n      \"NoticeData\": [\n        {\n          \"NoticeType\": \"MaturityPriorNotice\",\n          \"NoticeOption\": \"NoNotice\",\n          \"HandlingCode\": \"consectetur id laboris Lorem\"\n        },\n        {\n          \"NoticeType\": \"IntPriorNotice\",\n          \"NoticeOption\": \"GenerateNotice\",\n          \"HandlingCode\": \"voluptate consequat minim in amet\"\n        }\n      ],\n      \"Rate\": -2916977.9492293894,\n      \"EffectiveRate\": 82986210.48259255,\n      \"IntRateData\": {\n        \"BasedOnCodeEnumDesc\": \"ullamco\",\n        \"BasedOnValue\": 30767906.01523447,\n        \"AccrualMethod\": \"Continuous\",\n        \"DailyAccrual\": \"Equal360\"\n      },\n      \"RateChangeData\": [\n        {\n          \"RateChangeControl\": \"PeriodicReview\",\n          \"StepRate\": [\n            {\n              \"value\": \"<Error: Too many levels of nesting to fake this schema>\"\n            },\n            {\n              \"value\": \"<Error: Too many levels of nesting to fake this schema>\"\n            }\n          ],\n          \"RateChangeNbr\": 97908708,\n          \"RateChangeIntervalOption\": \"RateTerm\",\n          \"BasedOnCode\": \"ex p\",\n          \"VarianceFactorType\": \"Variance\",\n          \"RateVariance\": -93092968.92780337,\n          \"ExpDt\": \"2017-01-10\",\n          \"FloorRate\": 31577878.033824414,\n          \"CeilingRate\": 32832931.681160152,\n          \"MinRateChange\": -79383662.5675115,\n          \"MaxRateChange\": 81611808.7376729,\n          \"RateChangeRecurType\": \"SemiMonthly\",\n          \"RecurInterval\": -17954398,\n          \"RecurStartDate\": \"1944-12-12\",\n          \"NextRateChangeDt\": \"1955-10-07\",\n          \"LastRateChangeDt\": \"1964-03-03\"\n        },\n        {\n          \"RateChangeControl\": \"Fixed\",\n          \"StepRate\": [\n            {\n              \"value\": \"<Error: Too many levels of nesting to fake this schema>\"\n            },\n            {\n              \"value\": \"<Error: Too many levels of nesting to fake this schema>\"\n            }\n          ],\n          \"RateChangeNbr\": 88589493,\n          \"RateChangeIntervalOption\": \"EachTerm\",\n          \"BasedOnCode\": \"mollit nostrud anim\",\n          \"VarianceFactorType\": \"Variance\",\n          \"RateVariance\": -51548414.22060401,\n          \"ExpDt\": \"1959-01-13\",\n          \"FloorRate\": 34722085.79486877,\n          \"CeilingRate\": 96673780.3270644,\n          \"MinRateChange\": -23988434.637199685,\n          \"MaxRateChange\": 83019744.1992825,\n          \"RateChangeRecurType\": \"Weekly\",\n          \"RecurInterval\": 79780782,\n          \"RecurStartDate\": \"1985-05-20\",\n          \"NextRateChangeDt\": \"1997-12-31\",\n          \"LastRateChangeDt\": \"1972-12-18\"\n        }\n      ],\n      \"AcctBal\": [\n        {\n          \"BalType\": \"Hold\",\n          \"CurAmt\": {\n            \"Amt\": {\n              \"value\": \"<Error: Too many levels of nesting to fake this schema>\"\n            },\n            \"CurCode\": {\n              \"value\": \"<Error: Too many levels of nesting to fake this schema>\"\n            }\n          }\n        },\n        {\n          \"BalType\": \"BalanceLastStatement\",\n          \"CurAmt\": {\n            \"Amt\": {\n              \"value\": \"<Error: Too many levels of nesting to fake this schema>\"\n            },\n            \"CurCode\": {\n              \"value\": \"<Error: Too many levels of nesting to fake this schema>\"\n            }\n          }\n        }\n      ],\n      \"AcctPeriodData\": [\n        {\n          \"AcctAmtType\": \"in id Duis do\",\n          \"AcctPeriodType\": \"culp\",\n          \"LastOccurInd\": true,\n          \"Amt\": -78917617.52759692,\n          \"Count\": 94257159\n        },\n        {\n          \"AcctAmtType\": \"ut ex enim in qui\",\n          \"AcctPeriodType\": \"sunt\",\n          \"LastOccurInd\": true,\n          \"Amt\": 91298316.10344711,\n          \"Count\": -62539143\n        }\n      ],\n      \"TranCounter\": [\n        {\n          \"TranCounterType\": \"RegD3\",\n          \"Count\": -20231016\n        },\n        {\n          \"TranCounterType\": \"RegD3\",\n          \"Count\": -44085305\n        }\n      ],\n      \"PostAddr\": [\n        {\n          \"AddrType\": \"Secondary\",\n          \"AddressIdent\": \"est\",\n          \"AddrFormatType\": \"Label\",\n          \"Addr1\": \"laborum esse eu sed eiusmod\",\n          \"Addr2\": \"d\",\n          \"Addr3\": \"aliquip et ipsum do\",\n          \"Addr4\": \"labor\",\n          \"Addr5\": \"laboris proident in\",\n          \"Addr6\": \"anim culpa sint est esse\"\n        },\n        {\n          \"AddrType\": \"Secondary\",\n          \"AddressIdent\": \"adipi\",\n          \"AddrFormatType\": \"Label\",\n          \"Addr1\": \"dolor\",\n          \"Addr2\": \"ut esse dolore et\",\n          \"Addr3\": \"sit ut labore\",\n          \"Addr4\": \"fugiat ipsum Ut commodo\",\n          \"Addr5\": \"eu ipsum dolore\",\n          \"Addr6\": \"ut qui eu proident\"\n        }\n      ],\n      \"WithholdingOption\": \"StateFederalTax\",\n      \"WithholdingData\": {\n        \"WithholdingType\": \"StateTax\",\n        \"WithholdingCode\": \"commodo in veniam quis\"\n      },\n      \"IntReportingCode\": \"1099-OID\",\n      \"Fee\": [\n        {\n          \"FeeType\": \"Penalty\",\n          \"FeeIdent\": \"ut nulla m\"\n        },\n        {\n          \"FeeType\": \"Penalty\",\n          \"FeeIdent\": \"incididunt sint mollit\"\n        }\n      ],\n      \"ReportGroupCode\": \"aute ipsum dolore\",\n      \"DocDistributionOption\": \"commodo non reprehenderit\",\n      \"DocDistributionOptionEnumDesc\": \"veniam officia\",\n      \"NAICS\": \"mag\",\n      \"RestrictedInd\": false,\n      \"RestrictedDesc\": \"sint ut\",\n      \"RenewalData\": {\n        \"RenewalOption\": \"NoRenewalAllowed\",\n        \"OrigMatDt\": \"1952-09-23\",\n        \"NextRenewalDateOption\": \"LastEarning\",\n        \"RenewalTermCode\": \"occaecat sed mollit\",\n        \"NextEarningDateOption\": \"LastDateOfPeriod\",\n        \"RenewalFrequency\": {\n          \"RecurType\": \"Daily\",\n          \"RecurInterval\": -34204615\n        },\n        \"ProdIntRateId\": \"voluptate cu\",\n        \"RateVariance\": -88591490.4645384\n      },\n      \"CallReportCode\": \"aute ex Lorem sit\",\n      \"AccessLevelData\": {\n        \"AccessLevelType\": \"dolore cupidatat sint laborum\",\n        \"AccessLevelCode\": \"culpa nisi deserunt\"\n      },\n      \"IntDispData\": {\n        \"IntDisposition\": \"Check\",\n        \"IntDistAcctRef\": {\n          \"AcctKeys\": {\n            \"value\": \"<Error: Too many levels of nesting to fake this schema>\"\n          },\n          \"ACHTrnCode\": \"deserunt pariatur ut amet id\",\n          \"ACHReceivingType\": \"Organization\",\n          \"ACHCompanyEntryDesc\": \"ut tempor anim l\",\n          \"SameDayInd\": false\n        },\n        \"CustPayeeId\": \"in eiusmod occaecat\",\n        \"PayOnMaturityInd\": false,\n        \"IntPmtFrequency\": [\n          {\n            \"RecurType\": {\n              \"value\": \"<Error: Too many levels of nesting to fake this schema>\"\n            },\n            \"RecurInterval\": {\n              \"value\": \"<Error: Too many levels of nesting to fake this schema>\"\n            },\n            \"SeqNum\": {\n              \"value\": \"<Error: Too many levels of nesting to fake this schema>\"\n            },\n            \"EarningsSchedType\": {\n              \"value\": \"<Error: Too many levels of nesting to fake this schema>\"\n            },\n            \"EarningsSchedDateCode\": {\n              \"value\": \"<Error: Too many levels of nesting to fake this schema>\"\n            }\n          },\n          {\n            \"RecurType\": {\n              \"value\": \"<Error: Too many levels of nesting to fake this schema>\"\n            },\n            \"RecurInterval\": {\n              \"value\": \"<Error: Too many levels of nesting to fake this schema>\"\n            },\n            \"SeqNum\": {\n              \"value\": \"<Error: Too many levels of nesting to fake this schema>\"\n            },\n            \"EarningsSchedType\": {\n              \"value\": \"<Error: Too many levels of nesting to fake this schema>\"\n            },\n            \"EarningsSchedDateCode\": {\n              \"value\": \"<Error: Too many levels of nesting to fake this schema>\"\n            }\n          }\n        ],\n        \"NextIntPmtDt\": \"1996-08-19\"\n      },\n      \"AcctCDARSData\": {\n        \"CDARSType\": \"None\",\n        \"InHouseAmt\": {\n          \"Amt\": 80094859.54434785,\n          \"CurCode\": {}\n        },\n        \"OrderAmt\": {\n          \"Amt\": 45116083.55023968,\n          \"CurCode\": {\n            \"value\": \"<Error: Too many levels of nesting to fake this schema>\"\n          }\n        },\n        \"InHouseAcctRef\": {\n          \"AcctKeys\": {\n            \"value\": \"<Error: Too many levels of nesting to fake this schema>\"\n          }\n        },\n        \"Term\": {\n          \"TermUnits\": \"Days\",\n          \"Count\": -98391147\n        },\n        \"Rate\": -13302536.81619355,\n        \"EffectiveRate\": -15433288.421801358,\n        \"IntDispData\": {\n          \"IntDisposition\": \"Capitalize\",\n          \"IntDistAcctRef\": {\n            \"value\": \"<Error: Too many levels of nesting to fake this schema>\"\n          },\n          \"IntPmtFrequency\": [\n            {\n              \"value\": \"<Error: Too many levels of nesting to fake this schema>\"\n            },\n            {\n              \"value\": \"<Error: Too many levels of nesting to fake this schema>\"\n            }\n          ]\n        },\n        \"PrincipalDispData\": {\n          \"PrincipalDisposition\": \"Check\",\n          \"AcctKeys\": {\n            \"value\": \"<Error: Too many levels of nesting to fake this schema>\"\n          }\n        },\n        \"SourceOfFunds\": \"incididunt\",\n        \"RetirementPlanType\": \"dolor elit Duis Lorem\",\n        \"ContactName\": \"ad anim dolore enim Excep\"\n      }\n    }\n  },\n  \"Status\": {\n    \"Severity\": \"Error\",\n    \"StatusCode\": \"\",\n    \"StatusDesc\": \"Excepteur id exercitation\",\n    \"SvcProviderName\": \"qui Ut irure nostrud\",\n    \"Id\": \"ipsum\",\n    \"ServerStatusCode\": \"do voluptate \",\n    \"ServerStatusDesc\": \"do ipsum\",\n    \"OvrdExceptionInd\": false,\n    \"SubjectRole\": \"laborum sunt\",\n    \"SubjectElement\": [\n      {\n        \"Path\": \"non cillum ut Duis\",\n        \"ServerPath\": \"commodo\",\n        \"Value\": \"ad tempor ut incididunt\"\n      },\n      {\n        \"Path\": \"nostrud esse dolore elit vel\",\n        \"ServerPath\": \"in Ut reprehenderit consequat\",\n        \"Value\": \"eu eiusmod irure in est\"\n      }\n    ],\n    \"ContentHTML\": \"qui aliquip\",\n    \"AdditionalStatus\": [\n      {\n        \"StatusCode\": \"Duis magna\",\n        \"StatusDesc\": \"mollit dolor sit in\",\n        \"Severity\": \"Warning\",\n        \"SvcProviderName\": \"anim\",\n        \"ServerStatusCode\": \"fugiat consequa\",\n        \"ServerStatusDesc\": \"anim et dolor\",\n        \"OvrdExceptionInd\": true,\n        \"SubjectElement\": [\n          {\n            \"Path\": \"amet officia\",\n            \"ServerPath\": \"et dolore nulla irure\",\n            \"Value\": \"sunt enim ex sint\"\n          },\n          {\n            \"Path\": \"eu ipsum commodo dolor\",\n            \"ServerPath\": \"nulla\",\n            \"Value\": \"sed laboris nisi\"\n          }\n        ]\n      },\n      {\n        \"StatusCode\": \"non irure\",\n        \"StatusDesc\": \"tempor consequat\",\n        \"Severity\": \"Error\",\n        \"SvcProviderName\": \"commodo aliquip\",\n        \"ServerStatusCode\": \"null\",\n        \"ServerStatusDesc\": \"qui tempor nostrud\",\n        \"OvrdExceptionInd\": true,\n        \"SubjectElement\": [\n          {\n            \"Path\": \"laborum in\",\n            \"ServerPath\": \"ipsum enim dolore Excepteur in\",\n            \"Value\": \"eu cupidatat tempor nisi veniam\"\n          },\n          {\n            \"Path\": \"Ut non commodo\",\n            \"ServerPath\": \"Ut Duis\",\n            \"Value\": \"ut ad\"\n          }\n        ]\n      }\n    ]\n  }\n}","cookie":[],"_postman_previewlanguage":"json"}],"event":[],"protocolProfileBehavior":{"disableBodyPruning":true}}],"event":[],"variable":[{"type":"string","value":"/","key":"baseUrl"}],"info":{"_postman_id":"3c4b7321-e750-4c3e-9543-e4151ffbe68c","name":"Account Service","schema":"https://schema.getpostman.com/json/collection/v2.1.0/collection.json","description":{"content":"The account service helps to create and manage product accounts serviced by the financial institutions. It is also used to retrieve information about the existing accounts and maintain information of new accounts.","type":"text/plain"}}}