{"item":[{"id":"1b29d97c-676f-4ed3-8a7a-440c29bedc09","name":"Update Account.","request":{"name":"Update Account.","description":{"content":"Update Account API modifies the various Certificate of Deposit Account (CDA) details, such as account status, account titling and earnings (interest) payment options.<br>In the request, the client application should send the entire object in its changed/new state. The system identifies the new, updated or removed data.<br> <br> To download the API Specifications and Postman Collection, click <a href=\"../docs/?path=docs/resources/resources.md\" title=\"Click to open\">Resources</a>.","type":"text/plain"},"url":{"path":["acctservice","acctmgmt","accounts"],"host":["{{baseUrl}}"],"query":[],"variable":[]},"header":[{"disabled":false,"description":"(Required) EFX Header is a common and required component for all API calls, it contains client-related parameters. Please note that the header parameters should be sent as a JSON object under the EFXHeader parameter. To view the list of header parameters, <a href=\"../docs?path=docs/api-ref-EFX-header.md\" title=\"Click to open\"> click here.</a>","key":"EFXHeader","value":"OrganizationId,<string>,TrnId,<string>,VendorId,<string>,Context,[object Object]"},{"key":"Content-Type","value":"application/json"},{"key":"Accept","value":"application/json"}],"method":"PUT","auth":null,"body":{"mode":"raw","raw":"{\n  \"AcctKeys\": {\n    \"AcctId\": \"<string>\",\n    \"AcctType\": \"<string>\"\n  },\n  \"DepositAcctInfo\": {\n    \"Brand\": \"<string>\",\n    \"AcctDtlStatus\": \"<string>\",\n    \"ProductIdent\": \"<string>\",\n    \"TaxIncentiveType\": \"<string>\",\n    \"InitialAmount\": {\n      \"Amt\": \"<number>\",\n      \"CurCode\": {\n        \"CurCodeValue\": \"<string>\",\n        \"CurCodeType\": \"<string>\"\n      }\n    },\n    \"ClosedReasonCode\": \"<string>\",\n    \"Term\": {\n      \"TermUnits\": \"<string>\",\n      \"Count\": \"<long>\"\n    },\n    \"MaturityDt\": \"<date>\",\n    \"LastContactDt\": \"<string>\",\n    \"RelationshipMgr\": [\n      {\n        \"RelationshipMgrIdent\": \"<string>\",\n        \"RelationshipRole\": \"<string>\"\n      },\n      {\n        \"RelationshipMgrIdent\": \"<string>\",\n        \"RelationshipRole\": \"<string>\"\n      }\n    ],\n    \"OriginatingBranch\": \"<string>\",\n    \"Nickname\": \"<string>\",\n    \"AddtlTitles\": [\n      {\n        \"AcctTitleType\": \"<string>\",\n        \"AcctTitle\": \"<string>\",\n        \"AcctTitleOption\": \"<string>\",\n        \"DBAInd\": \"<boolean>\"\n      },\n      {\n        \"AcctTitleType\": \"<string>\",\n        \"AcctTitle\": \"<string>\",\n        \"AcctTitleOption\": \"<string>\",\n        \"DBAInd\": \"<boolean>\"\n      }\n    ],\n    \"HandlingCode\": \"<string>\",\n    \"AccountingMethod\": \"<string>\",\n    \"ClassCode\": \"<string>\",\n    \"ClientDefinedData\": [\n      {\n        \"DataIdent\": \"<string>\",\n        \"DataClassType\": \"<string>\",\n        \"DataType\": \"<string>\",\n        \"Value\": \"<string>\"\n      },\n      {\n        \"DataIdent\": \"<string>\",\n        \"DataClassType\": \"<string>\",\n        \"DataType\": \"<string>\",\n        \"Value\": \"<string>\"\n      }\n    ],\n    \"AcctStmtData\": {\n      \"StmtTimeFrame\": [\n        {\n          \"RecurType\": \"<string>\",\n          \"RecurInterval\": \"<long>\"\n        },\n        {\n          \"RecurType\": \"<string>\",\n          \"RecurInterval\": \"<long>\"\n        }\n      ]\n    },\n    \"NoticeData\": [\n      {\n        \"NoticeType\": \"<string>\",\n        \"NoticeOption\": \"<string>\",\n        \"HandlingCode\": \"<string>\"\n      },\n      {\n        \"NoticeType\": \"<string>\",\n        \"NoticeOption\": \"<string>\",\n        \"HandlingCode\": \"<string>\"\n      }\n    ],\n    \"Rate\": \"<number>\",\n    \"EffectiveRate\": \"<number>\",\n    \"IntRateData\": {\n      \"BasedOnValue\": \"<number>\",\n      \"AccrualMethod\": \"<string>\",\n      \"DailyAccrual\": \"<string>\"\n    },\n    \"RateChangeData\": [\n      {\n        \"RateChangeControl\": \"<string>\",\n        \"StepRate\": [\n          {\n            \"Step\": \"<string>\",\n            \"Rate\": \"<number>\"\n          },\n          {\n            \"Step\": \"<string>\",\n            \"Rate\": \"<number>\"\n          }\n        ],\n        \"RateChangeNbr\": \"<long>\",\n        \"RateChangeIntervalOption\": \"<string>\",\n        \"BasedOnCode\": \"<string>\",\n        \"VarianceFactorType\": \"<string>\",\n        \"RateVariance\": \"<number>\",\n        \"ExpDt\": \"<date>\",\n        \"FloorRate\": \"<number>\",\n        \"CeilingRate\": \"<number>\",\n        \"MinRateChange\": \"<number>\",\n        \"MaxRateChange\": \"<number>\",\n        \"RateChangeRecurType\": \"<string>\",\n        \"RecurInterval\": \"<long>\",\n        \"RecurStartDate\": \"<date>\",\n        \"NextRateChangeDt\": \"<date>\",\n        \"LastRateChangeDt\": \"<date>\"\n      },\n      {\n        \"RateChangeControl\": \"<string>\",\n        \"StepRate\": [\n          {\n            \"Step\": \"<string>\",\n            \"Rate\": \"<number>\"\n          },\n          {\n            \"Step\": \"<string>\",\n            \"Rate\": \"<number>\"\n          }\n        ],\n        \"RateChangeNbr\": \"<long>\",\n        \"RateChangeIntervalOption\": \"<string>\",\n        \"BasedOnCode\": \"<string>\",\n        \"VarianceFactorType\": \"<string>\",\n        \"RateVariance\": \"<number>\",\n        \"ExpDt\": \"<date>\",\n        \"FloorRate\": \"<number>\",\n        \"CeilingRate\": \"<number>\",\n        \"MinRateChange\": \"<number>\",\n        \"MaxRateChange\": \"<number>\",\n        \"RateChangeRecurType\": \"<string>\",\n        \"RecurInterval\": \"<long>\",\n        \"RecurStartDate\": \"<date>\",\n        \"NextRateChangeDt\": \"<date>\",\n        \"LastRateChangeDt\": \"<date>\"\n      }\n    ],\n    \"PostAddr\": [\n      {\n        \"AddrType\": \"<string>\",\n        \"AddressIdent\": \"<string>\"\n      },\n      {\n        \"AddrType\": \"<string>\",\n        \"AddressIdent\": \"<string>\"\n      }\n    ],\n    \"WithholdingData\": \"EFX supports upto 2 instances of WithholdingData\",\n    \"IntReportingCode\": \"<string>\",\n    \"Fee\": [\n      {\n        \"FeeType\": \"<string>\",\n        \"FeeIdent\": \"<string>\"\n      },\n      {\n        \"FeeType\": \"<string>\",\n        \"FeeIdent\": \"<string>\"\n      }\n    ],\n    \"ReportGroupCode\": \"<string>\",\n    \"NAICS\": \"<string>\",\n    \"RenewalData\": {\n      \"RenewalOption\": \"<string>\",\n      \"OrigMatDt\": \"<date>\",\n      \"NextRenewalDateOption\": \"<string>\",\n      \"RenewalTermCode\": \"<string>\",\n      \"NextEarningDateOption\": \"<string>\",\n      \"RenewalFrequency\": {\n        \"RecurType\": \"<string>\",\n        \"RecurInterval\": \"<long>\"\n      },\n      \"ProdIntRateId\": \"<string>\",\n      \"RateVariance\": \"<number>\"\n    },\n    \"CallReportCode\": \"<string>\",\n    \"AccessLevelData\": {\n      \"AccessLevelType\": \"<string>\",\n      \"AccessLevelCode\": \"<string>\"\n    },\n    \"IntDispData\": {\n      \"IntDisposition\": \"<string>\",\n      \"IntDistAcctRef\": {\n        \"AcctKeys\": {\n          \"AcctId\": \"<string>\",\n          \"AcctType\": \"<string>\",\n          \"AcctIdent\": {\n            \"value\": \"<Error: Too many levels of nesting to fake this schema>\"\n          },\n          \"FIIdentType\": \"<string>\",\n          \"FIIdent\": \"<string>\"\n        },\n        \"ACHReceivingType\": \"<string>\",\n        \"ACHCompanyEntryDesc\": \"<string>\",\n        \"SameDayInd\": \"<boolean>\"\n      },\n      \"CustPayeeId\": \"<string>\",\n      \"PayOnMaturityInd\": \"<boolean>\",\n      \"IntPmtFrequency\": [\n        {\n          \"RecurType\": \"<string>\",\n          \"RecurInterval\": \"<long>\",\n          \"SeqNum\": \"<long>\",\n          \"EarningsSchedType\": \"<string>\",\n          \"EarningsSchedDateCode\": \"<string>\",\n          \"EarningsDt\": \"<date>\"\n        },\n        {\n          \"RecurType\": \"<string>\",\n          \"RecurInterval\": \"<long>\",\n          \"SeqNum\": \"<long>\",\n          \"EarningsSchedType\": \"<string>\",\n          \"EarningsSchedDateCode\": \"<string>\",\n          \"EarningsDt\": \"<date>\"\n        }\n      ]\n    },\n    \"AcctCDARSData\": {\n      \"CDARSType\": \"<string>\",\n      \"InHouseAmt\": {\n        \"Amt\": \"<number>\",\n        \"CurCode\": {\n          \"CurCodeValue\": \"<string>\",\n          \"CurCodeType\": \"<string>\"\n        }\n      },\n      \"OrderAmt\": {\n        \"Amt\": \"<number>\",\n        \"CurCode\": {\n          \"CurCodeValue\": \"<string>\",\n          \"CurCodeType\": \"<string>\"\n        }\n      },\n      \"TotalValueAmt\": \"<object>\",\n      \"InHouseAcctRef\": {\n        \"AcctKeys\": {\n          \"AcctId\": \"<string>\",\n          \"AcctType\": \"<string>\"\n        }\n      },\n      \"Term\": {\n        \"TermUnits\": \"<string>\",\n        \"Count\": \"<long>\"\n      },\n      \"Rate\": \"<number>\",\n      \"EffectiveRate\": \"<number>\",\n      \"IntDispData\": {\n        \"IntDisposition\": \"<string>\",\n        \"IntDistAcctRef\": \"<object>\",\n        \"IntPmtFrequency\": [\n          {\n            \"RecurType\": {\n              \"value\": \"<Error: Too many levels of nesting to fake this schema>\"\n            },\n            \"DayOfMonth\": {\n              \"value\": \"<Error: Too many levels of nesting to fake this schema>\"\n            },\n            \"Month\": {\n              \"value\": \"<Error: Too many levels of nesting to fake this schema>\"\n            }\n          },\n          {\n            \"RecurType\": {\n              \"value\": \"<Error: Too many levels of nesting to fake this schema>\"\n            },\n            \"DayOfMonth\": {\n              \"value\": \"<Error: Too many levels of nesting to fake this schema>\"\n            },\n            \"Month\": {\n              \"value\": \"<Error: Too many levels of nesting to fake this schema>\"\n            }\n          }\n        ]\n      },\n      \"PrincipalDispData\": {\n        \"PrincipalDisposition\": \"<string>\"\n      },\n      \"SourceOfFunds\": \"<string>\",\n      \"RetirementPlanType\": \"<string>\",\n      \"ContactName\": \"<string>\",\n      \"Contact\": \"<object>\"\n    }\n  }\n}","options":{"raw":{"language":"json"}}}},"response":[{"id":"b5937e72-5069-4378-9bf2-9b915b7b0308","name":"Created","originalRequest":{"url":{"path":["acctservice","acctmgmt","accounts"],"host":["{{baseUrl}}"],"query":[],"variable":[]},"header":[{"disabled":false,"description":"(Required) EFX Header is a common and required component for all API calls, it contains client-related parameters. Please note that the header parameters should be sent as a JSON object under the EFXHeader parameter. To view the list of header parameters, <a href=\"../docs?path=docs/api-ref-EFX-header.md\" title=\"Click to open\"> click here.</a>","key":"EFXHeader","value":"OrganizationId,<string>,TrnId,<string>,VendorId,<string>,Context,[object Object]"},{"key":"Accept","value":"application/json"}],"method":"PUT","body":{"mode":"raw","raw":"{\n  \"AcctKeys\": {\n    \"AcctId\": \"<string>\",\n    \"AcctType\": \"<string>\"\n  },\n  \"DepositAcctInfo\": {\n    \"Brand\": \"<string>\",\n    \"AcctDtlStatus\": \"<string>\",\n    \"ProductIdent\": \"<string>\",\n    \"TaxIncentiveType\": \"<string>\",\n    \"InitialAmount\": {\n      \"Amt\": \"<number>\",\n      \"CurCode\": {\n        \"CurCodeValue\": \"<string>\",\n        \"CurCodeType\": \"<string>\"\n      }\n    },\n    \"ClosedReasonCode\": \"<string>\",\n    \"Term\": {\n      \"TermUnits\": \"<string>\",\n      \"Count\": \"<long>\"\n    },\n    \"MaturityDt\": \"<date>\",\n    \"LastContactDt\": \"<string>\",\n    \"RelationshipMgr\": [\n      {\n        \"RelationshipMgrIdent\": \"<string>\",\n        \"RelationshipRole\": \"<string>\"\n      },\n      {\n        \"RelationshipMgrIdent\": \"<string>\",\n        \"RelationshipRole\": \"<string>\"\n      }\n    ],\n    \"OriginatingBranch\": \"<string>\",\n    \"Nickname\": \"<string>\",\n    \"AddtlTitles\": [\n      {\n        \"AcctTitleType\": \"<string>\",\n        \"AcctTitle\": \"<string>\",\n        \"AcctTitleOption\": \"<string>\",\n        \"DBAInd\": \"<boolean>\"\n      },\n      {\n        \"AcctTitleType\": \"<string>\",\n        \"AcctTitle\": \"<string>\",\n        \"AcctTitleOption\": \"<string>\",\n        \"DBAInd\": \"<boolean>\"\n      }\n    ],\n    \"HandlingCode\": \"<string>\",\n    \"AccountingMethod\": \"<string>\",\n    \"ClassCode\": \"<string>\",\n    \"ClientDefinedData\": [\n      {\n        \"DataIdent\": \"<string>\",\n        \"DataClassType\": \"<string>\",\n        \"DataType\": \"<string>\",\n        \"Value\": \"<string>\"\n      },\n      {\n        \"DataIdent\": \"<string>\",\n        \"DataClassType\": \"<string>\",\n        \"DataType\": \"<string>\",\n        \"Value\": \"<string>\"\n      }\n    ],\n    \"AcctStmtData\": {\n      \"StmtTimeFrame\": [\n        {\n          \"RecurType\": \"<string>\",\n          \"RecurInterval\": \"<long>\"\n        },\n        {\n          \"RecurType\": \"<string>\",\n          \"RecurInterval\": \"<long>\"\n        }\n      ]\n    },\n    \"NoticeData\": [\n      {\n        \"NoticeType\": \"<string>\",\n        \"NoticeOption\": \"<string>\",\n        \"HandlingCode\": \"<string>\"\n      },\n      {\n        \"NoticeType\": \"<string>\",\n        \"NoticeOption\": \"<string>\",\n        \"HandlingCode\": \"<string>\"\n      }\n    ],\n    \"Rate\": \"<number>\",\n    \"EffectiveRate\": \"<number>\",\n    \"IntRateData\": {\n      \"BasedOnValue\": \"<number>\",\n      \"AccrualMethod\": \"<string>\",\n      \"DailyAccrual\": \"<string>\"\n    },\n    \"RateChangeData\": [\n      {\n        \"RateChangeControl\": \"<string>\",\n        \"StepRate\": [\n          {\n            \"Step\": \"<string>\",\n            \"Rate\": \"<number>\"\n          },\n          {\n            \"Step\": \"<string>\",\n            \"Rate\": \"<number>\"\n          }\n        ],\n        \"RateChangeNbr\": \"<long>\",\n        \"RateChangeIntervalOption\": \"<string>\",\n        \"BasedOnCode\": \"<string>\",\n        \"VarianceFactorType\": \"<string>\",\n        \"RateVariance\": \"<number>\",\n        \"ExpDt\": \"<date>\",\n        \"FloorRate\": \"<number>\",\n        \"CeilingRate\": \"<number>\",\n        \"MinRateChange\": \"<number>\",\n        \"MaxRateChange\": \"<number>\",\n        \"RateChangeRecurType\": \"<string>\",\n        \"RecurInterval\": \"<long>\",\n        \"RecurStartDate\": \"<date>\",\n        \"NextRateChangeDt\": \"<date>\",\n        \"LastRateChangeDt\": \"<date>\"\n      },\n      {\n        \"RateChangeControl\": \"<string>\",\n        \"StepRate\": [\n          {\n            \"Step\": \"<string>\",\n            \"Rate\": \"<number>\"\n          },\n          {\n            \"Step\": \"<string>\",\n            \"Rate\": \"<number>\"\n          }\n        ],\n        \"RateChangeNbr\": \"<long>\",\n        \"RateChangeIntervalOption\": \"<string>\",\n        \"BasedOnCode\": \"<string>\",\n        \"VarianceFactorType\": \"<string>\",\n        \"RateVariance\": \"<number>\",\n        \"ExpDt\": \"<date>\",\n        \"FloorRate\": \"<number>\",\n        \"CeilingRate\": \"<number>\",\n        \"MinRateChange\": \"<number>\",\n        \"MaxRateChange\": \"<number>\",\n        \"RateChangeRecurType\": \"<string>\",\n        \"RecurInterval\": \"<long>\",\n        \"RecurStartDate\": \"<date>\",\n        \"NextRateChangeDt\": \"<date>\",\n        \"LastRateChangeDt\": \"<date>\"\n      }\n    ],\n    \"PostAddr\": [\n      {\n        \"AddrType\": \"<string>\",\n        \"AddressIdent\": \"<string>\"\n      },\n      {\n        \"AddrType\": \"<string>\",\n        \"AddressIdent\": \"<string>\"\n      }\n    ],\n    \"WithholdingData\": \"EFX supports upto 2 instances of WithholdingData\",\n    \"IntReportingCode\": \"<string>\",\n    \"Fee\": [\n      {\n        \"FeeType\": \"<string>\",\n        \"FeeIdent\": \"<string>\"\n      },\n      {\n        \"FeeType\": \"<string>\",\n        \"FeeIdent\": \"<string>\"\n      }\n    ],\n    \"ReportGroupCode\": \"<string>\",\n    \"NAICS\": \"<string>\",\n    \"RenewalData\": {\n      \"RenewalOption\": \"<string>\",\n      \"OrigMatDt\": \"<date>\",\n      \"NextRenewalDateOption\": \"<string>\",\n      \"RenewalTermCode\": \"<string>\",\n      \"NextEarningDateOption\": \"<string>\",\n      \"RenewalFrequency\": {\n        \"RecurType\": \"<string>\",\n        \"RecurInterval\": \"<long>\"\n      },\n      \"ProdIntRateId\": \"<string>\",\n      \"RateVariance\": \"<number>\"\n    },\n    \"CallReportCode\": \"<string>\",\n    \"AccessLevelData\": {\n      \"AccessLevelType\": \"<string>\",\n      \"AccessLevelCode\": \"<string>\"\n    },\n    \"IntDispData\": {\n      \"IntDisposition\": \"<string>\",\n      \"IntDistAcctRef\": {\n        \"AcctKeys\": {\n          \"AcctId\": \"<string>\",\n          \"AcctType\": \"<string>\",\n          \"AcctIdent\": {\n            \"value\": \"<Error: Too many levels of nesting to fake this schema>\"\n          },\n          \"FIIdentType\": \"<string>\",\n          \"FIIdent\": \"<string>\"\n        },\n        \"ACHReceivingType\": \"<string>\",\n        \"ACHCompanyEntryDesc\": \"<string>\",\n        \"SameDayInd\": \"<boolean>\"\n      },\n      \"CustPayeeId\": \"<string>\",\n      \"PayOnMaturityInd\": \"<boolean>\",\n      \"IntPmtFrequency\": [\n        {\n          \"RecurType\": \"<string>\",\n          \"RecurInterval\": \"<long>\",\n          \"SeqNum\": \"<long>\",\n          \"EarningsSchedType\": \"<string>\",\n          \"EarningsSchedDateCode\": \"<string>\",\n          \"EarningsDt\": \"<date>\"\n        },\n        {\n          \"RecurType\": \"<string>\",\n          \"RecurInterval\": \"<long>\",\n          \"SeqNum\": \"<long>\",\n          \"EarningsSchedType\": \"<string>\",\n          \"EarningsSchedDateCode\": \"<string>\",\n          \"EarningsDt\": \"<date>\"\n        }\n      ]\n    },\n    \"AcctCDARSData\": {\n      \"CDARSType\": \"<string>\",\n      \"InHouseAmt\": {\n        \"Amt\": \"<number>\",\n        \"CurCode\": {\n          \"CurCodeValue\": \"<string>\",\n          \"CurCodeType\": \"<string>\"\n        }\n      },\n      \"OrderAmt\": {\n        \"Amt\": \"<number>\",\n        \"CurCode\": {\n          \"CurCodeValue\": \"<string>\",\n          \"CurCodeType\": \"<string>\"\n        }\n      },\n      \"TotalValueAmt\": \"<object>\",\n      \"InHouseAcctRef\": {\n        \"AcctKeys\": {\n          \"AcctId\": \"<string>\",\n          \"AcctType\": \"<string>\"\n        }\n      },\n      \"Term\": {\n        \"TermUnits\": \"<string>\",\n        \"Count\": \"<long>\"\n      },\n      \"Rate\": \"<number>\",\n      \"EffectiveRate\": \"<number>\",\n      \"IntDispData\": {\n        \"IntDisposition\": \"<string>\",\n        \"IntDistAcctRef\": \"<object>\",\n        \"IntPmtFrequency\": [\n          {\n            \"RecurType\": {\n              \"value\": \"<Error: Too many levels of nesting to fake this schema>\"\n            },\n            \"DayOfMonth\": {\n              \"value\": \"<Error: Too many levels of nesting to fake this schema>\"\n            },\n            \"Month\": {\n              \"value\": \"<Error: Too many levels of nesting to fake this schema>\"\n            }\n          },\n          {\n            \"RecurType\": {\n              \"value\": \"<Error: Too many levels of nesting to fake this schema>\"\n            },\n            \"DayOfMonth\": {\n              \"value\": \"<Error: Too many levels of nesting to fake this schema>\"\n            },\n            \"Month\": {\n              \"value\": \"<Error: Too many levels of nesting to fake this schema>\"\n            }\n          }\n        ]\n      },\n      \"PrincipalDispData\": {\n        \"PrincipalDisposition\": \"<string>\"\n      },\n      \"SourceOfFunds\": \"<string>\",\n      \"RetirementPlanType\": \"<string>\",\n      \"ContactName\": \"<string>\",\n      \"Contact\": \"<object>\"\n    }\n  }\n}","options":{"raw":{"language":"json"}}}},"status":"Created","code":201,"header":[{"key":"Content-Type","value":"application/json"}],"body":"{\n  \"AcctStatusRec\": {\n    \"AcctStatus\": {\n      \"AcctStatusCode\": \"Valid\",\n      \"EffDt\": \"7354-92-06T77:01\"\n    }\n  },\n  \"Status\": {\n    \"Severity\": \"Info\",\n    \"StatusCode\": \"ull\",\n    \"StatusDesc\": \"laboris do dolor reprehenderit\",\n    \"SvcProviderName\": \"magna nostrud\",\n    \"Id\": \"est laborum occaecat\",\n    \"ServerStatusCode\": \"qui non e\",\n    \"ServerStatusDesc\": \"ipsum sit velit\",\n    \"OvrdExceptionInd\": false,\n    \"SubjectRole\": \"quis tempor nisi ullamco\",\n    \"SubjectElement\": [\n      {\n        \"Path\": \"cillum Lorem eu est sint\",\n        \"ServerPath\": \"Exce\",\n        \"Value\": \"Ut\"\n      },\n      {\n        \"Path\": \"ut sunt exercitation dolor\",\n        \"ServerPath\": \"anim exercitation ut commodo voluptate\",\n        \"Value\": \"Lorem\"\n      }\n    ],\n    \"ContentHTML\": \"non enim\",\n    \"AdditionalStatus\": [\n      {\n        \"StatusCode\": \"esse Lorem\",\n        \"StatusDesc\": \"quis minim nostrud voluptate aliqua\",\n        \"Severity\": \"Info\",\n        \"SvcProviderName\": \"ad \",\n        \"ServerStatusCode\": \"incididu\",\n        \"ServerStatusDesc\": \"ea\",\n        \"OvrdExceptionInd\": false,\n        \"SubjectElement\": [\n          {\n            \"Path\": \"deserunt id anim nostrud labore\",\n            \"ServerPath\": \"esse mollit deserunt\",\n            \"Value\": \"consectetur Excepteur\"\n          },\n          {\n            \"Path\": \"eiusmod officia ullamco\",\n            \"ServerPath\": \"in laboris amet\",\n            \"Value\": \"aute officia irure\"\n          }\n        ]\n      },\n      {\n        \"StatusCode\": \"laborum reprehende\",\n        \"StatusDesc\": \"magna\",\n        \"Severity\": \"Info\",\n        \"SvcProviderName\": \"ad reprehenderit\",\n        \"ServerStatusCode\": \"Ut et aliquip s\",\n        \"ServerStatusDesc\": \"ea eu do nostrud\",\n        \"OvrdExceptionInd\": true,\n        \"SubjectElement\": [\n          {\n            \"Path\": \"proident quis in mollit occaecat\",\n            \"ServerPath\": \"Ut voluptate\",\n            \"Value\": \"voluptate adipisicing eu sunt\"\n          },\n          {\n            \"Path\": \"nostrud\",\n            \"ServerPath\": \"culpa\",\n            \"Value\": \"qui ullamco fugiat\"\n          }\n        ]\n      }\n    ]\n  }\n}","cookie":[],"_postman_previewlanguage":"json"},{"id":"0d21e941-0080-4c16-972a-a568893b1642","name":"To view the complete list of response codes, <a href=\"../docs/?path=docs/response-codes.md\" title=\"Click to open\">click here.</a>","originalRequest":{"url":{"path":["acctservice","acctmgmt","accounts"],"host":["{{baseUrl}}"],"query":[],"variable":[]},"header":[{"disabled":false,"description":"(Required) EFX Header is a common and required component for all API calls, it contains client-related parameters. Please note that the header parameters should be sent as a JSON object under the EFXHeader parameter. To view the list of header parameters, <a href=\"../docs?path=docs/api-ref-EFX-header.md\" title=\"Click to open\"> click here.</a>","key":"EFXHeader","value":"OrganizationId,<string>,TrnId,<string>,VendorId,<string>,Context,[object Object]"},{"key":"Accept","value":"application/json"}],"method":"PUT","body":{"mode":"raw","raw":"{\n  \"AcctKeys\": {\n    \"AcctId\": \"<string>\",\n    \"AcctType\": \"<string>\"\n  },\n  \"DepositAcctInfo\": {\n    \"Brand\": \"<string>\",\n    \"AcctDtlStatus\": \"<string>\",\n    \"ProductIdent\": \"<string>\",\n    \"TaxIncentiveType\": \"<string>\",\n    \"InitialAmount\": {\n      \"Amt\": \"<number>\",\n      \"CurCode\": {\n        \"CurCodeValue\": \"<string>\",\n        \"CurCodeType\": \"<string>\"\n      }\n    },\n    \"ClosedReasonCode\": \"<string>\",\n    \"Term\": {\n      \"TermUnits\": \"<string>\",\n      \"Count\": \"<long>\"\n    },\n    \"MaturityDt\": \"<date>\",\n    \"LastContactDt\": \"<string>\",\n    \"RelationshipMgr\": [\n      {\n        \"RelationshipMgrIdent\": \"<string>\",\n        \"RelationshipRole\": \"<string>\"\n      },\n      {\n        \"RelationshipMgrIdent\": \"<string>\",\n        \"RelationshipRole\": \"<string>\"\n      }\n    ],\n    \"OriginatingBranch\": \"<string>\",\n    \"Nickname\": \"<string>\",\n    \"AddtlTitles\": [\n      {\n        \"AcctTitleType\": \"<string>\",\n        \"AcctTitle\": \"<string>\",\n        \"AcctTitleOption\": \"<string>\",\n        \"DBAInd\": \"<boolean>\"\n      },\n      {\n        \"AcctTitleType\": \"<string>\",\n        \"AcctTitle\": \"<string>\",\n        \"AcctTitleOption\": \"<string>\",\n        \"DBAInd\": \"<boolean>\"\n      }\n    ],\n    \"HandlingCode\": \"<string>\",\n    \"AccountingMethod\": \"<string>\",\n    \"ClassCode\": \"<string>\",\n    \"ClientDefinedData\": [\n      {\n        \"DataIdent\": \"<string>\",\n        \"DataClassType\": \"<string>\",\n        \"DataType\": \"<string>\",\n        \"Value\": \"<string>\"\n      },\n      {\n        \"DataIdent\": \"<string>\",\n        \"DataClassType\": \"<string>\",\n        \"DataType\": \"<string>\",\n        \"Value\": \"<string>\"\n      }\n    ],\n    \"AcctStmtData\": {\n      \"StmtTimeFrame\": [\n        {\n          \"RecurType\": \"<string>\",\n          \"RecurInterval\": \"<long>\"\n        },\n        {\n          \"RecurType\": \"<string>\",\n          \"RecurInterval\": \"<long>\"\n        }\n      ]\n    },\n    \"NoticeData\": [\n      {\n        \"NoticeType\": \"<string>\",\n        \"NoticeOption\": \"<string>\",\n        \"HandlingCode\": \"<string>\"\n      },\n      {\n        \"NoticeType\": \"<string>\",\n        \"NoticeOption\": \"<string>\",\n        \"HandlingCode\": \"<string>\"\n      }\n    ],\n    \"Rate\": \"<number>\",\n    \"EffectiveRate\": \"<number>\",\n    \"IntRateData\": {\n      \"BasedOnValue\": \"<number>\",\n      \"AccrualMethod\": \"<string>\",\n      \"DailyAccrual\": \"<string>\"\n    },\n    \"RateChangeData\": [\n      {\n        \"RateChangeControl\": \"<string>\",\n        \"StepRate\": [\n          {\n            \"Step\": \"<string>\",\n            \"Rate\": \"<number>\"\n          },\n          {\n            \"Step\": \"<string>\",\n            \"Rate\": \"<number>\"\n          }\n        ],\n        \"RateChangeNbr\": \"<long>\",\n        \"RateChangeIntervalOption\": \"<string>\",\n        \"BasedOnCode\": \"<string>\",\n        \"VarianceFactorType\": \"<string>\",\n        \"RateVariance\": \"<number>\",\n        \"ExpDt\": \"<date>\",\n        \"FloorRate\": \"<number>\",\n        \"CeilingRate\": \"<number>\",\n        \"MinRateChange\": \"<number>\",\n        \"MaxRateChange\": \"<number>\",\n        \"RateChangeRecurType\": \"<string>\",\n        \"RecurInterval\": \"<long>\",\n        \"RecurStartDate\": \"<date>\",\n        \"NextRateChangeDt\": \"<date>\",\n        \"LastRateChangeDt\": \"<date>\"\n      },\n      {\n        \"RateChangeControl\": \"<string>\",\n        \"StepRate\": [\n          {\n            \"Step\": \"<string>\",\n            \"Rate\": \"<number>\"\n          },\n          {\n            \"Step\": \"<string>\",\n            \"Rate\": \"<number>\"\n          }\n        ],\n        \"RateChangeNbr\": \"<long>\",\n        \"RateChangeIntervalOption\": \"<string>\",\n        \"BasedOnCode\": \"<string>\",\n        \"VarianceFactorType\": \"<string>\",\n        \"RateVariance\": \"<number>\",\n        \"ExpDt\": \"<date>\",\n        \"FloorRate\": \"<number>\",\n        \"CeilingRate\": \"<number>\",\n        \"MinRateChange\": \"<number>\",\n        \"MaxRateChange\": \"<number>\",\n        \"RateChangeRecurType\": \"<string>\",\n        \"RecurInterval\": \"<long>\",\n        \"RecurStartDate\": \"<date>\",\n        \"NextRateChangeDt\": \"<date>\",\n        \"LastRateChangeDt\": \"<date>\"\n      }\n    ],\n    \"PostAddr\": [\n      {\n        \"AddrType\": \"<string>\",\n        \"AddressIdent\": \"<string>\"\n      },\n      {\n        \"AddrType\": \"<string>\",\n        \"AddressIdent\": \"<string>\"\n      }\n    ],\n    \"WithholdingData\": \"EFX supports upto 2 instances of WithholdingData\",\n    \"IntReportingCode\": \"<string>\",\n    \"Fee\": [\n      {\n        \"FeeType\": \"<string>\",\n        \"FeeIdent\": \"<string>\"\n      },\n      {\n        \"FeeType\": \"<string>\",\n        \"FeeIdent\": \"<string>\"\n      }\n    ],\n    \"ReportGroupCode\": \"<string>\",\n    \"NAICS\": \"<string>\",\n    \"RenewalData\": {\n      \"RenewalOption\": \"<string>\",\n      \"OrigMatDt\": \"<date>\",\n      \"NextRenewalDateOption\": \"<string>\",\n      \"RenewalTermCode\": \"<string>\",\n      \"NextEarningDateOption\": \"<string>\",\n      \"RenewalFrequency\": {\n        \"RecurType\": \"<string>\",\n        \"RecurInterval\": \"<long>\"\n      },\n      \"ProdIntRateId\": \"<string>\",\n      \"RateVariance\": \"<number>\"\n    },\n    \"CallReportCode\": \"<string>\",\n    \"AccessLevelData\": {\n      \"AccessLevelType\": \"<string>\",\n      \"AccessLevelCode\": \"<string>\"\n    },\n    \"IntDispData\": {\n      \"IntDisposition\": \"<string>\",\n      \"IntDistAcctRef\": {\n        \"AcctKeys\": {\n          \"AcctId\": \"<string>\",\n          \"AcctType\": \"<string>\",\n          \"AcctIdent\": {\n            \"value\": \"<Error: Too many levels of nesting to fake this schema>\"\n          },\n          \"FIIdentType\": \"<string>\",\n          \"FIIdent\": \"<string>\"\n        },\n        \"ACHReceivingType\": \"<string>\",\n        \"ACHCompanyEntryDesc\": \"<string>\",\n        \"SameDayInd\": \"<boolean>\"\n      },\n      \"CustPayeeId\": \"<string>\",\n      \"PayOnMaturityInd\": \"<boolean>\",\n      \"IntPmtFrequency\": [\n        {\n          \"RecurType\": \"<string>\",\n          \"RecurInterval\": \"<long>\",\n          \"SeqNum\": \"<long>\",\n          \"EarningsSchedType\": \"<string>\",\n          \"EarningsSchedDateCode\": \"<string>\",\n          \"EarningsDt\": \"<date>\"\n        },\n        {\n          \"RecurType\": \"<string>\",\n          \"RecurInterval\": \"<long>\",\n          \"SeqNum\": \"<long>\",\n          \"EarningsSchedType\": \"<string>\",\n          \"EarningsSchedDateCode\": \"<string>\",\n          \"EarningsDt\": \"<date>\"\n        }\n      ]\n    },\n    \"AcctCDARSData\": {\n      \"CDARSType\": \"<string>\",\n      \"InHouseAmt\": {\n        \"Amt\": \"<number>\",\n        \"CurCode\": {\n          \"CurCodeValue\": \"<string>\",\n          \"CurCodeType\": \"<string>\"\n        }\n      },\n      \"OrderAmt\": {\n        \"Amt\": \"<number>\",\n        \"CurCode\": {\n          \"CurCodeValue\": \"<string>\",\n          \"CurCodeType\": \"<string>\"\n        }\n      },\n      \"TotalValueAmt\": \"<object>\",\n      \"InHouseAcctRef\": {\n        \"AcctKeys\": {\n          \"AcctId\": \"<string>\",\n          \"AcctType\": \"<string>\"\n        }\n      },\n      \"Term\": {\n        \"TermUnits\": \"<string>\",\n        \"Count\": \"<long>\"\n      },\n      \"Rate\": \"<number>\",\n      \"EffectiveRate\": \"<number>\",\n      \"IntDispData\": {\n        \"IntDisposition\": \"<string>\",\n        \"IntDistAcctRef\": \"<object>\",\n        \"IntPmtFrequency\": [\n          {\n            \"RecurType\": {\n              \"value\": \"<Error: Too many levels of nesting to fake this schema>\"\n            },\n            \"DayOfMonth\": {\n              \"value\": \"<Error: Too many levels of nesting to fake this schema>\"\n            },\n            \"Month\": {\n              \"value\": \"<Error: Too many levels of nesting to fake this schema>\"\n            }\n          },\n          {\n            \"RecurType\": {\n              \"value\": \"<Error: Too many levels of nesting to fake this schema>\"\n            },\n            \"DayOfMonth\": {\n              \"value\": \"<Error: Too many levels of nesting to fake this schema>\"\n            },\n            \"Month\": {\n              \"value\": \"<Error: Too many levels of nesting to fake this schema>\"\n            }\n          }\n        ]\n      },\n      \"PrincipalDispData\": {\n        \"PrincipalDisposition\": \"<string>\"\n      },\n      \"SourceOfFunds\": \"<string>\",\n      \"RetirementPlanType\": \"<string>\",\n      \"ContactName\": \"<string>\",\n      \"Contact\": \"<object>\"\n    }\n  }\n}","options":{"raw":{"language":"json"}}}},"status":"Internal Server Error","code":500,"header":[{"key":"Content-Type","value":"application/json"}],"body":"{\n  \"AcctStatusRec\": {\n    \"AcctStatus\": {\n      \"AcctStatusCode\": \"Valid\",\n      \"EffDt\": \"6032-76-72T28:58:24\"\n    }\n  },\n  \"Status\": {\n    \"Severity\": \"Warning\",\n    \"StatusCode\": \"co\",\n    \"StatusDesc\": \"ut\",\n    \"SvcProviderName\": \"sed est sunt\",\n    \"Id\": \"laboris\",\n    \"ServerStatusCode\": \"aliquip conseq\",\n    \"ServerStatusDesc\": \"Duis tempor occaecat ullamco ut\",\n    \"OvrdExceptionInd\": false,\n    \"SubjectRole\": \"ex exercitation\",\n    \"SubjectElement\": [\n      {\n        \"Path\": \"et ex Ut\",\n        \"ServerPath\": \"aliqua amet Duis adi\",\n        \"Value\": \"dolor labore aliqua amet\"\n      },\n      {\n        \"Path\": \"minim qui\",\n        \"ServerPath\": \"dolore laborum\",\n        \"Value\": \"mollit sint exercitation officia anim\"\n      }\n    ],\n    \"ContentHTML\": \"ullamco fugiat Excepteur\",\n    \"AdditionalStatus\": [\n      {\n        \"StatusCode\": \"cillum mollit\",\n        \"StatusDesc\": \"eiusmod\",\n        \"Severity\": \"Info\",\n        \"SvcProviderName\": \"occaecat sunt adip\",\n        \"ServerStatusCode\": \"est qui\",\n        \"ServerStatusDesc\": \"Ut cillum est eiusmod mollit\",\n        \"OvrdExceptionInd\": true,\n        \"SubjectElement\": [\n          {\n            \"Path\": \"ex occaecat et\",\n            \"ServerPath\": \"Lorem voluptate\",\n            \"Value\": \"id laboris in eiusmod dolor\"\n          },\n          {\n            \"Path\": \"Duis veni\",\n            \"ServerPath\": \"nulla dolore dolore\",\n            \"Value\": \"culpa id fugiat cillum velit\"\n          }\n        ]\n      },\n      {\n        \"StatusCode\": \"commodo p\",\n        \"StatusDesc\": \"mollit nulla aliqua nostrud\",\n        \"Severity\": \"Error\",\n        \"SvcProviderName\": \"Lorem exercitation\",\n        \"ServerStatusCode\": \"Duis sint labore s\",\n        \"ServerStatusDesc\": \"sunt\",\n        \"OvrdExceptionInd\": true,\n        \"SubjectElement\": [\n          {\n            \"Path\": \"velit Excepteur ullamco\",\n            \"ServerPath\": \"commodo aliquip enim eu sunt\",\n            \"Value\": \"et enim ut ut exercitation\"\n          },\n          {\n            \"Path\": \"dolore dolore\",\n            \"ServerPath\": \"nisi sunt\",\n            \"Value\": \"veniam aliquip fugiat\"\n          }\n        ]\n      }\n    ]\n  }\n}","cookie":[],"_postman_previewlanguage":"json"}],"event":[],"protocolProfileBehavior":{"disableBodyPruning":true}}],"event":[],"variable":[{"type":"string","value":"/","key":"baseUrl"}],"info":{"_postman_id":"0fad99ed-6072-4f90-82d4-7c50a3897ead","name":"Account Service","schema":"https://schema.getpostman.com/json/collection/v2.1.0/collection.json","description":{"content":"The account service helps to create and manage product accounts serviced by the financial institutions. It is also used to retrieve information about the existing accounts and maintain information of new accounts.","type":"text/plain"}}}