{"item":[{"id":"6ccfbaf8-25f7-4bdc-9879-e1b20cab727b","name":"Get Account Details","request":{"name":"Get Account Details","description":{"content":"Get Account API retrieves the account-related information for a Savings Deposit Account (SDA) and Certificate of Deposit Account (CDA).<br> <br> To download the API Specifications and Postman Collection, click <a href=\"../docs/?path=docs/resources/resources.md\" title=\"Click to open\">Resources</a>.","type":"text/plain"},"url":{"path":["acctservice","acctmgmt","accounts","secured"],"host":["{{baseUrl}}"],"query":[],"variable":[]},"header":[{"disabled":false,"description":"(Required) EFX Header is a common and required component for all API calls, it contains client-related parameters. Please note that the header parameters should be sent as a JSON object under the EFXHeader parameter. To view the list of header parameters, <a href=\"../docs?path=docs/api-ref-EFX-header.md\" title=\"Click to open\"> click here.</a>","key":"EFXHeader","value":"OrganizationId,<string>,TrnId,<string>,VendorId,<string>,Context,[object Object]"},{"key":"Content-Type","value":"application/json"},{"key":"Accept","value":"application/json"}],"method":"POST","auth":null,"body":{"mode":"raw","raw":"{\n  \"AcctSel\": {\n    \"AcctKeys\": {\n      \"AcctId\": \"<string>\",\n      \"AcctType\": \"<string>\"\n    }\n  }\n}","options":{"raw":{"language":"json"}}}},"response":[{"id":"7131a917-3889-4ff7-80b1-539796b2a527","name":"Success","originalRequest":{"url":{"path":["acctservice","acctmgmt","accounts","secured"],"host":["{{baseUrl}}"],"query":[],"variable":[]},"header":[{"disabled":false,"description":"(Required) EFX Header is a common and required component for all API calls, it contains client-related parameters. Please note that the header parameters should be sent as a JSON object under the EFXHeader parameter. To view the list of header parameters, <a href=\"../docs?path=docs/api-ref-EFX-header.md\" title=\"Click to open\"> click here.</a>","key":"EFXHeader","value":"OrganizationId,<string>,TrnId,<string>,VendorId,<string>,Context,[object Object]"},{"key":"Accept","value":"application/json"}],"method":"POST","body":{"mode":"raw","raw":"{\n  \"AcctSel\": {\n    \"AcctKeys\": {\n      \"AcctId\": \"<string>\",\n      \"AcctType\": \"<string>\"\n    }\n  }\n}","options":{"raw":{"language":"json"}}}},"status":"OK","code":200,"header":[{"key":"Content-Type","value":"application/json"}],"body":"{\n  \"AcctRec\": {\n    \"AcctKeys\": {\n      \"AcctId\": \"magna fugiat\",\n      \"AcctType\": \"SDA\"\n    },\n    \"AcctStatus\": {\n      \"AcctStatusCode\": \"Valid\",\n      \"EffDt\": \"6536-71-64\"\n    },\n    \"DepositAcctInfo\": {\n      \"AcctDtlStatus\": \"Closed\",\n      \"AcctDtlStatusEnumDesc\": \"quis in Duis\",\n      \"FederalInsuranceEligibility\": \"NotApplicable\",\n      \"ProductIdent\": \"commodo tempor\",\n      \"TaxIncentiveType\": \"RothIRA - NEW\",\n      \"TaxIncentiveTypeEnumDesc\": \"sint elit ad ipsum\",\n      \"AcctUse\": \"Lorem proident consect\",\n      \"AcctUseEnumDesc\": \"ut dol\",\n      \"InitialAmount\": {\n        \"Amt\": -28615452.36491798\n      },\n      \"OpenDt\": \"2010-11-01\",\n      \"Term\": {\n        \"TermUnits\": \"Months\",\n        \"Count\": 77249207,\n        \"TermUnitsEnumDesc\": \"ea adipisici\"\n      },\n      \"MaturityDt\": \"1957-10-23\",\n      \"DateData\": [\n        {\n          \"DateType\": \"LastFileMaint\",\n          \"DateTypeEnumDesc\": \"ea eu dolore in\",\n          \"DateValue\": \"3759-69-69\"\n        },\n        {\n          \"DateType\": \"OldestHold\",\n          \"DateTypeEnumDesc\": \"in\",\n          \"DateValue\": \"8948-37-70T19:94:63-09:37\"\n        }\n      ],\n      \"RelationshipMgr\": [\n        {\n          \"RelationshipMgrIdent\": \"anim\",\n          \"RelationshipMgrIdentEnumDesc\": \"in esse in\",\n          \"RelationshipRole\": \"Officer\",\n          \"RelationshipRoleEnumDesc\": \"exercitation ad sint\"\n        },\n        {\n          \"RelationshipMgrIdent\": \"ut\",\n          \"RelationshipMgrIdentEnumDesc\": \"nisi dolor proident\",\n          \"RelationshipRole\": \"Officer\",\n          \"RelationshipRoleEnumDesc\": \"fugiat Excepteur\"\n        }\n      ],\n      \"OriginatingBranch\": \"laboris in\",\n      \"OriginatingBranchEnumDesc\": \"incididunt elit cu\",\n      \"AcctTitleOption\": \"do aliquip sed ea ips\",\n      \"EmployeeInd\": false,\n      \"Rate\": 36889660.353003025,\n      \"IntRateData\": {\n        \"RateMatrixTier\": [\n          {\n            \"IntAPY\": 85586757.99735874\n          },\n          {\n            \"IntAPY\": 52088974.99735162\n          }\n        ],\n        \"AccrualMethod\": \"Continuous\",\n        \"AccrualMethodEnumDesc\": \"adipisicing minim Ut enim\"\n      },\n      \"RateChangeData\": [\n        {\n          \"RateVariance\": 2454780.1206725985,\n          \"FloorRate\": 50759570.64148402,\n          \"CeilingRate\": -22666292.296004638,\n          \"RateChangeRecurType\": \"Weekly\",\n          \"RateChangeRecurTypeEnumDesc\": \"qui anim\",\n          \"RecurInterval\": 51215911,\n          \"NextRateChangeDt\": \"2023-03-24\"\n        },\n        {\n          \"RateVariance\": 42437935.84035647,\n          \"FloorRate\": 78298013.17297763,\n          \"CeilingRate\": 42954487.60614672,\n          \"RateChangeRecurType\": \"Weekly\",\n          \"RateChangeRecurTypeEnumDesc\": \"officia eiusmod commodo ullamco\",\n          \"RecurInterval\": -1356512,\n          \"NextRateChangeDt\": \"2024-03-03\"\n        }\n      ],\n      \"AcctBal\": [\n        {\n          \"BalType\": \"Hold\",\n          \"CurAmt\": {\n            \"Amt\": 20671839.703829736\n          },\n          \"BalTypeEnumDesc\": \"dolor\"\n        },\n        {\n          \"BalType\": \"Hold\",\n          \"CurAmt\": {\n            \"Amt\": 63418074.315956354\n          },\n          \"BalTypeEnumDesc\": \"esse incididunt consequat\"\n        }\n      ],\n      \"AcctPeriodData\": [\n        {\n          \"AcctAmtType\": \"ForfeitureAmt\",\n          \"AcctAmtTypeEnumDesc\": \"aute id adipisicing in\",\n          \"AcctPeriodType\": \"YTD\",\n          \"AcctPeriodTypeEnumDesc\": \"aliqua deser\",\n          \"Amt\": -75638419.15779896,\n          \"Count\": -59710594\n        },\n        {\n          \"AcctAmtType\": \"MinBal - NEW\",\n          \"AcctAmtTypeEnumDesc\": \"do dolor Excepteur\",\n          \"AcctPeriodType\": \"PriorYr\",\n          \"AcctPeriodTypeEnumDesc\": \"mollit aliqua ea exercitation\",\n          \"Amt\": -37201046.91301249,\n          \"Count\": 19440062\n        }\n      ],\n      \"WithholdingOption\": \"Lorem do laboris\",\n      \"WithholdingOptionEnumDesc\": \"sint officia id\",\n      \"Fee\": [\n        {\n          \"FeeType\": \"ServiceFee\",\n          \"FeeOption\": \"Analysis\"\n        },\n        {\n          \"FeeType\": \"ServiceFee\",\n          \"FeeOption\": \"Analysis\"\n        }\n      ],\n      \"TrnRestriction\": \"sit Duis et ad\",\n      \"DocDistributionOption\": \"in do dolore aliquip in\",\n      \"DocDistributionOptionEnumDesc\": \"sed in\",\n      \"RenewalData\": {\n        \"RenewalOption\": \"aliquip id in nostrud\",\n        \"RenewalOptionEnumDesc\": \"magna repr\"\n      },\n      \"AccessLevelData\": {\n        \"AccessLevelType\": \"sunt\",\n        \"AccessLevelCode\": \"voluptate mollit\"\n      },\n      \"IntDispData\": {\n        \"IntDisposition\": \"TransferToAcct\",\n        \"IntDistAcctRef\": {\n          \"AcctKeys\": {\n            \"AcctId\": \"proident culpa magna ex\",\n            \"AcctType\": \"eiusmod \",\n            \"BranchIdent\": \"ut esse\"\n          }\n        },\n        \"DistributionAmt\": {\n          \"Amt\": 51432978.189241976\n        },\n        \"IntPmtFrequency\": [\n          {\n            \"RecurType\": \"Cycle\",\n            \"RecurTypeEnumDesc\": \"ex ut amet in\",\n            \"RecurInterval\": 49849659\n          },\n          {\n            \"RecurType\": \"Yearly\",\n            \"RecurTypeEnumDesc\": \"do elit occaecat velit\",\n            \"RecurInterval\": 61960420\n          }\n        ],\n        \"NextIntPmtDt\": \"1955-07-27\",\n        \"LastIntPmtDt\": \"7050-46-02\"\n      },\n      \"RetirementAcctData\": {\n        \"RetirementPlanIdent\": \"labore Excepteur sint Lorem\",\n        \"RetirementPlanType\": \"reprehenderit sun\",\n        \"RetirementPlanTypeEnumDesc\": \"ullamco irure\"\n      },\n      \"SvcChgData\": {\n        \"SvcChgMethod\": [\n          {\n            \"SvcChgMethodType\": \"Card - NEWCardActivity - NEW\",\n            \"SvcChgMethodTypeEnumDesc\": \"in mollit ea\",\n            \"SvcChgMethodOpt\": 48144652\n          },\n          {\n            \"SvcChgMethodType\": \"Activity\",\n            \"SvcChgMethodTypeEnumDesc\": \"in do pariatur dolore\",\n            \"SvcChgMethodOpt\": 17260110\n          }\n        ]\n      }\n    }\n  },\n  \"Status\": {\n    \"Severity\": \"Warning\",\n    \"StatusCode\": \"reprehenderit e\",\n    \"StatusDesc\": \"Duis tempor fugiat non\",\n    \"SvcProviderName\": \"enim occaecat aute cupidatat\",\n    \"Id\": \"incididunt Lorem do\",\n    \"ServerStatusCode\": \"irure \",\n    \"ServerStatusDesc\": \"eiusmod i\",\n    \"OvrdExceptionInd\": false,\n    \"SubjectRole\": \"ullamco cupidatat do\",\n    \"SubjectElement\": [\n      {\n        \"Path\": \"aliquip\",\n        \"ServerPath\": \"do eu id Duis\",\n        \"Value\": \"laborum eu ut reprehenderit\"\n      },\n      {\n        \"Path\": \"deserunt aliquip id\",\n        \"ServerPath\": \"eu incididunt aliqua cupidatat sit\",\n        \"Value\": \"ut occaecat ad irure qui\"\n      }\n    ],\n    \"ContentHTML\": \"tempor aute dolor\",\n    \"AdditionalStatus\": [\n      {\n        \"StatusCode\": \"dol\",\n        \"StatusDesc\": \"Duis irure in\",\n        \"Severity\": \"Warning\",\n        \"SvcProviderName\": \"et amet adipisicing Ut\",\n        \"ServerStatusCode\": \"exercitatio\",\n        \"ServerStatusDesc\": \"non eu mollit\",\n        \"OvrdExceptionInd\": false,\n        \"SubjectElement\": [\n          {\n            \"Path\": \"nostrud ut\",\n            \"ServerPath\": \"Duis laborum adipisicing\",\n            \"Value\": \"sed in ad ea dolore\"\n          },\n          {\n            \"Path\": \"Lorem laborum pariatur ipsum\",\n            \"ServerPath\": \"exercitation se\",\n            \"Value\": \"irure ullamco est dolor\"\n          }\n        ]\n      },\n      {\n        \"StatusCode\": \"eu a\",\n        \"StatusDesc\": \"pariatur officia esse incididunt\",\n        \"Severity\": \"Error\",\n        \"SvcProviderName\": \"nostrud Ut vo\",\n        \"ServerStatusCode\": \"Lorem veniam sed adi\",\n        \"ServerStatusDesc\": \"nulla ut\",\n        \"OvrdExceptionInd\": false,\n        \"SubjectElement\": [\n          {\n            \"Path\": \"anim nisi\",\n            \"ServerPath\": \"mollit in Excepteur tempor in\",\n            \"Value\": \"pariatur laborum aliqua\"\n          },\n          {\n            \"Path\": \"incididunt\",\n            \"ServerPath\": \"i\",\n            \"Value\": \"ea enim officia in\"\n          }\n        ]\n      }\n    ]\n  }\n}","cookie":[],"_postman_previewlanguage":"json"},{"id":"a27e1477-03ee-416c-965a-c97dbca388f6","name":"To view the complete list of response codes, <a href=\"../docs/?path=docs/response-codes.md\" title=\"Click to open\">click here.</a>","originalRequest":{"url":{"path":["acctservice","acctmgmt","accounts","secured"],"host":["{{baseUrl}}"],"query":[],"variable":[]},"header":[{"disabled":false,"description":"(Required) EFX Header is a common and required component for all API calls, it contains client-related parameters. Please note that the header parameters should be sent as a JSON object under the EFXHeader parameter. To view the list of header parameters, <a href=\"../docs?path=docs/api-ref-EFX-header.md\" title=\"Click to open\"> click here.</a>","key":"EFXHeader","value":"OrganizationId,<string>,TrnId,<string>,VendorId,<string>,Context,[object Object]"},{"key":"Accept","value":"application/json"}],"method":"POST","body":{"mode":"raw","raw":"{\n  \"AcctSel\": {\n    \"AcctKeys\": {\n      \"AcctId\": \"<string>\",\n      \"AcctType\": \"<string>\"\n    }\n  }\n}","options":{"raw":{"language":"json"}}}},"status":"Internal Server Error","code":500,"header":[{"key":"Content-Type","value":"application/json"}],"body":"{\n  \"AcctRec\": {\n    \"AcctKeys\": {\n      \"AcctId\": \"exercitation\",\n      \"AcctType\": \"CDA\"\n    },\n    \"AcctStatus\": {\n      \"AcctStatusCode\": \"Valid\",\n      \"EffDt\": \"0568-93-21\"\n    },\n    \"DepositAcctInfo\": {\n      \"AcctDtlStatus\": \"Active\",\n      \"AcctDtlStatusEnumDesc\": \"velit nostrud ipsum\",\n      \"FederalInsuranceEligibility\": \"NotApplicable\",\n      \"ProductIdent\": \"sunt ullamco esse proident\",\n      \"TaxIncentiveType\": \"IRA\",\n      \"TaxIncentiveTypeEnumDesc\": \"ut dolor velit ea\",\n      \"AcctUse\": \"pariatur quis minim\",\n      \"AcctUseEnumDesc\": \"eiusmod fugiat ut\",\n      \"InitialAmount\": {\n        \"Amt\": -2339944.7839798033\n      },\n      \"OpenDt\": \"2017-09-24\",\n      \"Term\": {\n        \"TermUnits\": \"Months\",\n        \"Count\": -24660031,\n        \"TermUnitsEnumDesc\": \"nostrud exercitation aute\"\n      },\n      \"MaturityDt\": \"1973-07-17\",\n      \"DateData\": [\n        {\n          \"DateType\": \"OldestHold\",\n          \"DateTypeEnumDesc\": \"nostrud dolore\",\n          \"DateValue\": \"3229-15-32T04:85:16\"\n        },\n        {\n          \"DateType\": \"LastFileMaint\",\n          \"DateTypeEnumDesc\": \"labore nisi\",\n          \"DateValue\": \"3234-06-75\"\n        }\n      ],\n      \"RelationshipMgr\": [\n        {\n          \"RelationshipMgrIdent\": \"voluptate\",\n          \"RelationshipMgrIdentEnumDesc\": \"do minim\",\n          \"RelationshipRole\": \"Officer\",\n          \"RelationshipRoleEnumDesc\": \"tempor fugiat nisi\"\n        },\n        {\n          \"RelationshipMgrIdent\": \"est co\",\n          \"RelationshipMgrIdentEnumDesc\": \"aute occaecat dolore\",\n          \"RelationshipRole\": \"Officer\",\n          \"RelationshipRoleEnumDesc\": \"magna laborum culpa\"\n        }\n      ],\n      \"OriginatingBranch\": \"culpa exercitat\",\n      \"OriginatingBranchEnumDesc\": \"ut in id dolor\",\n      \"AcctTitleOption\": \"exercitation sint id in cupidatat\",\n      \"EmployeeInd\": true,\n      \"Rate\": 72593933.85267615,\n      \"IntRateData\": {\n        \"RateMatrixTier\": [\n          {\n            \"IntAPY\": -30910698.201959312\n          },\n          {\n            \"IntAPY\": 19958274.08883533\n          }\n        ],\n        \"AccrualMethod\": \"TrueSimple - NEW\",\n        \"AccrualMethodEnumDesc\": \"lab\"\n      },\n      \"RateChangeData\": [\n        {\n          \"RateVariance\": -68956338.43585736,\n          \"FloorRate\": 15848538.913279414,\n          \"CeilingRate\": -33906171.59419822,\n          \"RateChangeRecurType\": \"Monthly\",\n          \"RateChangeRecurTypeEnumDesc\": \"in Duis amet proident\",\n          \"RecurInterval\": -26883842,\n          \"NextRateChangeDt\": \"1947-08-18\"\n        },\n        {\n          \"RateVariance\": -28094762.44837898,\n          \"FloorRate\": 349055.4839049578,\n          \"CeilingRate\": 20402588.52575603,\n          \"RateChangeRecurType\": \"Yearly\",\n          \"RateChangeRecurTypeEnumDesc\": \"minim est proident ex\",\n          \"RecurInterval\": 48113944,\n          \"NextRateChangeDt\": \"1972-11-10\"\n        }\n      ],\n      \"AcctBal\": [\n        {\n          \"BalType\": \"Hold\",\n          \"CurAmt\": {\n            \"Amt\": -34152839.75391756\n          },\n          \"BalTypeEnumDesc\": \"Excep\"\n        },\n        {\n          \"BalType\": \"InterestAccrued\",\n          \"CurAmt\": {\n            \"Amt\": -75297644.5524956\n          },\n          \"BalTypeEnumDesc\": \"voluptate aliqua tempor\"\n        }\n      ],\n      \"AcctPeriodData\": [\n        {\n          \"AcctAmtType\": \"ForfeitureAmt\",\n          \"AcctAmtTypeEnumDesc\": \"in sunt eu exercitation cillum\",\n          \"AcctPeriodType\": \"LTD\",\n          \"AcctPeriodTypeEnumDesc\": \"in\",\n          \"Amt\": -8558871.012462705,\n          \"Count\": -17565202\n        },\n        {\n          \"AcctAmtType\": \"ForfeitureAmt\",\n          \"AcctAmtTypeEnumDesc\": \"non Ut \",\n          \"AcctPeriodType\": \"LTD\",\n          \"AcctPeriodTypeEnumDesc\": \"cupidatat eiusmod Duis nulla\",\n          \"Amt\": 15712642.779786587,\n          \"Count\": -33873092\n        }\n      ],\n      \"WithholdingOption\": \"laboris eu est\",\n      \"WithholdingOptionEnumDesc\": \"aliqua reprehe\",\n      \"Fee\": [\n        {\n          \"FeeType\": \"ServiceFee\",\n          \"FeeOption\": \"Charge\"\n        },\n        {\n          \"FeeType\": \"ServiceFee\",\n          \"FeeOption\": \"Charge\"\n        }\n      ],\n      \"TrnRestriction\": \"aute anim\",\n      \"DocDistributionOption\": \"non ut\",\n      \"DocDistributionOptionEnumDesc\": \"labore magna nostrud\",\n      \"RenewalData\": {\n        \"RenewalOption\": \"\",\n        \"RenewalOptionEnumDesc\": \"deserunt id nisi\"\n      },\n      \"AccessLevelData\": {\n        \"AccessLevelType\": \"ex amet\",\n        \"AccessLevelCode\": \"nisi pariatur est do\"\n      },\n      \"IntDispData\": {\n        \"IntDisposition\": \"TransferToAcct\",\n        \"IntDistAcctRef\": {\n          \"AcctKeys\": {\n            \"AcctId\": \"Lore\",\n            \"AcctType\": \"in adipisicing irure velit\",\n            \"BranchIdent\": \"q\"\n          }\n        },\n        \"DistributionAmt\": {\n          \"Amt\": -947845.8712513447\n        },\n        \"IntPmtFrequency\": [\n          {\n            \"RecurType\": \"Cycle\",\n            \"RecurTypeEnumDesc\": \"in nulla ut\",\n            \"RecurInterval\": 71677993\n          },\n          {\n            \"RecurType\": \"Maturity\",\n            \"RecurTypeEnumDesc\": \"in do aute\",\n            \"RecurInterval\": -57071165\n          }\n        ],\n        \"NextIntPmtDt\": \"1965-07-14\",\n        \"LastIntPmtDt\": \"5027-15-02\"\n      },\n      \"RetirementAcctData\": {\n        \"RetirementPlanIdent\": \"\",\n        \"RetirementPlanType\": \"culpa Ut dolor aliqua\",\n        \"RetirementPlanTypeEnumDesc\": \"voluptate m\"\n      },\n      \"SvcChgData\": {\n        \"SvcChgMethod\": [\n          {\n            \"SvcChgMethodType\": \"Dormant - NEW\",\n            \"SvcChgMethodTypeEnumDesc\": \"consectetur Excepteur labore reprehenderit\",\n            \"SvcChgMethodOpt\": 98159467\n          },\n          {\n            \"SvcChgMethodType\": \"Card - NEWCardActivity - NEW\",\n            \"SvcChgMethodTypeEnumDesc\": \"proident deserunt eu anim\",\n            \"SvcChgMethodOpt\": -20632473\n          }\n        ]\n      }\n    }\n  },\n  \"Status\": {\n    \"Severity\": \"Warning\",\n    \"StatusCode\": \"eiusmod consequat\",\n    \"StatusDesc\": \"ul\",\n    \"SvcProviderName\": \"non\",\n    \"Id\": \"laboris minim anim\",\n    \"ServerStatusCode\": \"nu\",\n    \"ServerStatusDesc\": \"dolore in\",\n    \"OvrdExceptionInd\": true,\n    \"SubjectRole\": \"id esse laboris labore eu\",\n    \"SubjectElement\": [\n      {\n        \"Path\": \"incididunt\",\n        \"ServerPath\": \"ad officia\",\n        \"Value\": \"do Ut est\"\n      },\n      {\n        \"Path\": \"reprehenderit pariatur\",\n        \"ServerPath\": \"voluptate consecte\",\n        \"Value\": \"aliqua esse mollit non\"\n      }\n    ],\n    \"ContentHTML\": \"velit pariatur mollit\",\n    \"AdditionalStatus\": [\n      {\n        \"StatusCode\": \"Duis ven\",\n        \"StatusDesc\": \"esse in enim consectetur\",\n        \"Severity\": \"Info\",\n        \"SvcProviderName\": \"laborum elit\",\n        \"ServerStatusCode\": \"cupi\",\n        \"ServerStatusDesc\": \"ut\",\n        \"OvrdExceptionInd\": false,\n        \"SubjectElement\": [\n          {\n            \"Path\": \"exercitation ut esse\",\n            \"ServerPath\": \"aliquip esse proident\",\n            \"Value\": \"nulla\"\n          },\n          {\n            \"Path\": \"consectetur labore\",\n            \"ServerPath\": \"occaecat\",\n            \"Value\": \"ad ex ut\"\n          }\n        ]\n      },\n      {\n        \"StatusCode\": \"ullamco \",\n        \"StatusDesc\": \"adipisicing nisi\",\n        \"Severity\": \"Info\",\n        \"SvcProviderName\": \"Excepteur velit nisi exercitation\",\n        \"ServerStatusCode\": \"labor\",\n        \"ServerStatusDesc\": \"aliqua enim ullamco\",\n        \"OvrdExceptionInd\": false,\n        \"SubjectElement\": [\n          {\n            \"Path\": \"fugiat irure\",\n            \"ServerPath\": \"enim proident sed officia nostrud\",\n            \"Value\": \"qui elit irure cupidatat\"\n          },\n          {\n            \"Path\": \"ex aliquip in fugiat irure\",\n            \"ServerPath\": \"pariatur incididunt do aliqua\",\n            \"Value\": \"do consectetur\"\n          }\n        ]\n      }\n    ]\n  }\n}","cookie":[],"_postman_previewlanguage":"json"}],"event":[],"protocolProfileBehavior":{"disableBodyPruning":true}}],"event":[],"variable":[{"type":"string","value":"/","key":"baseUrl"}],"info":{"_postman_id":"1b21ca6d-1a9d-4045-ab13-eb22b184d50c","name":"Account Service","schema":"https://schema.getpostman.com/json/collection/v2.1.0/collection.json","description":{"content":"The account service helps to create and manage product accounts serviced by the financial institutions. It is also used to retrieve information about the existing accounts and maintain information of new accounts.","type":"text/plain"}}}