{"item":[{"id":"022dd812-5f36-478c-a74d-f1d664ce54dd","name":"Update Account","request":{"name":"Update Account","description":{"content":"Update Account API modifies the account details, such as overdraft, float, service charge, address and so on. <br> <br> To download the API Specifications and Postman Collection, click <a href=\"../docs/?path=docs/resources/resources.md\" title=\"Click to open\">Resources</a>.","type":"text/plain"},"url":{"path":["acctservice","acctmgmt","accounts"],"host":["{{baseUrl}}"],"query":[],"variable":[]},"header":[{"disabled":false,"description":"(Required) EFX Header is a common and required component for all API calls, it contains client-related parameters. Please note that the header parameters should be sent as a JSON object under the EFXHeader parameter. To view the list of header parameters, <a href=\"../docs?path=docs/api-ref-EFX-header.md\" title=\"Click to open\"> click here.</a>","key":"EFXHeader","value":"OrganizationId,<string>,TrnId,<string>,VendorId,<string>,Context,[object Object]"},{"key":"Content-Type","value":"application/json"},{"key":"Accept","value":"application/json"}],"method":"PUT","auth":null,"body":{"mode":"raw","raw":"{\n  \"AcctKeys\": {\n    \"AcctId\": \"<string>\",\n    \"AcctType\": \"<string>\"\n  },\n  \"OvrdExceptionData\": {\n    \"OvrdAutoAckInd\": \"<boolean>\"\n  }\n}","options":{"raw":{"language":"json"}}}},"response":[{"id":"d6841c39-9d65-4d43-8d42-3be0a6929b1a","name":"Created","originalRequest":{"url":{"path":["acctservice","acctmgmt","accounts"],"host":["{{baseUrl}}"],"query":[],"variable":[]},"header":[{"disabled":false,"description":"(Required) EFX Header is a common and required component for all API calls, it contains client-related parameters. Please note that the header parameters should be sent as a JSON object under the EFXHeader parameter. To view the list of header parameters, <a href=\"../docs?path=docs/api-ref-EFX-header.md\" title=\"Click to open\"> click here.</a>","key":"EFXHeader","value":"OrganizationId,<string>,TrnId,<string>,VendorId,<string>,Context,[object Object]"},{"key":"Accept","value":"application/json"}],"method":"PUT","body":{"mode":"raw","raw":"{\n  \"AcctKeys\": {\n    \"AcctId\": \"<string>\",\n    \"AcctType\": \"<string>\"\n  },\n  \"OvrdExceptionData\": {\n    \"OvrdAutoAckInd\": \"<boolean>\"\n  }\n}","options":{"raw":{"language":"json"}}}},"status":"Created","code":201,"header":[{"key":"Content-Type","value":"application/json"}],"body":"{\n  \"AcctStatusRec\": {\n    \"AcctKeys\": {\n      \"AcctId\": \"consequa\",\n      \"AcctType\": \"DDA\"\n    },\n    \"AcctStatus\": {\n      \"AcctStatusCode\": \"Valid\",\n      \"EffDt\": \"2903-18-59\"\n    }\n  },\n  \"Status\": {\n    \"Severity\": \"Info\",\n    \"StatusCode\": \"Ut amet Lorem\",\n    \"StatusDesc\": \"mollit quis\",\n    \"SvcProviderName\": \"pariatur ut nostrud\",\n    \"Id\": \"fugiat e\",\n    \"ServerStatusCode\": \"incididunt\",\n    \"ServerStatusDesc\": \"anim et nostrud id\",\n    \"OvrdExceptionInd\": true,\n    \"SubjectRole\": \"Excepteur eu mollit tempor\",\n    \"SubjectElement\": [\n      {\n        \"Path\": \"in in Ut\",\n        \"ServerPath\": \"est Ut\",\n        \"Value\": \"dolore veniam ad\"\n      },\n      {\n        \"Path\": \"dolore sed eu\",\n        \"ServerPath\": \"do amet officia labore esse\",\n        \"Value\": \"labore Ut\"\n      }\n    ],\n    \"ContentHTML\": \"dolore\",\n    \"AdditionalStatus\": [\n      {\n        \"StatusCode\": \"d\",\n        \"StatusDesc\": \"n\",\n        \"Severity\": \"Error\",\n        \"SvcProviderName\": \"officia non\",\n        \"ServerStatusCode\": \"ul\",\n        \"ServerStatusDesc\": \"ut ipsum Excepteur\",\n        \"OvrdExceptionInd\": false,\n        \"SubjectElement\": [\n          {\n            \"Path\": \"adipisicing ea ullamco\",\n            \"ServerPath\": \"eu nostrud\",\n            \"Value\": \"adipisicing\"\n          },\n          {\n            \"Path\": \"fugiat proident\",\n            \"ServerPath\": \"sint do\",\n            \"Value\": \"pariatur Excepteur culpa tempor\"\n          }\n        ]\n      },\n      {\n        \"StatusCode\": \"occaecat Exce\",\n        \"StatusDesc\": \"voluptate\",\n        \"Severity\": \"Error\",\n        \"SvcProviderName\": \"eiusmod laborum\",\n        \"ServerStatusCode\": \"\",\n        \"ServerStatusDesc\": \"Duis adipisicing\",\n        \"OvrdExceptionInd\": true,\n        \"SubjectElement\": [\n          {\n            \"Path\": \"in dolor in\",\n            \"ServerPath\": \"culpa adipisicing non do quis\",\n            \"Value\": \"dolore eu\"\n          },\n          {\n            \"Path\": \"amet e\",\n            \"ServerPath\": \"labore ut dolor\",\n            \"Value\": \"aute irure laboris in est\"\n          }\n        ]\n      }\n    ]\n  }\n}","cookie":[],"_postman_previewlanguage":"json"},{"id":"21835c12-0bf7-4f9c-a4be-41d7ec8d3663","name":"To view the complete list of response codes, <a href=\"../docs/?path=docs/response-codes.md\" title=\"Click to open\">click here.</a>","originalRequest":{"url":{"path":["acctservice","acctmgmt","accounts"],"host":["{{baseUrl}}"],"query":[],"variable":[]},"header":[{"disabled":false,"description":"(Required) EFX Header is a common and required component for all API calls, it contains client-related parameters. Please note that the header parameters should be sent as a JSON object under the EFXHeader parameter. To view the list of header parameters, <a href=\"../docs?path=docs/api-ref-EFX-header.md\" title=\"Click to open\"> click here.</a>","key":"EFXHeader","value":"OrganizationId,<string>,TrnId,<string>,VendorId,<string>,Context,[object Object]"},{"key":"Accept","value":"application/json"}],"method":"PUT","body":{"mode":"raw","raw":"{\n  \"AcctKeys\": {\n    \"AcctId\": \"<string>\",\n    \"AcctType\": \"<string>\"\n  },\n  \"OvrdExceptionData\": {\n    \"OvrdAutoAckInd\": \"<boolean>\"\n  }\n}","options":{"raw":{"language":"json"}}}},"status":"Internal Server Error","code":500,"header":[{"key":"Content-Type","value":"application/json"}],"body":"{\n  \"AcctStatusRec\": {\n    \"AcctKeys\": {\n      \"AcctId\": \"amet consectetur minim\",\n      \"AcctType\": \"DDA\"\n    },\n    \"AcctStatus\": {\n      \"AcctStatusCode\": \"Valid\",\n      \"EffDt\": \"7543-47-88\"\n    }\n  },\n  \"Status\": {\n    \"Severity\": \"Info\",\n    \"StatusCode\": \"sit\",\n    \"StatusDesc\": \"velit aliqua\",\n    \"SvcProviderName\": \"deserunt adipisicing\",\n    \"Id\": \"consectetur\",\n    \"ServerStatusCode\": \"sit Ut\",\n    \"ServerStatusDesc\": \"laboris sunt consequa\",\n    \"OvrdExceptionInd\": false,\n    \"SubjectRole\": \"irure\",\n    \"SubjectElement\": [\n      {\n        \"Path\": \"elit sed ullamco sit\",\n        \"ServerPath\": \"sit laboris\",\n        \"Value\": \"laborum\"\n      },\n      {\n        \"Path\": \"cupidatat\",\n        \"ServerPath\": \"eu ex exercitation\",\n        \"Value\": \"nulla in\"\n      }\n    ],\n    \"ContentHTML\": \"et cillum\",\n    \"AdditionalStatus\": [\n      {\n        \"StatusCode\": \"dol\",\n        \"StatusDesc\": \"elit incididunt non\",\n        \"Severity\": \"Warning\",\n        \"SvcProviderName\": \"ex qui eiusmod elit\",\n        \"ServerStatusCode\": \"sit mollit elit do\",\n        \"ServerStatusDesc\": \"dolor tempor qui\",\n        \"OvrdExceptionInd\": true,\n        \"SubjectElement\": [\n          {\n            \"Path\": \"quis culpa qui eu aute\",\n            \"ServerPath\": \"Duis nisi nostrud\",\n            \"Value\": \"non amet ea\"\n          },\n          {\n            \"Path\": \"ad in\",\n            \"ServerPath\": \"nostrud veniam\",\n            \"Value\": \"ut consectetur\"\n          }\n        ]\n      },\n      {\n        \"StatusCode\": \"tempor q\",\n        \"StatusDesc\": \"commodo id\",\n        \"Severity\": \"Info\",\n        \"SvcProviderName\": \"veniam labore\",\n        \"ServerStatusCode\": \"et tem\",\n        \"ServerStatusDesc\": \"amet nulla\",\n        \"OvrdExceptionInd\": true,\n        \"SubjectElement\": [\n          {\n            \"Path\": \"voluptate occaecat fugiat\",\n            \"ServerPath\": \"in voluptate adipisicing eu elit\",\n            \"Value\": \"dolore Ut enim non\"\n          },\n          {\n            \"Path\": \"tempor aute in e\",\n            \"ServerPath\": \"deserunt ex\",\n            \"Value\": \"in velit\"\n          }\n        ]\n      }\n    ]\n  }\n}","cookie":[],"_postman_previewlanguage":"json"}],"event":[],"protocolProfileBehavior":{"disableBodyPruning":true}}],"event":[],"variable":[{"type":"string","value":"/","key":"baseUrl"}],"info":{"_postman_id":"fb934a59-5228-41f2-8913-a2fbee931f1c","name":"Account Service","schema":"https://schema.getpostman.com/json/collection/v2.1.0/collection.json","description":{"content":"The account service helps to create and manage product accounts serviced by the financial institutions. It is also used to retrieve information about the existing accounts and maintain information of new accounts.","type":"text/plain"}}}