{"item":[{"id":"5aaa4b79-710f-4224-903f-7fc96d550412","name":"Get Account Details","request":{"name":"Get Account Details","description":{"content":"Get Account API retrieves the account-related information for the Installment Loan Account (ILA). This API supports specific consumer lending products, such as Commercial Loans, Mortgages and Line of Credit. <br> <br> To download the API Specifications and Postman Collection, click <a href=\"../docs/?path=docs/resources/resources.md\" title=\"Click to open\">Resources</a>.","type":"text/plain"},"url":{"path":["acctservice","acctmgmt","accounts","secured"],"host":["{{baseUrl}}"],"query":[],"variable":[]},"header":[{"disabled":false,"description":"(Required) EFX Header is a common and required component for all API calls, it contains client-related parameters. Please note that the header parameters should be sent as a JSON object under the EFXHeader parameter. To view the list of header parameters, <a href=\"../docs?path=docs/api-ref-EFX-header.md\" title=\"Click to open\"> click here.</a>","key":"EFXHeader","value":"OrganizationId,<string>,TrnId,<string>,VendorId,<string>,Context,[object Object]"},{"key":"Content-Type","value":"application/json"},{"key":"Accept","value":"application/json"}],"method":"POST","auth":null,"body":{"mode":"raw","raw":"{\n  \"AcctSel\": {\n    \"AcctKeys\": {\n      \"AcctId\": \"<string>\",\n      \"AcctType\": \"<string>\"\n    }\n  }\n}","options":{"raw":{"language":"json"}}}},"response":[{"id":"d28b5bdb-a072-47d3-bce5-ca2e92c0b105","name":"Success","originalRequest":{"url":{"path":["acctservice","acctmgmt","accounts","secured"],"host":["{{baseUrl}}"],"query":[],"variable":[]},"header":[{"disabled":false,"description":"(Required) EFX Header is a common and required component for all API calls, it contains client-related parameters. Please note that the header parameters should be sent as a JSON object under the EFXHeader parameter. To view the list of header parameters, <a href=\"../docs?path=docs/api-ref-EFX-header.md\" title=\"Click to open\"> click here.</a>","key":"EFXHeader","value":"OrganizationId,<string>,TrnId,<string>,VendorId,<string>,Context,[object Object]"},{"key":"Accept","value":"application/json"}],"method":"POST","body":{"mode":"raw","raw":"{\n  \"AcctSel\": {\n    \"AcctKeys\": {\n      \"AcctId\": \"<string>\",\n      \"AcctType\": \"<string>\"\n    }\n  }\n}","options":{"raw":{"language":"json"}}}},"status":"OK","code":200,"header":[{"key":"Content-Type","value":"application/json"}],"body":"{\n  \"AcctRec\": {\n    \"AcctKeys\": {\n      \"AcctId\": \"occaecat cup\",\n      \"AcctType\": \"ILA\"\n    },\n    \"AcctStatus\": {\n      \"AcctStatusCode\": \"Valid\",\n      \"EffDt\": \"7330-39-61\"\n    },\n    \"LoanAcctInfo\": {\n      \"GoodThruDt\": \"2023-05-06\",\n      \"AcctDtlStatus\": \"Repossession\",\n      \"AcctDtlStatusEnumDesc\": \"id Excepteur\",\n      \"FederalInsuranceEligibility\": \"NotApplicable\",\n      \"ProductIdent\": \"elit rep\",\n      \"InitialAmount\": {\n        \"Amt\": -68157566.26467198\n      },\n      \"OpenDt\": \"2012-12-27\",\n      \"Term\": {\n        \"TermUnits\": \"Months\",\n        \"Count\": 6635788\n      },\n      \"MaturityDt\": \"1981-03-07\",\n      \"DateData\": [\n        {\n          \"DateType\": \"Accrual\",\n          \"DateTypeEnumDesc\": \"minim Duis commodo\"\n        },\n        {\n          \"DateType\": \"Accrual\",\n          \"DateTypeEnumDesc\": \"adipisicing deserunt laborum\"\n        }\n      ],\n      \"RelationshipMgr\": [\n        {\n          \"RelationshipMgrIdent\": \"sit esse adipisicin\",\n          \"RelationshipMgrIdentEnumDesc\": \"ea dolor nisi\",\n          \"RelationshipRole\": \"Officer\",\n          \"RelationshipRoleEnumDesc\": \"dolor esse sunt et\"\n        },\n        {\n          \"RelationshipMgrIdent\": \"in dolore laboris Duis tempor\",\n          \"RelationshipMgrIdentEnumDesc\": \"sint ea dolor sed do\",\n          \"RelationshipRole\": \"Officer\",\n          \"RelationshipRoleEnumDesc\": \"proident eu qui\"\n        }\n      ],\n      \"OriginatingBranch\": \"nost\",\n      \"OriginatingBranchEnumDesc\": \"in Ut\",\n      \"AcctTitleOption\": \"sunt ex sit eiusmod\",\n      \"OEDCode\": \"in ut adipisicing Ut\",\n      \"OEDCodeEnumDesc\": \"occaecat veniam aliqua labore commodo\",\n      \"EmployeeInd\": true,\n      \"NoticeData\": [\n        {\n          \"NoticeType\": \"deserunt laborum eiusmod Lorem\"\n        },\n        {\n          \"NoticeType\": \"culpa\"\n        }\n      ],\n      \"Rate\": 11257453.31201449,\n      \"EffectiveRate\": 36520159.36727467,\n      \"IntRateData\": {\n        \"AccrualMethod\": \"ut\"\n      },\n      \"AcctBal\": [\n        {\n          \"BalType\": \"Escrow\",\n          \"CurAmt\": {\n            \"Amt\": -25740735.651770666\n          },\n          \"BalTypeEnumDesc\": \"Lorem id in\"\n        },\n        {\n          \"BalType\": \"Escrow\",\n          \"CurAmt\": {\n            \"Amt\": 26163344.484573513\n          },\n          \"BalTypeEnumDesc\": \"elit est eiusmod Lorem\"\n        }\n      ],\n      \"AcctPeriodData\": [\n        {\n          \"AcctAmtType\": \"LateFeeAssessed LateFeeEarned\",\n          \"AcctAmtTypeEnumDesc\": \"Lorem amet labore non adipisicing\",\n          \"AcctPeriodType\": \"PriorYr\",\n          \"AcctPeriodTypeEnumDesc\": \"quis voluptate laboris \",\n          \"Amt\": 39542556.242949486,\n          \"Count\": 25343915\n        },\n        {\n          \"AcctAmtType\": \"ReturnedPmts\",\n          \"AcctAmtTypeEnumDesc\": \"minim laborum\",\n          \"AcctPeriodType\": \"MTD\",\n          \"AcctPeriodTypeEnumDesc\": \"sunt aliquip\",\n          \"Amt\": 91245911.14290363,\n          \"Count\": 65135326\n        }\n      ],\n      \"Fee\": [\n        {\n          \"FeeCalcOption\": \"proide\",\n          \"CurAmt\": {\n            \"Amt\": -82403322.52460405\n          },\n          \"BalPercent\": -61164056.04051134\n        },\n        {\n          \"FeeCalcOption\": \"nisi aliqua cillum dolore\",\n          \"CurAmt\": {\n            \"Amt\": -73455289.94547501\n          },\n          \"BalPercent\": 97754319.19307399\n        }\n      ],\n      \"CreditRisk\": [\n        {\n          \"RiskCategory\": \"RiskScore1\",\n          \"InternalScore\": \"dolore tempor in\"\n        },\n        {\n          \"RiskCategory\": \"RiskScore2\",\n          \"InternalScore\": \"id culpa nulla\"\n        }\n      ],\n      \"RestrictedInd\": true,\n      \"SoldPercent\": -93638171.43428999,\n      \"OriginationDt\": \"2022-03-17\",\n      \"LastRenewalDt\": \"1997-09-11\",\n      \"Freq\": \"Yearly\",\n      \"CollateralCode\": \"mollit amet veniam\",\n      \"CollateralCodeEnumDesc\": \"enim e\",\n      \"Insurance\": [\n        {\n          \"InsuranceType\": \"dolor quis nostrud veniam\"\n        },\n        {\n          \"InsuranceType\": \"magna consequat ex minim\"\n        }\n      ],\n      \"CreditLineCycle\": 66686872,\n      \"LoanBilling\": {\n        \"BillingMethod\": \"None\",\n        \"BillingMethodEnumDesc\": \"veniam do Ut\",\n        \"LOCPaymentMethodEnumDesc\": \"Excepteur minim aliquip anim nulla\",\n        \"FromAcctKeys\": {\n          \"AcctId\": \"in ea\"\n        }\n      },\n      \"TotalPmtCount\": 29252378,\n      \"RegPmt\": {\n        \"PmtCompositeAmt\": [\n          {\n            \"CurAmt\": {\n              \"Amt\": 53907236.076577365\n            },\n            \"CompositeCurAmtType\": \"Escrow\",\n            \"CompositeCurAmtTypeEnumDesc\": \"veniam esse eiusmod irure ali\"\n          },\n          {\n            \"CurAmt\": {\n              \"Amt\": -24425759.488250434\n            },\n            \"CompositeCurAmtType\": \"Total\",\n            \"CompositeCurAmtTypeEnumDesc\": \"consequat adipisicing ipsum\"\n          }\n        ]\n      },\n      \"PmtSched\": [\n        {\n          \"PmtAmtOption\": \"PrincipalPlusInterest\"\n        },\n        {\n          \"PmtAmtOption\": \"PctPrincipalPlusInterest\"\n        }\n      ],\n      \"LateFee\": {\n        \"GraceDays\": -63090365\n      },\n      \"NextPmt\": {\n        \"PmtCompositeAmt\": [\n          {\n            \"CurAmt\": {\n              \"Amt\": -99074745.35407221\n            },\n            \"CompositeCurAmtType\": \"ad consequat\",\n            \"CompositeCurAmtTypeEnumDesc\": \"ut ex nulla nisi\"\n          },\n          {\n            \"CurAmt\": {\n              \"Amt\": 5394373.42266123\n            },\n            \"CompositeCurAmtType\": \"amet enim\",\n            \"CompositeCurAmtTypeEnumDesc\": \"ullamco occaecat\"\n          }\n        ],\n        \"PmtDt\": \"1967-05-16\"\n      },\n      \"LastPmt\": {\n        \"PmtDt\": \"1953-04-11\"\n      },\n      \"NonAccrualInd\": false,\n      \"PmtPostingRestrictions\": {\n        \"RestrictionReasonCode\": \"aliquip nisi qui\"\n      },\n      \"Dealer\": [\n        {\n          \"DealerIdent\": \"mo\",\n          \"DealerReserveAmt\": {\n            \"Amt\": 2947717.009148091\n          }\n        },\n        {\n          \"DealerIdent\": \"amet adipisicing laboris\",\n          \"DealerReserveAmt\": {\n            \"Amt\": -65920514.94943201\n          }\n        }\n      ],\n      \"LOCAdvance\": {\n        \"LimitAmt\": {\n          \"Amt\": -23378898.257760078\n        }\n      },\n      \"IncYearEndReportCode\": \"NoIRSReporting\",\n      \"HomeMortgageDisclosure\": {\n        \"MortgageType\": \"id consectetur pariatur proident\",\n        \"PropertyType\": \"repreh\",\n        \"PurposeCode\": \"nulla sed\"\n      },\n      \"CreditBureauAcctData\": {\n        \"BureauStatus\": \"commodo consectetur sint\"\n      }\n    }\n  },\n  \"Status\": {\n    \"Severity\": \"Info\",\n    \"StatusCode\": \"consequat\",\n    \"StatusDesc\": \"in\",\n    \"SvcProviderName\": \"in aliqua\",\n    \"Id\": \"amet mol\",\n    \"ServerStatusCode\": \"sit sint\",\n    \"ServerStatusDesc\": \"voluptate qui Ut\",\n    \"OvrdExceptionInd\": true,\n    \"SubjectRole\": \"dolore laborum\",\n    \"SubjectElement\": [\n      {\n        \"Path\": \"esse cillum minim labore\",\n        \"ServerPath\": \"cupidatat velit officia consectetur\",\n        \"Value\": \"\"\n      },\n      {\n        \"Path\": \"Excepteur anim\",\n        \"ServerPath\": \"irure\",\n        \"Value\": \"ex in aliquip proident\"\n      }\n    ],\n    \"ContentHTML\": \"qui ex\",\n    \"AdditionalStatus\": [\n      {\n        \"StatusCode\": \"enim minim non ad\",\n        \"StatusDesc\": \"Excepteur incididunt\",\n        \"Severity\": \"Info\",\n        \"SvcProviderName\": \"in incididunt velit\",\n        \"ServerStatusCode\": \"nulla\",\n        \"ServerStatusDesc\": \"qui in tempor ex\",\n        \"OvrdExceptionInd\": false,\n        \"SubjectElement\": [\n          {\n            \"Path\": \"officia culpa do\",\n            \"ServerPath\": \"reprehenderit quis cupidatat consectetur est\",\n            \"Value\": \"ut\"\n          },\n          {\n            \"Path\": \"nisi in reprehenderit\",\n            \"ServerPath\": \"nostrud labore sed ea\",\n            \"Value\": \"ex sint ullamco\"\n          }\n        ]\n      },\n      {\n        \"StatusCode\": \"non\",\n        \"StatusDesc\": \"eiusmod nisi nulla\",\n        \"Severity\": \"Warning\",\n        \"SvcProviderName\": \"qui ut eiusmod nulla\",\n        \"ServerStatusCode\": \"occaecat id\",\n        \"ServerStatusDesc\": \"labore\",\n        \"OvrdExceptionInd\": false,\n        \"SubjectElement\": [\n          {\n            \"Path\": \"enim\",\n            \"ServerPath\": \"laborum adipisicing mollit aliquip\",\n            \"Value\": \"minim anim consequat nulla\"\n          },\n          {\n            \"Path\": \"fugiat officia\",\n            \"ServerPath\": \"Lorem tempor ullamco\",\n            \"Value\": \"mollit in sint adipisicing\"\n          }\n        ]\n      }\n    ]\n  }\n}","cookie":[],"_postman_previewlanguage":"json"},{"id":"1e1ba033-4c54-4193-a510-c8d8bd2da0a6","name":"To view the complete list of response codes, <a href=\"../docs/?path=docs/response-codes.md\" title=\"Click to open\">click here.</a>","originalRequest":{"url":{"path":["acctservice","acctmgmt","accounts","secured"],"host":["{{baseUrl}}"],"query":[],"variable":[]},"header":[{"disabled":false,"description":"(Required) EFX Header is a common and required component for all API calls, it contains client-related parameters. Please note that the header parameters should be sent as a JSON object under the EFXHeader parameter. To view the list of header parameters, <a href=\"../docs?path=docs/api-ref-EFX-header.md\" title=\"Click to open\"> click here.</a>","key":"EFXHeader","value":"OrganizationId,<string>,TrnId,<string>,VendorId,<string>,Context,[object Object]"},{"key":"Accept","value":"application/json"}],"method":"POST","body":{"mode":"raw","raw":"{\n  \"AcctSel\": {\n    \"AcctKeys\": {\n      \"AcctId\": \"<string>\",\n      \"AcctType\": \"<string>\"\n    }\n  }\n}","options":{"raw":{"language":"json"}}}},"status":"Internal Server Error","code":500,"header":[{"key":"Content-Type","value":"application/json"}],"body":"{\n  \"AcctRec\": {\n    \"AcctKeys\": {\n      \"AcctId\": \"cupidatat est ma\",\n      \"AcctType\": \"ILA\"\n    },\n    \"AcctStatus\": {\n      \"AcctStatusCode\": \"Valid\",\n      \"EffDt\": \"5410-67-41\"\n    },\n    \"LoanAcctInfo\": {\n      \"GoodThruDt\": \"1977-12-31\",\n      \"AcctDtlStatus\": \"Active\",\n      \"AcctDtlStatusEnumDesc\": \"ullamco tempor \",\n      \"FederalInsuranceEligibility\": \"NotApplicable\",\n      \"ProductIdent\": \"proident non ex\",\n      \"InitialAmount\": {\n        \"Amt\": -97586804.80276892\n      },\n      \"OpenDt\": \"2015-10-07\",\n      \"Term\": {\n        \"TermUnits\": \"Months\",\n        \"Count\": -54091240\n      },\n      \"MaturityDt\": \"1996-09-13\",\n      \"DateData\": [\n        {\n          \"DateType\": \"ChargeOff\",\n          \"DateTypeEnumDesc\": \"la\"\n        },\n        {\n          \"DateType\": \"ChargeOff\",\n          \"DateTypeEnumDesc\": \"sit nulla\"\n        }\n      ],\n      \"RelationshipMgr\": [\n        {\n          \"RelationshipMgrIdent\": \"magna consectetur ea\",\n          \"RelationshipMgrIdentEnumDesc\": \"dol\",\n          \"RelationshipRole\": \"Officer\",\n          \"RelationshipRoleEnumDesc\": \"do laboris\"\n        },\n        {\n          \"RelationshipMgrIdent\": \"pariatur adipisicing non volupt\",\n          \"RelationshipMgrIdentEnumDesc\": \"velit nostrud\",\n          \"RelationshipRole\": \"Officer\",\n          \"RelationshipRoleEnumDesc\": \"incididunt anim\"\n        }\n      ],\n      \"OriginatingBranch\": \"aute eiusm\",\n      \"OriginatingBranchEnumDesc\": \"aliqua tempor\",\n      \"AcctTitleOption\": \"occaecat e\",\n      \"OEDCode\": \"Ut in\",\n      \"OEDCodeEnumDesc\": \"Ut aliquip\",\n      \"EmployeeInd\": true,\n      \"NoticeData\": [\n        {\n          \"NoticeType\": \"ull\"\n        },\n        {\n          \"NoticeType\": \"proident aliqua officia ipsum\"\n        }\n      ],\n      \"Rate\": 84434393.79012573,\n      \"EffectiveRate\": -87421384.37859283,\n      \"IntRateData\": {\n        \"AccrualMethod\": \"minim magna irure\"\n      },\n      \"AcctBal\": [\n        {\n          \"BalType\": \"Escrow\",\n          \"CurAmt\": {\n            \"Amt\": 59710401.421277046\n          },\n          \"BalTypeEnumDesc\": \"in ad eiusmod\"\n        },\n        {\n          \"BalType\": \"PayOffAmt\",\n          \"CurAmt\": {\n            \"Amt\": -34568637.108334646\n          },\n          \"BalTypeEnumDesc\": \"ut est consequat eiusmod\"\n        }\n      ],\n      \"AcctPeriodData\": [\n        {\n          \"AcctAmtType\": \"DelqCycle3\",\n          \"AcctAmtTypeEnumDesc\": \"magna\",\n          \"AcctPeriodType\": \"LTD\",\n          \"AcctPeriodTypeEnumDesc\": \"mollit ex dolor fugiat dolor\",\n          \"Amt\": -14153823.274053857,\n          \"Count\": -6700029\n        },\n        {\n          \"AcctAmtType\": \"LateFeeAssessed LateFeeEarned\",\n          \"AcctAmtTypeEnumDesc\": \"fugiat in veniam\",\n          \"AcctPeriodType\": \"YTD\",\n          \"AcctPeriodTypeEnumDesc\": \"do\",\n          \"Amt\": 29891569.65284802,\n          \"Count\": -98861412\n        }\n      ],\n      \"Fee\": [\n        {\n          \"FeeCalcOption\": \"ut sit qui\",\n          \"CurAmt\": {\n            \"Amt\": -40906935.568988346\n          },\n          \"BalPercent\": -18121310.512466416\n        },\n        {\n          \"FeeCalcOption\": \"proident\",\n          \"CurAmt\": {\n            \"Amt\": -96456413.56533594\n          },\n          \"BalPercent\": 72393820.3306883\n        }\n      ],\n      \"CreditRisk\": [\n        {\n          \"RiskCategory\": \"RiskScore1\",\n          \"InternalScore\": \"ut eu\"\n        },\n        {\n          \"RiskCategory\": \"RiskScore2\",\n          \"InternalScore\": \"tempor\"\n        }\n      ],\n      \"RestrictedInd\": true,\n      \"SoldPercent\": 25094544.121516645,\n      \"OriginationDt\": \"1946-08-15\",\n      \"LastRenewalDt\": \"1968-07-29\",\n      \"Freq\": \"Quarterly\",\n      \"CollateralCode\": \"ullamco\",\n      \"CollateralCodeEnumDesc\": \"eiusmod occaecat aliquip\",\n      \"Insurance\": [\n        {\n          \"InsuranceType\": \"exercitation nulla laboris laborum\"\n        },\n        {\n          \"InsuranceType\": \"consequat enim\"\n        }\n      ],\n      \"CreditLineCycle\": -89570225,\n      \"LoanBilling\": {\n        \"BillingMethod\": \"ACHXferBill - NEW\",\n        \"BillingMethodEnumDesc\": \"do non\",\n        \"LOCPaymentMethodEnumDesc\": \"et aliqua ut Lorem deserunt\",\n        \"FromAcctKeys\": {\n          \"AcctId\": \"qui et\"\n        }\n      },\n      \"TotalPmtCount\": -31386817,\n      \"RegPmt\": {\n        \"PmtCompositeAmt\": [\n          {\n            \"CurAmt\": {\n              \"Amt\": -17177552.273508027\n            },\n            \"CompositeCurAmtType\": \"LoanPayment\",\n            \"CompositeCurAmtTypeEnumDesc\": \"aut\"\n          },\n          {\n            \"CurAmt\": {\n              \"Amt\": 12355899.538220331\n            },\n            \"CompositeCurAmtType\": \"LoanPayment\",\n            \"CompositeCurAmtTypeEnumDesc\": \"deserunt tempor\"\n          }\n        ]\n      },\n      \"PmtSched\": [\n        {\n          \"PmtAmtOption\": \"SplitSched\"\n        },\n        {\n          \"PmtAmtOption\": \"PctPrincipalPlusInterest\"\n        }\n      ],\n      \"LateFee\": {\n        \"GraceDays\": -77595877\n      },\n      \"NextPmt\": {\n        \"PmtCompositeAmt\": [\n          {\n            \"CurAmt\": {\n              \"Amt\": -51888428.40042338\n            },\n            \"CompositeCurAmtType\": \"esse sed Lorem\",\n            \"CompositeCurAmtTypeEnumDesc\": \"esse id proident\"\n          },\n          {\n            \"CurAmt\": {\n              \"Amt\": -96983568.00340289\n            },\n            \"CompositeCurAmtType\": \"qui culpa aliqua \",\n            \"CompositeCurAmtTypeEnumDesc\": \"eu in\"\n          }\n        ],\n        \"PmtDt\": \"2005-11-18\"\n      },\n      \"LastPmt\": {\n        \"PmtDt\": \"1945-05-15\"\n      },\n      \"NonAccrualInd\": true,\n      \"PmtPostingRestrictions\": {\n        \"RestrictionReasonCode\": \"aliquip et dolor\"\n      },\n      \"Dealer\": [\n        {\n          \"DealerIdent\": \"ut in est\",\n          \"DealerReserveAmt\": {\n            \"Amt\": 58426998.30730021\n          }\n        },\n        {\n          \"DealerIdent\": \"Duis\",\n          \"DealerReserveAmt\": {\n            \"Amt\": 62825811.563660055\n          }\n        }\n      ],\n      \"LOCAdvance\": {\n        \"LimitAmt\": {\n          \"Amt\": -49731946.753336184\n        }\n      },\n      \"IncYearEndReportCode\": \"1098andHist\",\n      \"HomeMortgageDisclosure\": {\n        \"MortgageType\": \"laboris qui dolore\",\n        \"PropertyType\": \"laboris esse aliquip officia\",\n        \"PurposeCode\": \"veniam\"\n      },\n      \"CreditBureauAcctData\": {\n        \"BureauStatus\": \"sunt magna\"\n      }\n    }\n  },\n  \"Status\": {\n    \"Severity\": \"Info\",\n    \"StatusCode\": \"aute\",\n    \"StatusDesc\": \"cupidatat commodo\",\n    \"SvcProviderName\": \"magn\",\n    \"Id\": \"adipisicing exercitation est nisi\",\n    \"ServerStatusCode\": \"consecte\",\n    \"ServerStatusDesc\": \"ut laborum qui cillum\",\n    \"OvrdExceptionInd\": true,\n    \"SubjectRole\": \"consectetur proident amet labore Duis\",\n    \"SubjectElement\": [\n      {\n        \"Path\": \"Duis eu laborum cillum\",\n        \"ServerPath\": \"in incididunt occaecat\",\n        \"Value\": \"ipsum dolore anim Lorem\"\n      },\n      {\n        \"Path\": \"amet Duis sint\",\n        \"ServerPath\": \"nostrud culpa dolor do\",\n        \"Value\": \"in sint laboris\"\n      }\n    ],\n    \"ContentHTML\": \"Ut adipisic\",\n    \"AdditionalStatus\": [\n      {\n        \"StatusCode\": \"cupidatat in cons\",\n        \"StatusDesc\": \"culpa in\",\n        \"Severity\": \"Warning\",\n        \"SvcProviderName\": \"incididunt amet\",\n        \"ServerStatusCode\": \"ut\",\n        \"ServerStatusDesc\": \"cillum aute fugiat\",\n        \"OvrdExceptionInd\": false,\n        \"SubjectElement\": [\n          {\n            \"Path\": \"est sunt\",\n            \"ServerPath\": \"in commodo\",\n            \"Value\": \"exercitation quis veniam dolor dolore\"\n          },\n          {\n            \"Path\": \"laborum anim nostrud\",\n            \"ServerPath\": \"ut\",\n            \"Value\": \"non cupidatat ut ipsum\"\n          }\n        ]\n      },\n      {\n        \"StatusCode\": \"sunt consequat ad i\",\n        \"StatusDesc\": \"nostrud ut in nisi\",\n        \"Severity\": \"Error\",\n        \"SvcProviderName\": \"velit dolor ad eiusmod\",\n        \"ServerStatusCode\": \"in ea \",\n        \"ServerStatusDesc\": \"e\",\n        \"OvrdExceptionInd\": true,\n        \"SubjectElement\": [\n          {\n            \"Path\": \"in velit in irure\",\n            \"ServerPath\": \"dolor ad\",\n            \"Value\": \"aliqua amet\"\n          },\n          {\n            \"Path\": \"dolor eli\",\n            \"ServerPath\": \"velit labore deserunt\",\n            \"Value\": \"n\"\n          }\n        ]\n      }\n    ]\n  }\n}","cookie":[],"_postman_previewlanguage":"json"}],"event":[],"protocolProfileBehavior":{"disableBodyPruning":true}}],"event":[],"variable":[{"type":"string","value":"/","key":"baseUrl"}],"info":{"_postman_id":"19f5f516-312b-4afa-bb8b-a16c7e22d852","name":"Account Service","schema":"https://schema.getpostman.com/json/collection/v2.1.0/collection.json","description":{"content":"The account service helps to create and manage product accounts serviced by the financial institutions. It is also used to retrieve information about the existing accounts and maintain information of new accounts.","type":"text/plain"}}}