{"item":[{"id":"e666ad73-7a2a-44d3-8b64-7a33e2e1e5d7","name":"Get Account Details","request":{"name":"Get Account Details","description":{"content":"Get Account API retrieves various details of a Demand Deposit Loan account (DDL).<br>For Premier, the DDL account provides ability to advance funds to a Demand Deposit account for overdraft or any other purpose. Additionally, the DDL account is an extension of DDA, therefore the account number, product type, customer relationships, addresses and other information are similar in DDL and DDA. <br> <br> To download the API Specifications and Postman Collection, click <a href=\"../docs/?path=docs/resources/resources.md\" title=\"Click to open\">Resources</a>.","type":"text/plain"},"url":{"path":["acctservice","acctmgmt","accounts","secured"],"host":["{{baseUrl}}"],"query":[],"variable":[]},"header":[{"disabled":false,"description":"(Required) EFX Header is a common and required component for all API calls, it contains client-related parameters. Please note that the header parameters should be sent as a JSON object under the EFXHeader parameter. To view the list of header parameters, <a href=\"../docs?path=docs/api-ref-EFX-header.md\" title=\"Click to open\"> click here.</a>","key":"EFXHeader","value":"OrganizationId,<string>,TrnId,<string>,VendorId,<string>,Context,[object Object]"},{"key":"Content-Type","value":"application/json"},{"key":"Accept","value":"application/json"}],"method":"POST","auth":null,"body":{"mode":"raw","raw":"{\n  \"AcctSel\": {\n    \"AcctKeys\": {\n      \"AcctId\": \"<string>\",\n      \"AcctType\": \"<string>\"\n    }\n  }\n}","options":{"raw":{"language":"json"}}}},"response":[{"id":"d2eec841-687c-4a93-864e-feb57418539e","name":"Success","originalRequest":{"url":{"path":["acctservice","acctmgmt","accounts","secured"],"host":["{{baseUrl}}"],"query":[],"variable":[]},"header":[{"disabled":false,"description":"(Required) EFX Header is a common and required component for all API calls, it contains client-related parameters. Please note that the header parameters should be sent as a JSON object under the EFXHeader parameter. To view the list of header parameters, <a href=\"../docs?path=docs/api-ref-EFX-header.md\" title=\"Click to open\"> click here.</a>","key":"EFXHeader","value":"OrganizationId,<string>,TrnId,<string>,VendorId,<string>,Context,[object Object]"},{"key":"Accept","value":"application/json"}],"method":"POST","body":{"mode":"raw","raw":"{\n  \"AcctSel\": {\n    \"AcctKeys\": {\n      \"AcctId\": \"<string>\",\n      \"AcctType\": \"<string>\"\n    }\n  }\n}","options":{"raw":{"language":"json"}}}},"status":"OK","code":200,"header":[{"key":"Content-Type","value":"application/json"}],"body":"{\n  \"AcctRec\": {\n    \"AcctKeys\": {\n      \"AcctId\": \"Duis incididunt a\",\n      \"AcctType\": \"DDL\"\n    },\n    \"AcctStatus\": {\n      \"AcctStatusCode\": \"Valid\",\n      \"EffDt\": \"1455-32-47T88:09:81.835-40:82\"\n    },\n    \"LoanAcctInfo\": {\n      \"AcctDtlStatus\": \"Closed\",\n      \"AcctDtlStatusEnumDesc\": \"ut id\",\n      \"FederalInsuranceEligibility\": \"NotApplicable\",\n      \"AcctIdent\": [\n        {\n          \"AcctIdentType\": \"PORT\",\n          \"AcctIdentValue\": \"ullamco laborum ad elit\"\n        },\n        {\n          \"AcctIdentType\": \"PORT\",\n          \"AcctIdentValue\": \"dolore enim con\"\n        }\n      ],\n      \"ProductIdent\": \"velit\",\n      \"Desc\": \"dolor laboris quis\",\n      \"OpenDt\": \"1994-10-05\",\n      \"ClosedDt\": \"2001-10-16\",\n      \"MaturityDt\": \"1990-05-02\",\n      \"DateData\": [\n        {\n          \"DateType\": \"LastPrc\",\n          \"DateValue\": \"7604-74-55T37:31:36.308-14:99\"\n        },\n        {\n          \"DateType\": \"LastFileMaint\",\n          \"DateValue\": \"9729-23-71T97:06\"\n        }\n      ],\n      \"RelationshipMgr\": [\n        {\n          \"RelationshipMgrIdent\": \"aliquip\",\n          \"RelationshipMgrIdentEnumDesc\": \"pariatur co\",\n          \"RelationshipRole\": \"Officer\"\n        },\n        {\n          \"RelationshipMgrIdent\": \"proident aliquip\",\n          \"RelationshipMgrIdentEnumDesc\": \"nul\",\n          \"RelationshipRole\": \"Officer\"\n        }\n      ],\n      \"OriginatingBranch\": \"anim\",\n      \"OriginatingBranchEnumDesc\": \"voluptate\",\n      \"ResponsibleBranch\": \"proident\",\n      \"ResponsibleBranchEnumDesc\": \"tempor dolore culpa\",\n      \"OEDCode\": \"qui labore\",\n      \"OEDCodeEnumDesc\": \"quis reprehenderit\",\n      \"AccountingMethod\": \"CostCenter\",\n      \"AccountingValue\": \"la\",\n      \"ClassCode\": \"quis est\",\n      \"ClassCodeEnumDesc\": \"consectetur Lorem mollit Ut\",\n      \"AcctOpenMethod\": \"Mail\",\n      \"AcctStmtData\": {\n        \"LastStmtDt\": \"2014-05-16\"\n      },\n      \"NoticeData\": [\n        {\n          \"NoticeType\": \"RegularNotice\",\n          \"NoticeOption\": \"PositiveNotice\"\n        },\n        {\n          \"NoticeType\": \"RegularNotice\",\n          \"NoticeOption\": \"AllNotice\"\n        }\n      ],\n      \"ProdIntRateId\": \"dolore \",\n      \"ProdIntRateIdEnumDesc\": \"cillum Ut dolore \",\n      \"Rate\": 37639932.14421156,\n      \"IntRateData\": {\n        \"DailyAccrualFactor\": 37112867.425356746,\n        \"SplitRateData\": {\n          \"SplitAmt\": -32150383,\n          \"OverRate\": 42826950.16830233,\n          \"UnderRate\": 72973909.74140427\n        }\n      },\n      \"RateChangeData\": [\n        {\n          \"RateVariance\": 56515117.19695228,\n          \"FloorRate\": 64098343.46770927,\n          \"CeilingRate\": 35591629.81311795\n        },\n        {\n          \"RateVariance\": 65649976.07938263,\n          \"FloorRate\": -30921755.97051616,\n          \"CeilingRate\": -86468468.10278949\n        }\n      ],\n      \"AcctBal\": [\n        {\n          \"BalType\": \"PastDue\",\n          \"CurAmt\": {\n            \"Amt\": 49144181.176044166,\n            \"CurCode\": {\n              \"CurCodeValue\": \"tempor\",\n              \"CurCodeType\": \"ISO4217-Alpha\"\n            }\n          }\n        },\n        {\n          \"BalType\": \"PastDue\",\n          \"CurAmt\": {\n            \"Amt\": 18123726.15152751,\n            \"CurCode\": {\n              \"CurCodeValue\": \"sunt laborum eu\",\n              \"CurCodeType\": \"ISO4217-Alpha\"\n            }\n          }\n        }\n      ],\n      \"AcctPeriodData\": [\n        {\n          \"AcctAmtType\": \"IntAccrued\",\n          \"AcctPeriodType\": \"CTD\",\n          \"LastOccurInd\": true,\n          \"Amt\": -65869698.183288164,\n          \"Count\": -28789152,\n          \"LastOccuranceDt\": \"7967-66-28\"\n        },\n        {\n          \"AcctAmtType\": \"AdvAmt\",\n          \"AcctPeriodType\": \"LTD\",\n          \"LastOccurInd\": true,\n          \"Amt\": -71707672.86239545,\n          \"Count\": 59120450,\n          \"LastOccuranceDt\": \"7908-46-98T12:58\"\n        }\n      ],\n      \"PostAddr\": [\n        {\n          \"AddrType\": \"Seasonal\",\n          \"AddressIdent\": \"a\",\n          \"AddrUse\": \"Mailing\",\n          \"AddrFormatType\": \"Label\",\n          \"FullName1\": \"irure ut adipisicing\",\n          \"FullName2\": \"in elit\",\n          \"FullName3\": \"culpa aliquip\",\n          \"Addr1\": \"nulla voluptate anim\",\n          \"Addr2\": \"enim consequat\",\n          \"City\": \"veniam amet t\",\n          \"StateProv\": \"in nostrud dolore\",\n          \"PostalCode\": \"nostrud \",\n          \"CountryCode\": {\n            \"CountryCodeValue\": \"id enim\",\n            \"CountryCodeSource\": \"SPCountryCode\",\n            \"CountryCodeValueEnumDesc\": \"consectetur\"\n          },\n          \"TimeFrame\": {\n            \"StartDt\": \"2864-13-91T13:53\",\n            \"EndDt\": \"6422-23-78\"\n          },\n          \"CensusTract\": \"mol\",\n          \"CensusBlock\": \"ut\",\n          \"ForeignFlag\": true,\n          \"HandlingCode\": \"est irure dolor\",\n          \"HandlingCodeOption\": \"StatementsChecks\",\n          \"MSACode\": -83231413\n        },\n        {\n          \"AddrType\": \"Seasonal\",\n          \"AddressIdent\": \"dolo\",\n          \"AddrUse\": \"Mailing\",\n          \"AddrFormatType\": \"Label\",\n          \"FullName1\": \"ea consectetur\",\n          \"FullName2\": \"in\",\n          \"FullName3\": \"eiusmod id culpa veniam et\",\n          \"Addr1\": \"ad\",\n          \"Addr2\": \"sunt\",\n          \"City\": \"officia veniam\",\n          \"StateProv\": \"in\",\n          \"PostalCode\": \"Except\",\n          \"CountryCode\": {\n            \"CountryCodeValue\": \"veniam ut magna id\",\n            \"CountryCodeSource\": \"SPCountryCode\",\n            \"CountryCodeValueEnumDesc\": \"dolore reprehenderit\"\n          },\n          \"TimeFrame\": {\n            \"StartDt\": \"6237-14-38\",\n            \"EndDt\": \"3561-53-30T58:02:21.122+08:15\"\n          },\n          \"CensusTract\": \"eu sit consequat\",\n          \"CensusBlock\": \"aliq\",\n          \"ForeignFlag\": true,\n          \"HandlingCode\": \"exercitation id nisi do\",\n          \"HandlingCodeOption\": \"StatementsChecks\",\n          \"MSACode\": 95741077\n        }\n      ],\n      \"CreditRisk\": [\n        {\n          \"RiskCategory\": \"RatingCode1\",\n          \"InternalScore\": \"eiusmod\"\n        },\n        {\n          \"RiskCategory\": \"RiskScore2\",\n          \"InternalScore\": \"labore \"\n        }\n      ],\n      \"RiskRanking\": \"tempor exercitation\",\n      \"ElectronicBankingOpt\": \"Disable\",\n      \"RestrictedInd\": false,\n      \"AcctMemoData\": [\n        {\n          \"AcctMemoIdent\": \"2\",\n          \"AcctMemoType\": \"Warning\",\n          \"AcctMemoCode\": \"aliquip\",\n          \"AcctMemoText\": \"exercitation adipisicing\"\n        },\n        {\n          \"AcctMemoIdent\": \"2\",\n          \"AcctMemoType\": \"Teller\",\n          \"AcctMemoCode\": \"velit Excepteur Lorem ut\",\n          \"AcctMemoText\": \"in dolor adipisicing minim\"\n        }\n      ],\n      \"LoanReviewData\": {\n        \"LastReviewDt\": \"1974-04-27\",\n        \"NextReviewDt\": \"1983-03-05\"\n      },\n      \"OriginationDt\": \"2015-08-13\",\n      \"ReportPurposeCode\": \"ullamco sit laboris amet\",\n      \"CollateralCode\": \"sint aute\",\n      \"LoanBilling\": {\n        \"LOCPaymentMethod\": \"Capitalize\"\n      },\n      \"DuePmt\": {\n        \"PmtCompositeAmt\": [\n          {\n            \"CurAmt\": {\n              \"Amt\": -16306110.944871172,\n              \"CurCode\": {\n                \"CurCodeValue\": \"labore do veniam\",\n                \"CurCodeType\": \"ISO4217-Alpha\"\n              }\n            },\n            \"CompositeCurAmtType\": \"Total\"\n          },\n          {\n            \"CurAmt\": {\n              \"Amt\": 19212603.3793862,\n              \"CurCode\": {\n                \"CurCodeValue\": \"quis in culpa Duis dolore\",\n                \"CurCodeType\": \"ISO4217-Alpha\"\n              }\n            },\n            \"CompositeCurAmtType\": \"Total\"\n          }\n        ],\n        \"DueDt\": \"9566-28-94T03:00:59\"\n      },\n      \"LastPmt\": {\n        \"PmtCompositeAmt\": [\n          {\n            \"CurAmt\": {\n              \"Amt\": -12508894.459364623,\n              \"CurCode\": {\n                \"CurCodeValue\": \"in est occaecat\",\n                \"CurCodeType\": \"ISO4217-Alpha\"\n              }\n            },\n            \"CompositeCurAmtType\": \"LastPmt\"\n          },\n          {\n            \"CurAmt\": {\n              \"Amt\": -26489576.678701,\n              \"CurCode\": {\n                \"CurCodeValue\": \"occaecat consequat Lorem\",\n                \"CurCodeType\": \"ISO4217-Alpha\"\n              }\n            },\n            \"CompositeCurAmtType\": \"LastPmt\"\n          }\n        ],\n        \"PmtDt\": \"1988-11-11\"\n      },\n      \"LOCAdvance\": {\n        \"AdvanceCode\": \"None\",\n        \"OrigLimitAmt\": {\n          \"Amt\": 15085479.842277125,\n          \"CurCode\": {\n            \"CurCodeValue\": \"ullamco in minim aute\",\n            \"CurCodeType\": \"ISO4217-Alpha\"\n          }\n        },\n        \"LimitAmt\": {\n          \"Amt\": 43696540.421186835,\n          \"CurCode\": {\n            \"CurCodeValue\": \"officia magna minim\",\n            \"CurCodeType\": \"ISO4217-Alpha\"\n          }\n        },\n        \"WaiveAdvanceFeeInd\": false\n      },\n      \"IncYearEndReportCode\": \"ReportToBorrower\"\n    }\n  },\n  \"Status\": {\n    \"Severity\": \"Error\",\n    \"StatusCode\": \"labore\",\n    \"StatusDesc\": \"irure ipsum\",\n    \"SvcProviderName\": \"ad Excepteur sunt\",\n    \"Id\": \"anim commodo se\",\n    \"ServerStatusCode\": \"quis laborum\",\n    \"ServerStatusDesc\": \"consectetur minim\",\n    \"OvrdExceptionInd\": true,\n    \"SubjectRole\": \"laboris nisi\",\n    \"SubjectElement\": [\n      {\n        \"Path\": \"quis nu\",\n        \"ServerPath\": \"in labore\",\n        \"Value\": \"culpa do exercitation dolore irure\"\n      },\n      {\n        \"Path\": \"ullamco incididunt aliquip dolor\",\n        \"ServerPath\": \"esse culpa pariatur\",\n        \"Value\": \"Ut ea proident do reprehenderit\"\n      }\n    ],\n    \"ContentHTML\": \"ut cillum nulla\",\n    \"AdditionalStatus\": [\n      {\n        \"StatusCode\": \"cill\",\n        \"StatusDesc\": \"tempor eiusmod mollit ad in\",\n        \"Severity\": \"Warning\",\n        \"SvcProviderName\": \"ipsum aliquip reprehenderit labore cupidatat\",\n        \"ServerStatusCode\": \"ve\",\n        \"ServerStatusDesc\": \"eu sed\",\n        \"OvrdExceptionInd\": false,\n        \"SubjectElement\": [\n          {\n            \"Path\": \"et aliquip veniam \",\n            \"ServerPath\": \"laboris proident officia\",\n            \"Value\": \"ea labore\"\n          },\n          {\n            \"Path\": \"dolore in\",\n            \"ServerPath\": \"nostrud ut ipsum cillum irure\",\n            \"Value\": \"enim cupidatat in\"\n          }\n        ]\n      },\n      {\n        \"StatusCode\": \"aliqui\",\n        \"StatusDesc\": \"minim exercitation adipisicing\",\n        \"Severity\": \"Warning\",\n        \"SvcProviderName\": \"dolor\",\n        \"ServerStatusCode\": \"et a\",\n        \"ServerStatusDesc\": \"occaecat Excepteur dolor proident\",\n        \"OvrdExceptionInd\": false,\n        \"SubjectElement\": [\n          {\n            \"Path\": \"velit incididunt cupidatat\",\n            \"ServerPath\": \"consectetur tempor aliqua\",\n            \"Value\": \"nulla Lorem aliquip ea sint\"\n          },\n          {\n            \"Path\": \"est qui id sed\",\n            \"ServerPath\": \"amet nostrud quis\",\n            \"Value\": \"laboris eiusmod in eu\"\n          }\n        ]\n      }\n    ]\n  }\n}","cookie":[],"_postman_previewlanguage":"json"},{"id":"fbd2702e-6049-4112-9d24-502545862014","name":"To view the complete list of response codes, <a href=\"../docs/?path=docs/response-codes.md\" title=\"Click to open\">click here.</a>","originalRequest":{"url":{"path":["acctservice","acctmgmt","accounts","secured"],"host":["{{baseUrl}}"],"query":[],"variable":[]},"header":[{"disabled":false,"description":"(Required) EFX Header is a common and required component for all API calls, it contains client-related parameters. Please note that the header parameters should be sent as a JSON object under the EFXHeader parameter. To view the list of header parameters, <a href=\"../docs?path=docs/api-ref-EFX-header.md\" title=\"Click to open\"> click here.</a>","key":"EFXHeader","value":"OrganizationId,<string>,TrnId,<string>,VendorId,<string>,Context,[object Object]"},{"key":"Accept","value":"application/json"}],"method":"POST","body":{"mode":"raw","raw":"{\n  \"AcctSel\": {\n    \"AcctKeys\": {\n      \"AcctId\": \"<string>\",\n      \"AcctType\": \"<string>\"\n    }\n  }\n}","options":{"raw":{"language":"json"}}}},"status":"Internal Server Error","code":500,"header":[{"key":"Content-Type","value":"application/json"}],"body":"{\n  \"AcctRec\": {\n    \"AcctKeys\": {\n      \"AcctId\": \"veniam velit\",\n      \"AcctType\": \"DDL\"\n    },\n    \"AcctStatus\": {\n      \"AcctStatusCode\": \"Valid\",\n      \"EffDt\": \"2789-88-92T97:30\"\n    },\n    \"LoanAcctInfo\": {\n      \"AcctDtlStatus\": \"Active\",\n      \"AcctDtlStatusEnumDesc\": \"tempor cillum labore in\",\n      \"FederalInsuranceEligibility\": \"NotApplicable\",\n      \"AcctIdent\": [\n        {\n          \"AcctIdentType\": \"PORT\",\n          \"AcctIdentValue\": \"velit la\"\n        },\n        {\n          \"AcctIdentType\": \"PORT\",\n          \"AcctIdentValue\": \"o\"\n        }\n      ],\n      \"ProductIdent\": \"consectetur nostrud\",\n      \"Desc\": \"elit dolor\",\n      \"OpenDt\": \"1985-08-14\",\n      \"ClosedDt\": \"1978-05-25\",\n      \"MaturityDt\": \"1980-03-21\",\n      \"DateData\": [\n        {\n          \"DateType\": \"LastFileMaint\",\n          \"DateValue\": \"3274-65-48T24:63\"\n        },\n        {\n          \"DateType\": \"LastTrn\",\n          \"DateValue\": \"8625-28-45\"\n        }\n      ],\n      \"RelationshipMgr\": [\n        {\n          \"RelationshipMgrIdent\": \"dolore non\",\n          \"RelationshipMgrIdentEnumDesc\": \"officia\",\n          \"RelationshipRole\": \"SecondOfficer\"\n        },\n        {\n          \"RelationshipMgrIdent\": \"officia non\",\n          \"RelationshipMgrIdentEnumDesc\": \"dolor in ea laboris\",\n          \"RelationshipRole\": \"Officer\"\n        }\n      ],\n      \"OriginatingBranch\": \"occ\",\n      \"OriginatingBranchEnumDesc\": \"officia eu\",\n      \"ResponsibleBranch\": \"ea nulla culpa offi\",\n      \"ResponsibleBranchEnumDesc\": \"ipsum in\",\n      \"OEDCode\": \"sed dolor\",\n      \"OEDCodeEnumDesc\": \"ut Lorem ad\",\n      \"AccountingMethod\": \"Class\",\n      \"AccountingValue\": \"rep\",\n      \"ClassCode\": \"laboris dolore do enim eiusmod\",\n      \"ClassCodeEnumDesc\": \"ipsum Duis \",\n      \"AcctOpenMethod\": \"Internet\",\n      \"AcctStmtData\": {\n        \"LastStmtDt\": \"1985-07-27\"\n      },\n      \"NoticeData\": [\n        {\n          \"NoticeType\": \"RegularNotice\",\n          \"NoticeOption\": \"NegativeNotice\"\n        },\n        {\n          \"NoticeType\": \"RegularNotice\",\n          \"NoticeOption\": \"NegativeNotice\"\n        }\n      ],\n      \"ProdIntRateId\": \"deserun\",\n      \"ProdIntRateIdEnumDesc\": \"Duis Lore\",\n      \"Rate\": 15596203.037661478,\n      \"IntRateData\": {\n        \"DailyAccrualFactor\": 73316719.46933112,\n        \"SplitRateData\": {\n          \"SplitAmt\": -18042804,\n          \"OverRate\": 7736254.54664892,\n          \"UnderRate\": -36399930.670416184\n        }\n      },\n      \"RateChangeData\": [\n        {\n          \"RateVariance\": 17980032.187542558,\n          \"FloorRate\": -99557259.88805626,\n          \"CeilingRate\": -67592550.4430921\n        },\n        {\n          \"RateVariance\": 59685627.52411196,\n          \"FloorRate\": 9397428.418655366,\n          \"CeilingRate\": 54761507.428861886\n        }\n      ],\n      \"AcctBal\": [\n        {\n          \"BalType\": \"AvailCredit\",\n          \"CurAmt\": {\n            \"Amt\": 84289527.64886001,\n            \"CurCode\": {\n              \"CurCodeValue\": \"commodo ipsum est\",\n              \"CurCodeType\": \"ISO4217-Alpha\"\n            }\n          }\n        },\n        {\n          \"BalType\": \"Principal\",\n          \"CurAmt\": {\n            \"Amt\": 9840260.915237889,\n            \"CurCode\": {\n              \"CurCodeValue\": \"sint ut velit fugiat aliquip\",\n              \"CurCodeType\": \"ISO4217-Alpha\"\n            }\n          }\n        }\n      ],\n      \"AcctPeriodData\": [\n        {\n          \"AcctAmtType\": \"FeeAssessed\",\n          \"AcctPeriodType\": \"CTD\",\n          \"LastOccurInd\": false,\n          \"Amt\": 30833202.2136935,\n          \"Count\": -97543022,\n          \"LastOccuranceDt\": \"3601-75-21T19:12:68\"\n        },\n        {\n          \"AcctAmtType\": \"IntAccrued\",\n          \"AcctPeriodType\": \"YTD\",\n          \"LastOccurInd\": false,\n          \"Amt\": -33375594.22170253,\n          \"Count\": -84470932,\n          \"LastOccuranceDt\": \"6996-02-37T37:39:76+18:66\"\n        }\n      ],\n      \"PostAddr\": [\n        {\n          \"AddrType\": \"Primary\",\n          \"AddressIdent\": \"l\",\n          \"AddrUse\": \"Inquiry\",\n          \"AddrFormatType\": \"Label\",\n          \"FullName1\": \"in Duis dolore dolore\",\n          \"FullName2\": \"temp\",\n          \"FullName3\": \"quis\",\n          \"Addr1\": \"tempor nisi s\",\n          \"Addr2\": \"commodo velit officia magna aliquip\",\n          \"City\": \"non \",\n          \"StateProv\": \"mollit minim anim aliquip\",\n          \"PostalCode\": \"deserunt e\",\n          \"CountryCode\": {\n            \"CountryCodeValue\": \"enim aliqua Lorem\",\n            \"CountryCodeSource\": \"SPCountryCode\",\n            \"CountryCodeValueEnumDesc\": \"ut inci\"\n          },\n          \"TimeFrame\": {\n            \"StartDt\": \"0289-63-87T91:51\",\n            \"EndDt\": \"9322-61-08T19:80:39+66:83\"\n          },\n          \"CensusTract\": \"non in pariat\",\n          \"CensusBlock\": \"dolore fugiat\",\n          \"ForeignFlag\": true,\n          \"HandlingCode\": \"quis pariatur\",\n          \"HandlingCodeOption\": \"StatementsNotices\",\n          \"MSACode\": -9843596\n        },\n        {\n          \"AddrType\": \"Secondary\",\n          \"AddressIdent\": \"proident nulla consequat\",\n          \"AddrUse\": \"Inquiry\",\n          \"AddrFormatType\": \"Label\",\n          \"FullName1\": \"Excepteur incididunt ullamco nisi\",\n          \"FullName2\": \"sit nulla officia\",\n          \"FullName3\": \"irure minim aliqua\",\n          \"Addr1\": \"nisi dolor Ut aute tempor\",\n          \"Addr2\": \"et aliqua\",\n          \"City\": \"Ut aute culpa\",\n          \"StateProv\": \"cillum irure enim ex\",\n          \"PostalCode\": \"sed consec\",\n          \"CountryCode\": {\n            \"CountryCodeValue\": \"officia deserunt\",\n            \"CountryCodeSource\": \"SPCountryCode\",\n            \"CountryCodeValueEnumDesc\": \"dolore\"\n          },\n          \"TimeFrame\": {\n            \"StartDt\": \"1902-95-26T57:44\",\n            \"EndDt\": \"9254-16-46\"\n          },\n          \"CensusTract\": \"enim incididunt ul\",\n          \"CensusBlock\": \"cillum et\",\n          \"ForeignFlag\": true,\n          \"HandlingCode\": \"in labore dolor\",\n          \"HandlingCodeOption\": \"UsePortfolio\",\n          \"MSACode\": -72922458\n        }\n      ],\n      \"CreditRisk\": [\n        {\n          \"RiskCategory\": \"CreditScore\",\n          \"InternalScore\": \"sit aute in\"\n        },\n        {\n          \"RiskCategory\": \"RatingCode1\",\n          \"InternalScore\": \"ullamco tempor aliq\"\n        }\n      ],\n      \"RiskRanking\": \"ullamco ut\",\n      \"ElectronicBankingOpt\": \"Disable\",\n      \"RestrictedInd\": true,\n      \"AcctMemoData\": [\n        {\n          \"AcctMemoIdent\": \"2\",\n          \"AcctMemoType\": \"Warning\",\n          \"AcctMemoCode\": \"cupidatat consequat velit\",\n          \"AcctMemoText\": \"occaecat dolore et proident elit\"\n        },\n        {\n          \"AcctMemoIdent\": \"3\",\n          \"AcctMemoType\": \"Warning\",\n          \"AcctMemoCode\": \"dolore in irure aliquip ipsum\",\n          \"AcctMemoText\": \"aliquip commodo ea\"\n        }\n      ],\n      \"LoanReviewData\": {\n        \"LastReviewDt\": \"1993-12-02\",\n        \"NextReviewDt\": \"2003-04-06\"\n      },\n      \"OriginationDt\": \"2009-03-11\",\n      \"ReportPurposeCode\": \"quis cupidatat elit commodo\",\n      \"CollateralCode\": \"esse laborum tempor dolore\",\n      \"LoanBilling\": {\n        \"LOCPaymentMethod\": \"CapitalizeAndZeroDaily\"\n      },\n      \"DuePmt\": {\n        \"PmtCompositeAmt\": [\n          {\n            \"CurAmt\": {\n              \"Amt\": 62250414.15897593,\n              \"CurCode\": {\n                \"CurCodeValue\": \"adipisicing esse ea\",\n                \"CurCodeType\": \"ISO4217-Alpha\"\n              }\n            },\n            \"CompositeCurAmtType\": \"Total\"\n          },\n          {\n            \"CurAmt\": {\n              \"Amt\": -17967789.354962036,\n              \"CurCode\": {\n                \"CurCodeValue\": \"in mollit\",\n                \"CurCodeType\": \"ISO4217-Alpha\"\n              }\n            },\n            \"CompositeCurAmtType\": \"Total\"\n          }\n        ],\n        \"DueDt\": \"4136-83-66\"\n      },\n      \"LastPmt\": {\n        \"PmtCompositeAmt\": [\n          {\n            \"CurAmt\": {\n              \"Amt\": 90633479.38847727,\n              \"CurCode\": {\n                \"CurCodeValue\": \"est ipsum\",\n                \"CurCodeType\": \"ISO4217-Alpha\"\n              }\n            },\n            \"CompositeCurAmtType\": \"LastPmt\"\n          },\n          {\n            \"CurAmt\": {\n              \"Amt\": 43789508.09916636,\n              \"CurCode\": {\n                \"CurCodeValue\": \"eu sunt\",\n                \"CurCodeType\": \"ISO4217-Alpha\"\n              }\n            },\n            \"CompositeCurAmtType\": \"LastPmt\"\n          }\n        ],\n        \"PmtDt\": \"1995-08-02\"\n      },\n      \"LOCAdvance\": {\n        \"AdvanceCode\": \"Manual\",\n        \"OrigLimitAmt\": {\n          \"Amt\": 90161100.89253905,\n          \"CurCode\": {\n            \"CurCodeValue\": \"reprehenderit veniam in\",\n            \"CurCodeType\": \"ISO4217-Alpha\"\n          }\n        },\n        \"LimitAmt\": {\n          \"Amt\": -45177962.20713115,\n          \"CurCode\": {\n            \"CurCodeValue\": \"non veniam\",\n            \"CurCodeType\": \"ISO4217-Alpha\"\n          }\n        },\n        \"WaiveAdvanceFeeInd\": false\n      },\n      \"IncYearEndReportCode\": \"NoReport\"\n    }\n  },\n  \"Status\": {\n    \"Severity\": \"Info\",\n    \"StatusCode\": \"e\",\n    \"StatusDesc\": \"Duis dolor ullamco\",\n    \"SvcProviderName\": \"veniam dolore\",\n    \"Id\": \"ullamco Lorem sunt\",\n    \"ServerStatusCode\": \"consec\",\n    \"ServerStatusDesc\": \"ipsum adipisicing\",\n    \"OvrdExceptionInd\": true,\n    \"SubjectRole\": \"do\",\n    \"SubjectElement\": [\n      {\n        \"Path\": \"non dolore dolore enim\",\n        \"ServerPath\": \"sed non occaecat\",\n        \"Value\": \"Lorem velit dolore Duis ea\"\n      },\n      {\n        \"Path\": \"ex reprehend\",\n        \"ServerPath\": \"esse veniam dolore\",\n        \"Value\": \"eiusmod minim\"\n      }\n    ],\n    \"ContentHTML\": \"nulla cupidatat\",\n    \"AdditionalStatus\": [\n      {\n        \"StatusCode\": \"amet ullamco com\",\n        \"StatusDesc\": \"ad nulla\",\n        \"Severity\": \"Info\",\n        \"SvcProviderName\": \"labore incididunt tempor\",\n        \"ServerStatusCode\": \"elit \",\n        \"ServerStatusDesc\": \"nostrud ex\",\n        \"OvrdExceptionInd\": false,\n        \"SubjectElement\": [\n          {\n            \"Path\": \"Excepteur exercitation laborum cillum\",\n            \"ServerPath\": \"ullamco esse minim\",\n            \"Value\": \"cillum est cupidatat enim\"\n          },\n          {\n            \"Path\": \"ut consectetur\",\n            \"ServerPath\": \"ullamco culpa aliqua in\",\n            \"Value\": \"enim aute si\"\n          }\n        ]\n      },\n      {\n        \"StatusCode\": \"eiu\",\n        \"StatusDesc\": \"laborum aute nisi eu\",\n        \"Severity\": \"Info\",\n        \"SvcProviderName\": \"voluptate enim ea magna pariatur\",\n        \"ServerStatusCode\": \"laborum id dolor D\",\n        \"ServerStatusDesc\": \"occaecat dolor magna cupidatat do\",\n        \"OvrdExceptionInd\": false,\n        \"SubjectElement\": [\n          {\n            \"Path\": \"nulla anim adipisicing\",\n            \"ServerPath\": \"nisi\",\n            \"Value\": \"ma\"\n          },\n          {\n            \"Path\": \"magna in\",\n            \"ServerPath\": \"exercitation\",\n            \"Value\": \"amet exercitation magna cillum\"\n          }\n        ]\n      }\n    ]\n  }\n}","cookie":[],"_postman_previewlanguage":"json"}],"event":[],"protocolProfileBehavior":{"disableBodyPruning":true}}],"event":[],"variable":[{"type":"string","value":"/","key":"baseUrl"}],"info":{"_postman_id":"e52a83f6-f29b-4f55-a035-225aff373e8e","name":"Account Service","schema":"https://schema.getpostman.com/json/collection/v2.1.0/collection.json","description":{"content":"The account service helps to create and manage product accounts serviced by the financial institutions. It is also used to retrieve information about the existing accounts and maintain information of new accounts.","type":"text/plain"}}}