{"item":[{"id":"cfbb2fdc-45ed-404b-9658-22072420174b","name":"Get Accounts.","request":{"name":"Get Accounts.","description":{"content":"Get Account API retrieves various details of a Loan Account (LOAN). <br>For Premier, this API retrieves the information on balances, open dates, payment data, escrow data, payment schedule, interest rate data, periodic data and the postal address associated with the account. <br> <br> To download the API Specifications and Postman Collection, click <a href=\"../docs/?path=docs/resources/resources.md\" title=\"Click to open\">Resources</a>.","type":"text/plain"},"url":{"path":["acctservice","acctmgmt","accounts","secured"],"host":["{{baseUrl}}"],"query":[],"variable":[]},"header":[{"disabled":false,"description":"(Required) EFX Header is a common and required component for all API calls, it contains client-related parameters. Please note that the header parameters should be sent as a JSON object under the EFXHeader parameter. To view the list of header parameters, <a href=\"../docs?path=docs/api-ref-EFX-header.md\" title=\"Click to open\"> click here.</a>","key":"EFXHeader","value":"OrganizationId,<string>,TrnId,<string>,VendorId,<string>,Context,[object Object]"},{"key":"Content-Type","value":"application/json"},{"key":"Accept","value":"application/json"}],"method":"POST","auth":null,"body":{"mode":"raw","raw":"{\n  \"AcctSel\": {\n    \"AcctKeys\": {\n      \"AcctId\": \"<string>\",\n      \"AcctType\": \"<string>\"\n    }\n  }\n}","options":{"raw":{"language":"json"}}}},"response":[{"id":"6251a25e-ce63-493a-a8ae-f0b2427d0413","name":"Success","originalRequest":{"url":{"path":["acctservice","acctmgmt","accounts","secured"],"host":["{{baseUrl}}"],"query":[],"variable":[]},"header":[{"disabled":false,"description":"(Required) EFX Header is a common and required component for all API calls, it contains client-related parameters. Please note that the header parameters should be sent as a JSON object under the EFXHeader parameter. To view the list of header parameters, <a href=\"../docs?path=docs/api-ref-EFX-header.md\" title=\"Click to open\"> click here.</a>","key":"EFXHeader","value":"OrganizationId,<string>,TrnId,<string>,VendorId,<string>,Context,[object Object]"},{"key":"Accept","value":"application/json"}],"method":"POST","body":{"mode":"raw","raw":"{\n  \"AcctSel\": {\n    \"AcctKeys\": {\n      \"AcctId\": \"<string>\",\n      \"AcctType\": \"<string>\"\n    }\n  }\n}","options":{"raw":{"language":"json"}}}},"status":"OK","code":200,"header":[{"key":"Content-Type","value":"application/json"}],"body":"{\n  \"AcctRec\": {\n    \"AcctKeys\": {\n      \"AcctId\": \"<string>\",\n      \"AcctType\": \"<string>\"\n    },\n    \"AcctStatus\": {\n      \"AcctStatusCode\": \"Valid\",\n      \"EffDt\": \"8015-45-81T49:67\"\n    },\n    \"LoanAcctInfo\": {\n      \"AcctDtlStatus\": \"Bankrupcty\",\n      \"AcctDtlStatusEnumDesc\": \"non\",\n      \"IsActiveInd\": false,\n      \"AcctPref\": {\n        \"Language\": \"Lorem cup\"\n      },\n      \"AcctIdent\": [\n        {\n          \"AcctIdentType\": \"PORT\",\n          \"AcctIdentValue\": \"el\"\n        },\n        {\n          \"AcctIdentType\": \"PORT\",\n          \"AcctIdentValue\": \"veniam e\"\n        }\n      ],\n      \"ProductIdent\": \"aliquip\",\n      \"Desc\": \"Duis in\",\n      \"InitialAmount\": {\n        \"Amt\": -61395345.9402472,\n        \"CurCode\": {\n          \"CurCodeValue\": \"aute do\",\n          \"CurCodeType\": \"ISO4217-Alpha\"\n        }\n      },\n      \"OpenDt\": \"2015-10-29\",\n      \"ClosedDt\": \"1996-06-24\",\n      \"MaturityDt\": \"1948-12-13\",\n      \"DateData\": [\n        {\n          \"DateType\": \"Contract\",\n          \"DateValue\": \"6801-41-96T97:95:43\"\n        },\n        {\n          \"DateType\": \"Accrual\",\n          \"DateValue\": \"0298-35-50T54:90:75\"\n        }\n      ],\n      \"RelationshipMgr\": [\n        {\n          \"RelationshipMgrIdent\": \"Ut in aliqua laboris\",\n          \"RelationshipMgrIdentEnumDesc\": \"dolor mollit\",\n          \"RelationshipRole\": \"Officer\"\n        },\n        {\n          \"RelationshipMgrIdent\": \"fugiat dolore sunt\",\n          \"RelationshipMgrIdentEnumDesc\": \"Excepteur off\",\n          \"RelationshipRole\": \"Officer\"\n        }\n      ],\n      \"OriginatingBranch\": \"cillum n\",\n      \"OriginatingBranchEnumDesc\": \"sed o\",\n      \"ResponsibleBranch\": \"consectetur Duis \",\n      \"ResponsibleBranchEnumDesc\": \"dolore\",\n      \"NicknameOption\": \"Printed\",\n      \"Nickname\": \"dolor qui vel\",\n      \"AcctTitleOption\": \"NotPrinted\",\n      \"AcctTitle\": \"magna\",\n      \"HandlingCodeOption\": \"DoNotPrint\",\n      \"HandlingCode\": \"consectetur pariatur Duis\",\n      \"OEDCode\": \"dolor\",\n      \"OEDCodeEnumDesc\": \"qui veniam tempor \",\n      \"AccountingMethod\": \"Purpose\",\n      \"AccountingValue\": \"culpa consect\",\n      \"ClassCode\": \"nulla fugiat\",\n      \"AcctTypeCode\": \"amet in\",\n      \"AcctOpenMethod\": \"InPerson\",\n      \"ClientDefinedData\": [\n        {\n          \"DataIdent\": \"irure amet et\",\n          \"DataType\": \"NotInUse\",\n          \"Value\": \"est culpa elit Lorem\",\n          \"DataLength\": -11997128,\n          \"ExpDt\": \"2013-12-03\",\n          \"Desc\": \"sed elit et in\",\n          \"RequiredFlag\": true\n        },\n        {\n          \"DataIdent\": \"mollit veniam i\",\n          \"DataType\": \"Alpha\",\n          \"Value\": \"ad quis aute officia sint\",\n          \"DataLength\": -97889044,\n          \"ExpDt\": \"1968-09-20\",\n          \"Desc\": \"consequat fugiat elit\",\n          \"RequiredFlag\": true\n        }\n      ],\n      \"AcctStmtData\": {\n        \"StmtTimeFrame\": [\n          {\n            \"RecurType\": {\n              \"value\": \"<Error: Too many levels of nesting to fake this schema>\"\n            },\n            \"RecurInterval\": {\n              \"value\": \"<Error: Too many levels of nesting to fake this schema>\"\n            },\n            \"DayOfMonth\": {\n              \"value\": \"<Error: Too many levels of nesting to fake this schema>\"\n            }\n          },\n          {\n            \"RecurType\": {\n              \"value\": \"<Error: Too many levels of nesting to fake this schema>\"\n            },\n            \"RecurInterval\": {\n              \"value\": \"<Error: Too many levels of nesting to fake this schema>\"\n            },\n            \"DayOfMonth\": {\n              \"value\": \"<Error: Too many levels of nesting to fake this schema>\"\n            }\n          }\n        ],\n        \"LastStmtDt\": \"1998-11-30\",\n        \"StmtPrepCode\": \"aute do\",\n        \"CombinedStmtIdent\": \"esse sunt irure\",\n        \"CombinedStmtCode\": \"SecondaryDDA\",\n        \"StmtFormat\": \"velit eu in\",\n        \"StmtGroup\": \"ut dolore\"\n      },\n      \"NoticeData\": [\n        {\n          \"NoticeType\": \"PmtChgNotice\",\n          \"NoticeOption\": \"GenerateNotice\",\n          \"LeadDays\": 47877324,\n          \"NoticeRemarks\": \"id minim eu\"\n        },\n        {\n          \"NoticeType\": \"AutoPmtNotice\",\n          \"NoticeOption\": \"GenerateNotice\",\n          \"LeadDays\": -38830614,\n          \"NoticeRemarks\": \"ad\"\n        }\n      ],\n      \"ProdIntRateId\": \"ma\",\n      \"ProdIntRateIdEnumDesc\": \"proident qui do\",\n      \"Rate\": 36922909.05365202,\n      \"IntRateData\": {\n        \"RateMatrixTier\": [\n          {\n            \"Tier\": {\n              \"value\": \"<Error: Too many levels of nesting to fake this schema>\"\n            },\n            \"RateIndex\": {\n              \"value\": \"<Error: Too many levels of nesting to fake this schema>\"\n            },\n            \"IntAPR\": {\n              \"value\": \"<Error: Too many levels of nesting to fake this schema>\"\n            }\n          },\n          {\n            \"Tier\": {\n              \"value\": \"<Error: Too many levels of nesting to fake this schema>\"\n            },\n            \"RateIndex\": {\n              \"value\": \"<Error: Too many levels of nesting to fake this schema>\"\n            },\n            \"IntAPR\": {\n              \"value\": \"<Error: Too many levels of nesting to fake this schema>\"\n            }\n          }\n        ],\n        \"AccrualMethod\": \"None\",\n        \"AccrualCode\": \"veniam elit\",\n        \"DailyAccrual\": \"Standard360\",\n        \"DailyAccrualFactor\": 82715487.8766371,\n        \"MinimumInterest\": 97706052.0179342,\n        \"SplitRateData\": {\n          \"SplitAmt\": -25267922,\n          \"OverRate\": -18544359.776155427,\n          \"UnderRate\": 74564777.5491038\n        }\n      },\n      \"MaturityIntCalcData\": {\n        \"MaturityIntRateType\": \"RateAdjusterOverrideFloorCeiling\"\n      },\n      \"RateChangeData\": [\n        {\n          \"VarianceFactorType\": \"Factor\",\n          \"RateFactor\": 37464219.84823063,\n          \"RateVariance\": -52371136.26653831,\n          \"FloorRate\": -71946197.23576583,\n          \"CeilingRate\": 26314515.79683426,\n          \"RoundingOption\": \"RoundUp\",\n          \"RoundingFactor\": -34621877.933482684,\n          \"RateChangeRecurType\": \"Maturity\",\n          \"RecurInterval\": 10581765,\n          \"DayOfMonth\": \"ea sint\",\n          \"NextRateChangeDt\": \"1993-01-02\"\n        },\n        {\n          \"VarianceFactorType\": \"Variance\",\n          \"RateFactor\": -25635119.010001525,\n          \"RateVariance\": 98715478.23817411,\n          \"FloorRate\": 2224316.2654036433,\n          \"CeilingRate\": -55095552.4031234,\n          \"RoundingOption\": \"NoOverride\",\n          \"RoundingFactor\": -71664356.36533444,\n          \"RateChangeRecurType\": \"Yearly\",\n          \"RecurInterval\": 21081090,\n          \"DayOfMonth\": \"proident aute minim labore\",\n          \"NextRateChangeDt\": \"2013-01-04\"\n        }\n      ],\n      \"AcctBal\": [\n        {\n          \"BalType\": \"OtherIns\",\n          \"CurAmt\": {\n            \"Amt\": {\n              \"value\": \"<Error: Too many levels of nesting to fake this schema>\"\n            },\n            \"CurCode\": {\n              \"value\": \"<Error: Too many levels of nesting to fake this schema>\"\n            }\n          }\n        },\n        {\n          \"BalType\": \"Fee\",\n          \"CurAmt\": {\n            \"Amt\": {\n              \"value\": \"<Error: Too many levels of nesting to fake this schema>\"\n            },\n            \"CurCode\": {\n              \"value\": \"<Error: Too many levels of nesting to fake this schema>\"\n            }\n          }\n        }\n      ],\n      \"AcctPeriodData\": [\n        {\n          \"AcctAmtType\": \"DaysNSF\",\n          \"AmtSeqId\": \"ir\",\n          \"AcctPeriodType\": \"LTD\",\n          \"LastOccurInd\": false,\n          \"Amt\": -62425097.80041421,\n          \"LastOccuranceDt\": \"8637-52-03\"\n        },\n        {\n          \"AcctAmtType\": \"EscrowDisb\",\n          \"AmtSeqId\": \"in\",\n          \"AcctPeriodType\": \"LTD\",\n          \"LastOccurInd\": true,\n          \"Amt\": 94668982.73921022,\n          \"LastOccuranceDt\": \"7760-51-98\"\n        }\n      ],\n      \"PostAddr\": [\n        {\n          \"AddrType\": \"Primary\",\n          \"AddressIdent\": \"d\",\n          \"AddrUse\": \"Inquiry\",\n          \"AddrFormatType\": \"Label\",\n          \"FullName1\": \"cupidatat velit\",\n          \"FullName2\": \"eiusmod laboris fugiat\",\n          \"FullName3\": \"dolore in dolore\",\n          \"Addr1\": \"consequat ad ipsum\",\n          \"Addr2\": \"adipisicing commodo laborum\",\n          \"City\": \"ipsum nisi esse aute do\",\n          \"StateProv\": \"cupidatat aliquip cillum voluptate non\",\n          \"PostalCode\": \"culp\",\n          \"CountryCode\": {\n            \"CountryCodeValue\": {\n              \"value\": \"<Error: Too many levels of nesting to fake this schema>\"\n            },\n            \"CountryCodeSource\": {\n              \"value\": \"<Error: Too many levels of nesting to fake this schema>\"\n            },\n            \"CountryCodeValueEnumDesc\": {\n              \"value\": \"<Error: Too many levels of nesting to fake this schema>\"\n            }\n          },\n          \"TimeFrame\": {\n            \"StartDt\": {\n              \"value\": \"<Error: Too many levels of nesting to fake this schema>\"\n            },\n            \"EndDt\": {\n              \"value\": \"<Error: Too many levels of nesting to fake this schema>\"\n            }\n          },\n          \"Retention\": true,\n          \"CensusTract\": \"dolore labore quis\",\n          \"CensusBlock\": \"quis amet c\",\n          \"ForeignFlag\": false,\n          \"HandlingCode\": \"proident consectetur\",\n          \"HandlingCodeOption\": \"StatementsChecks\",\n          \"MSACode\": -37712349\n        },\n        {\n          \"AddrType\": \"Primary\",\n          \"AddressIdent\": \"et cillum ipsum\",\n          \"AddrUse\": \"Inquiry\",\n          \"AddrFormatType\": \"Label\",\n          \"FullName1\": \"deserunt\",\n          \"FullName2\": \"mollit amet\",\n          \"FullName3\": \"occaecat consequat dolore esse\",\n          \"Addr1\": \"occaecat veniam eni\",\n          \"Addr2\": \"Ut non aliquip dolor\",\n          \"City\": \"ut labore\",\n          \"StateProv\": \"eu dolore\",\n          \"PostalCode\": \"voluptate\",\n          \"CountryCode\": {\n            \"CountryCodeValue\": {\n              \"value\": \"<Error: Too many levels of nesting to fake this schema>\"\n            },\n            \"CountryCodeSource\": {\n              \"value\": \"<Error: Too many levels of nesting to fake this schema>\"\n            },\n            \"CountryCodeValueEnumDesc\": {\n              \"value\": \"<Error: Too many levels of nesting to fake this schema>\"\n            }\n          },\n          \"TimeFrame\": {\n            \"StartDt\": {\n              \"value\": \"<Error: Too many levels of nesting to fake this schema>\"\n            },\n            \"EndDt\": {\n              \"value\": \"<Error: Too many levels of nesting to fake this schema>\"\n            }\n          },\n          \"Retention\": false,\n          \"CensusTract\": \"Ex\",\n          \"CensusBlock\": \"incididunt Duis\",\n          \"ForeignFlag\": false,\n          \"HandlingCode\": \"culpa consectetur mollit officia commodo\",\n          \"HandlingCodeOption\": \"Checks\",\n          \"MSACode\": -75328962\n        }\n      ],\n      \"TaxIdentType\": \"Foreign\",\n      \"TaxIdent\": \"velit \",\n      \"TaxExempt\": \"Government\",\n      \"Fee\": [\n        {\n          \"FeeType\": \"UnusedLimit\",\n          \"FeeIdent\": \"labore ullam\",\n          \"FeePlan\": \"quis of\",\n          \"Desc\": \"cillum pariatur ex\",\n          \"FeeOption\": \"Charge\",\n          \"FeeCalcOption\": \"BalanceinExcess365\",\n          \"FeeCalcBal\": \"exercitatio\",\n          \"FeeAggregationOption\": \"None\",\n          \"PrePayMaxAmt\": {\n            \"Amt\": {\n              \"value\": \"<Error: Too many levels of nesting to fake this schema>\"\n            },\n            \"CurCode\": {\n              \"value\": \"<Error: Too many levels of nesting to fake this schema>\"\n            }\n          },\n          \"PrePayBalPercent\": -36779785.947840616,\n          \"FeeBillingOption\": \"Bill\",\n          \"CurAmt\": {\n            \"Amt\": {\n              \"value\": \"<Error: Too many levels of nesting to fake this schema>\"\n            },\n            \"CurCode\": {\n              \"value\": \"<Error: Too many levels of nesting to fake this schema>\"\n            }\n          },\n          \"BalPercent\": -73085056.84493616,\n          \"MinCurAmt\": {\n            \"Amt\": {\n              \"value\": \"<Error: Too many levels of nesting to fake this schema>\"\n            },\n            \"CurCode\": {\n              \"value\": \"<Error: Too many levels of nesting to fake this schema>\"\n            }\n          },\n          \"MaxCurAmt\": {\n            \"Amt\": {\n              \"value\": \"<Error: Too many levels of nesting to fake this schema>\"\n            },\n            \"CurCode\": {\n              \"value\": \"<Error: Too many levels of nesting to fake this schema>\"\n            }\n          },\n          \"TimeFrame\": {\n            \"StartDt\": {\n              \"value\": \"<Error: Too many levels of nesting to fake this schema>\"\n            },\n            \"EndDt\": {\n              \"value\": \"<Error: Too many levels of nesting to fake this schema>\"\n            },\n            \"RecurRule\": {\n              \"value\": \"<Error: Too many levels of nesting to fake this schema>\"\n            }\n          },\n          \"EarlyPayoffMonthOption\": \"veniam amet c\",\n          \"EarlyPayoffMonths\": -27842795,\n          \"EarlyPayoffTable\": {\n            \"EarlyPayoffTierType\": {\n              \"value\": \"<Error: Too many levels of nesting to fake this schema>\"\n            }\n          },\n          \"ReportingOptionCode\": \"commodo pariatur\",\n          \"FeeEarningData\": {\n            \"Term\": {\n              \"TermUnits\": {\n                \"value\": \"<Error: Too many levels of nesting to fake this schema>\"\n              },\n              \"Count\": {\n                \"value\": \"<Error: Too many levels of nesting to fake this schema>\"\n              }\n            }\n          }\n        },\n        {\n          \"FeeType\": \"UnusedLimit\",\n          \"FeeIdent\": \"occaecat aute nulla labore\",\n          \"FeePlan\": \"id tempor ea velit\",\n          \"Desc\": \"est fugiat \",\n          \"FeeOption\": \"Rebatable\",\n          \"FeeCalcOption\": \"PctBalanceTotal\",\n          \"FeeCalcBal\": \"dolore sed cillum\",\n          \"FeeAggregationOption\": \"PrincipalBal\",\n          \"PrePayMaxAmt\": {\n            \"Amt\": {\n              \"value\": \"<Error: Too many levels of nesting to fake this schema>\"\n            },\n            \"CurCode\": {\n              \"value\": \"<Error: Too many levels of nesting to fake this schema>\"\n            }\n          },\n          \"PrePayBalPercent\": 34948178.421519816,\n          \"FeeBillingOption\": \"Bill\",\n          \"CurAmt\": {\n            \"Amt\": {\n              \"value\": \"<Error: Too many levels of nesting to fake this schema>\"\n            },\n            \"CurCode\": {\n              \"value\": \"<Error: Too many levels of nesting to fake this schema>\"\n            }\n          },\n          \"BalPercent\": -89073551.43398705,\n          \"MinCurAmt\": {\n            \"Amt\": {\n              \"value\": \"<Error: Too many levels of nesting to fake this schema>\"\n            },\n            \"CurCode\": {\n              \"value\": \"<Error: Too many levels of nesting to fake this schema>\"\n            }\n          },\n          \"MaxCurAmt\": {\n            \"Amt\": {\n              \"value\": \"<Error: Too many levels of nesting to fake this schema>\"\n            },\n            \"CurCode\": {\n              \"value\": \"<Error: Too many levels of nesting to fake this schema>\"\n            }\n          },\n          \"TimeFrame\": {\n            \"StartDt\": {\n              \"value\": \"<Error: Too many levels of nesting to fake this schema>\"\n            },\n            \"EndDt\": {\n              \"value\": \"<Error: Too many levels of nesting to fake this schema>\"\n            },\n            \"RecurRule\": {\n              \"value\": \"<Error: Too many levels of nesting to fake this schema>\"\n            }\n          },\n          \"EarlyPayoffMonthOption\": \"minim ipsum ex\",\n          \"EarlyPayoffMonths\": 20954936,\n          \"EarlyPayoffTable\": {\n            \"EarlyPayoffTierType\": {\n              \"value\": \"<Error: Too many levels of nesting to fake this schema>\"\n            }\n          },\n          \"ReportingOptionCode\": \"Excepteur in mollit\",\n          \"FeeEarningData\": {\n            \"Term\": {\n              \"TermUnits\": {\n                \"value\": \"<Error: Too many levels of nesting to fake this schema>\"\n              },\n              \"Count\": {\n                \"value\": \"<Error: Too many levels of nesting to fake this schema>\"\n              }\n            }\n          }\n        }\n      ],\n      \"CreditRisk\": [\n        {\n          \"RiskCategory\": \"RatingCode3\",\n          \"InternalScore\": \"cillum amet\"\n        },\n        {\n          \"RiskCategory\": \"RiskScore1\",\n          \"InternalScore\": \"fugiat ipsum Duis labore esse\"\n        }\n      ],\n      \"RiskRanking\": \"exercitation cupidatat\",\n      \"ElectronicBankingOpt\": \"InquiryOnly\",\n      \"ReportGroupCode\": \"non q\",\n      \"DocDistributionOption\": \"labore veniam consectetur irure fugiat\",\n      \"DocDistributionOptionEnumDesc\": \"dolo\",\n      \"NAICS\": \"co\",\n      \"CostCenter\": \"Ut esse Duis\",\n      \"AcctMemoData\": [\n        {\n          \"AcctMemoIdent\": \"non ut ir\",\n          \"AcctMemoType\": \"Teller\",\n          \"AcctMemoText\": \"exercitation d\"\n        },\n        {\n          \"AcctMemoIdent\": \"id amet ut \",\n          \"AcctMemoType\": \"Warning\",\n          \"AcctMemoText\": \"dolore nulla quis\"\n        }\n      ],\n      \"RenewalData\": {\n        \"TimesRenewedNum\": -76035247\n      },\n      \"DirectIndirectCode\": \"BoughtParticipation\",\n      \"TimesExtendedNum\": 88695827,\n      \"CreditBackIdent\": \"officia \",\n      \"CommitmentIdent\": \"adipisicing dolore offici\",\n      \"SoldPercent\": -63721533.42439511,\n      \"OriginationDt\": \"1997-10-15\",\n      \"LastRenewalDt\": \"1962-12-22\",\n      \"Freq\": \"Monthly\",\n      \"ReportPurposeCode\": \"in fugiat qui\",\n      \"SecuredLoanInd\": true,\n      \"CollateralCode\": \"aute sed nisi\",\n      \"CollateralCodeEnumDesc\": \"cupidatat aliqua\",\n      \"LTVPct\": 11885947.35568747,\n      \"RevolvingLoanInd\": false,\n      \"RevolvingLoanCode\": \"AdvanceLimit\",\n      \"Insurance\": [\n        {\n          \"ProductIdent\": \"non anim aliqua\",\n          \"InsuranceCompany\": \"proident\",\n          \"InsuranceCalcOption\": \"PctPrincipalBal\",\n          \"SingleRate\": 76015468.61484122,\n          \"InsuranceStartDt\": \"2004-08-26\",\n          \"InsuranceExpDt\": \"1981-08-08\",\n          \"FixedPremiumAmt\": {\n            \"Amt\": {\n              \"value\": \"<Error: Too many levels of nesting to fake this schema>\"\n            },\n            \"CurCode\": {\n              \"value\": \"<Error: Too many levels of nesting to fake this schema>\"\n            }\n          },\n          \"MaxCoverageAmt\": {\n            \"Amt\": {\n              \"value\": \"<Error: Too many levels of nesting to fake this schema>\"\n            },\n            \"CurCode\": {\n              \"value\": \"<Error: Too many levels of nesting to fake this schema>\"\n            }\n          }\n        },\n        {\n          \"ProductIdent\": \"ea incididunt voluptate sit nisi\",\n          \"InsuranceCompany\": \"consequat reprehenderit laborum labore in\",\n          \"InsuranceCalcOption\": \"PctAvgBal\",\n          \"SingleRate\": -64224092.51354497,\n          \"InsuranceStartDt\": \"2018-08-08\",\n          \"InsuranceExpDt\": \"1959-02-21\",\n          \"FixedPremiumAmt\": {\n            \"Amt\": {\n              \"value\": \"<Error: Too many levels of nesting to fake this schema>\"\n            },\n            \"CurCode\": {\n              \"value\": \"<Error: Too many levels of nesting to fake this schema>\"\n            }\n          },\n          \"MaxCoverageAmt\": {\n            \"Amt\": {\n              \"value\": \"<Error: Too many levels of nesting to fake this schema>\"\n            },\n            \"CurCode\": {\n              \"value\": \"<Error: Too many levels of nesting to fake this schema>\"\n            }\n          }\n        }\n      ],\n      \"InterestBilling\": {\n        \"RecurModel\": {\n          \"RecurRule\": [\n            {\n              \"value\": \"<Error: Too many levels of nesting to fake this schema>\"\n            },\n            {\n              \"value\": \"<Error: Too many levels of nesting to fake this schema>\"\n            }\n          ]\n        }\n      },\n      \"LoanBilling\": {\n        \"BillingMethod\": \"ACHXferDDAStmt\",\n        \"BillingMethodEnumDesc\": \"amet deserunt aute\",\n        \"LastCouponDt\": \"1984-06-11\",\n        \"FromAcctKeys\": {\n          \"AcctId\": \"aliqua\",\n          \"AcctType\": \"DDA\",\n          \"FIIdentType\": \"RoutingNum\",\n          \"FIIdent\": \"dolor enim f\"\n        },\n        \"Desc\": \"Duis\"\n      },\n      \"RegPmt\": {\n        \"PmtCompositeAmt\": [\n          {\n            \"CurAmt\": {\n              \"value\": \"<Error: Too many levels of nesting to fake this schema>\"\n            },\n            \"CompositeCurAmtType\": {\n              \"value\": \"<Error: Too many levels of nesting to fake this schema>\"\n            }\n          },\n          {\n            \"CurAmt\": {\n              \"value\": \"<Error: Too many levels of nesting to fake this schema>\"\n            },\n            \"CompositeCurAmtType\": {\n              \"value\": \"<Error: Too many levels of nesting to fake this schema>\"\n            }\n          }\n        ]\n      },\n      \"PmtSchedTimesUsed\": 63085172,\n      \"PmtSched\": [\n        {\n          \"PmtSchedIdent\": \"aute et\",\n          \"RecurModel\": {\n            \"RecurRule\": {\n              \"value\": \"<Error: Too many levels of nesting to fake this schema>\"\n            }\n          },\n          \"CurAmt\": {\n            \"Amt\": {\n              \"value\": \"<Error: Too many levels of nesting to fake this schema>\"\n            },\n            \"CurCode\": {\n              \"value\": \"<Error: Too many levels of nesting to fake this schema>\"\n            }\n          },\n          \"BalPercent\": 91813421.36912695,\n          \"EscrowAmt\": {\n            \"Amt\": {\n              \"value\": \"<Error: Too many levels of nesting to fake this schema>\"\n            },\n            \"CurCode\": {\n              \"value\": \"<Error: Too many levels of nesting to fake this schema>\"\n            }\n          },\n          \"OtherEscrowAmt\": {\n            \"Amt\": {\n              \"value\": \"<Error: Too many levels of nesting to fake this schema>\"\n            },\n            \"CurCode\": {\n              \"value\": \"<Error: Too many levels of nesting to fake this schema>\"\n            }\n          }\n        },\n        {\n          \"PmtSchedIdent\": \"ut dolor dolor\",\n          \"RecurModel\": {\n            \"RecurRule\": {\n              \"value\": \"<Error: Too many levels of nesting to fake this schema>\"\n            }\n          },\n          \"CurAmt\": {\n            \"Amt\": {\n              \"value\": \"<Error: Too many levels of nesting to fake this schema>\"\n            },\n            \"CurCode\": {\n              \"value\": \"<Error: Too many levels of nesting to fake this schema>\"\n            }\n          },\n          \"BalPercent\": 37547424.301032186,\n          \"EscrowAmt\": {\n            \"Amt\": {\n              \"value\": \"<Error: Too many levels of nesting to fake this schema>\"\n            },\n            \"CurCode\": {\n              \"value\": \"<Error: Too many levels of nesting to fake this schema>\"\n            }\n          },\n          \"OtherEscrowAmt\": {\n            \"Amt\": {\n              \"value\": \"<Error: Too many levels of nesting to fake this schema>\"\n            },\n            \"CurCode\": {\n              \"value\": \"<Error: Too many levels of nesting to fake this schema>\"\n            }\n          }\n        }\n      ],\n      \"DelinquentRateData\": {\n        \"DelinquentRateType\": \"nostrud ut dolor\",\n        \"DelinquentIntRate\": 78775949.02583781,\n        \"DelinquentDays\": 62148282\n      },\n      \"LateFee\": {\n        \"FeeCalcOption\": \"PctPrincipalIntRecentPmtPastDue\",\n        \"BalPercent\": 93080163.15177664,\n        \"GraceDays\": -37289023,\n        \"MinCurAmt\": {\n          \"Amt\": -41938937.77895776,\n          \"CurCode\": {\n            \"value\": \"<Error: Too many levels of nesting to fake this schema>\"\n          }\n        },\n        \"MaxCurAmt\": {\n          \"Amt\": 37363110.20546347,\n          \"CurCode\": {\n            \"value\": \"<Error: Too many levels of nesting to fake this schema>\"\n          }\n        }\n      },\n      \"DuePmt\": {\n        \"PmtCompositeAmt\": [\n          {\n            \"CurAmt\": {\n              \"value\": \"<Error: Too many levels of nesting to fake this schema>\"\n            },\n            \"CompositeCurAmtType\": {\n              \"value\": \"<Error: Too many levels of nesting to fake this schema>\"\n            }\n          },\n          {\n            \"CurAmt\": {\n              \"value\": \"<Error: Too many levels of nesting to fake this schema>\"\n            },\n            \"CompositeCurAmtType\": {\n              \"value\": \"<Error: Too many levels of nesting to fake this schema>\"\n            }\n          }\n        ],\n        \"DueDt\": \"5615-42-79T99:46:95\"\n      },\n      \"BilledPmt\": [\n        {\n          \"PmtCompositeAmt\": [\n            {\n              \"value\": \"<Error: Too many levels of nesting to fake this schema>\"\n            },\n            {\n              \"value\": \"<Error: Too many levels of nesting to fake this schema>\"\n            }\n          ]\n        },\n        {\n          \"PmtCompositeAmt\": [\n            {\n              \"value\": \"<Error: Too many levels of nesting to fake this schema>\"\n            },\n            {\n              \"value\": \"<Error: Too many levels of nesting to fake this schema>\"\n            }\n          ]\n        }\n      ],\n      \"NextPmt\": {\n        \"PmtCompositeAmt\": [\n          {\n            \"CurAmt\": {\n              \"value\": \"<Error: Too many levels of nesting to fake this schema>\"\n            },\n            \"CompositeCurAmtType\": {\n              \"value\": \"<Error: Too many levels of nesting to fake this schema>\"\n            }\n          },\n          {\n            \"CurAmt\": {\n              \"value\": \"<Error: Too many levels of nesting to fake this schema>\"\n            },\n            \"CompositeCurAmtType\": {\n              \"value\": \"<Error: Too many levels of nesting to fake this schema>\"\n            }\n          }\n        ],\n        \"BillStatus\": {},\n        \"PmtDt\": \"1967-10-13\"\n      },\n      \"LastPmt\": {\n        \"PmtCompositeAmt\": [\n          {\n            \"CurAmt\": {\n              \"value\": \"<Error: Too many levels of nesting to fake this schema>\"\n            },\n            \"CompositeCurAmtType\": {\n              \"value\": \"<Error: Too many levels of nesting to fake this schema>\"\n            }\n          },\n          {\n            \"CurAmt\": {\n              \"value\": \"<Error: Too many levels of nesting to fake this schema>\"\n            },\n            \"CompositeCurAmtType\": {\n              \"value\": \"<Error: Too many levels of nesting to fake this schema>\"\n            }\n          }\n        ],\n        \"PmtDt\": \"2004-03-31\",\n        \"InterestPaidToDt\": \"1964-05-17\",\n        \"PrincipalPaidToDt\": \"4293-48-21\"\n      },\n      \"PmtTermReview\": [\n        {\n          \"MinPmtChange\": 1666088.6104034483,\n          \"MaxPmtChange\": -26776700.63313195,\n          \"PmtTermRecurType\": \"SemiYearly\",\n          \"RecurInterval\": -91824267,\n          \"LeadDays\": -1065547,\n          \"NextPmtTermReviewDt\": \"1976-01-08\"\n        },\n        {\n          \"MinPmtChange\": 79420750.65086183,\n          \"MaxPmtChange\": -44620335.14778105,\n          \"PmtTermRecurType\": \"Yearly\",\n          \"RecurInterval\": 10701020,\n          \"LeadDays\": 52969058,\n          \"NextPmtTermReviewDt\": \"2013-02-18\"\n        }\n      ],\n      \"ChargeOffInd\": false,\n      \"ChargeOffCode\": \"nisi adipisicing amet\",\n      \"NonAccrualInd\": false,\n      \"NonAccrualCode\": \"dolore qui\",\n      \"NonAccrualCodeEnumDesc\": \"magna fugiat aute\",\n      \"WriteDownCode\": \"velit dolor veniam dolore\",\n      \"PmtPostingRestrictions\": {\n        \"RestrictionReasonCode\": \"ut in\",\n        \"RestrictionOvrdInd\": true\n      },\n      \"AdvPostingRestrictions\": {\n        \"RestrictionOvrdInd\": true,\n        \"RestrictionReasonCode\": \"voluptate sed\",\n        \"RestrictionPastDueDays\": 63467655\n      },\n      \"EscrowCtrlData\": {\n        \"RecurRule\": {\n          \"RecurType\": \"Quarterly\",\n          \"RecurInterval\": -53677465,\n          \"LeadDays\": 98766102\n        },\n        \"NextAnalysisDt\": \"2019-08-10\",\n        \"EscrowMinShortageAmt\": {\n          \"Amt\": -8041440.613044813,\n          \"CurCode\": {\n            \"value\": \"<Error: Too many levels of nesting to fake this schema>\"\n          }\n        }\n      },\n      \"Dealer\": [\n        {\n          \"DealerIdent\": \"ea\",\n          \"DealerReserveType\": \"aliquip irure Ut eiusmod\",\n          \"DealerReserveTypeEnumDesc\": \"ali\",\n          \"DealerReserveRate\": -21651832.37970969,\n          \"DealerReserveAmt\": {\n            \"Amt\": {\n              \"value\": \"<Error: Too many levels of nesting to fake this schema>\"\n            },\n            \"CurCode\": {\n              \"value\": \"<Error: Too many levels of nesting to fake this schema>\"\n            }\n          }\n        },\n        {\n          \"DealerIdent\": \"consectetur ma\",\n          \"DealerReserveType\": \"reprehenderit do tempor\",\n          \"DealerReserveTypeEnumDesc\": \"Duis sed\",\n          \"DealerReserveRate\": -47477902.87878191,\n          \"DealerReserveAmt\": {\n            \"Amt\": {\n              \"value\": \"<Error: Too many levels of nesting to fake this schema>\"\n            },\n            \"CurCode\": {\n              \"value\": \"<Error: Too many levels of nesting to fake this schema>\"\n            }\n          }\n        }\n      ],\n      \"LOCAdvance\": {\n        \"WaiveAdvanceFeeInd\": true\n      },\n      \"FDICClassificationEntity\": \"sunt velit ex laborum\",\n      \"FDICCode\": \"co\",\n      \"FDICAmount\": [\n        {\n          \"FDICAmountType\": \"Special\",\n          \"Amount\": -57408992.246633254\n        },\n        {\n          \"FDICAmountType\": \"Loss\",\n          \"Amount\": 47393455.23733568\n        }\n      ],\n      \"IncYearEndReportCode\": \"NoReport\",\n      \"PmtHistProfileCode\": \"NoPriorHistory\",\n      \"PmtHistProfileCodeEnumDesc\": \"ipsum\",\n      \"PastDueDays\": 46955522,\n      \"PastDueProfileData\": [\n        {\n          \"PastDueType\": \"PastDue30-59\",\n          \"TimesPastDueNum\": -68466206\n        },\n        {\n          \"PastDueType\": \"PastDue30-59\",\n          \"TimesPastDueNum\": 80803392\n        }\n      ],\n      \"RecourseCode\": \"adipisicing nisi consectetur dolore\",\n      \"HomeMortgageDisclosure\": {\n        \"MortgageType\": \"Other_NonOccupant\",\n        \"PropertyType\": \"minim nisi sed exercitation\",\n        \"ImprovementCode\": \"aliqua anim reprehenderit\",\n        \"FHLBPledgeType\": \"qui\",\n        \"HAMPData\": {\n          \"EffDt\": \"1966-42-67T31:73:27\",\n          \"HAMPOption\": \"HAMPStandard\",\n          \"HAMPServicer\": \"reprehenderit non aute mollit\",\n          \"ForbearanceAmt\": {\n            \"value\": \"<Error: Too many levels of nesting to fake this schema>\"\n          }\n        },\n        \"FHACaseNumber\": \"Lo\",\n        \"FHAADPCode\": \"sed dolor ut in\",\n        \"MortgageReportingData\": [\n          {\n            \"ReportingType\": {\n              \"value\": \"<Error: Too many levels of nesting to fake this schema>\"\n            },\n            \"ReportingCode\": {\n              \"value\": \"<Error: Too many levels of nesting to fake this schema>\"\n            }\n          },\n          {\n            \"ReportingType\": {\n              \"value\": \"<Error: Too many levels of nesting to fake this schema>\"\n            },\n            \"ReportingCode\": {\n              \"value\": \"<Error: Too many levels of nesting to fake this schema>\"\n            }\n          }\n        ],\n        \"FHAAcknowledgedDt\": \"1992-03-17\",\n        \"CRAData\": {\n          \"CRAReportingInd\": true,\n          \"CRALoanType\": \"OtherSecuredConsumerLoan\",\n          \"CRARevenueCode\": \"Excepteur\",\n          \"CRANewFunds\": 83980434.96281642\n        }\n      },\n      \"StudentLoanData\": {\n        \"StudentTypeCode\": \"no\",\n        \"StudentTypeCodeEnumDesc\": \"est commodo\",\n        \"StudentLoanStatus\": \"quis deserunt\",\n        \"StudentLoanStatusEnumDesc\": \"in aute\",\n        \"StudentActionCode\": \"velit ipsum\",\n        \"StudentActionCodeEnumDesc\": \"et\",\n        \"OvrdRate\": -45906851.20947482\n      },\n      \"SBAData\": {\n        \"District\": \"exercit\",\n        \"SBAStatus\": \"Transferred\",\n        \"GPNumber\": 69348341\n      }\n    }\n  },\n  \"Status\": {\n    \"Severity\": \"Warning\",\n    \"StatusCode\": \"aliqua conse\",\n    \"StatusDesc\": \"amet\",\n    \"SvcProviderName\": \"consequat ea aliquip\",\n    \"Id\": \"est culpa minim ipsum\",\n    \"ServerStatusCode\": \"proident\",\n    \"ServerStatusDesc\": \"sit cillum amet\",\n    \"OvrdExceptionInd\": true,\n    \"SubjectRole\": \"nisi\",\n    \"SubjectElement\": [\n      {\n        \"Path\": \"esse\",\n        \"ServerPath\": \"in ullamco\",\n        \"Value\": \"fugiat Exce\"\n      },\n      {\n        \"Path\": \"esse eiusmod Duis Excepteur ut\",\n        \"ServerPath\": \"laborum minim aliquip voluptate\",\n        \"Value\": \"et Duis ut\"\n      }\n    ],\n    \"ContentHTML\": \"adipisicing sunt\",\n    \"AdditionalStatus\": [\n      {\n        \"StatusCode\": \"o\",\n        \"StatusDesc\": \"dolore Duis\",\n        \"Severity\": \"Error\",\n        \"SvcProviderName\": \"deserunt sint\",\n        \"ServerStatusCode\": \"quis incididu\",\n        \"ServerStatusDesc\": \"enim occaecat\",\n        \"OvrdExceptionInd\": false,\n        \"SubjectElement\": [\n          {\n            \"Path\": \"Ut aliqua cillum sit nulla\",\n            \"ServerPath\": \"ad\",\n            \"Value\": \"nisi aute\"\n          },\n          {\n            \"Path\": \"ex\",\n            \"ServerPath\": \"ut exercitation in\",\n            \"Value\": \"aliqua in\"\n          }\n        ]\n      },\n      {\n        \"StatusCode\": \"ipsum Ut\",\n        \"StatusDesc\": \"ut pariatur enim et\",\n        \"Severity\": \"Warning\",\n        \"SvcProviderName\": \"anim ipsum minim esse\",\n        \"ServerStatusCode\": \"Ut consec\",\n        \"ServerStatusDesc\": \"nisi cillum anim\",\n        \"OvrdExceptionInd\": true,\n        \"SubjectElement\": [\n          {\n            \"Path\": \"sit non in reprehenderit eu\",\n            \"ServerPath\": \"Duis sed\",\n            \"Value\": \"minim anim commodo\"\n          },\n          {\n            \"Path\": \"amet consectetur qui\",\n            \"ServerPath\": \"consequat ullamco veniam\",\n            \"Value\": \"et aute\"\n          }\n        ]\n      }\n    ]\n  }\n}","cookie":[],"_postman_previewlanguage":"json"},{"id":"c49ce3c9-81d7-42d3-93b8-02bab5886429","name":"To view the complete list of response codes, <a href=\"../docs/?path=docs/response-codes.md\" title=\"Click to open\">click here.</a>","originalRequest":{"url":{"path":["acctservice","acctmgmt","accounts","secured"],"host":["{{baseUrl}}"],"query":[],"variable":[]},"header":[{"disabled":false,"description":"(Required) EFX Header is a common and required component for all API calls, it contains client-related parameters. Please note that the header parameters should be sent as a JSON object under the EFXHeader parameter. To view the list of header parameters, <a href=\"../docs?path=docs/api-ref-EFX-header.md\" title=\"Click to open\"> click here.</a>","key":"EFXHeader","value":"OrganizationId,<string>,TrnId,<string>,VendorId,<string>,Context,[object Object]"},{"key":"Accept","value":"application/json"}],"method":"POST","body":{"mode":"raw","raw":"{\n  \"AcctSel\": {\n    \"AcctKeys\": {\n      \"AcctId\": \"<string>\",\n      \"AcctType\": \"<string>\"\n    }\n  }\n}","options":{"raw":{"language":"json"}}}},"status":"Internal Server Error","code":500,"header":[{"key":"Content-Type","value":"application/json"}],"body":"{\n  \"AcctRec\": {\n    \"AcctKeys\": {\n      \"AcctId\": \"<string>\",\n      \"AcctType\": \"<string>\"\n    },\n    \"AcctStatus\": {\n      \"AcctStatusCode\": \"Valid\",\n      \"EffDt\": \"1859-18-95T96:60:76+86:06\"\n    },\n    \"LoanAcctInfo\": {\n      \"AcctDtlStatus\": \"Active\",\n      \"AcctDtlStatusEnumDesc\": \"eiusmod laborum\",\n      \"IsActiveInd\": false,\n      \"AcctPref\": {\n        \"Language\": \"sed in \"\n      },\n      \"AcctIdent\": [\n        {\n          \"AcctIdentType\": \"PORT\",\n          \"AcctIdentValue\": \"lab\"\n        },\n        {\n          \"AcctIdentType\": \"PORT\",\n          \"AcctIdentValue\": \"nostrud minim pariatur\"\n        }\n      ],\n      \"ProductIdent\": \"laborum\",\n      \"Desc\": \"et magna reprehenderit dolor\",\n      \"InitialAmount\": {\n        \"Amt\": -5844986.150201052,\n        \"CurCode\": {\n          \"CurCodeValue\": \"nostrud officia\",\n          \"CurCodeType\": \"ISO4217-Alpha\"\n        }\n      },\n      \"OpenDt\": \"1954-03-29\",\n      \"ClosedDt\": \"1946-08-12\",\n      \"MaturityDt\": \"1958-12-27\",\n      \"DateData\": [\n        {\n          \"DateType\": \"LastZeroBal\",\n          \"DateValue\": \"4885-68-95\"\n        },\n        {\n          \"DateType\": \"LastZeroBal\",\n          \"DateValue\": \"4311-08-54T80:43:11+49:55\"\n        }\n      ],\n      \"RelationshipMgr\": [\n        {\n          \"RelationshipMgrIdent\": \"dolore\",\n          \"RelationshipMgrIdentEnumDesc\": \"dolor ea adipisicing sunt\",\n          \"RelationshipRole\": \"ReferralOfficer\"\n        },\n        {\n          \"RelationshipMgrIdent\": \"ex ad\",\n          \"RelationshipMgrIdentEnumDesc\": \"Lorem\",\n          \"RelationshipRole\": \"SecondOfficer\"\n        }\n      ],\n      \"OriginatingBranch\": \"ipsum es\",\n      \"OriginatingBranchEnumDesc\": \"culpa Lorem sed\",\n      \"ResponsibleBranch\": \"n\",\n      \"ResponsibleBranchEnumDesc\": \"velit deserunt amet do\",\n      \"NicknameOption\": \"NotPrinted\",\n      \"Nickname\": \"ut esse\",\n      \"AcctTitleOption\": \"PrintBefore\",\n      \"AcctTitle\": \"nulla\",\n      \"HandlingCodeOption\": \"DoNotPrint\",\n      \"HandlingCode\": \"occaecat sint nulla minim amet\",\n      \"OEDCode\": \"Ut mollit\",\n      \"OEDCodeEnumDesc\": \"aliquip non labore volupta\",\n      \"AccountingMethod\": \"CostCenter\",\n      \"AccountingValue\": \"veniam culp\",\n      \"ClassCode\": \"pariatur eiusmo\",\n      \"AcctTypeCode\": \"culp\",\n      \"AcctOpenMethod\": \"Phone\",\n      \"ClientDefinedData\": [\n        {\n          \"DataIdent\": \"magna\",\n          \"DataType\": \"Rate\",\n          \"Value\": \"quis eu in laborum\",\n          \"DataLength\": 41358403,\n          \"ExpDt\": \"2019-11-07\",\n          \"Desc\": \"elit officia Excepteur veniam nostrud\",\n          \"RequiredFlag\": true\n        },\n        {\n          \"DataIdent\": \"dolore culpa adipis\",\n          \"DataType\": \"Numeric\",\n          \"Value\": \"fugiat non tempor\",\n          \"DataLength\": -94475237,\n          \"ExpDt\": \"1948-02-23\",\n          \"Desc\": \"qui veniam\",\n          \"RequiredFlag\": true\n        }\n      ],\n      \"AcctStmtData\": {\n        \"StmtTimeFrame\": [\n          {\n            \"RecurType\": {\n              \"value\": \"<Error: Too many levels of nesting to fake this schema>\"\n            },\n            \"RecurInterval\": {\n              \"value\": \"<Error: Too many levels of nesting to fake this schema>\"\n            },\n            \"DayOfMonth\": {\n              \"value\": \"<Error: Too many levels of nesting to fake this schema>\"\n            }\n          },\n          {\n            \"RecurType\": {\n              \"value\": \"<Error: Too many levels of nesting to fake this schema>\"\n            },\n            \"RecurInterval\": {\n              \"value\": \"<Error: Too many levels of nesting to fake this schema>\"\n            },\n            \"DayOfMonth\": {\n              \"value\": \"<Error: Too many levels of nesting to fake this schema>\"\n            }\n          }\n        ],\n        \"LastStmtDt\": \"1962-03-15\",\n        \"StmtPrepCode\": \"do cillum Excepteur Lorem\",\n        \"CombinedStmtIdent\": \"consequat \",\n        \"CombinedStmtCode\": \"SecondarySDA\",\n        \"StmtFormat\": \"amet eu veniam aute\",\n        \"StmtGroup\": \"aute amet in\"\n      },\n      \"NoticeData\": [\n        {\n          \"NoticeType\": \"BalanceOnReceipt\",\n          \"NoticeOption\": \"GenerateNotice\",\n          \"LeadDays\": -41056756,\n          \"NoticeRemarks\": \"Ut\"\n        },\n        {\n          \"NoticeType\": \"HUDNotice\",\n          \"NoticeOption\": \"NoOverride\",\n          \"LeadDays\": 33862029,\n          \"NoticeRemarks\": \"ipsum dolore do\"\n        }\n      ],\n      \"ProdIntRateId\": \"ut dolor i\",\n      \"ProdIntRateIdEnumDesc\": \"consequat aliqua\",\n      \"Rate\": -56874865.43639428,\n      \"IntRateData\": {\n        \"RateMatrixTier\": [\n          {\n            \"Tier\": {\n              \"value\": \"<Error: Too many levels of nesting to fake this schema>\"\n            },\n            \"RateIndex\": {\n              \"value\": \"<Error: Too many levels of nesting to fake this schema>\"\n            },\n            \"IntAPR\": {\n              \"value\": \"<Error: Too many levels of nesting to fake this schema>\"\n            }\n          },\n          {\n            \"Tier\": {\n              \"value\": \"<Error: Too many levels of nesting to fake this schema>\"\n            },\n            \"RateIndex\": {\n              \"value\": \"<Error: Too many levels of nesting to fake this schema>\"\n            },\n            \"IntAPR\": {\n              \"value\": \"<Error: Too many levels of nesting to fake this schema>\"\n            }\n          }\n        ],\n        \"AccrualMethod\": \"Simple\",\n        \"AccrualCode\": \"aliquip eiusmod in sunt\",\n        \"DailyAccrual\": \"Actual365\",\n        \"DailyAccrualFactor\": 50784460.551949054,\n        \"MinimumInterest\": -98307340.90843669,\n        \"SplitRateData\": {\n          \"SplitAmt\": -8256868,\n          \"OverRate\": -45947282.03173375,\n          \"UnderRate\": -72044967.19646683\n        }\n      },\n      \"MaturityIntCalcData\": {\n        \"MaturityIntRateType\": \"RateAdjusterOverrideFloorCeiling\"\n      },\n      \"RateChangeData\": [\n        {\n          \"VarianceFactorType\": \"Variance\",\n          \"RateFactor\": -65649603.853540085,\n          \"RateVariance\": 98017596.92391828,\n          \"FloorRate\": -25582997.96158816,\n          \"CeilingRate\": 81158019.17443958,\n          \"RoundingOption\": \"None\",\n          \"RoundingFactor\": 36012027.28855997,\n          \"RateChangeRecurType\": \"Maturity\",\n          \"RecurInterval\": -37104371,\n          \"DayOfMonth\": \"aliqua voluptate\",\n          \"NextRateChangeDt\": \"1953-03-28\"\n        },\n        {\n          \"VarianceFactorType\": \"Factor\",\n          \"RateFactor\": -31650611.199921206,\n          \"RateVariance\": -62574198.35153222,\n          \"FloorRate\": -91060655.41886678,\n          \"CeilingRate\": -64710761.15873186,\n          \"RoundingOption\": \"RoundUp\",\n          \"RoundingFactor\": 77370708.45053431,\n          \"RateChangeRecurType\": \"Once\",\n          \"RecurInterval\": 8957999,\n          \"DayOfMonth\": \"ex\",\n          \"NextRateChangeDt\": \"1953-10-24\"\n        }\n      ],\n      \"AcctBal\": [\n        {\n          \"BalType\": \"PmtDue\",\n          \"CurAmt\": {\n            \"Amt\": {\n              \"value\": \"<Error: Too many levels of nesting to fake this schema>\"\n            },\n            \"CurCode\": {\n              \"value\": \"<Error: Too many levels of nesting to fake this schema>\"\n            }\n          }\n        },\n        {\n          \"BalType\": \"ChargeOff\",\n          \"CurAmt\": {\n            \"Amt\": {\n              \"value\": \"<Error: Too many levels of nesting to fake this schema>\"\n            },\n            \"CurCode\": {\n              \"value\": \"<Error: Too many levels of nesting to fake this schema>\"\n            }\n          }\n        }\n      ],\n      \"AcctPeriodData\": [\n        {\n          \"AcctAmtType\": \"IntOtherEscPaid\",\n          \"AmtSeqId\": \"eiusmod \",\n          \"AcctPeriodType\": \"YTD\",\n          \"LastOccurInd\": true,\n          \"Amt\": 29619091.81039855,\n          \"LastOccuranceDt\": \"2758-31-74\"\n        },\n        {\n          \"AcctAmtType\": \"ClosingFees\",\n          \"AmtSeqId\": \"ex sed su\",\n          \"AcctPeriodType\": \"LTD\",\n          \"LastOccurInd\": true,\n          \"Amt\": 16906229.363007337,\n          \"LastOccuranceDt\": \"8434-77-79\"\n        }\n      ],\n      \"PostAddr\": [\n        {\n          \"AddrType\": \"Seasonal\",\n          \"AddressIdent\": \"dolore Duis cillum in \",\n          \"AddrUse\": \"Inquiry\",\n          \"AddrFormatType\": \"Label\",\n          \"FullName1\": \"cillum in ut eu consequat\",\n          \"FullName2\": \"ipsum est consequat cul\",\n          \"FullName3\": \"eu commodo exercitation ad\",\n          \"Addr1\": \"laborum dolore ad elit\",\n          \"Addr2\": \"dolore commodo \",\n          \"City\": \"qui\",\n          \"StateProv\": \"cupidatat eu in voluptate\",\n          \"PostalCode\": \"sint\",\n          \"CountryCode\": {\n            \"CountryCodeValue\": {\n              \"value\": \"<Error: Too many levels of nesting to fake this schema>\"\n            },\n            \"CountryCodeSource\": {\n              \"value\": \"<Error: Too many levels of nesting to fake this schema>\"\n            },\n            \"CountryCodeValueEnumDesc\": {\n              \"value\": \"<Error: Too many levels of nesting to fake this schema>\"\n            }\n          },\n          \"TimeFrame\": {\n            \"StartDt\": {\n              \"value\": \"<Error: Too many levels of nesting to fake this schema>\"\n            },\n            \"EndDt\": {\n              \"value\": \"<Error: Too many levels of nesting to fake this schema>\"\n            }\n          },\n          \"Retention\": false,\n          \"CensusTract\": \"sed temp\",\n          \"CensusBlock\": \"enim Lorem qui a\",\n          \"ForeignFlag\": false,\n          \"HandlingCode\": \"amet elit velit\",\n          \"HandlingCodeOption\": \"StatementsChecks\",\n          \"MSACode\": 9710450\n        },\n        {\n          \"AddrType\": \"Seasonal\",\n          \"AddressIdent\": \"nisi sed\",\n          \"AddrUse\": \"Mailing\",\n          \"AddrFormatType\": \"Label\",\n          \"FullName1\": \"est eiusmod occaecat Lorem\",\n          \"FullName2\": \"ex eiusmod cupidatat\",\n          \"FullName3\": \"consectetur do co\",\n          \"Addr1\": \"id ipsum dolor in dolor\",\n          \"Addr2\": \"deserunt sunt aliquip\",\n          \"City\": \"velit do fugiat sed\",\n          \"StateProv\": \"voluptate cupidatat magna in\",\n          \"PostalCode\": \"aut\",\n          \"CountryCode\": {\n            \"CountryCodeValue\": {\n              \"value\": \"<Error: Too many levels of nesting to fake this schema>\"\n            },\n            \"CountryCodeSource\": {\n              \"value\": \"<Error: Too many levels of nesting to fake this schema>\"\n            },\n            \"CountryCodeValueEnumDesc\": {\n              \"value\": \"<Error: Too many levels of nesting to fake this schema>\"\n            }\n          },\n          \"TimeFrame\": {\n            \"StartDt\": {\n              \"value\": \"<Error: Too many levels of nesting to fake this schema>\"\n            },\n            \"EndDt\": {\n              \"value\": \"<Error: Too many levels of nesting to fake this schema>\"\n            }\n          },\n          \"Retention\": false,\n          \"CensusTract\": \"voluptate m\",\n          \"CensusBlock\": \"ut\",\n          \"ForeignFlag\": true,\n          \"HandlingCode\": \"ut i\",\n          \"HandlingCodeOption\": \"Checks\",\n          \"MSACode\": -25730754\n        }\n      ],\n      \"TaxIdentType\": \"ITIN\",\n      \"TaxIdent\": \"ut aliqua a\",\n      \"TaxExempt\": \"Government\",\n      \"Fee\": [\n        {\n          \"FeeType\": \"Recurring\",\n          \"FeeIdent\": \"ut\",\n          \"FeePlan\": \"aliqua dolore\",\n          \"Desc\": \"proident non Ut\",\n          \"FeeOption\": \"Rebatable\",\n          \"FeeCalcOption\": \"PctAvgAvailBal365-Original\",\n          \"FeeCalcBal\": \"reprehenderit\",\n          \"FeeAggregationOption\": \"FeeBal\",\n          \"PrePayMaxAmt\": {\n            \"Amt\": {\n              \"value\": \"<Error: Too many levels of nesting to fake this schema>\"\n            },\n            \"CurCode\": {\n              \"value\": \"<Error: Too many levels of nesting to fake this schema>\"\n            }\n          },\n          \"PrePayBalPercent\": 48023660.50824061,\n          \"FeeBillingOption\": \"Bill\",\n          \"CurAmt\": {\n            \"Amt\": {\n              \"value\": \"<Error: Too many levels of nesting to fake this schema>\"\n            },\n            \"CurCode\": {\n              \"value\": \"<Error: Too many levels of nesting to fake this schema>\"\n            }\n          },\n          \"BalPercent\": 13458247.100842342,\n          \"MinCurAmt\": {\n            \"Amt\": {\n              \"value\": \"<Error: Too many levels of nesting to fake this schema>\"\n            },\n            \"CurCode\": {\n              \"value\": \"<Error: Too many levels of nesting to fake this schema>\"\n            }\n          },\n          \"MaxCurAmt\": {\n            \"Amt\": {\n              \"value\": \"<Error: Too many levels of nesting to fake this schema>\"\n            },\n            \"CurCode\": {\n              \"value\": \"<Error: Too many levels of nesting to fake this schema>\"\n            }\n          },\n          \"TimeFrame\": {\n            \"StartDt\": {\n              \"value\": \"<Error: Too many levels of nesting to fake this schema>\"\n            },\n            \"EndDt\": {\n              \"value\": \"<Error: Too many levels of nesting to fake this schema>\"\n            },\n            \"RecurRule\": {\n              \"value\": \"<Error: Too many levels of nesting to fake this schema>\"\n            }\n          },\n          \"EarlyPayoffMonthOption\": \"dolor\",\n          \"EarlyPayoffMonths\": 60554338,\n          \"EarlyPayoffTable\": {\n            \"EarlyPayoffTierType\": {\n              \"value\": \"<Error: Too many levels of nesting to fake this schema>\"\n            }\n          },\n          \"ReportingOptionCode\": \"consequat ut cupidatat labore\",\n          \"FeeEarningData\": {\n            \"Term\": {\n              \"TermUnits\": {\n                \"value\": \"<Error: Too many levels of nesting to fake this schema>\"\n              },\n              \"Count\": {\n                \"value\": \"<Error: Too many levels of nesting to fake this schema>\"\n              }\n            }\n          }\n        },\n        {\n          \"FeeType\": \"Recurring\",\n          \"FeeIdent\": \"adipisicin\",\n          \"FeePlan\": \"dolor minim\",\n          \"Desc\": \"incididunt sed laboris Excepteur in\",\n          \"FeeOption\": \"Charge\",\n          \"FeeCalcOption\": \"PctAvgAvailBal365\",\n          \"FeeCalcBal\": \"irure dolor\",\n          \"FeeAggregationOption\": \"FeeBal\",\n          \"PrePayMaxAmt\": {\n            \"Amt\": {\n              \"value\": \"<Error: Too many levels of nesting to fake this schema>\"\n            },\n            \"CurCode\": {\n              \"value\": \"<Error: Too many levels of nesting to fake this schema>\"\n            }\n          },\n          \"PrePayBalPercent\": 68153484.15696713,\n          \"FeeBillingOption\": \"CompoundToBal\",\n          \"CurAmt\": {\n            \"Amt\": {\n              \"value\": \"<Error: Too many levels of nesting to fake this schema>\"\n            },\n            \"CurCode\": {\n              \"value\": \"<Error: Too many levels of nesting to fake this schema>\"\n            }\n          },\n          \"BalPercent\": 66052245.488978356,\n          \"MinCurAmt\": {\n            \"Amt\": {\n              \"value\": \"<Error: Too many levels of nesting to fake this schema>\"\n            },\n            \"CurCode\": {\n              \"value\": \"<Error: Too many levels of nesting to fake this schema>\"\n            }\n          },\n          \"MaxCurAmt\": {\n            \"Amt\": {\n              \"value\": \"<Error: Too many levels of nesting to fake this schema>\"\n            },\n            \"CurCode\": {\n              \"value\": \"<Error: Too many levels of nesting to fake this schema>\"\n            }\n          },\n          \"TimeFrame\": {\n            \"StartDt\": {\n              \"value\": \"<Error: Too many levels of nesting to fake this schema>\"\n            },\n            \"EndDt\": {\n              \"value\": \"<Error: Too many levels of nesting to fake this schema>\"\n            },\n            \"RecurRule\": {\n              \"value\": \"<Error: Too many levels of nesting to fake this schema>\"\n            }\n          },\n          \"EarlyPayoffMonthOption\": \"incididun\",\n          \"EarlyPayoffMonths\": 38974135,\n          \"EarlyPayoffTable\": {\n            \"EarlyPayoffTierType\": {\n              \"value\": \"<Error: Too many levels of nesting to fake this schema>\"\n            }\n          },\n          \"ReportingOptionCode\": \"ipsum consec\",\n          \"FeeEarningData\": {\n            \"Term\": {\n              \"TermUnits\": {\n                \"value\": \"<Error: Too many levels of nesting to fake this schema>\"\n              },\n              \"Count\": {\n                \"value\": \"<Error: Too many levels of nesting to fake this schema>\"\n              }\n            }\n          }\n        }\n      ],\n      \"CreditRisk\": [\n        {\n          \"RiskCategory\": \"RiskScore1\",\n          \"InternalScore\": \"minim dolor veniam ipsum\"\n        },\n        {\n          \"RiskCategory\": \"CreditScore\",\n          \"InternalScore\": \"dolore irure occaecat\"\n        }\n      ],\n      \"RiskRanking\": \"anim cillum\",\n      \"ElectronicBankingOpt\": \"Enabled\",\n      \"ReportGroupCode\": \"veniam in cillum magna\",\n      \"DocDistributionOption\": \"aliquip elit fugiat ad\",\n      \"DocDistributionOptionEnumDesc\": \"moll\",\n      \"NAICS\": \"l\",\n      \"CostCenter\": \"occaecat\",\n      \"AcctMemoData\": [\n        {\n          \"AcctMemoIdent\": \"dolore Lorem labore\",\n          \"AcctMemoType\": \"Teller\",\n          \"AcctMemoText\": \"aute Ut cupidatat\"\n        },\n        {\n          \"AcctMemoIdent\": \"sed cillum in consectetur\",\n          \"AcctMemoType\": \"Warning\",\n          \"AcctMemoText\": \"occaecat Excepteur ipsum dolore\"\n        }\n      ],\n      \"RenewalData\": {\n        \"TimesRenewedNum\": 44158013\n      },\n      \"DirectIndirectCode\": \"Dealer\",\n      \"TimesExtendedNum\": -66816900,\n      \"CreditBackIdent\": \"Lorem proident id sed\",\n      \"CommitmentIdent\": \"in culpa incididunt\",\n      \"SoldPercent\": 63325654.91629028,\n      \"OriginationDt\": \"1979-09-03\",\n      \"LastRenewalDt\": \"1959-12-04\",\n      \"Freq\": \"Monthly\",\n      \"ReportPurposeCode\": \"pariatur amet proident\",\n      \"SecuredLoanInd\": true,\n      \"CollateralCode\": \"exercitation mollit sunt sed\",\n      \"CollateralCodeEnumDesc\": \"labore Ut anim est\",\n      \"LTVPct\": -79361483.44228964,\n      \"RevolvingLoanInd\": false,\n      \"RevolvingLoanCode\": \"AdvanceLimit\",\n      \"Insurance\": [\n        {\n          \"ProductIdent\": \"eiusmod \",\n          \"InsuranceCompany\": \"ut laborum\",\n          \"InsuranceCalcOption\": \"PctPrincipalBalPlusInt\",\n          \"SingleRate\": 40216922.15464628,\n          \"InsuranceStartDt\": \"1999-06-05\",\n          \"InsuranceExpDt\": \"1983-11-27\",\n          \"FixedPremiumAmt\": {\n            \"Amt\": {\n              \"value\": \"<Error: Too many levels of nesting to fake this schema>\"\n            },\n            \"CurCode\": {\n              \"value\": \"<Error: Too many levels of nesting to fake this schema>\"\n            }\n          },\n          \"MaxCoverageAmt\": {\n            \"Amt\": {\n              \"value\": \"<Error: Too many levels of nesting to fake this schema>\"\n            },\n            \"CurCode\": {\n              \"value\": \"<Error: Too many levels of nesting to fake this schema>\"\n            }\n          }\n        },\n        {\n          \"ProductIdent\": \"Ut do\",\n          \"InsuranceCompany\": \"ut Ut officia mollit\",\n          \"InsuranceCalcOption\": \"PctPrincipalBal\",\n          \"SingleRate\": -42612323.2258734,\n          \"InsuranceStartDt\": \"2020-12-18\",\n          \"InsuranceExpDt\": \"2017-04-13\",\n          \"FixedPremiumAmt\": {\n            \"Amt\": {\n              \"value\": \"<Error: Too many levels of nesting to fake this schema>\"\n            },\n            \"CurCode\": {\n              \"value\": \"<Error: Too many levels of nesting to fake this schema>\"\n            }\n          },\n          \"MaxCoverageAmt\": {\n            \"Amt\": {\n              \"value\": \"<Error: Too many levels of nesting to fake this schema>\"\n            },\n            \"CurCode\": {\n              \"value\": \"<Error: Too many levels of nesting to fake this schema>\"\n            }\n          }\n        }\n      ],\n      \"InterestBilling\": {\n        \"RecurModel\": {\n          \"RecurRule\": [\n            {\n              \"value\": \"<Error: Too many levels of nesting to fake this schema>\"\n            },\n            {\n              \"value\": \"<Error: Too many levels of nesting to fake this schema>\"\n            }\n          ]\n        }\n      },\n      \"LoanBilling\": {\n        \"BillingMethod\": \"DirectDebitDDA\",\n        \"BillingMethodEnumDesc\": \"Duis\",\n        \"LastCouponDt\": \"1995-06-11\",\n        \"FromAcctKeys\": {\n          \"AcctId\": \"voluptate\",\n          \"AcctType\": \"SDA\",\n          \"FIIdentType\": \"RoutingNum\",\n          \"FIIdent\": \"commod\"\n        },\n        \"Desc\": \"dolore in\"\n      },\n      \"RegPmt\": {\n        \"PmtCompositeAmt\": [\n          {\n            \"CurAmt\": {\n              \"value\": \"<Error: Too many levels of nesting to fake this schema>\"\n            },\n            \"CompositeCurAmtType\": {\n              \"value\": \"<Error: Too many levels of nesting to fake this schema>\"\n            }\n          },\n          {\n            \"CurAmt\": {\n              \"value\": \"<Error: Too many levels of nesting to fake this schema>\"\n            },\n            \"CompositeCurAmtType\": {\n              \"value\": \"<Error: Too many levels of nesting to fake this schema>\"\n            }\n          }\n        ]\n      },\n      \"PmtSchedTimesUsed\": 55710848,\n      \"PmtSched\": [\n        {\n          \"PmtSchedIdent\": \"et proident aliquip aute\",\n          \"RecurModel\": {\n            \"RecurRule\": {\n              \"value\": \"<Error: Too many levels of nesting to fake this schema>\"\n            }\n          },\n          \"CurAmt\": {\n            \"Amt\": {\n              \"value\": \"<Error: Too many levels of nesting to fake this schema>\"\n            },\n            \"CurCode\": {\n              \"value\": \"<Error: Too many levels of nesting to fake this schema>\"\n            }\n          },\n          \"BalPercent\": 13709110.433431745,\n          \"EscrowAmt\": {\n            \"Amt\": {\n              \"value\": \"<Error: Too many levels of nesting to fake this schema>\"\n            },\n            \"CurCode\": {\n              \"value\": \"<Error: Too many levels of nesting to fake this schema>\"\n            }\n          },\n          \"OtherEscrowAmt\": {\n            \"Amt\": {\n              \"value\": \"<Error: Too many levels of nesting to fake this schema>\"\n            },\n            \"CurCode\": {\n              \"value\": \"<Error: Too many levels of nesting to fake this schema>\"\n            }\n          }\n        },\n        {\n          \"PmtSchedIdent\": \"Lorem fugiat\",\n          \"RecurModel\": {\n            \"RecurRule\": {\n              \"value\": \"<Error: Too many levels of nesting to fake this schema>\"\n            }\n          },\n          \"CurAmt\": {\n            \"Amt\": {\n              \"value\": \"<Error: Too many levels of nesting to fake this schema>\"\n            },\n            \"CurCode\": {\n              \"value\": \"<Error: Too many levels of nesting to fake this schema>\"\n            }\n          },\n          \"BalPercent\": -34655082.5615203,\n          \"EscrowAmt\": {\n            \"Amt\": {\n              \"value\": \"<Error: Too many levels of nesting to fake this schema>\"\n            },\n            \"CurCode\": {\n              \"value\": \"<Error: Too many levels of nesting to fake this schema>\"\n            }\n          },\n          \"OtherEscrowAmt\": {\n            \"Amt\": {\n              \"value\": \"<Error: Too many levels of nesting to fake this schema>\"\n            },\n            \"CurCode\": {\n              \"value\": \"<Error: Too many levels of nesting to fake this schema>\"\n            }\n          }\n        }\n      ],\n      \"DelinquentRateData\": {\n        \"DelinquentRateType\": \"enim\",\n        \"DelinquentIntRate\": 30556080.568693474,\n        \"DelinquentDays\": 10834189\n      },\n      \"LateFee\": {\n        \"FeeCalcOption\": \"None\",\n        \"BalPercent\": 42238844.34074244,\n        \"GraceDays\": 67316068,\n        \"MinCurAmt\": {\n          \"Amt\": -88322531.69553867,\n          \"CurCode\": {\n            \"value\": \"<Error: Too many levels of nesting to fake this schema>\"\n          }\n        },\n        \"MaxCurAmt\": {\n          \"Amt\": 11223775.194326892,\n          \"CurCode\": {\n            \"value\": \"<Error: Too many levels of nesting to fake this schema>\"\n          }\n        }\n      },\n      \"DuePmt\": {\n        \"PmtCompositeAmt\": [\n          {\n            \"CurAmt\": {\n              \"value\": \"<Error: Too many levels of nesting to fake this schema>\"\n            },\n            \"CompositeCurAmtType\": {\n              \"value\": \"<Error: Too many levels of nesting to fake this schema>\"\n            }\n          },\n          {\n            \"CurAmt\": {\n              \"value\": \"<Error: Too many levels of nesting to fake this schema>\"\n            },\n            \"CompositeCurAmtType\": {\n              \"value\": \"<Error: Too many levels of nesting to fake this schema>\"\n            }\n          }\n        ],\n        \"DueDt\": \"1802-53-76\"\n      },\n      \"BilledPmt\": [\n        {\n          \"PmtCompositeAmt\": [\n            {\n              \"value\": \"<Error: Too many levels of nesting to fake this schema>\"\n            },\n            {\n              \"value\": \"<Error: Too many levels of nesting to fake this schema>\"\n            }\n          ]\n        },\n        {\n          \"PmtCompositeAmt\": [\n            {\n              \"value\": \"<Error: Too many levels of nesting to fake this schema>\"\n            },\n            {\n              \"value\": \"<Error: Too many levels of nesting to fake this schema>\"\n            }\n          ]\n        }\n      ],\n      \"NextPmt\": {\n        \"PmtCompositeAmt\": [\n          {\n            \"CurAmt\": {\n              \"value\": \"<Error: Too many levels of nesting to fake this schema>\"\n            },\n            \"CompositeCurAmtType\": {\n              \"value\": \"<Error: Too many levels of nesting to fake this schema>\"\n            }\n          },\n          {\n            \"CurAmt\": {\n              \"value\": \"<Error: Too many levels of nesting to fake this schema>\"\n            },\n            \"CompositeCurAmtType\": {\n              \"value\": \"<Error: Too many levels of nesting to fake this schema>\"\n            }\n          }\n        ],\n        \"BillStatus\": {},\n        \"PmtDt\": \"2020-01-30\"\n      },\n      \"LastPmt\": {\n        \"PmtCompositeAmt\": [\n          {\n            \"CurAmt\": {\n              \"value\": \"<Error: Too many levels of nesting to fake this schema>\"\n            },\n            \"CompositeCurAmtType\": {\n              \"value\": \"<Error: Too many levels of nesting to fake this schema>\"\n            }\n          },\n          {\n            \"CurAmt\": {\n              \"value\": \"<Error: Too many levels of nesting to fake this schema>\"\n            },\n            \"CompositeCurAmtType\": {\n              \"value\": \"<Error: Too many levels of nesting to fake this schema>\"\n            }\n          }\n        ],\n        \"PmtDt\": \"1979-12-01\",\n        \"InterestPaidToDt\": \"2017-01-20\",\n        \"PrincipalPaidToDt\": \"8824-60-32\"\n      },\n      \"PmtTermReview\": [\n        {\n          \"MinPmtChange\": 68691703.30392632,\n          \"MaxPmtChange\": 52626370.22662604,\n          \"PmtTermRecurType\": \"RateForecast\",\n          \"RecurInterval\": 25828014,\n          \"LeadDays\": 63089544,\n          \"NextPmtTermReviewDt\": \"1995-06-21\"\n        },\n        {\n          \"MinPmtChange\": -93312673.76752974,\n          \"MaxPmtChange\": 802078.4008397907,\n          \"PmtTermRecurType\": \"PrincipalAdvance\",\n          \"RecurInterval\": -79625065,\n          \"LeadDays\": -97558838,\n          \"NextPmtTermReviewDt\": \"2017-04-30\"\n        }\n      ],\n      \"ChargeOffInd\": false,\n      \"ChargeOffCode\": \"ipsum minim\",\n      \"NonAccrualInd\": false,\n      \"NonAccrualCode\": \"quis amet aliqua minim officia\",\n      \"NonAccrualCodeEnumDesc\": \"Lorem dolor\",\n      \"WriteDownCode\": \"consequat d\",\n      \"PmtPostingRestrictions\": {\n        \"RestrictionReasonCode\": \"in dolor exercitation quis nostrud\",\n        \"RestrictionOvrdInd\": false\n      },\n      \"AdvPostingRestrictions\": {\n        \"RestrictionOvrdInd\": false,\n        \"RestrictionReasonCode\": \"do Ut\",\n        \"RestrictionPastDueDays\": 61571522\n      },\n      \"EscrowCtrlData\": {\n        \"RecurRule\": {\n          \"RecurType\": \"PmtRecalculation\",\n          \"RecurInterval\": -3766321,\n          \"LeadDays\": -55226269\n        },\n        \"NextAnalysisDt\": \"1954-09-03\",\n        \"EscrowMinShortageAmt\": {\n          \"Amt\": 57730943.66182682,\n          \"CurCode\": {\n            \"value\": \"<Error: Too many levels of nesting to fake this schema>\"\n          }\n        }\n      },\n      \"Dealer\": [\n        {\n          \"DealerIdent\": \"velit culpa commodo ea\",\n          \"DealerReserveType\": \"amet dolore laboris quis\",\n          \"DealerReserveTypeEnumDesc\": \"consectetur commodo con\",\n          \"DealerReserveRate\": -63255382.89596375,\n          \"DealerReserveAmt\": {\n            \"Amt\": {\n              \"value\": \"<Error: Too many levels of nesting to fake this schema>\"\n            },\n            \"CurCode\": {\n              \"value\": \"<Error: Too many levels of nesting to fake this schema>\"\n            }\n          }\n        },\n        {\n          \"DealerIdent\": \"cil\",\n          \"DealerReserveType\": \"nulla voluptate Lorem\",\n          \"DealerReserveTypeEnumDesc\": \"irure laborum culpa in incididunt\",\n          \"DealerReserveRate\": -71170992.02179942,\n          \"DealerReserveAmt\": {\n            \"Amt\": {\n              \"value\": \"<Error: Too many levels of nesting to fake this schema>\"\n            },\n            \"CurCode\": {\n              \"value\": \"<Error: Too many levels of nesting to fake this schema>\"\n            }\n          }\n        }\n      ],\n      \"LOCAdvance\": {\n        \"WaiveAdvanceFeeInd\": true\n      },\n      \"FDICClassificationEntity\": \"sit dolore\",\n      \"FDICCode\": \"s\",\n      \"FDICAmount\": [\n        {\n          \"FDICAmountType\": \"Loss\",\n          \"Amount\": 99390034.36649844\n        },\n        {\n          \"FDICAmountType\": \"Loss\",\n          \"Amount\": 55428920.79535341\n        }\n      ],\n      \"IncYearEndReportCode\": \"NoReport\",\n      \"PmtHistProfileCode\": \"PastDue30-59\",\n      \"PmtHistProfileCodeEnumDesc\": \"mollit tempor\",\n      \"PastDueDays\": -69034389,\n      \"PastDueProfileData\": [\n        {\n          \"PastDueType\": \"PastDue30-59\",\n          \"TimesPastDueNum\": 27567192\n        },\n        {\n          \"PastDueType\": \"PastDue30-59\",\n          \"TimesPastDueNum\": -21067954\n        }\n      ],\n      \"RecourseCode\": \"magna sunt dolore\",\n      \"HomeMortgageDisclosure\": {\n        \"MortgageType\": \"Unclassified\",\n        \"PropertyType\": \"deserunt Excepteur incididu\",\n        \"ImprovementCode\": \"amet adipisicing exercitation ullamco veniam\",\n        \"FHLBPledgeType\": \"mollit\",\n        \"HAMPData\": {\n          \"EffDt\": \"2501-05-46\",\n          \"HAMPOption\": \"HAMPStandard\",\n          \"HAMPServicer\": \"sint ut sunt Duis dolore\",\n          \"ForbearanceAmt\": {\n            \"value\": \"<Error: Too many levels of nesting to fake this schema>\"\n          }\n        },\n        \"FHACaseNumber\": \"ullamco \",\n        \"FHAADPCode\": \"incididunt do pariatur dolore sit\",\n        \"MortgageReportingData\": [\n          {\n            \"ReportingType\": {\n              \"value\": \"<Error: Too many levels of nesting to fake this schema>\"\n            },\n            \"ReportingCode\": {\n              \"value\": \"<Error: Too many levels of nesting to fake this schema>\"\n            }\n          },\n          {\n            \"ReportingType\": {\n              \"value\": \"<Error: Too many levels of nesting to fake this schema>\"\n            },\n            \"ReportingCode\": {\n              \"value\": \"<Error: Too many levels of nesting to fake this schema>\"\n            }\n          }\n        ],\n        \"FHAAcknowledgedDt\": \"1972-09-10\",\n        \"CRAData\": {\n          \"CRAReportingInd\": true,\n          \"CRALoanType\": \"OtherUnsecuredConsumerLoan\",\n          \"CRARevenueCode\": \"ut et velit elit nostrud\",\n          \"CRANewFunds\": 98978681.48229706\n        }\n      },\n      \"StudentLoanData\": {\n        \"StudentTypeCode\": \"dolor id\",\n        \"StudentTypeCodeEnumDesc\": \"\",\n        \"StudentLoanStatus\": \"labore\",\n        \"StudentLoanStatusEnumDesc\": \"cupidatat id\",\n        \"StudentActionCode\": \"Except\",\n        \"StudentActionCodeEnumDesc\": \"nisi et\",\n        \"OvrdRate\": -68783226.66330141\n      },\n      \"SBAData\": {\n        \"District\": \"consectet\",\n        \"SBAStatus\": \"PurchasedBySBA\",\n        \"GPNumber\": -66535922\n      }\n    }\n  },\n  \"Status\": {\n    \"Severity\": \"Info\",\n    \"StatusCode\": \"nostrud Ut\",\n    \"StatusDesc\": \"nulla\",\n    \"SvcProviderName\": \"Lorem sint ut eiusmod\",\n    \"Id\": \"i\",\n    \"ServerStatusCode\": \"mollit non labor\",\n    \"ServerStatusDesc\": \"ut ad esse \",\n    \"OvrdExceptionInd\": false,\n    \"SubjectRole\": \"cupidatat laborum\",\n    \"SubjectElement\": [\n      {\n        \"Path\": \"culpa do veniam eiusmod\",\n        \"ServerPath\": \"ullamco consectetur\",\n        \"Value\": \"culpa est deserunt velit\"\n      },\n      {\n        \"Path\": \"in\",\n        \"ServerPath\": \"esse ullamco\",\n        \"Value\": \"culpa sunt sed\"\n      }\n    ],\n    \"ContentHTML\": \"dolore aliqua m\",\n    \"AdditionalStatus\": [\n      {\n        \"StatusCode\": \"do ullamc\",\n        \"StatusDesc\": \"non sit do dolore\",\n        \"Severity\": \"Warning\",\n        \"SvcProviderName\": \"dolore et ullamco\",\n        \"ServerStatusCode\": \"dolor s\",\n        \"ServerStatusDesc\": \"Lorem velit\",\n        \"OvrdExceptionInd\": false,\n        \"SubjectElement\": [\n          {\n            \"Path\": \"\",\n            \"ServerPath\": \"ipsum in min\",\n            \"Value\": \"fugiat aute\"\n          },\n          {\n            \"Path\": \"do ea elit consequat\",\n            \"ServerPath\": \"est in incididunt Duis\",\n            \"Value\": \"nulla anim et qui ut\"\n          }\n        ]\n      },\n      {\n        \"StatusCode\": \"consec\",\n        \"StatusDesc\": \"in et\",\n        \"Severity\": \"Warning\",\n        \"SvcProviderName\": \"anim velit consequat\",\n        \"ServerStatusCode\": \"consectetur \",\n        \"ServerStatusDesc\": \"laboris dolore\",\n        \"OvrdExceptionInd\": false,\n        \"SubjectElement\": [\n          {\n            \"Path\": \"mollit ad\",\n            \"ServerPath\": \"in culpa enim occaecat dolor\",\n            \"Value\": \"in\"\n          },\n          {\n            \"Path\": \"sint laboris dolor aliquip\",\n            \"ServerPath\": \"commodo\",\n            \"Value\": \"qui minim enim sed dolor\"\n          }\n        ]\n      }\n    ]\n  }\n}","cookie":[],"_postman_previewlanguage":"json"}],"event":[],"protocolProfileBehavior":{"disableBodyPruning":true}}],"event":[],"variable":[{"type":"string","value":"/","key":"baseUrl"}],"info":{"_postman_id":"6ce01979-89a4-442c-bbe8-e526a08a71f8","name":"Account Service","schema":"https://schema.getpostman.com/json/collection/v2.1.0/collection.json","description":{"content":"The account service helps to create and manage product accounts serviced by the financial institutions. It is also used to retrieve information about the existing accounts and maintain information of new accounts.","type":"text/plain"}}}