{"item":[{"id":"7c9a69da-dca3-4e34-bca8-f763d978fb49","name":"creditlineservice/lending/creditLines","item":[{"id":"6c608951-d444-44fb-a17f-e16e0c709b23","name":"Add Credit Line","request":{"name":"Add Credit Line","description":{"content":"Add Credit Line API creates a Consumer's Line of Credit (CLOC) account. <br> <br> To download the API Specifications and Postman Collection, click <a href=\"../docs/?path=docs/resources/resources.md\" title=\"Click to open\">Resources</a>.","type":"text/plain"},"url":{"path":["creditlineservice","lending","creditLines"],"host":["{{baseUrl}}"],"query":[],"variable":[]},"header":[{"disabled":false,"description":"(Required) EFX Header is a common and required component for all API calls, it contains client-related parameters. Please note that the header parameters should be sent as a JSON object under the EFXHeader parameter. To view the list of header parameters, <a href=\"../docs?path=docs/api-ref-EFX-header.md\" title=\"Click to open\"> click here.</a>","key":"EFXHeader","value":"OrganizationId,<string>,TrnId,<string>,VendorId,<string>,Context,[object Object]"},{"key":"Content-Type","value":"application/json"},{"key":"Accept","value":"application/json"}],"method":"POST","auth":null,"body":{"mode":"raw","raw":"{\n  \"CreditLineInfo\": {\n    \"AcctType\": \"<string>\",\n    \"OpenDt\": \"<date>\",\n    \"RelationshipMgr\": [\n      {\n        \"RelationshipMgrIdent\": \"<string>\",\n        \"RelationshipRole\": \"<string>\"\n      },\n      {\n        \"RelationshipMgrIdent\": \"<string>\",\n        \"RelationshipRole\": \"<string>\"\n      }\n    ],\n    \"OriginatingBranch\": \"<string>\",\n    \"ResponsibleBranch\": \"<string>\",\n    \"AcctTitleOption\": \"<string>\",\n    \"AcctTitle\": \"<string>\",\n    \"HandlingCodeOption\": \"<string>\",\n    \"HandlingCode\": \"<string>\",\n    \"AccountingMethod\": \"<string>\",\n    \"ClassCode\": \"<string>\",\n    \"AcctTypeCode\": \"<string>\",\n    \"ClientDefinedData\": [\n      {\n        \"DataIdent\": \"<string>\",\n        \"DataClassType\": \"<string>\",\n        \"DataType\": \"<string>\",\n        \"Value\": \"<string>\",\n        \"DataLength\": \"<long>\",\n        \"ExpDt\": \"<date>\",\n        \"Desc\": \"<string>\",\n        \"RequiredFlag\": \"<boolean>\"\n      },\n      {\n        \"DataIdent\": \"<string>\",\n        \"DataClassType\": \"<string>\",\n        \"DataType\": \"<string>\",\n        \"Value\": \"<string>\",\n        \"DataLength\": \"<long>\",\n        \"ExpDt\": \"<date>\",\n        \"Desc\": \"<string>\",\n        \"RequiredFlag\": \"<boolean>\"\n      }\n    ],\n    \"AcctStmtData\": {\n      \"NextStmtDt\": \"<date>\",\n      \"StmtPrepCode\": \"<string>\"\n    },\n    \"PostAddr\": [\n      {\n        \"AddrType\": \"<string>\",\n        \"OpenDt\": \"<date>\",\n        \"RelationshipMgr\": [\n          {\n            \"RelationshipMgrIdent\": \"<string>\",\n            \"RelationshipRole\": \"<string>\"\n          },\n          {\n            \"RelationshipMgrIdent\": \"<string>\",\n            \"RelationshipRole\": \"<string>\"\n          }\n        ],\n        \"OriginatingBranch\": \"<string>\",\n        \"ResponsibleBranch\": \"<string>\",\n        \"AddressIdent\": \"<string>\",\n        \"AddrFormatType\": \"<string>\",\n        \"Addr1\": \"<string>\",\n        \"Addr2\": \"<string>\",\n        \"City\": \"<string>\",\n        \"StateProv\": \"<string>\",\n        \"PostalCode\": \"<string>\",\n        \"CountryCode\": {\n          \"CountryCodeValue\": \"<string>\",\n          \"CountryCodeSource\": \"<string>\"\n        },\n        \"TimeFrame\": {\n          \"StartDt\": \"<string>\",\n          \"EndDt\": \"<string>\"\n        },\n        \"Retention\": \"<boolean>\",\n        \"CensusTract\": \"<string>\",\n        \"CensusBlock\": \"<string>\",\n        \"ForeignFlag\": \"<boolean>\",\n        \"HandlingCode\": \"<string>\",\n        \"HandlingCodeOption\": \"<string>\",\n        \"MSACode\": \"<long>\"\n      },\n      {\n        \"AddrType\": \"<string>\",\n        \"OpenDt\": \"<date>\",\n        \"RelationshipMgr\": [\n          {\n            \"RelationshipMgrIdent\": \"<string>\",\n            \"RelationshipRole\": \"<string>\"\n          },\n          {\n            \"RelationshipMgrIdent\": \"<string>\",\n            \"RelationshipRole\": \"<string>\"\n          }\n        ],\n        \"OriginatingBranch\": \"<string>\",\n        \"ResponsibleBranch\": \"<string>\",\n        \"AddressIdent\": \"<string>\",\n        \"AddrFormatType\": \"<string>\",\n        \"Addr1\": \"<string>\",\n        \"Addr2\": \"<string>\",\n        \"City\": \"<string>\",\n        \"StateProv\": \"<string>\",\n        \"PostalCode\": \"<string>\",\n        \"CountryCode\": {\n          \"CountryCodeValue\": \"<string>\",\n          \"CountryCodeSource\": \"<string>\"\n        },\n        \"TimeFrame\": {\n          \"StartDt\": \"<string>\",\n          \"EndDt\": \"<string>\"\n        },\n        \"Retention\": \"<boolean>\",\n        \"CensusTract\": \"<string>\",\n        \"CensusBlock\": \"<string>\",\n        \"ForeignFlag\": \"<boolean>\",\n        \"HandlingCode\": \"<string>\",\n        \"HandlingCodeOption\": \"<string>\",\n        \"MSACode\": \"<long>\"\n      }\n    ]\n  },\n  \"PartyAcctRelInfo\": [\n    {\n      \"PartyRef\": {\n        \"PartyKeys\": {\n          \"PartyId\": \"<string>\"\n        }\n      },\n      \"PartyAcctRelData\": [\n        {\n          \"PartyAcctRelType\": \"<string>\"\n        },\n        {\n          \"PartyAcctRelType\": \"<string>\"\n        }\n      ],\n      \"OwnerInd\": \"<boolean>\",\n      \"TaxReportingOwnerInd\": \"<boolean>\",\n      \"AcctRef\": {\n        \"AcctKeys\": {\n          \"AcctIdent\": {\n            \"AcctIdentType\": \"<string>\",\n            \"AcctIdentValue\": \"<string>\"\n          }\n        }\n      }\n    },\n    {\n      \"PartyRef\": {\n        \"PartyKeys\": {\n          \"PartyId\": \"<string>\"\n        }\n      },\n      \"PartyAcctRelData\": [\n        {\n          \"PartyAcctRelType\": \"<string>\"\n        },\n        {\n          \"PartyAcctRelType\": \"<string>\"\n        }\n      ],\n      \"OwnerInd\": \"<boolean>\",\n      \"TaxReportingOwnerInd\": \"<boolean>\",\n      \"AcctRef\": {\n        \"AcctKeys\": {\n          \"AcctIdent\": {\n            \"AcctIdentType\": \"<string>\",\n            \"AcctIdentValue\": \"<string>\"\n          }\n        }\n      }\n    }\n  ]\n}","options":{"raw":{"language":"json"}}}},"response":[{"id":"bd59f214-8976-4f8f-acc7-14d04233cf61","name":"Created","originalRequest":{"url":{"path":["creditlineservice","lending","creditLines"],"host":["{{baseUrl}}"],"query":[],"variable":[]},"header":[{"disabled":false,"description":"(Required) EFX Header is a common and required component for all API calls, it contains client-related parameters. Please note that the header parameters should be sent as a JSON object under the EFXHeader parameter. To view the list of header parameters, <a href=\"../docs?path=docs/api-ref-EFX-header.md\" title=\"Click to open\"> click here.</a>","key":"EFXHeader","value":"OrganizationId,<string>,TrnId,<string>,VendorId,<string>,Context,[object Object]"},{"key":"Accept","value":"application/json"}],"method":"POST","body":{"mode":"raw","raw":"{\n  \"CreditLineInfo\": {\n    \"AcctType\": \"<string>\",\n    \"OpenDt\": \"<date>\",\n    \"RelationshipMgr\": [\n      {\n        \"RelationshipMgrIdent\": \"<string>\",\n        \"RelationshipRole\": \"<string>\"\n      },\n      {\n        \"RelationshipMgrIdent\": \"<string>\",\n        \"RelationshipRole\": \"<string>\"\n      }\n    ],\n    \"OriginatingBranch\": \"<string>\",\n    \"ResponsibleBranch\": \"<string>\",\n    \"AcctTitleOption\": \"<string>\",\n    \"AcctTitle\": \"<string>\",\n    \"HandlingCodeOption\": \"<string>\",\n    \"HandlingCode\": \"<string>\",\n    \"AccountingMethod\": \"<string>\",\n    \"ClassCode\": \"<string>\",\n    \"AcctTypeCode\": \"<string>\",\n    \"ClientDefinedData\": [\n      {\n        \"DataIdent\": \"<string>\",\n        \"DataClassType\": \"<string>\",\n        \"DataType\": \"<string>\",\n        \"Value\": \"<string>\",\n        \"DataLength\": \"<long>\",\n        \"ExpDt\": \"<date>\",\n        \"Desc\": \"<string>\",\n        \"RequiredFlag\": \"<boolean>\"\n      },\n      {\n        \"DataIdent\": \"<string>\",\n        \"DataClassType\": \"<string>\",\n        \"DataType\": \"<string>\",\n        \"Value\": \"<string>\",\n        \"DataLength\": \"<long>\",\n        \"ExpDt\": \"<date>\",\n        \"Desc\": \"<string>\",\n        \"RequiredFlag\": \"<boolean>\"\n      }\n    ],\n    \"AcctStmtData\": {\n      \"NextStmtDt\": \"<date>\",\n      \"StmtPrepCode\": \"<string>\"\n    },\n    \"PostAddr\": [\n      {\n        \"AddrType\": \"<string>\",\n        \"OpenDt\": \"<date>\",\n        \"RelationshipMgr\": [\n          {\n            \"RelationshipMgrIdent\": \"<string>\",\n            \"RelationshipRole\": \"<string>\"\n          },\n          {\n            \"RelationshipMgrIdent\": \"<string>\",\n            \"RelationshipRole\": \"<string>\"\n          }\n        ],\n        \"OriginatingBranch\": \"<string>\",\n        \"ResponsibleBranch\": \"<string>\",\n        \"AddressIdent\": \"<string>\",\n        \"AddrFormatType\": \"<string>\",\n        \"Addr1\": \"<string>\",\n        \"Addr2\": \"<string>\",\n        \"City\": \"<string>\",\n        \"StateProv\": \"<string>\",\n        \"PostalCode\": \"<string>\",\n        \"CountryCode\": {\n          \"CountryCodeValue\": \"<string>\",\n          \"CountryCodeSource\": \"<string>\"\n        },\n        \"TimeFrame\": {\n          \"StartDt\": \"<string>\",\n          \"EndDt\": \"<string>\"\n        },\n        \"Retention\": \"<boolean>\",\n        \"CensusTract\": \"<string>\",\n        \"CensusBlock\": \"<string>\",\n        \"ForeignFlag\": \"<boolean>\",\n        \"HandlingCode\": \"<string>\",\n        \"HandlingCodeOption\": \"<string>\",\n        \"MSACode\": \"<long>\"\n      },\n      {\n        \"AddrType\": \"<string>\",\n        \"OpenDt\": \"<date>\",\n        \"RelationshipMgr\": [\n          {\n            \"RelationshipMgrIdent\": \"<string>\",\n            \"RelationshipRole\": \"<string>\"\n          },\n          {\n            \"RelationshipMgrIdent\": \"<string>\",\n            \"RelationshipRole\": \"<string>\"\n          }\n        ],\n        \"OriginatingBranch\": \"<string>\",\n        \"ResponsibleBranch\": \"<string>\",\n        \"AddressIdent\": \"<string>\",\n        \"AddrFormatType\": \"<string>\",\n        \"Addr1\": \"<string>\",\n        \"Addr2\": \"<string>\",\n        \"City\": \"<string>\",\n        \"StateProv\": \"<string>\",\n        \"PostalCode\": \"<string>\",\n        \"CountryCode\": {\n          \"CountryCodeValue\": \"<string>\",\n          \"CountryCodeSource\": \"<string>\"\n        },\n        \"TimeFrame\": {\n          \"StartDt\": \"<string>\",\n          \"EndDt\": \"<string>\"\n        },\n        \"Retention\": \"<boolean>\",\n        \"CensusTract\": \"<string>\",\n        \"CensusBlock\": \"<string>\",\n        \"ForeignFlag\": \"<boolean>\",\n        \"HandlingCode\": \"<string>\",\n        \"HandlingCodeOption\": \"<string>\",\n        \"MSACode\": \"<long>\"\n      }\n    ]\n  },\n  \"PartyAcctRelInfo\": [\n    {\n      \"PartyRef\": {\n        \"PartyKeys\": {\n          \"PartyId\": \"<string>\"\n        }\n      },\n      \"PartyAcctRelData\": [\n        {\n          \"PartyAcctRelType\": \"<string>\"\n        },\n        {\n          \"PartyAcctRelType\": \"<string>\"\n        }\n      ],\n      \"OwnerInd\": \"<boolean>\",\n      \"TaxReportingOwnerInd\": \"<boolean>\",\n      \"AcctRef\": {\n        \"AcctKeys\": {\n          \"AcctIdent\": {\n            \"AcctIdentType\": \"<string>\",\n            \"AcctIdentValue\": \"<string>\"\n          }\n        }\n      }\n    },\n    {\n      \"PartyRef\": {\n        \"PartyKeys\": {\n          \"PartyId\": \"<string>\"\n        }\n      },\n      \"PartyAcctRelData\": [\n        {\n          \"PartyAcctRelType\": \"<string>\"\n        },\n        {\n          \"PartyAcctRelType\": \"<string>\"\n        }\n      ],\n      \"OwnerInd\": \"<boolean>\",\n      \"TaxReportingOwnerInd\": \"<boolean>\",\n      \"AcctRef\": {\n        \"AcctKeys\": {\n          \"AcctIdent\": {\n            \"AcctIdentType\": \"<string>\",\n            \"AcctIdentValue\": \"<string>\"\n          }\n        }\n      }\n    }\n  ]\n}","options":{"raw":{"language":"json"}}}},"status":"Created","code":201,"header":[{"key":"Content-Type","value":"application/json"}],"body":"{\n  \"CreditLineStatusRec\": {\n    \"CreditLineKeys\": {\n      \"AcctKeys\": {\n        \"AcctId\": \"reprehe\",\n        \"AcctType\": \"CLOC\"\n      }\n    },\n    \"CreditLineStatus\": {\n      \"CreditLineStatusCode\": \"Valid\",\n      \"EffDt\": \"4200-67-62T52:67\"\n    }\n  },\n  \"Status\": {\n    \"Severity\": \"Error\",\n    \"StatusCode\": \"aute occaecat aliq\",\n    \"StatusDesc\": \"ut laborum\",\n    \"SvcProviderName\": \"culpa est exercitation\",\n    \"Id\": \"nisi occaecat aliquip incididunt ex\",\n    \"ServerStatusCode\": \"dol\",\n    \"ServerStatusDesc\": \"par\",\n    \"OvrdExceptionInd\": false,\n    \"SubjectRole\": \"quis deserunt Ut\",\n    \"SubjectElement\": [\n      {\n        \"Path\": \"non exercitation est\",\n        \"ServerPath\": \"aliquip dolore\",\n        \"Value\": \"aliqua magna\"\n      },\n      {\n        \"Path\": \"qui nisi\",\n        \"ServerPath\": \"fugiat commodo\",\n        \"Value\": \"amet adipisicing et\"\n      }\n    ],\n    \"ContentHTML\": \"nulla\",\n    \"AdditionalStatus\": [\n      {\n        \"StatusCode\": \"in labore incididu\",\n        \"StatusDesc\": \"laborum tempor nisi quis\",\n        \"Severity\": \"Info\",\n        \"SvcProviderName\": \"minim nulla\",\n        \"ServerStatusCode\": \"consequat volu\",\n        \"ServerStatusDesc\": \"magna dolor dolore nisi\",\n        \"OvrdExceptionInd\": true,\n        \"SubjectElement\": [\n          {\n            \"Path\": \"labore\",\n            \"ServerPath\": \"in in proident\",\n            \"Value\": \"labore ut ex minim sint\"\n          },\n          {\n            \"Path\": \"laborum voluptate adipisicing commodo\",\n            \"ServerPath\": \"deserunt\",\n            \"Value\": \"ullamco do\"\n          }\n        ]\n      },\n      {\n        \"StatusCode\": \"ut nulla ea\",\n        \"StatusDesc\": \"consequat elit ipsum reprehenderit\",\n        \"Severity\": \"Info\",\n        \"SvcProviderName\": \"minim irure in aliquip\",\n        \"ServerStatusCode\": \"pari\",\n        \"ServerStatusDesc\": \"ipsum sed ad\",\n        \"OvrdExceptionInd\": true,\n        \"SubjectElement\": [\n          {\n            \"Path\": \"commodo\",\n            \"ServerPath\": \"in\",\n            \"Value\": \"laboris Lore\"\n          },\n          {\n            \"Path\": \"mollit nisi\",\n            \"ServerPath\": \"laboris incididunt eiusmod commodo in\",\n            \"Value\": \"nostrud sit aliquip id sunt\"\n          }\n        ]\n      }\n    ]\n  }\n}","cookie":[],"_postman_previewlanguage":"json"},{"id":"c4426ebb-8c05-47c4-88a3-bdc6661859b4","name":"To view the complete list of response codes, <a href=\"../docs/?path=docs/response-codes.md\" title=\"Click to open\">click here.</a>","originalRequest":{"url":{"path":["creditlineservice","lending","creditLines"],"host":["{{baseUrl}}"],"query":[],"variable":[]},"header":[{"disabled":false,"description":"(Required) EFX Header is a common and required component for all API calls, it contains client-related parameters. Please note that the header parameters should be sent as a JSON object under the EFXHeader parameter. To view the list of header parameters, <a href=\"../docs?path=docs/api-ref-EFX-header.md\" title=\"Click to open\"> click here.</a>","key":"EFXHeader","value":"OrganizationId,<string>,TrnId,<string>,VendorId,<string>,Context,[object Object]"},{"key":"Accept","value":"application/json"}],"method":"POST","body":{"mode":"raw","raw":"{\n  \"CreditLineInfo\": {\n    \"AcctType\": \"<string>\",\n    \"OpenDt\": \"<date>\",\n    \"RelationshipMgr\": [\n      {\n        \"RelationshipMgrIdent\": \"<string>\",\n        \"RelationshipRole\": \"<string>\"\n      },\n      {\n        \"RelationshipMgrIdent\": \"<string>\",\n        \"RelationshipRole\": \"<string>\"\n      }\n    ],\n    \"OriginatingBranch\": \"<string>\",\n    \"ResponsibleBranch\": \"<string>\",\n    \"AcctTitleOption\": \"<string>\",\n    \"AcctTitle\": \"<string>\",\n    \"HandlingCodeOption\": \"<string>\",\n    \"HandlingCode\": \"<string>\",\n    \"AccountingMethod\": \"<string>\",\n    \"ClassCode\": \"<string>\",\n    \"AcctTypeCode\": \"<string>\",\n    \"ClientDefinedData\": [\n      {\n        \"DataIdent\": \"<string>\",\n        \"DataClassType\": \"<string>\",\n        \"DataType\": \"<string>\",\n        \"Value\": \"<string>\",\n        \"DataLength\": \"<long>\",\n        \"ExpDt\": \"<date>\",\n        \"Desc\": \"<string>\",\n        \"RequiredFlag\": \"<boolean>\"\n      },\n      {\n        \"DataIdent\": \"<string>\",\n        \"DataClassType\": \"<string>\",\n        \"DataType\": \"<string>\",\n        \"Value\": \"<string>\",\n        \"DataLength\": \"<long>\",\n        \"ExpDt\": \"<date>\",\n        \"Desc\": \"<string>\",\n        \"RequiredFlag\": \"<boolean>\"\n      }\n    ],\n    \"AcctStmtData\": {\n      \"NextStmtDt\": \"<date>\",\n      \"StmtPrepCode\": \"<string>\"\n    },\n    \"PostAddr\": [\n      {\n        \"AddrType\": \"<string>\",\n        \"OpenDt\": \"<date>\",\n        \"RelationshipMgr\": [\n          {\n            \"RelationshipMgrIdent\": \"<string>\",\n            \"RelationshipRole\": \"<string>\"\n          },\n          {\n            \"RelationshipMgrIdent\": \"<string>\",\n            \"RelationshipRole\": \"<string>\"\n          }\n        ],\n        \"OriginatingBranch\": \"<string>\",\n        \"ResponsibleBranch\": \"<string>\",\n        \"AddressIdent\": \"<string>\",\n        \"AddrFormatType\": \"<string>\",\n        \"Addr1\": \"<string>\",\n        \"Addr2\": \"<string>\",\n        \"City\": \"<string>\",\n        \"StateProv\": \"<string>\",\n        \"PostalCode\": \"<string>\",\n        \"CountryCode\": {\n          \"CountryCodeValue\": \"<string>\",\n          \"CountryCodeSource\": \"<string>\"\n        },\n        \"TimeFrame\": {\n          \"StartDt\": \"<string>\",\n          \"EndDt\": \"<string>\"\n        },\n        \"Retention\": \"<boolean>\",\n        \"CensusTract\": \"<string>\",\n        \"CensusBlock\": \"<string>\",\n        \"ForeignFlag\": \"<boolean>\",\n        \"HandlingCode\": \"<string>\",\n        \"HandlingCodeOption\": \"<string>\",\n        \"MSACode\": \"<long>\"\n      },\n      {\n        \"AddrType\": \"<string>\",\n        \"OpenDt\": \"<date>\",\n        \"RelationshipMgr\": [\n          {\n            \"RelationshipMgrIdent\": \"<string>\",\n            \"RelationshipRole\": \"<string>\"\n          },\n          {\n            \"RelationshipMgrIdent\": \"<string>\",\n            \"RelationshipRole\": \"<string>\"\n          }\n        ],\n        \"OriginatingBranch\": \"<string>\",\n        \"ResponsibleBranch\": \"<string>\",\n        \"AddressIdent\": \"<string>\",\n        \"AddrFormatType\": \"<string>\",\n        \"Addr1\": \"<string>\",\n        \"Addr2\": \"<string>\",\n        \"City\": \"<string>\",\n        \"StateProv\": \"<string>\",\n        \"PostalCode\": \"<string>\",\n        \"CountryCode\": {\n          \"CountryCodeValue\": \"<string>\",\n          \"CountryCodeSource\": \"<string>\"\n        },\n        \"TimeFrame\": {\n          \"StartDt\": \"<string>\",\n          \"EndDt\": \"<string>\"\n        },\n        \"Retention\": \"<boolean>\",\n        \"CensusTract\": \"<string>\",\n        \"CensusBlock\": \"<string>\",\n        \"ForeignFlag\": \"<boolean>\",\n        \"HandlingCode\": \"<string>\",\n        \"HandlingCodeOption\": \"<string>\",\n        \"MSACode\": \"<long>\"\n      }\n    ]\n  },\n  \"PartyAcctRelInfo\": [\n    {\n      \"PartyRef\": {\n        \"PartyKeys\": {\n          \"PartyId\": \"<string>\"\n        }\n      },\n      \"PartyAcctRelData\": [\n        {\n          \"PartyAcctRelType\": \"<string>\"\n        },\n        {\n          \"PartyAcctRelType\": \"<string>\"\n        }\n      ],\n      \"OwnerInd\": \"<boolean>\",\n      \"TaxReportingOwnerInd\": \"<boolean>\",\n      \"AcctRef\": {\n        \"AcctKeys\": {\n          \"AcctIdent\": {\n            \"AcctIdentType\": \"<string>\",\n            \"AcctIdentValue\": \"<string>\"\n          }\n        }\n      }\n    },\n    {\n      \"PartyRef\": {\n        \"PartyKeys\": {\n          \"PartyId\": \"<string>\"\n        }\n      },\n      \"PartyAcctRelData\": [\n        {\n          \"PartyAcctRelType\": \"<string>\"\n        },\n        {\n          \"PartyAcctRelType\": \"<string>\"\n        }\n      ],\n      \"OwnerInd\": \"<boolean>\",\n      \"TaxReportingOwnerInd\": \"<boolean>\",\n      \"AcctRef\": {\n        \"AcctKeys\": {\n          \"AcctIdent\": {\n            \"AcctIdentType\": \"<string>\",\n            \"AcctIdentValue\": \"<string>\"\n          }\n        }\n      }\n    }\n  ]\n}","options":{"raw":{"language":"json"}}}},"status":"Internal Server Error","code":500,"header":[{"key":"Content-Type","value":"application/json"}],"body":"{\n  \"CreditLineStatusRec\": {\n    \"CreditLineKeys\": {\n      \"AcctKeys\": {\n        \"AcctId\": \"com\",\n        \"AcctType\": \"CLOC\"\n      }\n    },\n    \"CreditLineStatus\": {\n      \"CreditLineStatusCode\": \"Valid\",\n      \"EffDt\": \"6383-69-75\"\n    }\n  },\n  \"Status\": {\n    \"Severity\": \"Warning\",\n    \"StatusCode\": \"magna\",\n    \"StatusDesc\": \"minim deserunt incididunt\",\n    \"SvcProviderName\": \"reprehenderit in\",\n    \"Id\": \"aute exerci\",\n    \"ServerStatusCode\": \"dolore cupidatat\",\n    \"ServerStatusDesc\": \"id al\",\n    \"OvrdExceptionInd\": false,\n    \"SubjectRole\": \"laborum Duis ea ut\",\n    \"SubjectElement\": [\n      {\n        \"Path\": \"non ipsum\",\n        \"ServerPath\": \"anim sunt aliquip\",\n        \"Value\": \"dolore enim minim adipisicing Ut\"\n      },\n      {\n        \"Path\": \"incididunt commodo aliquip laborum\",\n        \"ServerPath\": \"consectetur voluptate pariatur\",\n        \"Value\": \"velit cupidatat occaecat\"\n      }\n    ],\n    \"ContentHTML\": \"eiusmod consequat et\",\n    \"AdditionalStatus\": [\n      {\n        \"StatusCode\": \"ut Exc\",\n        \"StatusDesc\": \"enim sint\",\n        \"Severity\": \"Error\",\n        \"SvcProviderName\": \"labore Duis non officia pariatur\",\n        \"ServerStatusCode\": \"dolore e\",\n        \"ServerStatusDesc\": \"reprehenderit\",\n        \"OvrdExceptionInd\": false,\n        \"SubjectElement\": [\n          {\n            \"Path\": \"consectetur mollit enim cillum\",\n            \"ServerPath\": \"mollit Excepteur sunt sit\",\n            \"Value\": \"occaecat esse pariatur\"\n          },\n          {\n            \"Path\": \"dolore\",\n            \"ServerPath\": \"\",\n            \"Value\": \"eiusmod velit reprehenderit\"\n          }\n        ]\n      },\n      {\n        \"StatusCode\": \"pariatur\",\n        \"StatusDesc\": \"amet\",\n        \"Severity\": \"Warning\",\n        \"SvcProviderName\": \"incididunt sed reprehenderit proident eu\",\n        \"ServerStatusCode\": \"reprehenderit\",\n        \"ServerStatusDesc\": \"magna enim\",\n        \"OvrdExceptionInd\": true,\n        \"SubjectElement\": [\n          {\n            \"Path\": \"labore eu\",\n            \"ServerPath\": \"adipisicing labore\",\n            \"Value\": \"Duis sint incididunt\"\n          },\n          {\n            \"Path\": \"sunt e\",\n            \"ServerPath\": \"nisi officia veniam sit\",\n            \"Value\": \"sed do veniam aliquip\"\n          }\n        ]\n      }\n    ]\n  }\n}","cookie":[],"_postman_previewlanguage":"json"}],"event":[],"protocolProfileBehavior":{"disableBodyPruning":true}},{"id":"fd41aacf-793b-4292-87f0-b308c982eab3","name":"secured","item":[{"id":"056ad9dc-02c7-44ac-975f-3bf8abe2b4ae","name":"Delete Credit Line","request":{"name":"Delete Credit Line","description":{"content":"Delete Credit Line API deletes a Consumer's Line of Credit (CLOC) account.<br>For Premier, if the all balances under CLOC account are not paid, the CLOC account cannot be deleted. <br> <br> To download the API Specifications and Postman Collection, click <a href=\"../docs/?path=docs/resources/resources.md\" title=\"Click to open\">Resources</a>.","type":"text/plain"},"url":{"path":["creditlineservice","lending","creditLines","secured"],"host":["{{baseUrl}}"],"query":[],"variable":[]},"header":[{"disabled":false,"description":"(Required) EFX Header is a common and required component for all API calls, it contains client-related parameters. Please note that the header parameters should be sent as a JSON object under the EFXHeader parameter. To view the list of header parameters, <a href=\"../docs?path=docs/api-ref-EFX-header.md\" title=\"Click to open\"> click here.</a>","key":"EFXHeader","value":"OrganizationId,<string>,TrnId,<string>,VendorId,<string>,Context,[object Object]"},{"key":"Content-Type","value":"application/json"},{"key":"Accept","value":"application/json"}],"method":"PUT","auth":null,"body":{"mode":"raw","raw":"{\n  \"CreditLineKeys\": {\n    \"AcctKeys\": {\n      \"AcctId\": \"<string>\",\n      \"AcctType\": \"<string>\"\n    }\n  }\n}","options":{"raw":{"language":"json"}}}},"response":[{"id":"dfdef0e0-1274-44c8-a22f-4d34793cafa3","name":"Success","originalRequest":{"url":{"path":["creditlineservice","lending","creditLines","secured"],"host":["{{baseUrl}}"],"query":[],"variable":[]},"header":[{"disabled":false,"description":"(Required) EFX Header is a common and required component for all API calls, it contains client-related parameters. Please note that the header parameters should be sent as a JSON object under the EFXHeader parameter. To view the list of header parameters, <a href=\"../docs?path=docs/api-ref-EFX-header.md\" title=\"Click to open\"> click here.</a>","key":"EFXHeader","value":"OrganizationId,<string>,TrnId,<string>,VendorId,<string>,Context,[object Object]"},{"key":"Accept","value":"application/json"}],"method":"PUT","body":{"mode":"raw","raw":"{\n  \"CreditLineKeys\": {\n    \"AcctKeys\": {\n      \"AcctId\": \"<string>\",\n      \"AcctType\": \"<string>\"\n    }\n  }\n}","options":{"raw":{"language":"json"}}}},"status":"OK","code":200,"header":[{"key":"Content-Type","value":"application/json"}],"body":"{\n  \"CreditLineStatusRec\": {\n    \"CreditLineKeys\": {\n      \"AcctKeys\": {\n        \"AcctId\": \"ipsum est Excepteur\",\n        \"AcctType\": \"CLOC\"\n      }\n    },\n    \"CreditLineStatus\": {\n      \"CreditLineStatusCode\": \"Valid\",\n      \"EffDt\": \"8128-15-30T45:84:32+50:26\"\n    }\n  },\n  \"Status\": {\n    \"Severity\": \"Info\",\n    \"StatusCode\": \"minim eiusmod al\",\n    \"StatusDesc\": \"aliquip laboris voluptate ut\",\n    \"SvcProviderName\": \"veniam\",\n    \"Id\": \"officia\",\n    \"ServerStatusCode\": \"commodo \",\n    \"ServerStatusDesc\": \"ad quis\",\n    \"OvrdExceptionInd\": false,\n    \"SubjectRole\": \"dolore est\",\n    \"SubjectElement\": [\n      {\n        \"Path\": \"veniam\",\n        \"ServerPath\": \"ut laborum officia commodo\",\n        \"Value\": \"Duis ut aute\"\n      },\n      {\n        \"Path\": \"et\",\n        \"ServerPath\": \"ut non aute dolor\",\n        \"Value\": \"nostrud\"\n      }\n    ],\n    \"ContentHTML\": \"elit id quis cillum Excepteur\",\n    \"AdditionalStatus\": [\n      {\n        \"StatusCode\": \"offic\",\n        \"StatusDesc\": \"in eu\",\n        \"Severity\": \"Info\",\n        \"SvcProviderName\": \"ex deserunt occaecat quis dolore\",\n        \"ServerStatusCode\": \"in \",\n        \"ServerStatusDesc\": \"proident ut ad\",\n        \"OvrdExceptionInd\": false,\n        \"SubjectElement\": [\n          {\n            \"Path\": \"in enim culpa ipsum pariatur\",\n            \"ServerPath\": \"aliqua\",\n            \"Value\": \"elit amet est tempor\"\n          },\n          {\n            \"Path\": \"labore sed dolore adipisicing pariatur\",\n            \"ServerPath\": \"sed sint pariatur non aliquip\",\n            \"Value\": \"sit commodo non\"\n          }\n        ]\n      },\n      {\n        \"StatusCode\": \"nostrud sit dolor a\",\n        \"StatusDesc\": \"do\",\n        \"Severity\": \"Warning\",\n        \"SvcProviderName\": \"sunt in veniam\",\n        \"ServerStatusCode\": \"elit no\",\n        \"ServerStatusDesc\": \"Ut non ad\",\n        \"OvrdExceptionInd\": true,\n        \"SubjectElement\": [\n          {\n            \"Path\": \"in id\",\n            \"ServerPath\": \"cupidatat labore\",\n            \"Value\": \"nostrud quis sed irure\"\n          },\n          {\n            \"Path\": \"nostrud ipsum\",\n            \"ServerPath\": \"velit dolore consequ\",\n            \"Value\": \"reprehenderit velit eu\"\n          }\n        ]\n      }\n    ]\n  }\n}","cookie":[],"_postman_previewlanguage":"json"},{"id":"6afdf16f-5ff1-4029-96c0-c29fe95ab8a5","name":"To view the complete list of response codes, <a href=\"../docs/?path=docs/response-codes.md\" title=\"Click to open\">click here.</a>","originalRequest":{"url":{"path":["creditlineservice","lending","creditLines","secured"],"host":["{{baseUrl}}"],"query":[],"variable":[]},"header":[{"disabled":false,"description":"(Required) EFX Header is a common and required component for all API calls, it contains client-related parameters. Please note that the header parameters should be sent as a JSON object under the EFXHeader parameter. To view the list of header parameters, <a href=\"../docs?path=docs/api-ref-EFX-header.md\" title=\"Click to open\"> click here.</a>","key":"EFXHeader","value":"OrganizationId,<string>,TrnId,<string>,VendorId,<string>,Context,[object Object]"},{"key":"Accept","value":"application/json"}],"method":"PUT","body":{"mode":"raw","raw":"{\n  \"CreditLineKeys\": {\n    \"AcctKeys\": {\n      \"AcctId\": \"<string>\",\n      \"AcctType\": \"<string>\"\n    }\n  }\n}","options":{"raw":{"language":"json"}}}},"status":"Internal Server Error","code":500,"header":[{"key":"Content-Type","value":"application/json"}],"body":"{\n  \"CreditLineStatusRec\": {\n    \"CreditLineKeys\": {\n      \"AcctKeys\": {\n        \"AcctId\": \"ipsum est Excepteur\",\n        \"AcctType\": \"CLOC\"\n      }\n    },\n    \"CreditLineStatus\": {\n      \"CreditLineStatusCode\": \"Valid\",\n      \"EffDt\": \"8128-15-30T45:84:32+50:26\"\n    }\n  },\n  \"Status\": {\n    \"Severity\": \"Info\",\n    \"StatusCode\": \"minim eiusmod al\",\n    \"StatusDesc\": \"aliquip laboris voluptate ut\",\n    \"SvcProviderName\": \"veniam\",\n    \"Id\": \"officia\",\n    \"ServerStatusCode\": \"commodo \",\n    \"ServerStatusDesc\": \"ad quis\",\n    \"OvrdExceptionInd\": false,\n    \"SubjectRole\": \"dolore est\",\n    \"SubjectElement\": [\n      {\n        \"Path\": \"veniam\",\n        \"ServerPath\": \"ut laborum officia commodo\",\n        \"Value\": \"Duis ut aute\"\n      },\n      {\n        \"Path\": \"et\",\n        \"ServerPath\": \"ut non aute dolor\",\n        \"Value\": \"nostrud\"\n      }\n    ],\n    \"ContentHTML\": \"elit id quis cillum Excepteur\",\n    \"AdditionalStatus\": [\n      {\n        \"StatusCode\": \"offic\",\n        \"StatusDesc\": \"in eu\",\n        \"Severity\": \"Info\",\n        \"SvcProviderName\": \"ex deserunt occaecat quis dolore\",\n        \"ServerStatusCode\": \"in \",\n        \"ServerStatusDesc\": \"proident ut ad\",\n        \"OvrdExceptionInd\": false,\n        \"SubjectElement\": [\n          {\n            \"Path\": \"in enim culpa ipsum pariatur\",\n            \"ServerPath\": \"aliqua\",\n            \"Value\": \"elit amet est tempor\"\n          },\n          {\n            \"Path\": \"labore sed dolore adipisicing pariatur\",\n            \"ServerPath\": \"sed sint pariatur non aliquip\",\n            \"Value\": \"sit commodo non\"\n          }\n        ]\n      },\n      {\n        \"StatusCode\": \"nostrud sit dolor a\",\n        \"StatusDesc\": \"do\",\n        \"Severity\": \"Warning\",\n        \"SvcProviderName\": \"sunt in veniam\",\n        \"ServerStatusCode\": \"elit no\",\n        \"ServerStatusDesc\": \"Ut non ad\",\n        \"OvrdExceptionInd\": true,\n        \"SubjectElement\": [\n          {\n            \"Path\": \"in id\",\n            \"ServerPath\": \"cupidatat labore\",\n            \"Value\": \"nostrud quis sed irure\"\n          },\n          {\n            \"Path\": \"nostrud ipsum\",\n            \"ServerPath\": \"velit dolore consequ\",\n            \"Value\": \"reprehenderit velit eu\"\n          }\n        ]\n      }\n    ]\n  }\n}","cookie":[],"_postman_previewlanguage":"json"}],"event":[],"protocolProfileBehavior":{"disableBodyPruning":true}},{"id":"19a339f4-e87e-476c-8196-6a82a8b6ff66","name":"Get Credit Line","request":{"name":"Get Credit Line","description":{"content":"Get Credit Line API retrieves the information of the selected Consumer's Line of Credit (CLOC) account. <br> <br> To download the API Specifications and Postman Collection, click <a href=\"../docs/?path=docs/resources/resources.md\" title=\"Click to open\">Resources</a>.","type":"text/plain"},"url":{"path":["creditlineservice","lending","creditLines","secured"],"host":["{{baseUrl}}"],"query":[],"variable":[]},"header":[{"disabled":false,"description":"(Required) EFX Header is a common and required component for all API calls, it contains client-related parameters. Please note that the header parameters should be sent as a JSON object under the EFXHeader parameter. To view the list of header parameters, <a href=\"../docs?path=docs/api-ref-EFX-header.md\" title=\"Click to open\"> click here.</a>","key":"EFXHeader","value":"OrganizationId,<string>,TrnId,<string>,VendorId,<string>,Context,[object Object]"},{"key":"Content-Type","value":"application/json"},{"key":"Accept","value":"application/json"}],"method":"POST","auth":null,"body":{"mode":"raw","raw":"{\n  \"CreditLineSel\": {\n    \"CreditLineKeys\": {\n      \"AcctKeys\": {\n        \"AcctId\": \"<string>\",\n        \"AcctType\": \"<string>\"\n      }\n    }\n  }\n}","options":{"raw":{"language":"json"}}}},"response":[{"id":"b29f3da1-8979-48c6-81c3-70fe268ed3a9","name":"Success","originalRequest":{"url":{"path":["creditlineservice","lending","creditLines","secured"],"host":["{{baseUrl}}"],"query":[],"variable":[]},"header":[{"disabled":false,"description":"(Required) EFX Header is a common and required component for all API calls, it contains client-related parameters. Please note that the header parameters should be sent as a JSON object under the EFXHeader parameter. To view the list of header parameters, <a href=\"../docs?path=docs/api-ref-EFX-header.md\" title=\"Click to open\"> click here.</a>","key":"EFXHeader","value":"OrganizationId,<string>,TrnId,<string>,VendorId,<string>,Context,[object Object]"},{"key":"Accept","value":"application/json"}],"method":"POST","body":{"mode":"raw","raw":"{\n  \"CreditLineSel\": {\n    \"CreditLineKeys\": {\n      \"AcctKeys\": {\n        \"AcctId\": \"<string>\",\n        \"AcctType\": \"<string>\"\n      }\n    }\n  }\n}","options":{"raw":{"language":"json"}}}},"status":"OK","code":200,"header":[{"key":"Content-Type","value":"application/json"}],"body":"{\n  \"CreditLineRec\": [\n    {\n      \"CreditLineInfo\": {\n        \"OpenDt\": \"1971-12-11\",\n        \"LastContactDt\": \"2444-32-33T32:93\",\n        \"DateData\": [\n          {\n            \"DateType\": \"Accrual\",\n            \"DateValue\": \"3200-88-33\"\n          },\n          {\n            \"DateType\": \"LastFileMaint\",\n            \"DateValue\": \"4648-72-08T11:86:45.753+55:83\"\n          }\n        ],\n        \"RelationshipMgr\": [\n          {\n            \"RelationshipMgrIdent\": \"amet\",\n            \"RelationshipRole\": \"ReferralOfficer\"\n          },\n          {\n            \"RelationshipMgrIdent\": \"ullamc\",\n            \"RelationshipRole\": \"ReferralOfficer\"\n          }\n        ],\n        \"OriginatingBranch\": \"id a\",\n        \"ResponsibleBranch\": \"in la\",\n        \"AcctTitleOption\": \"occaecat exercitation\",\n        \"AcctTitle\": \"aute proident\",\n        \"HandlingCodeOption\": \"StatementsNoticesChecks\",\n        \"HandlingCode\": \"eu quis molli\",\n        \"AccountingMethod\": \"Class\",\n        \"AccountingValue\": \"eiusmod\",\n        \"ClassCode\": \"dolor amet\",\n        \"AcctTypeCode\": \"ea Lorem Ut enim\",\n        \"ClientDefinedData\": [\n          {\n            \"DataIdent\": \"adipisicing\",\n            \"DataType\": \"RateSymbol\",\n            \"Value\": \"ipsum si\",\n            \"DataLength\": -55091625,\n            \"ExpDt\": \"1986-11-05\",\n            \"Desc\": \"in elit sit\",\n            \"RequiredFlag\": false\n          },\n          {\n            \"DataIdent\": \"in cillum\",\n            \"DataType\": \"Date\",\n            \"Value\": \"ut ullamco ex\",\n            \"DataLength\": -42520699,\n            \"ExpDt\": \"1965-09-24\",\n            \"Desc\": \"Ut consequat id esse nostrud\",\n            \"RequiredFlag\": false\n          }\n        ],\n        \"AcctStmtData\": {\n          \"NextStmtDt\": \"1983-09-10\",\n          \"StmtPrepCode\": \"pariatur\"\n        },\n        \"AcctBal\": [\n          {\n            \"BalType\": \"InterestDue\",\n            \"CurAmt\": {\n              \"Amt\": -4440905.737064019,\n              \"CurCode\": {\n                \"CurCodeValue\": \"irure culpa cupidatat\",\n                \"CurCodeType\": \"ISO4217-Alpha\"\n              }\n            }\n          },\n          {\n            \"BalType\": \"ChargeOff\",\n            \"CurAmt\": {\n              \"Amt\": -54921292.51915543,\n              \"CurCode\": {\n                \"CurCodeValue\": \"deserunt nulla elit\",\n                \"CurCodeType\": \"ISO4217-Alpha\"\n              }\n            }\n          }\n        ],\n        \"AcctPeriodData\": [\n          {\n            \"AcctAmtType\": \"AvgAvail\",\n            \"AcctPeriodType\": \"YTD\",\n            \"LastOccurInd\": false,\n            \"Amt\": -56724166.37634301,\n            \"Rate\": 93794196.89771155\n          },\n          {\n            \"AcctAmtType\": \"AvgAvail\",\n            \"AcctPeriodType\": \"YTD\",\n            \"LastOccurInd\": true,\n            \"Amt\": -38568932.95373469,\n            \"Rate\": 62583036.79766768\n          }\n        ],\n        \"PostAddr\": [\n          {\n            \"AddrType\": \"Primary\",\n            \"AddressIdent\": \"labore\",\n            \"AddrUse\": \"Stmt\",\n            \"AddrFormatType\": \"Label\",\n            \"Addr1\": \"do minim\",\n            \"Addr2\": \"Excepteur et Duis velit cupidata\",\n            \"City\": \"veniam et ma\",\n            \"StateProv\": \"minim cillum nulla\",\n            \"PostalCode\": \"Ut\",\n            \"CountryCode\": {\n              \"CountryCodeValue\": \"labore sunt nostrud officia\",\n              \"CountryCodeSource\": \"qui Ut sit dolor\"\n            },\n            \"TimeFrame\": {\n              \"StartDt\": \"8351-31-90\",\n              \"EndDt\": \"1793-58-93T96:16:33.370+62:36\"\n            },\n            \"Retention\": true,\n            \"CensusTract\": \"sunt do\",\n            \"CensusBlock\": \"sed sit adipisi\",\n            \"ForeignFlag\": true,\n            \"HandlingCode\": \"ex Excepteur\",\n            \"HandlingCodeOption\": \"Notices\",\n            \"MSACode\": -63279056\n          },\n          {\n            \"AddrType\": \"Secondary\",\n            \"AddressIdent\": \"labore sit Excep\",\n            \"AddrUse\": \"Inquiry\",\n            \"AddrFormatType\": \"Label\",\n            \"Addr1\": \"cupidatat mollit nostrud occaecat deserunt\",\n            \"Addr2\": \"proide\",\n            \"City\": \"fugiat\",\n            \"StateProv\": \"quis ipsum cupidatat\",\n            \"PostalCode\": \"enim comm\",\n            \"CountryCode\": {\n              \"CountryCodeValue\": \"magna fugiat aute sunt exercitation\",\n              \"CountryCodeSource\": \"aliqua occaecat labore sint adipisicing\"\n            },\n            \"TimeFrame\": {\n              \"StartDt\": \"1519-69-32T71:15:78.924-23:64\",\n              \"EndDt\": \"5032-35-99\"\n            },\n            \"Retention\": true,\n            \"CensusTract\": \"do mollit se\",\n            \"CensusBlock\": \"in sunt i\",\n            \"ForeignFlag\": false,\n            \"HandlingCode\": \"officia\",\n            \"HandlingCodeOption\": \"DoNotPrint\",\n            \"MSACode\": 35793079\n          }\n        ],\n        \"NAICS\": \"ni\",\n        \"CostCenter\": \"dolor ipsum proident minim ut\",\n        \"RetentionOption\": \"DoNotRetain\",\n        \"AcctMemoData\": [\n          {\n            \"AcctMemoType\": \"Warning\",\n            \"AcctMemoText\": \"quis Lorem est\"\n          },\n          {\n            \"AcctMemoType\": \"Warning\",\n            \"AcctMemoText\": \"velit ea voluptate elit\"\n          }\n        ],\n        \"CreditLineData\": {\n          \"CreditLineLimitAmt\": {\n            \"Amt\": 41652153.99655509,\n            \"CurCode\": {\n              \"CurCodeValue\": \"ut magna ut\",\n              \"CurCodeType\": \"ISO4217-Alpha\"\n            }\n          },\n          \"NextReviewDt\": \"1962-10-27\"\n        },\n        \"MaxCreditCode\": \"sit\",\n        \"LTVPct\": -28420581.41127257,\n        \"RunningLTVPct\": 6147082.943093672,\n        \"TotalLTVPct\": 91765523.58940676,\n        \"CreditLineCode\": \"aute incididunt\",\n        \"DailyAccrualFactor\": -96997586.87998132,\n        \"PartDailyAccrualFactor\": -54111961.38478664,\n        \"CensusTract\": \"commodo culpa c\",\n        \"MSACode\": -83144160\n      },\n      \"CreditLineKeys\": {\n        \"AcctKeys\": {\n          \"AcctId\": \"<string>\",\n          \"AcctType\": \"<string>\"\n        }\n      },\n      \"CreditLineStatus\": {\n        \"CreditLineStatusCode\": \"Valid\",\n        \"EffDt\": \"9879-40-40T85:61\"\n      }\n    },\n    {\n      \"CreditLineInfo\": {\n        \"OpenDt\": \"1954-02-27\",\n        \"LastContactDt\": \"6358-37-82T95:36\",\n        \"DateData\": [\n          {\n            \"DateType\": \"LastFileMaint\",\n            \"DateValue\": \"0678-37-06T43:31:26\"\n          },\n          {\n            \"DateType\": \"Accrual\",\n            \"DateValue\": \"6444-10-76T11:00\"\n          }\n        ],\n        \"RelationshipMgr\": [\n          {\n            \"RelationshipMgrIdent\": \"culpa ad\",\n            \"RelationshipRole\": \"ReferralOfficer\"\n          },\n          {\n            \"RelationshipMgrIdent\": \"esse ut labor\",\n            \"RelationshipRole\": \"Officer\"\n          }\n        ],\n        \"OriginatingBranch\": \"minim\",\n        \"ResponsibleBranch\": \"esse\",\n        \"AcctTitleOption\": \"veni\",\n        \"AcctTitle\": \"eiusmod mollit\",\n        \"HandlingCodeOption\": \"StatementsNotices\",\n        \"HandlingCode\": \"ut ex\",\n        \"AccountingMethod\": \"Class\",\n        \"AccountingValue\": \"fugiat non l\",\n        \"ClassCode\": \"Lorem nostrud in anim\",\n        \"AcctTypeCode\": \"ut ma\",\n        \"ClientDefinedData\": [\n          {\n            \"DataIdent\": \"ex\",\n            \"DataType\": \"RateSymbol\",\n            \"Value\": \"aliquip eu\",\n            \"DataLength\": 50368675,\n            \"ExpDt\": \"1968-12-08\",\n            \"Desc\": \"consequat laborum aute\",\n            \"RequiredFlag\": false\n          },\n          {\n            \"DataIdent\": \"l\",\n            \"DataType\": \"Boolean\",\n            \"Value\": \"elit ut Excepteur\",\n            \"DataLength\": 29055178,\n            \"ExpDt\": \"1975-07-09\",\n            \"Desc\": \"laboris sit\",\n            \"RequiredFlag\": true\n          }\n        ],\n        \"AcctStmtData\": {\n          \"NextStmtDt\": \"1992-03-26\",\n          \"StmtPrepCode\": \"do irure cupidatat velit id\"\n        },\n        \"AcctBal\": [\n          {\n            \"BalType\": \"Guaranteed\",\n            \"CurAmt\": {\n              \"Amt\": 46058489.968660235,\n              \"CurCode\": {\n                \"CurCodeValue\": \"laboris proident irure\",\n                \"CurCodeType\": \"ISO4217-Alpha\"\n              }\n            }\n          },\n          {\n            \"BalType\": \"Unsecured\",\n            \"CurAmt\": {\n              \"Amt\": 35080731.32123357,\n              \"CurCode\": {\n                \"CurCodeValue\": \"irure adipisi\",\n                \"CurCodeType\": \"ISO4217-Alpha\"\n              }\n            }\n          }\n        ],\n        \"AcctPeriodData\": [\n          {\n            \"AcctAmtType\": \"AvgAvail\",\n            \"AcctPeriodType\": \"YTD\",\n            \"LastOccurInd\": false,\n            \"Amt\": 90624591.62105969,\n            \"Rate\": 48431734.6744566\n          },\n          {\n            \"AcctAmtType\": \"AvgAvail\",\n            \"AcctPeriodType\": \"PrevToPriorYr\",\n            \"LastOccurInd\": true,\n            \"Amt\": -5339990.446449235,\n            \"Rate\": 33779576.47391461\n          }\n        ],\n        \"PostAddr\": [\n          {\n            \"AddrType\": \"Secondary\",\n            \"AddressIdent\": \"ut\",\n            \"AddrUse\": \"Inquiry\",\n            \"AddrFormatType\": \"Label\",\n            \"Addr1\": \"et elit\",\n            \"Addr2\": \"sint ut minim velit\",\n            \"City\": \"\",\n            \"StateProv\": \"nulla ipsum cupidatat\",\n            \"PostalCode\": \"do labo\",\n            \"CountryCode\": {\n              \"CountryCodeValue\": \"consequat cupidatat\",\n              \"CountryCodeSource\": \"laboris quis aliqua\"\n            },\n            \"TimeFrame\": {\n              \"StartDt\": \"7619-69-72\",\n              \"EndDt\": \"9588-39-30T55:09:29\"\n            },\n            \"Retention\": false,\n            \"CensusTract\": \"Ut ali\",\n            \"CensusBlock\": \"minim e\",\n            \"ForeignFlag\": false,\n            \"HandlingCode\": \"sint ex\",\n            \"HandlingCodeOption\": \"Notices\",\n            \"MSACode\": -61276305\n          },\n          {\n            \"AddrType\": \"Primary\",\n            \"AddressIdent\": \"anim in dolor adipisicing\",\n            \"AddrUse\": \"Stmt\",\n            \"AddrFormatType\": \"Label\",\n            \"Addr1\": \"nulla irure mollit ex\",\n            \"Addr2\": \"Excepteur\",\n            \"City\": \"commod\",\n            \"StateProv\": \"voluptate dolor am\",\n            \"PostalCode\": \"conse\",\n            \"CountryCode\": {\n              \"CountryCodeValue\": \"dolor sit enim\",\n              \"CountryCodeSource\": \"officia\"\n            },\n            \"TimeFrame\": {\n              \"StartDt\": \"8547-47-29\",\n              \"EndDt\": \"9007-05-71T43:54\"\n            },\n            \"Retention\": false,\n            \"CensusTract\": \"Excepteur \",\n            \"CensusBlock\": \"la\",\n            \"ForeignFlag\": false,\n            \"HandlingCode\": \"occaecat Duis cillum laborum\",\n            \"HandlingCodeOption\": \"UsePortfolio\",\n            \"MSACode\": 58701736\n          }\n        ],\n        \"NAICS\": \"\",\n        \"CostCenter\": \"Lorem velit sed dolore cillum\",\n        \"RetentionOption\": \"DoNotRetain\",\n        \"AcctMemoData\": [\n          {\n            \"AcctMemoType\": \"Warning\",\n            \"AcctMemoText\": \"do sit elit cupidatat ut\"\n          },\n          {\n            \"AcctMemoType\": \"Warning\",\n            \"AcctMemoText\": \"officia quis\"\n          }\n        ],\n        \"CreditLineData\": {\n          \"CreditLineLimitAmt\": {\n            \"Amt\": -83410964.2243233,\n            \"CurCode\": {\n              \"CurCodeValue\": \"laboris commodo ad\",\n              \"CurCodeType\": \"ISO4217-Alpha\"\n            }\n          },\n          \"NextReviewDt\": \"1960-04-10\"\n        },\n        \"MaxCreditCode\": \"do elit ullamco\",\n        \"LTVPct\": 74266358.32720968,\n        \"RunningLTVPct\": 24205473.060734883,\n        \"TotalLTVPct\": -47257120.45773251,\n        \"CreditLineCode\": \"culpa non laboris ut\",\n        \"DailyAccrualFactor\": -6654495.988181889,\n        \"PartDailyAccrualFactor\": 1936407.8482626975,\n        \"CensusTract\": \"\",\n        \"MSACode\": 38048539\n      },\n      \"CreditLineKeys\": {\n        \"AcctKeys\": {\n          \"AcctId\": \"<string>\",\n          \"AcctType\": \"<string>\"\n        }\n      },\n      \"CreditLineStatus\": {\n        \"CreditLineStatusCode\": \"Valid\",\n        \"EffDt\": \"5572-05-25\"\n      }\n    }\n  ],\n  \"Status\": {\n    \"Severity\": \"Info\",\n    \"StatusCode\": \"nul\",\n    \"StatusDesc\": \"proident mollit\",\n    \"SvcProviderName\": \"in do fugiat m\",\n    \"Id\": \"minim ipsum in non\",\n    \"ServerStatusCode\": \"labore sed\",\n    \"ServerStatusDesc\": \"consectetur\",\n    \"OvrdExceptionInd\": true,\n    \"SubjectRole\": \"dolor\",\n    \"SubjectElement\": [\n      {\n        \"Path\": \"ex eiusmod\",\n        \"ServerPath\": \"cupidatat ad\",\n        \"Value\": \"esse ipsum Lorem deserunt\"\n      },\n      {\n        \"Path\": \"laboris\",\n        \"ServerPath\": \"ipsum tempor qui occaecat culpa\",\n        \"Value\": \"eiusmod fugiat qui voluptat\"\n      }\n    ],\n    \"ContentHTML\": \"est sit culpa esse\",\n    \"AdditionalStatus\": [\n      {\n        \"StatusCode\": \"sunt tempor \",\n        \"StatusDesc\": \"minim et\",\n        \"Severity\": \"Warning\",\n        \"SvcProviderName\": \"anim labore\",\n        \"ServerStatusCode\": \"dolore ad elit exe\",\n        \"ServerStatusDesc\": \"Ut consequat aliqua officia\",\n        \"OvrdExceptionInd\": false,\n        \"SubjectElement\": [\n          {\n            \"Path\": \"id Duis\",\n            \"ServerPath\": \"Duis\",\n            \"Value\": \"cillum ut do dolor\"\n          },\n          {\n            \"Path\": \"Ut ex\",\n            \"ServerPath\": \"enim sit eu in\",\n            \"Value\": \"Excepteur quis\"\n          }\n        ]\n      },\n      {\n        \"StatusCode\": \"n\",\n        \"StatusDesc\": \"esse est ullamco\",\n        \"Severity\": \"Error\",\n        \"SvcProviderName\": \"adipisicing sed\",\n        \"ServerStatusCode\": \"dolor esse Excepte\",\n        \"ServerStatusDesc\": \"dolor sunt voluptate\",\n        \"OvrdExceptionInd\": false,\n        \"SubjectElement\": [\n          {\n            \"Path\": \"nulla\",\n            \"ServerPath\": \"officia adipisicing\",\n            \"Value\": \"amet mollit ea elit\"\n          },\n          {\n            \"Path\": \"eu deserunt elit amet\",\n            \"ServerPath\": \"occaecat nulla in commodo sit\",\n            \"Value\": \"aliqua proident mollit magna id\"\n          }\n        ]\n      }\n    ]\n  }\n}","cookie":[],"_postman_previewlanguage":"json"},{"id":"4fa828d5-332e-4075-91cc-c75d2e23df91","name":"To view the complete list of response codes, <a href=\"../docs/?path=docs/response-codes.md\" title=\"Click to open\">click here.</a>","originalRequest":{"url":{"path":["creditlineservice","lending","creditLines","secured"],"host":["{{baseUrl}}"],"query":[],"variable":[]},"header":[{"disabled":false,"description":"(Required) EFX Header is a common and required component for all API calls, it contains client-related parameters. Please note that the header parameters should be sent as a JSON object under the EFXHeader parameter. To view the list of header parameters, <a href=\"../docs?path=docs/api-ref-EFX-header.md\" title=\"Click to open\"> click here.</a>","key":"EFXHeader","value":"OrganizationId,<string>,TrnId,<string>,VendorId,<string>,Context,[object Object]"},{"key":"Accept","value":"application/json"}],"method":"POST","body":{"mode":"raw","raw":"{\n  \"CreditLineSel\": {\n    \"CreditLineKeys\": {\n      \"AcctKeys\": {\n        \"AcctId\": \"<string>\",\n        \"AcctType\": \"<string>\"\n      }\n    }\n  }\n}","options":{"raw":{"language":"json"}}}},"status":"Internal Server Error","code":500,"header":[{"key":"Content-Type","value":"application/json"}],"body":"{\n  \"CreditLineRec\": [\n    {\n      \"CreditLineInfo\": {\n        \"OpenDt\": \"1984-02-02\",\n        \"LastContactDt\": \"9790-09-77\",\n        \"DateData\": [\n          {\n            \"DateType\": \"LastFileMaint\",\n            \"DateValue\": \"4777-29-78T70:99\"\n          },\n          {\n            \"DateType\": \"LastFileMaint\",\n            \"DateValue\": \"3278-97-33\"\n          }\n        ],\n        \"RelationshipMgr\": [\n          {\n            \"RelationshipMgrIdent\": \"ut\",\n            \"RelationshipRole\": \"Officer\"\n          },\n          {\n            \"RelationshipMgrIdent\": \"dolor eu\",\n            \"RelationshipRole\": \"Officer\"\n          }\n        ],\n        \"OriginatingBranch\": \"nisi non\",\n        \"ResponsibleBranch\": \"reprehenderit cillum tempor \",\n        \"AcctTitleOption\": \"quis nisi qui\",\n        \"AcctTitle\": \"sint culpa dolore\",\n        \"HandlingCodeOption\": \"Statements\",\n        \"HandlingCode\": \"ea nisi est incididunt commodo\",\n        \"AccountingMethod\": \"Class\",\n        \"AccountingValue\": \"fugia\",\n        \"ClassCode\": \"dolore\",\n        \"AcctTypeCode\": \"nisi\",\n        \"ClientDefinedData\": [\n          {\n            \"DataIdent\": \"velit mollit in\",\n            \"DataType\": \"Alpha\",\n            \"Value\": \"Excepteur eiusmod irure\",\n            \"DataLength\": 16235322,\n            \"ExpDt\": \"1958-04-29\",\n            \"Desc\": \"culpa in ut Lorem enim\",\n            \"RequiredFlag\": true\n          },\n          {\n            \"DataIdent\": \"nulla reprehenderit lab\",\n            \"DataType\": \"Date\",\n            \"Value\": \"Excepteur aliquip veniam\",\n            \"DataLength\": -50203237,\n            \"ExpDt\": \"2000-06-18\",\n            \"Desc\": \"aliqua reprehenderit officia veniam\",\n            \"RequiredFlag\": false\n          }\n        ],\n        \"AcctStmtData\": {\n          \"NextStmtDt\": \"2005-04-22\",\n          \"StmtPrepCode\": \"do id\"\n        },\n        \"AcctBal\": [\n          {\n            \"BalType\": \"PartInterestDue\",\n            \"CurAmt\": {\n              \"Amt\": 25331788.974780828,\n              \"CurCode\": {\n                \"CurCodeValue\": \"in in dolor reprehenderit\",\n                \"CurCodeType\": \"ISO4217-Alpha\"\n              }\n            }\n          },\n          {\n            \"BalType\": \"PartChargeOff\",\n            \"CurAmt\": {\n              \"Amt\": 78266464.99989182,\n              \"CurCode\": {\n                \"CurCodeValue\": \"esse magna Lorem anim\",\n                \"CurCodeType\": \"ISO4217-Alpha\"\n              }\n            }\n          }\n        ],\n        \"AcctPeriodData\": [\n          {\n            \"AcctAmtType\": \"AvgAvail\",\n            \"AcctPeriodType\": \"PriorYr\",\n            \"LastOccurInd\": true,\n            \"Amt\": 18341126.13202414,\n            \"Rate\": 84957075.419013\n          },\n          {\n            \"AcctAmtType\": \"AvgAvail\",\n            \"AcctPeriodType\": \"PrevToPriorYr\",\n            \"LastOccurInd\": true,\n            \"Amt\": 7855564.4268539995,\n            \"Rate\": -15481653.867943242\n          }\n        ],\n        \"PostAddr\": [\n          {\n            \"AddrType\": \"Primary\",\n            \"AddressIdent\": \"qui sint magn\",\n            \"AddrUse\": \"Inquiry\",\n            \"AddrFormatType\": \"Label\",\n            \"Addr1\": \"ullamco commodo\",\n            \"Addr2\": \"Except\",\n            \"City\": \"ipsum\",\n            \"StateProv\": \"ullamco commodo labore\",\n            \"PostalCode\": \"occaecat \",\n            \"CountryCode\": {\n              \"CountryCodeValue\": \"quis laborum\",\n              \"CountryCodeSource\": \"irure officia veniam incididunt\"\n            },\n            \"TimeFrame\": {\n              \"StartDt\": \"5415-60-49T41:53:97-66:18\",\n              \"EndDt\": \"1326-04-40T82:42:37.994\"\n            },\n            \"Retention\": true,\n            \"CensusTract\": \"e\",\n            \"CensusBlock\": \"mollit\",\n            \"ForeignFlag\": true,\n            \"HandlingCode\": \"cupidatat ipsum culp\",\n            \"HandlingCodeOption\": \"StatementsNotices\",\n            \"MSACode\": -38549779\n          },\n          {\n            \"AddrType\": \"Primary\",\n            \"AddressIdent\": \"ul\",\n            \"AddrUse\": \"Stmt\",\n            \"AddrFormatType\": \"Label\",\n            \"Addr1\": \"quis dolore consectetur elit\",\n            \"Addr2\": \"irure commodo enim veniam\",\n            \"City\": \"ut\",\n            \"StateProv\": \"ex aliqua cu\",\n            \"PostalCode\": \"conse\",\n            \"CountryCode\": {\n              \"CountryCodeValue\": \"id in veniam\",\n              \"CountryCodeSource\": \"tempor\"\n            },\n            \"TimeFrame\": {\n              \"StartDt\": \"8565-83-76\",\n              \"EndDt\": \"5863-42-61\"\n            },\n            \"Retention\": true,\n            \"CensusTract\": \"dolor exercitati\",\n            \"CensusBlock\": \"do con\",\n            \"ForeignFlag\": false,\n            \"HandlingCode\": \"ullamco\",\n            \"HandlingCodeOption\": \"Checks\",\n            \"MSACode\": -49979620\n          }\n        ],\n        \"NAICS\": \"\",\n        \"CostCenter\": \"laboris exercitation dolore enim\",\n        \"RetentionOption\": \"DoNotRetain\",\n        \"AcctMemoData\": [\n          {\n            \"AcctMemoType\": \"Warning\",\n            \"AcctMemoText\": \"cupidatat\"\n          },\n          {\n            \"AcctMemoType\": \"Warning\",\n            \"AcctMemoText\": \"ad ullamco\"\n          }\n        ],\n        \"CreditLineData\": {\n          \"CreditLineLimitAmt\": {\n            \"Amt\": -76646129.98573118,\n            \"CurCode\": {\n              \"CurCodeValue\": \"labore dolore consequat voluptate\",\n              \"CurCodeType\": \"ISO4217-Alpha\"\n            }\n          },\n          \"NextReviewDt\": \"1953-04-06\"\n        },\n        \"MaxCreditCode\": \"aute\",\n        \"LTVPct\": 68635044.98013628,\n        \"RunningLTVPct\": -81343539.31065425,\n        \"TotalLTVPct\": 36109780.76623964,\n        \"CreditLineCode\": \"laboris fugiat\",\n        \"DailyAccrualFactor\": 95684825.39887014,\n        \"PartDailyAccrualFactor\": 86999305.35338566,\n        \"CensusTract\": \"in labo\",\n        \"MSACode\": -95460634\n      },\n      \"CreditLineKeys\": {\n        \"AcctKeys\": {\n          \"AcctId\": \"<string>\",\n          \"AcctType\": \"<string>\"\n        }\n      },\n      \"CreditLineStatus\": {\n        \"CreditLineStatusCode\": \"Valid\",\n        \"EffDt\": \"1783-76-17T00:07:88\"\n      }\n    },\n    {\n      \"CreditLineInfo\": {\n        \"OpenDt\": \"1973-11-04\",\n        \"LastContactDt\": \"5063-86-22T48:14\",\n        \"DateData\": [\n          {\n            \"DateType\": \"LastFileMaint\",\n            \"DateValue\": \"9967-22-38\"\n          },\n          {\n            \"DateType\": \"Accrual\",\n            \"DateValue\": \"1247-11-99T40:95:50\"\n          }\n        ],\n        \"RelationshipMgr\": [\n          {\n            \"RelationshipMgrIdent\": \"velit deserunt\",\n            \"RelationshipRole\": \"Officer\"\n          },\n          {\n            \"RelationshipMgrIdent\": \"sed occaecat fugiat\",\n            \"RelationshipRole\": \"Officer\"\n          }\n        ],\n        \"OriginatingBranch\": \"cillum aliqua culpa incididun\",\n        \"ResponsibleBranch\": \"ipsum deserunt minim \",\n        \"AcctTitleOption\": \"deserunt ut id Excepteur\",\n        \"AcctTitle\": \"incididunt\",\n        \"HandlingCodeOption\": \"Statements\",\n        \"HandlingCode\": \"est veniam\",\n        \"AccountingMethod\": \"CostCenter\",\n        \"AccountingValue\": \"i\",\n        \"ClassCode\": \"consectetur ad Lorem aliqua\",\n        \"AcctTypeCode\": \"cupidatat tempor consectetur Duis\",\n        \"ClientDefinedData\": [\n          {\n            \"DataIdent\": \"Excepteur ea\",\n            \"DataType\": \"Date\",\n            \"Value\": \"dolor in reprehenderit\",\n            \"DataLength\": -97034860,\n            \"ExpDt\": \"2001-11-30\",\n            \"Desc\": \"dolor laboru\",\n            \"RequiredFlag\": true\n          },\n          {\n            \"DataIdent\": \"nisi\",\n            \"DataType\": \"NumericSymbol\",\n            \"Value\": \"exercitation\",\n            \"DataLength\": -9059498,\n            \"ExpDt\": \"1982-03-06\",\n            \"Desc\": \"incididunt fugiat est anim\",\n            \"RequiredFlag\": false\n          }\n        ],\n        \"AcctStmtData\": {\n          \"NextStmtDt\": \"2004-11-05\",\n          \"StmtPrepCode\": \"sed q\"\n        },\n        \"AcctBal\": [\n          {\n            \"BalType\": \"ChargeOff\",\n            \"CurAmt\": {\n              \"Amt\": 74123504.09165657,\n              \"CurCode\": {\n                \"CurCodeValue\": \"sint laboris aliqua dolor\",\n                \"CurCodeType\": \"ISO4217-Alpha\"\n              }\n            }\n          },\n          {\n            \"BalType\": \"PledgedAmount\",\n            \"CurAmt\": {\n              \"Amt\": 84909997.33922404,\n              \"CurCode\": {\n                \"CurCodeValue\": \"qui enim sint id do\",\n                \"CurCodeType\": \"ISO4217-Alpha\"\n              }\n            }\n          }\n        ],\n        \"AcctPeriodData\": [\n          {\n            \"AcctAmtType\": \"AvgAvail\",\n            \"AcctPeriodType\": \"YTD\",\n            \"LastOccurInd\": true,\n            \"Amt\": 94495528.74649143,\n            \"Rate\": -522389.94025337696\n          },\n          {\n            \"AcctAmtType\": \"AvgAvail\",\n            \"AcctPeriodType\": \"PrevToPriorYr\",\n            \"LastOccurInd\": false,\n            \"Amt\": -69229018.1343556,\n            \"Rate\": -95011438.5972026\n          }\n        ],\n        \"PostAddr\": [\n          {\n            \"AddrType\": \"Secondary\",\n            \"AddressIdent\": \"sint exercitation incidid\",\n            \"AddrUse\": \"Inquiry\",\n            \"AddrFormatType\": \"Label\",\n            \"Addr1\": \"anim qui in tempor\",\n            \"Addr2\": \"ea in laborum\",\n            \"City\": \"re\",\n            \"StateProv\": \"eu culpa mollit cillum\",\n            \"PostalCode\": \"et in \",\n            \"CountryCode\": {\n              \"CountryCodeValue\": \"ipsum cillum elit aliqua\",\n              \"CountryCodeSource\": \"amet laborum officia cillum\"\n            },\n            \"TimeFrame\": {\n              \"StartDt\": \"7397-05-44T36:10\",\n              \"EndDt\": \"6899-09-43\"\n            },\n            \"Retention\": false,\n            \"CensusTract\": \"sint\",\n            \"CensusBlock\": \"conseq\",\n            \"ForeignFlag\": true,\n            \"HandlingCode\": \"culpa ullamco est Lorem\",\n            \"HandlingCodeOption\": \"StatementsNotices\",\n            \"MSACode\": 79200179\n          },\n          {\n            \"AddrType\": \"Secondary\",\n            \"AddressIdent\": \"quis\",\n            \"AddrUse\": \"Stmt\",\n            \"AddrFormatType\": \"Label\",\n            \"Addr1\": \"in dolor\",\n            \"Addr2\": \"veniam ad\",\n            \"City\": \"Duis\",\n            \"StateProv\": \"ullamco commodo officia\",\n            \"PostalCode\": \"dolore \",\n            \"CountryCode\": {\n              \"CountryCodeValue\": \"mollit officia in\",\n              \"CountryCodeSource\": \"in mollit ea\"\n            },\n            \"TimeFrame\": {\n              \"StartDt\": \"7807-95-18T35:23:12+68:04\",\n              \"EndDt\": \"8340-30-49\"\n            },\n            \"Retention\": false,\n            \"CensusTract\": \"do sint cillu\",\n            \"CensusBlock\": \"magna sint dolore\",\n            \"ForeignFlag\": true,\n            \"HandlingCode\": \"cul\",\n            \"HandlingCodeOption\": \"DoNotPrint\",\n            \"MSACode\": 36070200\n          }\n        ],\n        \"NAICS\": \"am\",\n        \"CostCenter\": \"ad\",\n        \"RetentionOption\": \"Retain\",\n        \"AcctMemoData\": [\n          {\n            \"AcctMemoType\": \"Warning\",\n            \"AcctMemoText\": \"et cillum\"\n          },\n          {\n            \"AcctMemoType\": \"Warning\",\n            \"AcctMemoText\": \"dolor sint\"\n          }\n        ],\n        \"CreditLineData\": {\n          \"CreditLineLimitAmt\": {\n            \"Amt\": 75572956.12423265,\n            \"CurCode\": {\n              \"CurCodeValue\": \"enim nulla sed\",\n              \"CurCodeType\": \"ISO4217-Alpha\"\n            }\n          },\n          \"NextReviewDt\": \"1948-04-23\"\n        },\n        \"MaxCreditCode\": \"incidi\",\n        \"LTVPct\": 74098819.09585917,\n        \"RunningLTVPct\": 6277371.116617039,\n        \"TotalLTVPct\": 56189435.47942528,\n        \"CreditLineCode\": \"adipisicing ullamco reprehenderit elit\",\n        \"DailyAccrualFactor\": 53898071.448583394,\n        \"PartDailyAccrualFactor\": -41374953.768074095,\n        \"CensusTract\": \"veniam enim a\",\n        \"MSACode\": -60823927\n      },\n      \"CreditLineKeys\": {\n        \"AcctKeys\": {\n          \"AcctId\": \"<string>\",\n          \"AcctType\": \"<string>\"\n        }\n      },\n      \"CreditLineStatus\": {\n        \"CreditLineStatusCode\": \"Valid\",\n        \"EffDt\": \"5763-44-62T01:35\"\n      }\n    }\n  ],\n  \"Status\": {\n    \"Severity\": \"Info\",\n    \"StatusCode\": \"Lorem mini\",\n    \"StatusDesc\": \"labore\",\n    \"SvcProviderName\": \"ex ad\",\n    \"Id\": \"ea ullamco enim aliquip\",\n    \"ServerStatusCode\": \"cupidatat aut\",\n    \"ServerStatusDesc\": \"Lorem in\",\n    \"OvrdExceptionInd\": true,\n    \"SubjectRole\": \"cupidatat\",\n    \"SubjectElement\": [\n      {\n        \"Path\": \"sint\",\n        \"ServerPath\": \"ut dolor qui co\",\n        \"Value\": \"ea ullamco enim eiusmod proident\"\n      },\n      {\n        \"Path\": \"ut reprehenderit ad dolore\",\n        \"ServerPath\": \"cillum do\",\n        \"Value\": \"eu veniam Lorem ad magna\"\n      }\n    ],\n    \"ContentHTML\": \"proident amet in\",\n    \"AdditionalStatus\": [\n      {\n        \"StatusCode\": \"\",\n        \"StatusDesc\": \"sit dolore minim Duis\",\n        \"Severity\": \"Info\",\n        \"SvcProviderName\": \"nisi deserunt\",\n        \"ServerStatusCode\": \"velit quis \",\n        \"ServerStatusDesc\": \"fugiat velit Lorem officia Ut\",\n        \"OvrdExceptionInd\": true,\n        \"SubjectElement\": [\n          {\n            \"Path\": \"sed aliqua fugiat\",\n            \"ServerPath\": \"labore aliqua voluptate sunt consequat\",\n            \"Value\": \"veniam laboris ipsum dolore\"\n          },\n          {\n            \"Path\": \"magna ipsum quis et\",\n            \"ServerPath\": \"velit eiusmod\",\n            \"Value\": \"minim voluptate sint veniam\"\n          }\n        ]\n      },\n      {\n        \"StatusCode\": \"id q\",\n        \"StatusDesc\": \"ipsum aute\",\n        \"Severity\": \"Error\",\n        \"SvcProviderName\": \"adipisicing amet\",\n        \"ServerStatusCode\": \"deserunt ut\",\n        \"ServerStatusDesc\": \"incididunt ea culpa adipisic\",\n        \"OvrdExceptionInd\": false,\n        \"SubjectElement\": [\n          {\n            \"Path\": \"id nostrud laborum consectetur\",\n            \"ServerPath\": \"aliquip veniam\",\n            \"Value\": \"cupidatat et\"\n          },\n          {\n            \"Path\": \"Excepteur minim reprehenderit enim\",\n            \"ServerPath\": \"voluptate fugiat Lorem est\",\n            \"Value\": \"laboris consectetur exercitation incididunt\"\n          }\n        ]\n      }\n    ]\n  }\n}","cookie":[],"_postman_previewlanguage":"json"}],"event":[],"protocolProfileBehavior":{"disableBodyPruning":true}}],"event":[]}],"event":[]}],"event":[],"variable":[{"type":"string","value":"/","key":"baseUrl"}],"info":{"_postman_id":"8e1dc058-782a-4a73-8aff-0673877d717a","name":"Credit Line Service","schema":"https://schema.getpostman.com/json/collection/v2.1.0/collection.json","description":{"content":"Credit Line service contains operations used to manage credit lines.","type":"text/plain"}}}