{"item":[{"id":"667dd180-d70a-4fcd-b67c-f290228fd446","name":"creditlineservice/lending/creditLines","item":[{"id":"e458b844-a1b2-4f39-8322-36290a08c246","name":"Add Credit Line.","request":{"name":"Add Credit Line.","description":{"content":"Add Credit Line API creates a Consumer's Line of Credit (CLOC) account. <br> <br> To download the API Specifications and Postman Collection, click <a href=\"../docs/?path=docs/resources/resources.md\" title=\"Click to open\">Resources</a>.","type":"text/plain"},"url":{"path":["creditlineservice","lending","creditLines"],"host":["{{baseUrl}}"],"query":[],"variable":[]},"header":[{"disabled":false,"description":"(Required) EFX Header is a common and required component for all API calls, it contains client-related parameters. Please note that the header parameters should be sent as a JSON object under the EFXHeader parameter. To view the list of header parameters, <a href=\"../docs?path=docs/api-ref-EFX-header.md\" title=\"Click to open\"> click here.</a>","key":"EFXHeader","value":"OrganizationId,<string>,TrnId,<string>,VendorId,<string>,Context,[object Object]"},{"key":"Content-Type","value":"application/json"},{"key":"Accept","value":"application/json"}],"method":"POST","auth":null,"body":{"mode":"raw","raw":"{\n  \"CreditLineInfo\": {\n    \"AcctType\": \"<string>\",\n    \"OpenDt\": \"<date>\",\n    \"RelationshipMgr\": [\n      {\n        \"RelationshipMgrIdent\": \"<string>\",\n        \"RelationshipRole\": \"<string>\"\n      },\n      {\n        \"RelationshipMgrIdent\": \"<string>\",\n        \"RelationshipRole\": \"<string>\"\n      }\n    ],\n    \"OriginatingBranch\": \"<string>\",\n    \"ResponsibleBranch\": \"<string>\",\n    \"AcctTitleOption\": \"<string>\",\n    \"AcctTitle\": \"<string>\",\n    \"HandlingCodeOption\": \"<string>\",\n    \"HandlingCode\": \"<string>\",\n    \"AccountingMethod\": \"<string>\",\n    \"ClassCode\": \"<string>\",\n    \"AcctTypeCode\": \"<string>\",\n    \"ClientDefinedData\": [\n      {\n        \"DataIdent\": \"<string>\",\n        \"DataClassType\": \"<string>\",\n        \"DataType\": \"<string>\",\n        \"Value\": \"<string>\",\n        \"DataLength\": \"<long>\",\n        \"ExpDt\": \"<date>\",\n        \"Desc\": \"<string>\",\n        \"RequiredFlag\": \"<boolean>\"\n      },\n      {\n        \"DataIdent\": \"<string>\",\n        \"DataClassType\": \"<string>\",\n        \"DataType\": \"<string>\",\n        \"Value\": \"<string>\",\n        \"DataLength\": \"<long>\",\n        \"ExpDt\": \"<date>\",\n        \"Desc\": \"<string>\",\n        \"RequiredFlag\": \"<boolean>\"\n      }\n    ],\n    \"AcctStmtData\": {\n      \"NextStmtDt\": \"<date>\",\n      \"StmtPrepCode\": \"<string>\"\n    },\n    \"PostAddr\": [\n      {\n        \"AddrType\": \"<string>\",\n        \"OpenDt\": \"<date>\",\n        \"RelationshipMgr\": [\n          {\n            \"RelationshipMgrIdent\": \"<string>\",\n            \"RelationshipRole\": \"<string>\"\n          },\n          {\n            \"RelationshipMgrIdent\": \"<string>\",\n            \"RelationshipRole\": \"<string>\"\n          }\n        ],\n        \"OriginatingBranch\": \"<string>\",\n        \"ResponsibleBranch\": \"<string>\",\n        \"AddressIdent\": \"<string>\",\n        \"AddrFormatType\": \"<string>\",\n        \"Addr1\": \"<string>\",\n        \"Addr2\": \"<string>\",\n        \"City\": \"<string>\",\n        \"StateProv\": \"<string>\",\n        \"PostalCode\": \"<string>\",\n        \"CountryCode\": {\n          \"CountryCodeValue\": \"<string>\",\n          \"CountryCodeSource\": \"<string>\"\n        },\n        \"TimeFrame\": {\n          \"StartDt\": \"<string>\",\n          \"EndDt\": \"<string>\"\n        },\n        \"Retention\": \"<boolean>\",\n        \"CensusTract\": \"<string>\",\n        \"CensusBlock\": \"<string>\",\n        \"ForeignFlag\": \"<boolean>\",\n        \"HandlingCode\": \"<string>\",\n        \"HandlingCodeOption\": \"<string>\",\n        \"MSACode\": \"<long>\"\n      },\n      {\n        \"AddrType\": \"<string>\",\n        \"OpenDt\": \"<date>\",\n        \"RelationshipMgr\": [\n          {\n            \"RelationshipMgrIdent\": \"<string>\",\n            \"RelationshipRole\": \"<string>\"\n          },\n          {\n            \"RelationshipMgrIdent\": \"<string>\",\n            \"RelationshipRole\": \"<string>\"\n          }\n        ],\n        \"OriginatingBranch\": \"<string>\",\n        \"ResponsibleBranch\": \"<string>\",\n        \"AddressIdent\": \"<string>\",\n        \"AddrFormatType\": \"<string>\",\n        \"Addr1\": \"<string>\",\n        \"Addr2\": \"<string>\",\n        \"City\": \"<string>\",\n        \"StateProv\": \"<string>\",\n        \"PostalCode\": \"<string>\",\n        \"CountryCode\": {\n          \"CountryCodeValue\": \"<string>\",\n          \"CountryCodeSource\": \"<string>\"\n        },\n        \"TimeFrame\": {\n          \"StartDt\": \"<string>\",\n          \"EndDt\": \"<string>\"\n        },\n        \"Retention\": \"<boolean>\",\n        \"CensusTract\": \"<string>\",\n        \"CensusBlock\": \"<string>\",\n        \"ForeignFlag\": \"<boolean>\",\n        \"HandlingCode\": \"<string>\",\n        \"HandlingCodeOption\": \"<string>\",\n        \"MSACode\": \"<long>\"\n      }\n    ]\n  },\n  \"PartyAcctRelInfo\": [\n    {\n      \"PartyRef\": {\n        \"PartyKeys\": {\n          \"PartyId\": \"<string>\"\n        }\n      },\n      \"PartyAcctRelData\": [\n        {\n          \"PartyAcctRelType\": \"<string>\"\n        },\n        {\n          \"PartyAcctRelType\": \"<string>\"\n        }\n      ],\n      \"OwnerInd\": \"<boolean>\",\n      \"TaxReportingOwnerInd\": \"<boolean>\",\n      \"AcctRef\": {\n        \"AcctKeys\": {\n          \"AcctIdent\": {\n            \"AcctIdentType\": {\n              \"value\": \"<Error: Too many levels of nesting to fake this schema>\"\n            },\n            \"AcctIdentValue\": {\n              \"value\": \"<Error: Too many levels of nesting to fake this schema>\"\n            }\n          }\n        }\n      }\n    },\n    {\n      \"PartyRef\": {\n        \"PartyKeys\": {\n          \"PartyId\": \"<string>\"\n        }\n      },\n      \"PartyAcctRelData\": [\n        {\n          \"PartyAcctRelType\": \"<string>\"\n        },\n        {\n          \"PartyAcctRelType\": \"<string>\"\n        }\n      ],\n      \"OwnerInd\": \"<boolean>\",\n      \"TaxReportingOwnerInd\": \"<boolean>\",\n      \"AcctRef\": {\n        \"AcctKeys\": {\n          \"AcctIdent\": {\n            \"AcctIdentType\": {\n              \"value\": \"<Error: Too many levels of nesting to fake this schema>\"\n            },\n            \"AcctIdentValue\": {\n              \"value\": \"<Error: Too many levels of nesting to fake this schema>\"\n            }\n          }\n        }\n      }\n    }\n  ]\n}","options":{"raw":{"language":"json"}}}},"response":[{"id":"9cd55f71-3d9c-4fbd-b41a-1dacf58dbe70","name":"Created","originalRequest":{"url":{"path":["creditlineservice","lending","creditLines"],"host":["{{baseUrl}}"],"query":[],"variable":[]},"header":[{"disabled":false,"description":"(Required) EFX Header is a common and required component for all API calls, it contains client-related parameters. Please note that the header parameters should be sent as a JSON object under the EFXHeader parameter. To view the list of header parameters, <a href=\"../docs?path=docs/api-ref-EFX-header.md\" title=\"Click to open\"> click here.</a>","key":"EFXHeader","value":"OrganizationId,<string>,TrnId,<string>,VendorId,<string>,Context,[object Object]"},{"key":"Accept","value":"application/json"}],"method":"POST","body":{"mode":"raw","raw":"{\n  \"CreditLineInfo\": {\n    \"AcctType\": \"<string>\",\n    \"OpenDt\": \"<date>\",\n    \"RelationshipMgr\": [\n      {\n        \"RelationshipMgrIdent\": \"<string>\",\n        \"RelationshipRole\": \"<string>\"\n      },\n      {\n        \"RelationshipMgrIdent\": \"<string>\",\n        \"RelationshipRole\": \"<string>\"\n      }\n    ],\n    \"OriginatingBranch\": \"<string>\",\n    \"ResponsibleBranch\": \"<string>\",\n    \"AcctTitleOption\": \"<string>\",\n    \"AcctTitle\": \"<string>\",\n    \"HandlingCodeOption\": \"<string>\",\n    \"HandlingCode\": \"<string>\",\n    \"AccountingMethod\": \"<string>\",\n    \"ClassCode\": \"<string>\",\n    \"AcctTypeCode\": \"<string>\",\n    \"ClientDefinedData\": [\n      {\n        \"DataIdent\": \"<string>\",\n        \"DataClassType\": \"<string>\",\n        \"DataType\": \"<string>\",\n        \"Value\": \"<string>\",\n        \"DataLength\": \"<long>\",\n        \"ExpDt\": \"<date>\",\n        \"Desc\": \"<string>\",\n        \"RequiredFlag\": \"<boolean>\"\n      },\n      {\n        \"DataIdent\": \"<string>\",\n        \"DataClassType\": \"<string>\",\n        \"DataType\": \"<string>\",\n        \"Value\": \"<string>\",\n        \"DataLength\": \"<long>\",\n        \"ExpDt\": \"<date>\",\n        \"Desc\": \"<string>\",\n        \"RequiredFlag\": \"<boolean>\"\n      }\n    ],\n    \"AcctStmtData\": {\n      \"NextStmtDt\": \"<date>\",\n      \"StmtPrepCode\": \"<string>\"\n    },\n    \"PostAddr\": [\n      {\n        \"AddrType\": \"<string>\",\n        \"OpenDt\": \"<date>\",\n        \"RelationshipMgr\": [\n          {\n            \"RelationshipMgrIdent\": \"<string>\",\n            \"RelationshipRole\": \"<string>\"\n          },\n          {\n            \"RelationshipMgrIdent\": \"<string>\",\n            \"RelationshipRole\": \"<string>\"\n          }\n        ],\n        \"OriginatingBranch\": \"<string>\",\n        \"ResponsibleBranch\": \"<string>\",\n        \"AddressIdent\": \"<string>\",\n        \"AddrFormatType\": \"<string>\",\n        \"Addr1\": \"<string>\",\n        \"Addr2\": \"<string>\",\n        \"City\": \"<string>\",\n        \"StateProv\": \"<string>\",\n        \"PostalCode\": \"<string>\",\n        \"CountryCode\": {\n          \"CountryCodeValue\": \"<string>\",\n          \"CountryCodeSource\": \"<string>\"\n        },\n        \"TimeFrame\": {\n          \"StartDt\": \"<string>\",\n          \"EndDt\": \"<string>\"\n        },\n        \"Retention\": \"<boolean>\",\n        \"CensusTract\": \"<string>\",\n        \"CensusBlock\": \"<string>\",\n        \"ForeignFlag\": \"<boolean>\",\n        \"HandlingCode\": \"<string>\",\n        \"HandlingCodeOption\": \"<string>\",\n        \"MSACode\": \"<long>\"\n      },\n      {\n        \"AddrType\": \"<string>\",\n        \"OpenDt\": \"<date>\",\n        \"RelationshipMgr\": [\n          {\n            \"RelationshipMgrIdent\": \"<string>\",\n            \"RelationshipRole\": \"<string>\"\n          },\n          {\n            \"RelationshipMgrIdent\": \"<string>\",\n            \"RelationshipRole\": \"<string>\"\n          }\n        ],\n        \"OriginatingBranch\": \"<string>\",\n        \"ResponsibleBranch\": \"<string>\",\n        \"AddressIdent\": \"<string>\",\n        \"AddrFormatType\": \"<string>\",\n        \"Addr1\": \"<string>\",\n        \"Addr2\": \"<string>\",\n        \"City\": \"<string>\",\n        \"StateProv\": \"<string>\",\n        \"PostalCode\": \"<string>\",\n        \"CountryCode\": {\n          \"CountryCodeValue\": \"<string>\",\n          \"CountryCodeSource\": \"<string>\"\n        },\n        \"TimeFrame\": {\n          \"StartDt\": \"<string>\",\n          \"EndDt\": \"<string>\"\n        },\n        \"Retention\": \"<boolean>\",\n        \"CensusTract\": \"<string>\",\n        \"CensusBlock\": \"<string>\",\n        \"ForeignFlag\": \"<boolean>\",\n        \"HandlingCode\": \"<string>\",\n        \"HandlingCodeOption\": \"<string>\",\n        \"MSACode\": \"<long>\"\n      }\n    ]\n  },\n  \"PartyAcctRelInfo\": [\n    {\n      \"PartyRef\": {\n        \"PartyKeys\": {\n          \"PartyId\": \"<string>\"\n        }\n      },\n      \"PartyAcctRelData\": [\n        {\n          \"PartyAcctRelType\": \"<string>\"\n        },\n        {\n          \"PartyAcctRelType\": \"<string>\"\n        }\n      ],\n      \"OwnerInd\": \"<boolean>\",\n      \"TaxReportingOwnerInd\": \"<boolean>\",\n      \"AcctRef\": {\n        \"AcctKeys\": {\n          \"AcctIdent\": {\n            \"AcctIdentType\": {\n              \"value\": \"<Error: Too many levels of nesting to fake this schema>\"\n            },\n            \"AcctIdentValue\": {\n              \"value\": \"<Error: Too many levels of nesting to fake this schema>\"\n            }\n          }\n        }\n      }\n    },\n    {\n      \"PartyRef\": {\n        \"PartyKeys\": {\n          \"PartyId\": \"<string>\"\n        }\n      },\n      \"PartyAcctRelData\": [\n        {\n          \"PartyAcctRelType\": \"<string>\"\n        },\n        {\n          \"PartyAcctRelType\": \"<string>\"\n        }\n      ],\n      \"OwnerInd\": \"<boolean>\",\n      \"TaxReportingOwnerInd\": \"<boolean>\",\n      \"AcctRef\": {\n        \"AcctKeys\": {\n          \"AcctIdent\": {\n            \"AcctIdentType\": {\n              \"value\": \"<Error: Too many levels of nesting to fake this schema>\"\n            },\n            \"AcctIdentValue\": {\n              \"value\": \"<Error: Too many levels of nesting to fake this schema>\"\n            }\n          }\n        }\n      }\n    }\n  ]\n}","options":{"raw":{"language":"json"}}}},"status":"Created","code":201,"header":[{"key":"Content-Type","value":"application/json"}],"body":"{\n  \"CreditLineStatusRec\": {\n    \"CreditLineKeys\": {\n      \"AcctKeys\": {\n        \"AcctId\": \"magna aliquip\",\n        \"AcctType\": \"CLOC\"\n      }\n    },\n    \"CreditLineStatus\": {\n      \"CreditLineStatusCode\": \"Valid\",\n      \"EffDt\": \"8171-68-69\"\n    }\n  },\n  \"Status\": {\n    \"Severity\": \"Info\",\n    \"StatusCode\": \"enim minim in co\",\n    \"StatusDesc\": \"ea veniam consequat Duis\",\n    \"SvcProviderName\": \"elit incididunt magna\",\n    \"Id\": \"sint voluptate ullamco et\",\n    \"ServerStatusCode\": \"eiusmod nisi\",\n    \"ServerStatusDesc\": \"nostrud in ut labori\",\n    \"OvrdExceptionInd\": true,\n    \"SubjectRole\": \"minim velit sit\",\n    \"SubjectElement\": [\n      {\n        \"Path\": \"veniam dolore Lorem\",\n        \"ServerPath\": \"commodo incididunt cillum consequat\",\n        \"Value\": \"in nostrud Excepteur tempor cupidatat\"\n      },\n      {\n        \"Path\": \"cupidatat dolor sint Ut\",\n        \"ServerPath\": \"velit ut Ut dolore\",\n        \"Value\": \"pariatur laborum labore ea\"\n      }\n    ],\n    \"ContentHTML\": \"in velit do ex\",\n    \"AdditionalStatus\": [\n      {\n        \"StatusCode\": \"anim cupidatat \",\n        \"StatusDesc\": \"labore do Duis\",\n        \"Severity\": \"Info\",\n        \"SvcProviderName\": \"deserunt enim mollit consequat\",\n        \"ServerStatusCode\": \"labore ex laborum\",\n        \"ServerStatusDesc\": \"veniam proident\",\n        \"OvrdExceptionInd\": false,\n        \"SubjectElement\": [\n          {\n            \"Path\": \"Duis cupidatat\",\n            \"ServerPath\": \"minim reprehenderit Ut\",\n            \"Value\": \"Excepteur non\"\n          },\n          {\n            \"Path\": \"nulla\",\n            \"ServerPath\": \"cillum ea in\",\n            \"Value\": \"Duis\"\n          }\n        ]\n      },\n      {\n        \"StatusCode\": \"non elit\",\n        \"StatusDesc\": \"cillum et\",\n        \"Severity\": \"Warning\",\n        \"SvcProviderName\": \"in anim Excepteur consectetur ad\",\n        \"ServerStatusCode\": \"nulla dolor\",\n        \"ServerStatusDesc\": \"ullamco sed cillum laborum\",\n        \"OvrdExceptionInd\": false,\n        \"SubjectElement\": [\n          {\n            \"Path\": \"elit pari\",\n            \"ServerPath\": \"voluptate ex con\",\n            \"Value\": \"tempor Duis mollit\"\n          },\n          {\n            \"Path\": \"velit est\",\n            \"ServerPath\": \"veniam do consequat sed\",\n            \"Value\": \"sunt anim quis aliqua ut\"\n          }\n        ]\n      }\n    ]\n  }\n}","cookie":[],"_postman_previewlanguage":"json"},{"id":"d51ded75-3805-488f-bf49-ef358dfe9e6a","name":"To view the complete list of response codes, <a href=\"../docs/?path=docs/response-codes.md\" title=\"Click to open\">click here.</a>","originalRequest":{"url":{"path":["creditlineservice","lending","creditLines"],"host":["{{baseUrl}}"],"query":[],"variable":[]},"header":[{"disabled":false,"description":"(Required) EFX Header is a common and required component for all API calls, it contains client-related parameters. Please note that the header parameters should be sent as a JSON object under the EFXHeader parameter. To view the list of header parameters, <a href=\"../docs?path=docs/api-ref-EFX-header.md\" title=\"Click to open\"> click here.</a>","key":"EFXHeader","value":"OrganizationId,<string>,TrnId,<string>,VendorId,<string>,Context,[object Object]"},{"key":"Accept","value":"application/json"}],"method":"POST","body":{"mode":"raw","raw":"{\n  \"CreditLineInfo\": {\n    \"AcctType\": \"<string>\",\n    \"OpenDt\": \"<date>\",\n    \"RelationshipMgr\": [\n      {\n        \"RelationshipMgrIdent\": \"<string>\",\n        \"RelationshipRole\": \"<string>\"\n      },\n      {\n        \"RelationshipMgrIdent\": \"<string>\",\n        \"RelationshipRole\": \"<string>\"\n      }\n    ],\n    \"OriginatingBranch\": \"<string>\",\n    \"ResponsibleBranch\": \"<string>\",\n    \"AcctTitleOption\": \"<string>\",\n    \"AcctTitle\": \"<string>\",\n    \"HandlingCodeOption\": \"<string>\",\n    \"HandlingCode\": \"<string>\",\n    \"AccountingMethod\": \"<string>\",\n    \"ClassCode\": \"<string>\",\n    \"AcctTypeCode\": \"<string>\",\n    \"ClientDefinedData\": [\n      {\n        \"DataIdent\": \"<string>\",\n        \"DataClassType\": \"<string>\",\n        \"DataType\": \"<string>\",\n        \"Value\": \"<string>\",\n        \"DataLength\": \"<long>\",\n        \"ExpDt\": \"<date>\",\n        \"Desc\": \"<string>\",\n        \"RequiredFlag\": \"<boolean>\"\n      },\n      {\n        \"DataIdent\": \"<string>\",\n        \"DataClassType\": \"<string>\",\n        \"DataType\": \"<string>\",\n        \"Value\": \"<string>\",\n        \"DataLength\": \"<long>\",\n        \"ExpDt\": \"<date>\",\n        \"Desc\": \"<string>\",\n        \"RequiredFlag\": \"<boolean>\"\n      }\n    ],\n    \"AcctStmtData\": {\n      \"NextStmtDt\": \"<date>\",\n      \"StmtPrepCode\": \"<string>\"\n    },\n    \"PostAddr\": [\n      {\n        \"AddrType\": \"<string>\",\n        \"OpenDt\": \"<date>\",\n        \"RelationshipMgr\": [\n          {\n            \"RelationshipMgrIdent\": \"<string>\",\n            \"RelationshipRole\": \"<string>\"\n          },\n          {\n            \"RelationshipMgrIdent\": \"<string>\",\n            \"RelationshipRole\": \"<string>\"\n          }\n        ],\n        \"OriginatingBranch\": \"<string>\",\n        \"ResponsibleBranch\": \"<string>\",\n        \"AddressIdent\": \"<string>\",\n        \"AddrFormatType\": \"<string>\",\n        \"Addr1\": \"<string>\",\n        \"Addr2\": \"<string>\",\n        \"City\": \"<string>\",\n        \"StateProv\": \"<string>\",\n        \"PostalCode\": \"<string>\",\n        \"CountryCode\": {\n          \"CountryCodeValue\": \"<string>\",\n          \"CountryCodeSource\": \"<string>\"\n        },\n        \"TimeFrame\": {\n          \"StartDt\": \"<string>\",\n          \"EndDt\": \"<string>\"\n        },\n        \"Retention\": \"<boolean>\",\n        \"CensusTract\": \"<string>\",\n        \"CensusBlock\": \"<string>\",\n        \"ForeignFlag\": \"<boolean>\",\n        \"HandlingCode\": \"<string>\",\n        \"HandlingCodeOption\": \"<string>\",\n        \"MSACode\": \"<long>\"\n      },\n      {\n        \"AddrType\": \"<string>\",\n        \"OpenDt\": \"<date>\",\n        \"RelationshipMgr\": [\n          {\n            \"RelationshipMgrIdent\": \"<string>\",\n            \"RelationshipRole\": \"<string>\"\n          },\n          {\n            \"RelationshipMgrIdent\": \"<string>\",\n            \"RelationshipRole\": \"<string>\"\n          }\n        ],\n        \"OriginatingBranch\": \"<string>\",\n        \"ResponsibleBranch\": \"<string>\",\n        \"AddressIdent\": \"<string>\",\n        \"AddrFormatType\": \"<string>\",\n        \"Addr1\": \"<string>\",\n        \"Addr2\": \"<string>\",\n        \"City\": \"<string>\",\n        \"StateProv\": \"<string>\",\n        \"PostalCode\": \"<string>\",\n        \"CountryCode\": {\n          \"CountryCodeValue\": \"<string>\",\n          \"CountryCodeSource\": \"<string>\"\n        },\n        \"TimeFrame\": {\n          \"StartDt\": \"<string>\",\n          \"EndDt\": \"<string>\"\n        },\n        \"Retention\": \"<boolean>\",\n        \"CensusTract\": \"<string>\",\n        \"CensusBlock\": \"<string>\",\n        \"ForeignFlag\": \"<boolean>\",\n        \"HandlingCode\": \"<string>\",\n        \"HandlingCodeOption\": \"<string>\",\n        \"MSACode\": \"<long>\"\n      }\n    ]\n  },\n  \"PartyAcctRelInfo\": [\n    {\n      \"PartyRef\": {\n        \"PartyKeys\": {\n          \"PartyId\": \"<string>\"\n        }\n      },\n      \"PartyAcctRelData\": [\n        {\n          \"PartyAcctRelType\": \"<string>\"\n        },\n        {\n          \"PartyAcctRelType\": \"<string>\"\n        }\n      ],\n      \"OwnerInd\": \"<boolean>\",\n      \"TaxReportingOwnerInd\": \"<boolean>\",\n      \"AcctRef\": {\n        \"AcctKeys\": {\n          \"AcctIdent\": {\n            \"AcctIdentType\": {\n              \"value\": \"<Error: Too many levels of nesting to fake this schema>\"\n            },\n            \"AcctIdentValue\": {\n              \"value\": \"<Error: Too many levels of nesting to fake this schema>\"\n            }\n          }\n        }\n      }\n    },\n    {\n      \"PartyRef\": {\n        \"PartyKeys\": {\n          \"PartyId\": \"<string>\"\n        }\n      },\n      \"PartyAcctRelData\": [\n        {\n          \"PartyAcctRelType\": \"<string>\"\n        },\n        {\n          \"PartyAcctRelType\": \"<string>\"\n        }\n      ],\n      \"OwnerInd\": \"<boolean>\",\n      \"TaxReportingOwnerInd\": \"<boolean>\",\n      \"AcctRef\": {\n        \"AcctKeys\": {\n          \"AcctIdent\": {\n            \"AcctIdentType\": {\n              \"value\": \"<Error: Too many levels of nesting to fake this schema>\"\n            },\n            \"AcctIdentValue\": {\n              \"value\": \"<Error: Too many levels of nesting to fake this schema>\"\n            }\n          }\n        }\n      }\n    }\n  ]\n}","options":{"raw":{"language":"json"}}}},"status":"Internal Server Error","code":500,"header":[{"key":"Content-Type","value":"application/json"}],"body":"{\n  \"CreditLineStatusRec\": {\n    \"CreditLineKeys\": {\n      \"AcctKeys\": {\n        \"AcctId\": \"dolor u\",\n        \"AcctType\": \"CLOC\"\n      }\n    },\n    \"CreditLineStatus\": {\n      \"CreditLineStatusCode\": \"Valid\",\n      \"EffDt\": \"4299-23-57\"\n    }\n  },\n  \"Status\": {\n    \"Severity\": \"Warning\",\n    \"StatusCode\": \"ut\",\n    \"StatusDesc\": \"Excepteur consequat ad elit\",\n    \"SvcProviderName\": \"sit Excepteur aute nulla exercitation\",\n    \"Id\": \"ex ad Lorem\",\n    \"ServerStatusCode\": \"ut veniam ad\",\n    \"ServerStatusDesc\": \"Lorem\",\n    \"OvrdExceptionInd\": false,\n    \"SubjectRole\": \"eiusmod cillum ad non nulla\",\n    \"SubjectElement\": [\n      {\n        \"Path\": \"Duis\",\n        \"ServerPath\": \"nostrud irure nulla\",\n        \"Value\": \"dolore ex est in\"\n      },\n      {\n        \"Path\": \"Excepteur veniam exercitation minim\",\n        \"ServerPath\": \"Excepteur proident do in\",\n        \"Value\": \"est quis ad eiusmod\"\n      }\n    ],\n    \"ContentHTML\": \"\",\n    \"AdditionalStatus\": [\n      {\n        \"StatusCode\": \"e\",\n        \"StatusDesc\": \"eiusmod ut laboris\",\n        \"Severity\": \"Warning\",\n        \"SvcProviderName\": \"commodo anim Ut consectetur\",\n        \"ServerStatusCode\": \"in in labore\",\n        \"ServerStatusDesc\": \"commodo\",\n        \"OvrdExceptionInd\": true,\n        \"SubjectElement\": [\n          {\n            \"Path\": \"cupidatat adipisicing incididunt proident Duis\",\n            \"ServerPath\": \"cupidatat cillum sit officia mollit\",\n            \"Value\": \"veniam quis aliquip nostrud\"\n          },\n          {\n            \"Path\": \"enim culpa elit\",\n            \"ServerPath\": \"\",\n            \"Value\": \"tempor est sunt\"\n          }\n        ]\n      },\n      {\n        \"StatusCode\": \"Lorem adipisicing\",\n        \"StatusDesc\": \"anim ex\",\n        \"Severity\": \"Error\",\n        \"SvcProviderName\": \"labore Excepteur est amet\",\n        \"ServerStatusCode\": \"deserunt anim eu\",\n        \"ServerStatusDesc\": \"dolor consequat culpa sunt id\",\n        \"OvrdExceptionInd\": false,\n        \"SubjectElement\": [\n          {\n            \"Path\": \"sed veniam\",\n            \"ServerPath\": \"nulla consectetur voluptate Duis sunt\",\n            \"Value\": \"cillum\"\n          },\n          {\n            \"Path\": \"do commodo\",\n            \"ServerPath\": \"commodo ut sunt occaecat\",\n            \"Value\": \"ullamco dolore in amet\"\n          }\n        ]\n      }\n    ]\n  }\n}","cookie":[],"_postman_previewlanguage":"json"}],"event":[],"protocolProfileBehavior":{"disableBodyPruning":true}},{"id":"9cf8b56b-13cf-4bb5-8328-3eb29b6b244d","name":"secured","item":[{"id":"96313bda-c88c-4913-addf-66a81208f56e","name":"Delete Credit Line.","request":{"name":"Delete Credit Line.","description":{"content":"Delete Credit Line API deletes a Consumer's Line of Credit (CLOC) account.<br>For Premier, if the all balances under CLOC account are not paid, the CLOC account cannot be deleted. <br> <br> To download the API Specifications and Postman Collection, click <a href=\"../docs/?path=docs/resources/resources.md\" title=\"Click to open\">Resources</a>.","type":"text/plain"},"url":{"path":["creditlineservice","lending","creditLines","secured"],"host":["{{baseUrl}}"],"query":[],"variable":[]},"header":[{"disabled":false,"description":"(Required) EFX Header is a common and required component for all API calls, it contains client-related parameters. Please note that the header parameters should be sent as a JSON object under the EFXHeader parameter. To view the list of header parameters, <a href=\"../docs?path=docs/api-ref-EFX-header.md\" title=\"Click to open\"> click here.</a>","key":"EFXHeader","value":"OrganizationId,<string>,TrnId,<string>,VendorId,<string>,Context,[object Object]"},{"key":"Content-Type","value":"application/json"},{"key":"Accept","value":"application/json"}],"method":"PUT","auth":null,"body":{"mode":"raw","raw":"{\n  \"CreditLineKeys\": {\n    \"AcctKeys\": {\n      \"AcctId\": \"<string>\",\n      \"AcctType\": \"<string>\"\n    }\n  }\n}","options":{"raw":{"language":"json"}}}},"response":[{"id":"3a8571dc-c86f-48ef-9eb5-a3ea43540785","name":"Success","originalRequest":{"url":{"path":["creditlineservice","lending","creditLines","secured"],"host":["{{baseUrl}}"],"query":[],"variable":[]},"header":[{"disabled":false,"description":"(Required) EFX Header is a common and required component for all API calls, it contains client-related parameters. Please note that the header parameters should be sent as a JSON object under the EFXHeader parameter. To view the list of header parameters, <a href=\"../docs?path=docs/api-ref-EFX-header.md\" title=\"Click to open\"> click here.</a>","key":"EFXHeader","value":"OrganizationId,<string>,TrnId,<string>,VendorId,<string>,Context,[object Object]"},{"key":"Accept","value":"application/json"}],"method":"PUT","body":{"mode":"raw","raw":"{\n  \"CreditLineKeys\": {\n    \"AcctKeys\": {\n      \"AcctId\": \"<string>\",\n      \"AcctType\": \"<string>\"\n    }\n  }\n}","options":{"raw":{"language":"json"}}}},"status":"OK","code":200,"header":[{"key":"Content-Type","value":"application/json"}],"body":"{\n  \"CreditLineStatusRec\": {\n    \"CreditLineKeys\": {\n      \"AcctKeys\": {\n        \"AcctId\": \"labore quis esse occaec\",\n        \"AcctType\": \"CLOC\"\n      }\n    },\n    \"CreditLineStatus\": {\n      \"CreditLineStatusCode\": \"Valid\",\n      \"EffDt\": \"9673-28-87T84:01\"\n    }\n  },\n  \"Status\": {\n    \"Severity\": \"Info\",\n    \"StatusCode\": \"dolor elit laboris U\",\n    \"StatusDesc\": \"consectetur Lorem dolore in veniam\",\n    \"SvcProviderName\": \"Duis fugiat veniam dolor\",\n    \"Id\": \"esse ipsum nisi dolor Excepteur\",\n    \"ServerStatusCode\": \"consectetur ut\",\n    \"ServerStatusDesc\": \"magna\",\n    \"OvrdExceptionInd\": true,\n    \"SubjectRole\": \"\",\n    \"SubjectElement\": [\n      {\n        \"Path\": \"est\",\n        \"ServerPath\": \"dolore Lorem minim\",\n        \"Value\": \"aliqua nulla mollit\"\n      },\n      {\n        \"Path\": \"commodo quis\",\n        \"ServerPath\": \"consectetur ipsum eiusmod\",\n        \"Value\": \"in qui dolor quis\"\n      }\n    ],\n    \"ContentHTML\": \"nostrud do\",\n    \"AdditionalStatus\": [\n      {\n        \"StatusCode\": \"sit ipsum ex cul\",\n        \"StatusDesc\": \"incididunt eiusmod\",\n        \"Severity\": \"Warning\",\n        \"SvcProviderName\": \"culpa \",\n        \"ServerStatusCode\": \"Excepteu\",\n        \"ServerStatusDesc\": \"non ullamco dolor minim\",\n        \"OvrdExceptionInd\": false,\n        \"SubjectElement\": [\n          {\n            \"Path\": \"non in Duis c\",\n            \"ServerPath\": \"in\",\n            \"Value\": \"sit aliquip\"\n          },\n          {\n            \"Path\": \"nostrud veniam\",\n            \"ServerPath\": \"sint laborum laboris occaecat sed\",\n            \"Value\": \"quis pariatur velit in\"\n          }\n        ]\n      },\n      {\n        \"StatusCode\": \"id consequat laboris\",\n        \"StatusDesc\": \"ut culpa veniam\",\n        \"Severity\": \"Info\",\n        \"SvcProviderName\": \"commodo proident sint tempor non\",\n        \"ServerStatusCode\": \"quis reprehenderi\",\n        \"ServerStatusDesc\": \"aliquip enim\",\n        \"OvrdExceptionInd\": false,\n        \"SubjectElement\": [\n          {\n            \"Path\": \"pariatur non id eiusmod cillum\",\n            \"ServerPath\": \"tempor irure dolor laboris proident\",\n            \"Value\": \"aute dolore elit\"\n          },\n          {\n            \"Path\": \"velit est\",\n            \"ServerPath\": \"cupidatat\",\n            \"Value\": \"nisi\"\n          }\n        ]\n      }\n    ]\n  }\n}","cookie":[],"_postman_previewlanguage":"json"},{"id":"783e330a-1ee8-4d7a-8efe-fbf41a1bd86d","name":"To view the complete list of response codes, <a href=\"../docs/?path=docs/response-codes.md\" title=\"Click to open\">click here.</a>","originalRequest":{"url":{"path":["creditlineservice","lending","creditLines","secured"],"host":["{{baseUrl}}"],"query":[],"variable":[]},"header":[{"disabled":false,"description":"(Required) EFX Header is a common and required component for all API calls, it contains client-related parameters. Please note that the header parameters should be sent as a JSON object under the EFXHeader parameter. To view the list of header parameters, <a href=\"../docs?path=docs/api-ref-EFX-header.md\" title=\"Click to open\"> click here.</a>","key":"EFXHeader","value":"OrganizationId,<string>,TrnId,<string>,VendorId,<string>,Context,[object Object]"},{"key":"Accept","value":"application/json"}],"method":"PUT","body":{"mode":"raw","raw":"{\n  \"CreditLineKeys\": {\n    \"AcctKeys\": {\n      \"AcctId\": \"<string>\",\n      \"AcctType\": \"<string>\"\n    }\n  }\n}","options":{"raw":{"language":"json"}}}},"status":"Internal Server Error","code":500,"header":[{"key":"Content-Type","value":"application/json"}],"body":"{\n  \"CreditLineStatusRec\": {\n    \"CreditLineKeys\": {\n      \"AcctKeys\": {\n        \"AcctId\": \"labore quis esse occaec\",\n        \"AcctType\": \"CLOC\"\n      }\n    },\n    \"CreditLineStatus\": {\n      \"CreditLineStatusCode\": \"Valid\",\n      \"EffDt\": \"9673-28-87T84:01\"\n    }\n  },\n  \"Status\": {\n    \"Severity\": \"Info\",\n    \"StatusCode\": \"dolor elit laboris U\",\n    \"StatusDesc\": \"consectetur Lorem dolore in veniam\",\n    \"SvcProviderName\": \"Duis fugiat veniam dolor\",\n    \"Id\": \"esse ipsum nisi dolor Excepteur\",\n    \"ServerStatusCode\": \"consectetur ut\",\n    \"ServerStatusDesc\": \"magna\",\n    \"OvrdExceptionInd\": true,\n    \"SubjectRole\": \"\",\n    \"SubjectElement\": [\n      {\n        \"Path\": \"est\",\n        \"ServerPath\": \"dolore Lorem minim\",\n        \"Value\": \"aliqua nulla mollit\"\n      },\n      {\n        \"Path\": \"commodo quis\",\n        \"ServerPath\": \"consectetur ipsum eiusmod\",\n        \"Value\": \"in qui dolor quis\"\n      }\n    ],\n    \"ContentHTML\": \"nostrud do\",\n    \"AdditionalStatus\": [\n      {\n        \"StatusCode\": \"sit ipsum ex cul\",\n        \"StatusDesc\": \"incididunt eiusmod\",\n        \"Severity\": \"Warning\",\n        \"SvcProviderName\": \"culpa \",\n        \"ServerStatusCode\": \"Excepteu\",\n        \"ServerStatusDesc\": \"non ullamco dolor minim\",\n        \"OvrdExceptionInd\": false,\n        \"SubjectElement\": [\n          {\n            \"Path\": \"non in Duis c\",\n            \"ServerPath\": \"in\",\n            \"Value\": \"sit aliquip\"\n          },\n          {\n            \"Path\": \"nostrud veniam\",\n            \"ServerPath\": \"sint laborum laboris occaecat sed\",\n            \"Value\": \"quis pariatur velit in\"\n          }\n        ]\n      },\n      {\n        \"StatusCode\": \"id consequat laboris\",\n        \"StatusDesc\": \"ut culpa veniam\",\n        \"Severity\": \"Info\",\n        \"SvcProviderName\": \"commodo proident sint tempor non\",\n        \"ServerStatusCode\": \"quis reprehenderi\",\n        \"ServerStatusDesc\": \"aliquip enim\",\n        \"OvrdExceptionInd\": false,\n        \"SubjectElement\": [\n          {\n            \"Path\": \"pariatur non id eiusmod cillum\",\n            \"ServerPath\": \"tempor irure dolor laboris proident\",\n            \"Value\": \"aute dolore elit\"\n          },\n          {\n            \"Path\": \"velit est\",\n            \"ServerPath\": \"cupidatat\",\n            \"Value\": \"nisi\"\n          }\n        ]\n      }\n    ]\n  }\n}","cookie":[],"_postman_previewlanguage":"json"}],"event":[],"protocolProfileBehavior":{"disableBodyPruning":true}},{"id":"37cb2cbb-d1ad-43e6-805e-5e43d23ce5da","name":"Gets Credit Line.","request":{"name":"Gets Credit Line.","description":{"content":"Get Credit Line API retrieves the information of the selected Consumer's Line of Credit (CLOC) account. <br> <br> To download the API Specifications and Postman Collection, click <a href=\"../docs/?path=docs/resources/resources.md\" title=\"Click to open\">Resources</a>.","type":"text/plain"},"url":{"path":["creditlineservice","lending","creditLines","secured"],"host":["{{baseUrl}}"],"query":[],"variable":[]},"header":[{"disabled":false,"description":"(Required) EFX Header is a common and required component for all API calls, it contains client-related parameters. Please note that the header parameters should be sent as a JSON object under the EFXHeader parameter. To view the list of header parameters, <a href=\"../docs?path=docs/api-ref-EFX-header.md\" title=\"Click to open\"> click here.</a>","key":"EFXHeader","value":"OrganizationId,<string>,TrnId,<string>,VendorId,<string>,Context,[object Object]"},{"key":"Content-Type","value":"application/json"},{"key":"Accept","value":"application/json"}],"method":"POST","auth":null,"body":{"mode":"raw","raw":"{\n  \"CreditLineSel\": {\n    \"CreditLineKeys\": {\n      \"AcctKeys\": {\n        \"AcctId\": \"<string>\",\n        \"AcctType\": \"<string>\"\n      }\n    }\n  }\n}","options":{"raw":{"language":"json"}}}},"response":[{"id":"75b4f7ff-5111-48b8-b5fa-bc58871a45ef","name":"Success","originalRequest":{"url":{"path":["creditlineservice","lending","creditLines","secured"],"host":["{{baseUrl}}"],"query":[],"variable":[]},"header":[{"disabled":false,"description":"(Required) EFX Header is a common and required component for all API calls, it contains client-related parameters. Please note that the header parameters should be sent as a JSON object under the EFXHeader parameter. To view the list of header parameters, <a href=\"../docs?path=docs/api-ref-EFX-header.md\" title=\"Click to open\"> click here.</a>","key":"EFXHeader","value":"OrganizationId,<string>,TrnId,<string>,VendorId,<string>,Context,[object Object]"},{"key":"Accept","value":"application/json"}],"method":"POST","body":{"mode":"raw","raw":"{\n  \"CreditLineSel\": {\n    \"CreditLineKeys\": {\n      \"AcctKeys\": {\n        \"AcctId\": \"<string>\",\n        \"AcctType\": \"<string>\"\n      }\n    }\n  }\n}","options":{"raw":{"language":"json"}}}},"status":"OK","code":200,"header":[{"key":"Content-Type","value":"application/json"}],"body":"{\n  \"CreditLineRec\": [\n    {\n      \"CreditLineInfo\": {\n        \"OpenDt\": \"1984-08-15\",\n        \"LastContactDt\": \"7416-83-97\",\n        \"DateData\": [\n          {\n            \"DateType\": \"LastFileMaint\",\n            \"DateValue\": \"9244-79-89\"\n          },\n          {\n            \"DateType\": \"Accrual\",\n            \"DateValue\": \"4721-51-23\"\n          }\n        ],\n        \"RelationshipMgr\": [\n          {\n            \"RelationshipMgrIdent\": \"in\",\n            \"RelationshipRole\": \"Officer\"\n          },\n          {\n            \"RelationshipMgrIdent\": \"eu elit la\",\n            \"RelationshipRole\": \"ReferralOfficer\"\n          }\n        ],\n        \"OriginatingBranch\": \"nulla dolore ex Duis\",\n        \"ResponsibleBranch\": \"esse \",\n        \"AcctTitleOption\": \"nostrud et\",\n        \"AcctTitle\": \"magna nostrud officia\",\n        \"HandlingCodeOption\": \"UsePortfolio\",\n        \"HandlingCode\": \"laboris velit\",\n        \"AccountingMethod\": \"Class\",\n        \"AccountingValue\": \"elit aliqua\",\n        \"ClassCode\": \"aute sit tempor\",\n        \"AcctTypeCode\": \"anim cupidatat officia\",\n        \"ClientDefinedData\": [\n          {\n            \"DataIdent\": \"fugiat moll\",\n            \"DataType\": \"Numeric\",\n            \"Value\": \"nostrud eiusmod\",\n            \"DataLength\": 62969733,\n            \"ExpDt\": \"1946-08-02\",\n            \"Desc\": \"ipsum\",\n            \"RequiredFlag\": true\n          },\n          {\n            \"DataIdent\": \"in mollit \",\n            \"DataType\": \"NumericSymbol\",\n            \"Value\": \"ea pariatur\",\n            \"DataLength\": -56866083,\n            \"ExpDt\": \"2005-06-28\",\n            \"Desc\": \"dolore aliqua\",\n            \"RequiredFlag\": true\n          }\n        ],\n        \"AcctStmtData\": {\n          \"NextStmtDt\": \"2010-05-06\",\n          \"StmtPrepCode\": \"dolore\"\n        },\n        \"AcctBal\": [\n          {\n            \"BalType\": \"PledgedAmount\",\n            \"CurAmt\": {\n              \"value\": \"<Error: Too many levels of nesting to fake this schema>\"\n            }\n          },\n          {\n            \"BalType\": \"Principal\",\n            \"CurAmt\": {\n              \"value\": \"<Error: Too many levels of nesting to fake this schema>\"\n            }\n          }\n        ],\n        \"AcctPeriodData\": [\n          {\n            \"AcctAmtType\": \"AvgAvail\",\n            \"AcctPeriodType\": \"PrevToPriorYr\",\n            \"LastOccurInd\": false,\n            \"Amt\": 21678712.065705195,\n            \"Rate\": -7761729.604445204\n          },\n          {\n            \"AcctAmtType\": \"AvgAvail\",\n            \"AcctPeriodType\": \"YTD\",\n            \"LastOccurInd\": true,\n            \"Amt\": -45070290.52417253,\n            \"Rate\": 67569192.10739079\n          }\n        ],\n        \"PostAddr\": [\n          {\n            \"AddrType\": \"Secondary\",\n            \"AddressIdent\": \"veniam ut sed\",\n            \"AddrUse\": \"Inquiry\",\n            \"AddrFormatType\": \"Label\",\n            \"Addr1\": \"in c\",\n            \"Addr2\": \"esse est\",\n            \"City\": \"cu\",\n            \"StateProv\": \"Lorem adipisicing cupidatat\",\n            \"PostalCode\": \"ut repre\",\n            \"CountryCode\": {\n              \"value\": \"<Error: Too many levels of nesting to fake this schema>\"\n            },\n            \"TimeFrame\": {\n              \"value\": \"<Error: Too many levels of nesting to fake this schema>\"\n            },\n            \"Retention\": false,\n            \"CensusTract\": \"eiusmod nulla \",\n            \"CensusBlock\": \"ipsu\",\n            \"ForeignFlag\": false,\n            \"HandlingCode\": \"Duis non\",\n            \"HandlingCodeOption\": \"Statements\",\n            \"MSACode\": -92947541\n          },\n          {\n            \"AddrType\": \"Primary\",\n            \"AddressIdent\": \"offici\",\n            \"AddrUse\": \"Inquiry\",\n            \"AddrFormatType\": \"Label\",\n            \"Addr1\": \"dolor labore reprehenderit\",\n            \"Addr2\": \"velit dolor consequat\",\n            \"City\": \"enim in dolore labore\",\n            \"StateProv\": \"qui proident Except\",\n            \"PostalCode\": \"Ut\",\n            \"CountryCode\": {\n              \"value\": \"<Error: Too many levels of nesting to fake this schema>\"\n            },\n            \"TimeFrame\": {\n              \"value\": \"<Error: Too many levels of nesting to fake this schema>\"\n            },\n            \"Retention\": false,\n            \"CensusTract\": \"non est\",\n            \"CensusBlock\": \"e\",\n            \"ForeignFlag\": false,\n            \"HandlingCode\": \"in cillum \",\n            \"HandlingCodeOption\": \"NoticesChecks\",\n            \"MSACode\": -23057066\n          }\n        ],\n        \"NAICS\": \"ullamc\",\n        \"CostCenter\": \"fugiat incididunt\",\n        \"RetentionOption\": \"DoNotRetain\",\n        \"AcctMemoData\": [\n          {\n            \"AcctMemoType\": \"Warning\",\n            \"AcctMemoText\": \"pariatur veniam adipisicing Ex\"\n          },\n          {\n            \"AcctMemoType\": \"Warning\",\n            \"AcctMemoText\": \"labore Ut\"\n          }\n        ],\n        \"CreditLineData\": {\n          \"CreditLineLimitAmt\": {\n            \"Amt\": {\n              \"value\": \"<Error: Too many levels of nesting to fake this schema>\"\n            },\n            \"CurCode\": {\n              \"value\": \"<Error: Too many levels of nesting to fake this schema>\"\n            }\n          },\n          \"NextReviewDt\": \"1963-09-01\"\n        },\n        \"MaxCreditCode\": \"officia voluptate aute\",\n        \"LTVPct\": 83457412.01311392,\n        \"RunningLTVPct\": 66873342.527971774,\n        \"TotalLTVPct\": 61197036.6696569,\n        \"CreditLineCode\": \"occaecat minim\",\n        \"DailyAccrualFactor\": -57228221.62287824,\n        \"PartDailyAccrualFactor\": -46712341.85897903,\n        \"CensusTract\": \"\",\n        \"MSACode\": 5920928\n      },\n      \"CreditLineKeys\": {\n        \"AcctKeys\": {\n          \"AcctId\": \"<string>\",\n          \"AcctType\": \"<string>\"\n        }\n      },\n      \"CreditLineStatus\": {\n        \"CreditLineStatusCode\": \"Valid\",\n        \"EffDt\": \"8497-12-67\"\n      }\n    },\n    {\n      \"CreditLineInfo\": {\n        \"OpenDt\": \"2002-07-16\",\n        \"LastContactDt\": \"4126-12-32\",\n        \"DateData\": [\n          {\n            \"DateType\": \"LastFileMaint\",\n            \"DateValue\": \"6986-80-15T11:39\"\n          },\n          {\n            \"DateType\": \"Accrual\",\n            \"DateValue\": \"2527-43-42\"\n          }\n        ],\n        \"RelationshipMgr\": [\n          {\n            \"RelationshipMgrIdent\": \"do esse\",\n            \"RelationshipRole\": \"Officer\"\n          },\n          {\n            \"RelationshipMgrIdent\": \"sint ea elit cupidatat\",\n            \"RelationshipRole\": \"ReferralOfficer\"\n          }\n        ],\n        \"OriginatingBranch\": \"nisi reprehe\",\n        \"ResponsibleBranch\": \"amet minim\",\n        \"AcctTitleOption\": \"Excepteu\",\n        \"AcctTitle\": \"mollit et\",\n        \"HandlingCodeOption\": \"StatementsNotices\",\n        \"HandlingCode\": \"est\",\n        \"AccountingMethod\": \"CostCenter\",\n        \"AccountingValue\": \"voluptate ea\",\n        \"ClassCode\": \"commodo qui\",\n        \"AcctTypeCode\": \"Duis est minim quis ad\",\n        \"ClientDefinedData\": [\n          {\n            \"DataIdent\": \"ut\",\n            \"DataType\": \"Boolean\",\n            \"Value\": \"tempor mollit labore\",\n            \"DataLength\": 4422307,\n            \"ExpDt\": \"2023-01-09\",\n            \"Desc\": \"Duis proident e\",\n            \"RequiredFlag\": false\n          },\n          {\n            \"DataIdent\": \"voluptate aute\",\n            \"DataType\": \"Alpha\",\n            \"Value\": \"ad\",\n            \"DataLength\": 92992947,\n            \"ExpDt\": \"2002-11-20\",\n            \"Desc\": \"eiusmod deserunt\",\n            \"RequiredFlag\": false\n          }\n        ],\n        \"AcctStmtData\": {\n          \"NextStmtDt\": \"1949-03-09\",\n          \"StmtPrepCode\": \"consequat velit est veniam\"\n        },\n        \"AcctBal\": [\n          {\n            \"BalType\": \"ChargeOff\",\n            \"CurAmt\": {\n              \"value\": \"<Error: Too many levels of nesting to fake this schema>\"\n            }\n          },\n          {\n            \"BalType\": \"PledgedAmount\",\n            \"CurAmt\": {\n              \"value\": \"<Error: Too many levels of nesting to fake this schema>\"\n            }\n          }\n        ],\n        \"AcctPeriodData\": [\n          {\n            \"AcctAmtType\": \"AvgAvail\",\n            \"AcctPeriodType\": \"YTD\",\n            \"LastOccurInd\": false,\n            \"Amt\": -54330484.26569798,\n            \"Rate\": 55422914.655741006\n          },\n          {\n            \"AcctAmtType\": \"AvgAvail\",\n            \"AcctPeriodType\": \"YTD\",\n            \"LastOccurInd\": false,\n            \"Amt\": 67756887.62839699,\n            \"Rate\": 69906875.42051384\n          }\n        ],\n        \"PostAddr\": [\n          {\n            \"AddrType\": \"Primary\",\n            \"AddressIdent\": \"culpa velit\",\n            \"AddrUse\": \"Stmt\",\n            \"AddrFormatType\": \"Label\",\n            \"Addr1\": \"ullamco\",\n            \"Addr2\": \"eu ut\",\n            \"City\": \"nisi t\",\n            \"StateProv\": \"Lorem nisi exercitation laboris\",\n            \"PostalCode\": \"occa\",\n            \"CountryCode\": {\n              \"value\": \"<Error: Too many levels of nesting to fake this schema>\"\n            },\n            \"TimeFrame\": {\n              \"value\": \"<Error: Too many levels of nesting to fake this schema>\"\n            },\n            \"Retention\": false,\n            \"CensusTract\": \"eiusmod sun\",\n            \"CensusBlock\": \"Excepteur es\",\n            \"ForeignFlag\": false,\n            \"HandlingCode\": \"magna elit ullamco\",\n            \"HandlingCodeOption\": \"StatementsNotices\",\n            \"MSACode\": -88792670\n          },\n          {\n            \"AddrType\": \"Secondary\",\n            \"AddressIdent\": \"eni\",\n            \"AddrUse\": \"Stmt\",\n            \"AddrFormatType\": \"Label\",\n            \"Addr1\": \"consequat ipsum nostrud\",\n            \"Addr2\": \"dolore culpa mollit velit\",\n            \"City\": \"et do dol\",\n            \"StateProv\": \"ut Ut\",\n            \"PostalCode\": \"eiusmod\",\n            \"CountryCode\": {\n              \"value\": \"<Error: Too many levels of nesting to fake this schema>\"\n            },\n            \"TimeFrame\": {\n              \"value\": \"<Error: Too many levels of nesting to fake this schema>\"\n            },\n            \"Retention\": true,\n            \"CensusTract\": \"\",\n            \"CensusBlock\": \"cillum n\",\n            \"ForeignFlag\": true,\n            \"HandlingCode\": \"proident ut ul\",\n            \"HandlingCodeOption\": \"Statements\",\n            \"MSACode\": -57083389\n          }\n        ],\n        \"NAICS\": \"aliqu\",\n        \"CostCenter\": \"labore in nostrud\",\n        \"RetentionOption\": \"DoNotRetain\",\n        \"AcctMemoData\": [\n          {\n            \"AcctMemoType\": \"Warning\",\n            \"AcctMemoText\": \"ea mollit ullam\"\n          },\n          {\n            \"AcctMemoType\": \"Warning\",\n            \"AcctMemoText\": \"id Excepteur consectetur nulla deserunt\"\n          }\n        ],\n        \"CreditLineData\": {\n          \"CreditLineLimitAmt\": {\n            \"Amt\": {\n              \"value\": \"<Error: Too many levels of nesting to fake this schema>\"\n            },\n            \"CurCode\": {\n              \"value\": \"<Error: Too many levels of nesting to fake this schema>\"\n            }\n          },\n          \"NextReviewDt\": \"2007-06-11\"\n        },\n        \"MaxCreditCode\": \"sed in\",\n        \"LTVPct\": -51593079.236866176,\n        \"RunningLTVPct\": 75211475.73188081,\n        \"TotalLTVPct\": -38292437.15648949,\n        \"CreditLineCode\": \"irure nisi fugiat\",\n        \"DailyAccrualFactor\": -52812813.54242084,\n        \"PartDailyAccrualFactor\": -45192395.16939915,\n        \"CensusTract\": \"in \",\n        \"MSACode\": 93169299\n      },\n      \"CreditLineKeys\": {\n        \"AcctKeys\": {\n          \"AcctId\": \"<string>\",\n          \"AcctType\": \"<string>\"\n        }\n      },\n      \"CreditLineStatus\": {\n        \"CreditLineStatusCode\": \"Valid\",\n        \"EffDt\": \"7939-23-33\"\n      }\n    }\n  ],\n  \"Status\": {\n    \"Severity\": \"Error\",\n    \"StatusCode\": \"tempo\",\n    \"StatusDesc\": \"deserunt adipisicing\",\n    \"SvcProviderName\": \"ut\",\n    \"Id\": \"qui Duis velit minim pariatur\",\n    \"ServerStatusCode\": \"qui labore re\",\n    \"ServerStatusDesc\": \"id ex consectetur adipisicing\",\n    \"OvrdExceptionInd\": true,\n    \"SubjectRole\": \"laboris deserunt enim voluptate\",\n    \"SubjectElement\": [\n      {\n        \"Path\": \"dolore dolor\",\n        \"ServerPath\": \"est ut ad do\",\n        \"Value\": \"ut enim eiusmod\"\n      },\n      {\n        \"Path\": \"proident adipisicing in in offi\",\n        \"ServerPath\": \"in amet ipsum\",\n        \"Value\": \"nulla exercitation quis in eiusmod\"\n      }\n    ],\n    \"ContentHTML\": \"nisi laborum e\",\n    \"AdditionalStatus\": [\n      {\n        \"StatusCode\": \"consequat\",\n        \"StatusDesc\": \"ea cillum amet sunt\",\n        \"Severity\": \"Warning\",\n        \"SvcProviderName\": \"enim fugiat proident\",\n        \"ServerStatusCode\": \"minim ex deserun\",\n        \"ServerStatusDesc\": \"cillum voluptate consequat\",\n        \"OvrdExceptionInd\": true,\n        \"SubjectElement\": [\n          {\n            \"Path\": \"cupidatat in\",\n            \"ServerPath\": \"pariatur aliquip cupidatat labore\",\n            \"Value\": \"ad ut\"\n          },\n          {\n            \"Path\": \"occaecat ad\",\n            \"ServerPath\": \"proident occaecat nulla ut\",\n            \"Value\": \"enim occae\"\n          }\n        ]\n      },\n      {\n        \"StatusCode\": \"mollit enim\",\n        \"StatusDesc\": \"adipisicing eu\",\n        \"Severity\": \"Error\",\n        \"SvcProviderName\": \"dolor dolore qui\",\n        \"ServerStatusCode\": \"do sed\",\n        \"ServerStatusDesc\": \"culpa proident commodo\",\n        \"OvrdExceptionInd\": true,\n        \"SubjectElement\": [\n          {\n            \"Path\": \"cillum ex culpa\",\n            \"ServerPath\": \"reprehenderit proident laborum Lorem\",\n            \"Value\": \"sun\"\n          },\n          {\n            \"Path\": \"deserunt qui\",\n            \"ServerPath\": \"velit\",\n            \"Value\": \"nostrud pariatur\"\n          }\n        ]\n      }\n    ]\n  }\n}","cookie":[],"_postman_previewlanguage":"json"},{"id":"eb767158-8ae4-4994-a25a-c0b36f35aa44","name":"To view the complete list of response codes, <a href=\"../docs/?path=docs/response-codes.md\" title=\"Click to open\">click here.</a>","originalRequest":{"url":{"path":["creditlineservice","lending","creditLines","secured"],"host":["{{baseUrl}}"],"query":[],"variable":[]},"header":[{"disabled":false,"description":"(Required) EFX Header is a common and required component for all API calls, it contains client-related parameters. Please note that the header parameters should be sent as a JSON object under the EFXHeader parameter. To view the list of header parameters, <a href=\"../docs?path=docs/api-ref-EFX-header.md\" title=\"Click to open\"> click here.</a>","key":"EFXHeader","value":"OrganizationId,<string>,TrnId,<string>,VendorId,<string>,Context,[object Object]"},{"key":"Accept","value":"application/json"}],"method":"POST","body":{"mode":"raw","raw":"{\n  \"CreditLineSel\": {\n    \"CreditLineKeys\": {\n      \"AcctKeys\": {\n        \"AcctId\": \"<string>\",\n        \"AcctType\": \"<string>\"\n      }\n    }\n  }\n}","options":{"raw":{"language":"json"}}}},"status":"Internal Server Error","code":500,"header":[{"key":"Content-Type","value":"application/json"}],"body":"{\n  \"CreditLineRec\": [\n    {\n      \"CreditLineInfo\": {\n        \"OpenDt\": \"1965-06-13\",\n        \"LastContactDt\": \"5048-38-08T59:61:74.903\",\n        \"DateData\": [\n          {\n            \"DateType\": \"LastFileMaint\",\n            \"DateValue\": \"6955-82-68\"\n          },\n          {\n            \"DateType\": \"LastFileMaint\",\n            \"DateValue\": \"9904-00-81\"\n          }\n        ],\n        \"RelationshipMgr\": [\n          {\n            \"RelationshipMgrIdent\": \"veniam aute\",\n            \"RelationshipRole\": \"Officer\"\n          },\n          {\n            \"RelationshipMgrIdent\": \"labore exercitation in tempor\",\n            \"RelationshipRole\": \"Officer\"\n          }\n        ],\n        \"OriginatingBranch\": \"reprehe\",\n        \"ResponsibleBranch\": \"deserunt amet sed\",\n        \"AcctTitleOption\": \"aliqua quis\",\n        \"AcctTitle\": \"irure ea dolor veniam\",\n        \"HandlingCodeOption\": \"Checks\",\n        \"HandlingCode\": \"nulla ad\",\n        \"AccountingMethod\": \"Class\",\n        \"AccountingValue\": \"l\",\n        \"ClassCode\": \"e\",\n        \"AcctTypeCode\": \"veniam eiusmod\",\n        \"ClientDefinedData\": [\n          {\n            \"DataIdent\": \"consequat anim aute\",\n            \"DataType\": \"Boolean\",\n            \"Value\": \"in ut cillum incididunt nulla\",\n            \"DataLength\": -32297336,\n            \"ExpDt\": \"1966-06-12\",\n            \"Desc\": \"ad\",\n            \"RequiredFlag\": false\n          },\n          {\n            \"DataIdent\": \"culpa\",\n            \"DataType\": \"Date\",\n            \"Value\": \"irure est Ut\",\n            \"DataLength\": -81248019,\n            \"ExpDt\": \"1988-06-21\",\n            \"Desc\": \"exercitation magna fugiat anim\",\n            \"RequiredFlag\": false\n          }\n        ],\n        \"AcctStmtData\": {\n          \"NextStmtDt\": \"1986-07-23\",\n          \"StmtPrepCode\": \"cillum amet Excepteur adipisicing\"\n        },\n        \"AcctBal\": [\n          {\n            \"BalType\": \"IndirectLiability\",\n            \"CurAmt\": {\n              \"value\": \"<Error: Too many levels of nesting to fake this schema>\"\n            }\n          },\n          {\n            \"BalType\": \"ChargeOff\",\n            \"CurAmt\": {\n              \"value\": \"<Error: Too many levels of nesting to fake this schema>\"\n            }\n          }\n        ],\n        \"AcctPeriodData\": [\n          {\n            \"AcctAmtType\": \"AvgAvail\",\n            \"AcctPeriodType\": \"YTD\",\n            \"LastOccurInd\": false,\n            \"Amt\": -66797231.09858395,\n            \"Rate\": -36969894.55270887\n          },\n          {\n            \"AcctAmtType\": \"AvgAvail\",\n            \"AcctPeriodType\": \"PriorYr\",\n            \"LastOccurInd\": false,\n            \"Amt\": -54104165.296872385,\n            \"Rate\": 1610541.2631669343\n          }\n        ],\n        \"PostAddr\": [\n          {\n            \"AddrType\": \"Secondary\",\n            \"AddressIdent\": \"ex cupidatat ut\",\n            \"AddrUse\": \"Inquiry\",\n            \"AddrFormatType\": \"Label\",\n            \"Addr1\": \"mollit consectetur do\",\n            \"Addr2\": \"et do\",\n            \"City\": \"do ea sit tempor\",\n            \"StateProv\": \"et\",\n            \"PostalCode\": \"veniam\",\n            \"CountryCode\": {\n              \"value\": \"<Error: Too many levels of nesting to fake this schema>\"\n            },\n            \"TimeFrame\": {\n              \"value\": \"<Error: Too many levels of nesting to fake this schema>\"\n            },\n            \"Retention\": true,\n            \"CensusTract\": \"et quis\",\n            \"CensusBlock\": \"commodo dese\",\n            \"ForeignFlag\": false,\n            \"HandlingCode\": \"in\",\n            \"HandlingCodeOption\": \"StatementsNotices\",\n            \"MSACode\": -67258088\n          },\n          {\n            \"AddrType\": \"Secondary\",\n            \"AddressIdent\": \"cons\",\n            \"AddrUse\": \"Stmt\",\n            \"AddrFormatType\": \"Label\",\n            \"Addr1\": \"sint in in culpa laboris\",\n            \"Addr2\": \"culpa adipisicing\",\n            \"City\": \"adipisici\",\n            \"StateProv\": \"est\",\n            \"PostalCode\": \"ex aute\",\n            \"CountryCode\": {\n              \"value\": \"<Error: Too many levels of nesting to fake this schema>\"\n            },\n            \"TimeFrame\": {\n              \"value\": \"<Error: Too many levels of nesting to fake this schema>\"\n            },\n            \"Retention\": false,\n            \"CensusTract\": \"minim aute sed\",\n            \"CensusBlock\": \"consectetur\",\n            \"ForeignFlag\": true,\n            \"HandlingCode\": \"mollit elit\",\n            \"HandlingCodeOption\": \"UsePortfolio\",\n            \"MSACode\": 40109310\n          }\n        ],\n        \"NAICS\": \"adipi\",\n        \"CostCenter\": \"dolore anim consectetur do\",\n        \"RetentionOption\": \"DoNotRetain\",\n        \"AcctMemoData\": [\n          {\n            \"AcctMemoType\": \"Warning\",\n            \"AcctMemoText\": \"aliqua anim velit\"\n          },\n          {\n            \"AcctMemoType\": \"Warning\",\n            \"AcctMemoText\": \"in sint\"\n          }\n        ],\n        \"CreditLineData\": {\n          \"CreditLineLimitAmt\": {\n            \"Amt\": {\n              \"value\": \"<Error: Too many levels of nesting to fake this schema>\"\n            },\n            \"CurCode\": {\n              \"value\": \"<Error: Too many levels of nesting to fake this schema>\"\n            }\n          },\n          \"NextReviewDt\": \"2023-09-10\"\n        },\n        \"MaxCreditCode\": \"quis velit ad ul\",\n        \"LTVPct\": -4810590.184635729,\n        \"RunningLTVPct\": 22385471.76387669,\n        \"TotalLTVPct\": 70304689.2637344,\n        \"CreditLineCode\": \"aliquip reprehenderit\",\n        \"DailyAccrualFactor\": 88396347.38693118,\n        \"PartDailyAccrualFactor\": 56579072.9107084,\n        \"CensusTract\": \"labore fugia\",\n        \"MSACode\": -84377012\n      },\n      \"CreditLineKeys\": {\n        \"AcctKeys\": {\n          \"AcctId\": \"<string>\",\n          \"AcctType\": \"<string>\"\n        }\n      },\n      \"CreditLineStatus\": {\n        \"CreditLineStatusCode\": \"Valid\",\n        \"EffDt\": \"6858-49-62T38:31:75.886\"\n      }\n    },\n    {\n      \"CreditLineInfo\": {\n        \"OpenDt\": \"2024-02-07\",\n        \"LastContactDt\": \"4420-35-28\",\n        \"DateData\": [\n          {\n            \"DateType\": \"Accrual\",\n            \"DateValue\": \"1782-23-90\"\n          },\n          {\n            \"DateType\": \"Accrual\",\n            \"DateValue\": \"6054-50-03\"\n          }\n        ],\n        \"RelationshipMgr\": [\n          {\n            \"RelationshipMgrIdent\": \"cillum\",\n            \"RelationshipRole\": \"ReferralOfficer\"\n          },\n          {\n            \"RelationshipMgrIdent\": \"eu\",\n            \"RelationshipRole\": \"Officer\"\n          }\n        ],\n        \"OriginatingBranch\": \"minim\",\n        \"ResponsibleBranch\": \"ad magna aliqui\",\n        \"AcctTitleOption\": \"deseru\",\n        \"AcctTitle\": \"ipsum ad ut cupidatat nisi\",\n        \"HandlingCodeOption\": \"DoNotPrint\",\n        \"HandlingCode\": \"qui ad\",\n        \"AccountingMethod\": \"CostCenter\",\n        \"AccountingValue\": \"esse\",\n        \"ClassCode\": \"proident dolore nulla\",\n        \"AcctTypeCode\": \"irure\",\n        \"ClientDefinedData\": [\n          {\n            \"DataIdent\": \"non nostrud\",\n            \"DataType\": \"Currency\",\n            \"Value\": \"ullamco ut anim sit in\",\n            \"DataLength\": 11028396,\n            \"ExpDt\": \"1982-07-11\",\n            \"Desc\": \"amet et anim\",\n            \"RequiredFlag\": true\n          },\n          {\n            \"DataIdent\": \"Duis ea cupidatat\",\n            \"DataType\": \"Numeric\",\n            \"Value\": \"enim nisi cupidatat quis\",\n            \"DataLength\": 89480118,\n            \"ExpDt\": \"1951-10-29\",\n            \"Desc\": \"aute\",\n            \"RequiredFlag\": false\n          }\n        ],\n        \"AcctStmtData\": {\n          \"NextStmtDt\": \"2010-09-25\",\n          \"StmtPrepCode\": \"fugiat cupidatat velit\"\n        },\n        \"AcctBal\": [\n          {\n            \"BalType\": \"Guaranteed\",\n            \"CurAmt\": {\n              \"value\": \"<Error: Too many levels of nesting to fake this schema>\"\n            }\n          },\n          {\n            \"BalType\": \"PartChargeOff\",\n            \"CurAmt\": {\n              \"value\": \"<Error: Too many levels of nesting to fake this schema>\"\n            }\n          }\n        ],\n        \"AcctPeriodData\": [\n          {\n            \"AcctAmtType\": \"AvgAvail\",\n            \"AcctPeriodType\": \"PriorYr\",\n            \"LastOccurInd\": true,\n            \"Amt\": 77811977.77680263,\n            \"Rate\": 46761059.07771692\n          },\n          {\n            \"AcctAmtType\": \"AvgAvail\",\n            \"AcctPeriodType\": \"YTD\",\n            \"LastOccurInd\": true,\n            \"Amt\": 60881667.027763486,\n            \"Rate\": 88631274.41005763\n          }\n        ],\n        \"PostAddr\": [\n          {\n            \"AddrType\": \"Primary\",\n            \"AddressIdent\": \"exercitation tempor\",\n            \"AddrUse\": \"Inquiry\",\n            \"AddrFormatType\": \"Label\",\n            \"Addr1\": \"enim \",\n            \"Addr2\": \"aliqua velit consectetur\",\n            \"City\": \"nostrud aute\",\n            \"StateProv\": \"id\",\n            \"PostalCode\": \"a\",\n            \"CountryCode\": {\n              \"value\": \"<Error: Too many levels of nesting to fake this schema>\"\n            },\n            \"TimeFrame\": {\n              \"value\": \"<Error: Too many levels of nesting to fake this schema>\"\n            },\n            \"Retention\": true,\n            \"CensusTract\": \"Ut venia\",\n            \"CensusBlock\": \"laborum ir\",\n            \"ForeignFlag\": true,\n            \"HandlingCode\": \"adipisicing aute sed veniam elit\",\n            \"HandlingCodeOption\": \"StatementsNotices\",\n            \"MSACode\": -51841306\n          },\n          {\n            \"AddrType\": \"Primary\",\n            \"AddressIdent\": \"in consec\",\n            \"AddrUse\": \"Stmt\",\n            \"AddrFormatType\": \"Label\",\n            \"Addr1\": \"laborum id\",\n            \"Addr2\": \"sint eu\",\n            \"City\": \"volu\",\n            \"StateProv\": \"Ut dolore in in\",\n            \"PostalCode\": \"culpa \",\n            \"CountryCode\": {\n              \"value\": \"<Error: Too many levels of nesting to fake this schema>\"\n            },\n            \"TimeFrame\": {\n              \"value\": \"<Error: Too many levels of nesting to fake this schema>\"\n            },\n            \"Retention\": false,\n            \"CensusTract\": \"tempor ipsum\",\n            \"CensusBlock\": \"amet cupidatat adi\",\n            \"ForeignFlag\": true,\n            \"HandlingCode\": \"enim aliqua officia\",\n            \"HandlingCodeOption\": \"StatementsChecks\",\n            \"MSACode\": 19768523\n          }\n        ],\n        \"NAICS\": \"nu\",\n        \"CostCenter\": \"dolore exercitation consectetur\",\n        \"RetentionOption\": \"DoNotRetain\",\n        \"AcctMemoData\": [\n          {\n            \"AcctMemoType\": \"Warning\",\n            \"AcctMemoText\": \"laboris consequat nisi enim\"\n          },\n          {\n            \"AcctMemoType\": \"Warning\",\n            \"AcctMemoText\": \"dolore in incididunt in\"\n          }\n        ],\n        \"CreditLineData\": {\n          \"CreditLineLimitAmt\": {\n            \"Amt\": {\n              \"value\": \"<Error: Too many levels of nesting to fake this schema>\"\n            },\n            \"CurCode\": {\n              \"value\": \"<Error: Too many levels of nesting to fake this schema>\"\n            }\n          },\n          \"NextReviewDt\": \"1953-09-08\"\n        },\n        \"MaxCreditCode\": \"dolore\",\n        \"LTVPct\": -19969193.993752927,\n        \"RunningLTVPct\": -58906461.316572264,\n        \"TotalLTVPct\": 15863570.762074053,\n        \"CreditLineCode\": \"voluptate ea\",\n        \"DailyAccrualFactor\": 79560206.6929152,\n        \"PartDailyAccrualFactor\": -78143372.34525529,\n        \"CensusTract\": \"tempor\",\n        \"MSACode\": 59589137\n      },\n      \"CreditLineKeys\": {\n        \"AcctKeys\": {\n          \"AcctId\": \"<string>\",\n          \"AcctType\": \"<string>\"\n        }\n      },\n      \"CreditLineStatus\": {\n        \"CreditLineStatusCode\": \"Valid\",\n        \"EffDt\": \"3295-72-51T95:55\"\n      }\n    }\n  ],\n  \"Status\": {\n    \"Severity\": \"Info\",\n    \"StatusCode\": \"l\",\n    \"StatusDesc\": \"voluptat\",\n    \"SvcProviderName\": \"i\",\n    \"Id\": \"tempor sunt Ut\",\n    \"ServerStatusCode\": \"quis culpa\",\n    \"ServerStatusDesc\": \"in laborum nostrud ipsum\",\n    \"OvrdExceptionInd\": false,\n    \"SubjectRole\": \"Lorem in\",\n    \"SubjectElement\": [\n      {\n        \"Path\": \"esse exercitation fugiat\",\n        \"ServerPath\": \"incididunt\",\n        \"Value\": \"occaecat sint est\"\n      },\n      {\n        \"Path\": \"minim ea\",\n        \"ServerPath\": \"et in ex in\",\n        \"Value\": \"enim non elit eiusmod amet\"\n      }\n    ],\n    \"ContentHTML\": \"id \",\n    \"AdditionalStatus\": [\n      {\n        \"StatusCode\": \"aliquip nisi adi\",\n        \"StatusDesc\": \"ad ipsum id fugiat\",\n        \"Severity\": \"Info\",\n        \"SvcProviderName\": \"in nisi reprehenderit\",\n        \"ServerStatusCode\": \"consecte\",\n        \"ServerStatusDesc\": \"voluptate adipisicing\",\n        \"OvrdExceptionInd\": false,\n        \"SubjectElement\": [\n          {\n            \"Path\": \"sint nisi amet\",\n            \"ServerPath\": \"Lorem ex magna mollit\",\n            \"Value\": \"magna quis\"\n          },\n          {\n            \"Path\": \"eu dolore est\",\n            \"ServerPath\": \"quis est ullamco consectetur\",\n            \"Value\": \"velit exercitation\"\n          }\n        ]\n      },\n      {\n        \"StatusCode\": \"dolor ullamco Except\",\n        \"StatusDesc\": \"est occaecat sunt nisi cupidatat\",\n        \"Severity\": \"Error\",\n        \"SvcProviderName\": \"dolor mollit\",\n        \"ServerStatusCode\": \"fugiat\",\n        \"ServerStatusDesc\": \"id\",\n        \"OvrdExceptionInd\": true,\n        \"SubjectElement\": [\n          {\n            \"Path\": \"si\",\n            \"ServerPath\": \"voluptate Lorem cupidatat\",\n            \"Value\": \"nisi veniam\"\n          },\n          {\n            \"Path\": \"culpa\",\n            \"ServerPath\": \"qui consectetur Duis in\",\n            \"Value\": \"reprehenderit ex\"\n          }\n        ]\n      }\n    ]\n  }\n}","cookie":[],"_postman_previewlanguage":"json"}],"event":[],"protocolProfileBehavior":{"disableBodyPruning":true}}],"event":[]}],"event":[]}],"event":[],"variable":[{"type":"string","value":"/","key":"baseUrl"}],"info":{"_postman_id":"3b64fa55-9081-40f5-bfb5-9372854c97bc","name":"Credit Line Service","schema":"https://schema.getpostman.com/json/collection/v2.1.0/collection.json","description":{"content":"Credit Line service contains operations used to manage credit lines.","type":"text/plain"}}}