{"item":[{"id":"b9fbebe1-a427-4d67-8031-ef1a6be39ff3","name":"Add Escrow.","request":{"name":"Add Escrow.","description":{"content":"Adds a new escrow account for an existing loan account.\n   <br>\n        For more information about the Accounts domain, <a href=\"../docs/?path=docs/fintechs/accounts.md\" title=\"Click to open\">click here.</a><br><br>\n        <b>Relates to:</b>\n          <ul> \n            <li><a href=\"../docs/?path=docs/banks-and-CU/loans.md\" title=\"Click to open\">Loans</a></li>\n            <li><a href=\"../docs/?path=docs/banks-and-CU/bank-servicing.md\" title=\"Click to open\">Bank Servicing</a></li>\n          </ul>","type":"text/plain"},"url":{"path":["escrowservice","lending","escrow"],"host":["{{baseUrl}}"],"query":[],"variable":[]},"header":[{"disabled":false,"description":"(Required) EFX Header is a common and required component for all API calls, it contains client-related parameters. Please note that the header parameters should be sent as a JSON object under the EFXHeader parameter. To view the list of header parameters, <a href=\"../docs?path=docs/api-ref-EFX-header.md\" title=\"Click to open\"> click here.</a>","key":"EFXHeader","value":"OrganizationId,<string>,TrnId,<string>,VendorId,<string>,Context,[object Object]"},{"key":"Content-Type","value":"application/json"},{"key":"Accept","value":"application/json"}],"method":"POST","auth":null,"body":{"mode":"raw","raw":"{\n  \"EscrowInfo\": {\n    \"AcctKeys\": {\n      \"AcctId\": \"<string>\",\n      \"AcctType\": \"<string>\"\n    },\n    \"Desc\": \"<string>\",\n    \"EscrowIntInd\": \"<boolean>\",\n    \"EscrowTaxInd\": \"<boolean>\",\n    \"IncEscrowAnalysisInd\": \"<boolean>\",\n    \"CushionPmtNum\": \"<long>\",\n    \"EscrowAnalysisIncPct\": \"<number>\",\n    \"EscrowCoverageType\": \"<string>\",\n    \"EscrowCoverageAmt\": {\n      \"Amt\": \"<number>\",\n      \"CurCode\": {\n        \"CurCodeValue\": \"<string>\",\n        \"CurCodeType\": \"<string>\"\n      }\n    },\n    \"EffDt\": \"<string>\",\n    \"EscrowExpDt\": \"<date>\",\n    \"EscrowDtlStatus\": \"<string>\",\n    \"DisburseData\": {\n      \"DisburseTo\": \"<string>\",\n      \"AgentId\": \"<string>\",\n      \"DisburseRefNum\": \"<string>\",\n      \"DisburseMethod\": \"<string>\",\n      \"DisburseToAcctKeys\": {\n        \"AcctId\": \"<string>\",\n        \"AcctType\": \"<string>\"\n      },\n      \"DisburseType\": \"<string>\",\n      \"DisburseAmt\": {\n        \"Amt\": \"<number>\",\n        \"CurCode\": {\n          \"CurCodeValue\": \"<string>\",\n          \"CurCodeType\": \"<string>\"\n        }\n      },\n      \"NextDisburseDt\": \"<date>\",\n      \"OverdraftCode\": \"<string>\"\n    },\n    \"FloodData\": {\n      \"DeterminationDt\": \"<date>\",\n      \"DeterminationCompany\": \"<string>\",\n      \"DeterminationNumber\": \"<string>\",\n      \"DeterminationTaxId\": {\n        \"TaxIdent\": \"<string>\",\n        \"TaxIdentVerified\": \"<boolean>\"\n      },\n      \"CommunityNumber\": \"<string>\",\n      \"MapPanel\": \"<string>\",\n      \"MapPanelDt\": \"<date>\",\n      \"FloodZone\": \"<string>\",\n      \"TrackCompany\": \"<string>\",\n      \"FloodTrackingNum\": \"<string>\",\n      \"FloodPartialInd\": \"<boolean>\",\n      \"CBRADesignationDt\": \"<date>\",\n      \"LOMRDt\": \"<date>\",\n      \"LOMRReceivedInd\": \"<boolean>\",\n      \"FloodSvcTypeCode\": \"<string>\"\n    },\n    \"EscrowInsuranceData\": {\n      \"InsExtractCode\": \"<string>\",\n      \"MultiplePolicyInd\": \"<boolean>\",\n      \"LossPayee\": \"<string>\",\n      \"OtherEndorsement\": \"<string>\",\n      \"CollateralId\": \"<string>\"\n    },\n    \"EscrowMIPData\": {\n      \"MIPType\": \"<string>\",\n      \"HUDCaseNumber\": \"<long>\",\n      \"PremiumExpDt\": \"<date>\",\n      \"PremiumAmt\": {\n        \"Amt\": \"<number>\",\n        \"CurCode\": {\n          \"CurCodeValue\": \"<string>\",\n          \"CurCodeType\": \"<string>\"\n        }\n      },\n      \"PremiumPct\": \"<number>\"\n    },\n    \"EscrowTaxData\": {\n      \"TownshipCode\": \"<string>\",\n      \"MunicipalCode\": \"<string>\"\n    },\n    \"UpdatePmtSchedInd\": \"<boolean>\"\n  }\n}","options":{"raw":{"language":"json"}}}},"response":[{"id":"d160e7f4-a405-4483-a534-f86d18f5e5f9","name":"Created","originalRequest":{"url":{"path":["escrowservice","lending","escrow"],"host":["{{baseUrl}}"],"query":[],"variable":[]},"header":[{"disabled":false,"description":"(Required) EFX Header is a common and required component for all API calls, it contains client-related parameters. Please note that the header parameters should be sent as a JSON object under the EFXHeader parameter. To view the list of header parameters, <a href=\"../docs?path=docs/api-ref-EFX-header.md\" title=\"Click to open\"> click here.</a>","key":"EFXHeader","value":"OrganizationId,<string>,TrnId,<string>,VendorId,<string>,Context,[object Object]"},{"key":"Accept","value":"application/json"}],"method":"POST","body":{"mode":"raw","raw":"{\n  \"EscrowInfo\": {\n    \"AcctKeys\": {\n      \"AcctId\": \"<string>\",\n      \"AcctType\": \"<string>\"\n    },\n    \"Desc\": \"<string>\",\n    \"EscrowIntInd\": \"<boolean>\",\n    \"EscrowTaxInd\": \"<boolean>\",\n    \"IncEscrowAnalysisInd\": \"<boolean>\",\n    \"CushionPmtNum\": \"<long>\",\n    \"EscrowAnalysisIncPct\": \"<number>\",\n    \"EscrowCoverageType\": \"<string>\",\n    \"EscrowCoverageAmt\": {\n      \"Amt\": \"<number>\",\n      \"CurCode\": {\n        \"CurCodeValue\": \"<string>\",\n        \"CurCodeType\": \"<string>\"\n      }\n    },\n    \"EffDt\": \"<string>\",\n    \"EscrowExpDt\": \"<date>\",\n    \"EscrowDtlStatus\": \"<string>\",\n    \"DisburseData\": {\n      \"DisburseTo\": \"<string>\",\n      \"AgentId\": \"<string>\",\n      \"DisburseRefNum\": \"<string>\",\n      \"DisburseMethod\": \"<string>\",\n      \"DisburseToAcctKeys\": {\n        \"AcctId\": \"<string>\",\n        \"AcctType\": \"<string>\"\n      },\n      \"DisburseType\": \"<string>\",\n      \"DisburseAmt\": {\n        \"Amt\": \"<number>\",\n        \"CurCode\": {\n          \"CurCodeValue\": \"<string>\",\n          \"CurCodeType\": \"<string>\"\n        }\n      },\n      \"NextDisburseDt\": \"<date>\",\n      \"OverdraftCode\": \"<string>\"\n    },\n    \"FloodData\": {\n      \"DeterminationDt\": \"<date>\",\n      \"DeterminationCompany\": \"<string>\",\n      \"DeterminationNumber\": \"<string>\",\n      \"DeterminationTaxId\": {\n        \"TaxIdent\": \"<string>\",\n        \"TaxIdentVerified\": \"<boolean>\"\n      },\n      \"CommunityNumber\": \"<string>\",\n      \"MapPanel\": \"<string>\",\n      \"MapPanelDt\": \"<date>\",\n      \"FloodZone\": \"<string>\",\n      \"TrackCompany\": \"<string>\",\n      \"FloodTrackingNum\": \"<string>\",\n      \"FloodPartialInd\": \"<boolean>\",\n      \"CBRADesignationDt\": \"<date>\",\n      \"LOMRDt\": \"<date>\",\n      \"LOMRReceivedInd\": \"<boolean>\",\n      \"FloodSvcTypeCode\": \"<string>\"\n    },\n    \"EscrowInsuranceData\": {\n      \"InsExtractCode\": \"<string>\",\n      \"MultiplePolicyInd\": \"<boolean>\",\n      \"LossPayee\": \"<string>\",\n      \"OtherEndorsement\": \"<string>\",\n      \"CollateralId\": \"<string>\"\n    },\n    \"EscrowMIPData\": {\n      \"MIPType\": \"<string>\",\n      \"HUDCaseNumber\": \"<long>\",\n      \"PremiumExpDt\": \"<date>\",\n      \"PremiumAmt\": {\n        \"Amt\": \"<number>\",\n        \"CurCode\": {\n          \"CurCodeValue\": \"<string>\",\n          \"CurCodeType\": \"<string>\"\n        }\n      },\n      \"PremiumPct\": \"<number>\"\n    },\n    \"EscrowTaxData\": {\n      \"TownshipCode\": \"<string>\",\n      \"MunicipalCode\": \"<string>\"\n    },\n    \"UpdatePmtSchedInd\": \"<boolean>\"\n  }\n}","options":{"raw":{"language":"json"}}}},"status":"Created","code":201,"header":[{"key":"Content-Type","value":"application/json"}],"body":"{\n  \"EscrowStatusRec\": {\n    \"EscrowKeys\": {\n      \"AcctKeys\": {\n        \"AcctId\": \"enim pariatur deserunt\",\n        \"AcctType\": \"LOAN\"\n      },\n      \"EscrowIdent\": \"Duis et\"\n    },\n    \"EscrowStatus\": {\n      \"EscrowStatusCode\": \"Valid\",\n      \"EffDt\": \"5018-02-60\"\n    }\n  },\n  \"Status\": {\n    \"Severity\": \"Warning\",\n    \"StatusCode\": \"aliqui\",\n    \"StatusDesc\": \"dolor deserunt\",\n    \"SvcProviderName\": \"ad aliquip ipsum Ut laboris\",\n    \"Id\": \"exercitation Lorem in\",\n    \"ServerStatusCode\": \"m\",\n    \"ServerStatusDesc\": \"officia labore\",\n    \"OvrdExceptionInd\": false,\n    \"SubjectRole\": \"veniam reprehenderit incididunt do\",\n    \"SubjectElement\": [\n      {\n        \"Path\": \"esse eiusmod occaecat exerci\",\n        \"ServerPath\": \"magna laboris do\",\n        \"Value\": \"ut cupidatat labore\"\n      },\n      {\n        \"Path\": \"pariatur\",\n        \"ServerPath\": \"dolor dolore irure\",\n        \"Value\": \"fugiat\"\n      }\n    ],\n    \"ContentHTML\": \"veni\",\n    \"AdditionalStatus\": [\n      {\n        \"StatusCode\": \"mi\",\n        \"StatusDesc\": \"reprehenderit anim esse\",\n        \"Severity\": \"Info\",\n        \"SvcProviderName\": \"exercitation dolor sunt dolore ex\",\n        \"ServerStatusCode\": \"tempor eiusmod qu\",\n        \"ServerStatusDesc\": \"est dolore aliqua\",\n        \"OvrdExceptionInd\": true,\n        \"SubjectElement\": [\n          {\n            \"Path\": \"in culpa dolor\",\n            \"ServerPath\": \"tempor nulla eiusmod\",\n            \"Value\": \"do adipisicing occaecat\"\n          },\n          {\n            \"Path\": \"dolor\",\n            \"ServerPath\": \"commodo\",\n            \"Value\": \"occaecat cillum do fugiat\"\n          }\n        ]\n      },\n      {\n        \"StatusCode\": \"proi\",\n        \"StatusDesc\": \"qui ea amet nisi aute\",\n        \"Severity\": \"Info\",\n        \"SvcProviderName\": \"anim\",\n        \"ServerStatusCode\": \"in sint\",\n        \"ServerStatusDesc\": \"in anim\",\n        \"OvrdExceptionInd\": false,\n        \"SubjectElement\": [\n          {\n            \"Path\": \"do mollit dolor incididunt\",\n            \"ServerPath\": \"in s\",\n            \"Value\": \"cillum\"\n          },\n          {\n            \"Path\": \"dolore consequat\",\n            \"ServerPath\": \"qui tempor magna\",\n            \"Value\": \"cupidatat nulla incididunt\"\n          }\n        ]\n      }\n    ]\n  }\n}","cookie":[],"_postman_previewlanguage":"json"},{"id":"5b5babe1-a44f-46b0-8ca6-959f50bb80a0","name":"To view the complete list of response codes, <a href=\"../docs/?path=docs/response-codes.md\" title=\"Click to open\">click here.</a>","originalRequest":{"url":{"path":["escrowservice","lending","escrow"],"host":["{{baseUrl}}"],"query":[],"variable":[]},"header":[{"disabled":false,"description":"(Required) EFX Header is a common and required component for all API calls, it contains client-related parameters. Please note that the header parameters should be sent as a JSON object under the EFXHeader parameter. To view the list of header parameters, <a href=\"../docs?path=docs/api-ref-EFX-header.md\" title=\"Click to open\"> click here.</a>","key":"EFXHeader","value":"OrganizationId,<string>,TrnId,<string>,VendorId,<string>,Context,[object Object]"},{"key":"Accept","value":"application/json"}],"method":"POST","body":{"mode":"raw","raw":"{\n  \"EscrowInfo\": {\n    \"AcctKeys\": {\n      \"AcctId\": \"<string>\",\n      \"AcctType\": \"<string>\"\n    },\n    \"Desc\": \"<string>\",\n    \"EscrowIntInd\": \"<boolean>\",\n    \"EscrowTaxInd\": \"<boolean>\",\n    \"IncEscrowAnalysisInd\": \"<boolean>\",\n    \"CushionPmtNum\": \"<long>\",\n    \"EscrowAnalysisIncPct\": \"<number>\",\n    \"EscrowCoverageType\": \"<string>\",\n    \"EscrowCoverageAmt\": {\n      \"Amt\": \"<number>\",\n      \"CurCode\": {\n        \"CurCodeValue\": \"<string>\",\n        \"CurCodeType\": \"<string>\"\n      }\n    },\n    \"EffDt\": \"<string>\",\n    \"EscrowExpDt\": \"<date>\",\n    \"EscrowDtlStatus\": \"<string>\",\n    \"DisburseData\": {\n      \"DisburseTo\": \"<string>\",\n      \"AgentId\": \"<string>\",\n      \"DisburseRefNum\": \"<string>\",\n      \"DisburseMethod\": \"<string>\",\n      \"DisburseToAcctKeys\": {\n        \"AcctId\": \"<string>\",\n        \"AcctType\": \"<string>\"\n      },\n      \"DisburseType\": \"<string>\",\n      \"DisburseAmt\": {\n        \"Amt\": \"<number>\",\n        \"CurCode\": {\n          \"CurCodeValue\": \"<string>\",\n          \"CurCodeType\": \"<string>\"\n        }\n      },\n      \"NextDisburseDt\": \"<date>\",\n      \"OverdraftCode\": \"<string>\"\n    },\n    \"FloodData\": {\n      \"DeterminationDt\": \"<date>\",\n      \"DeterminationCompany\": \"<string>\",\n      \"DeterminationNumber\": \"<string>\",\n      \"DeterminationTaxId\": {\n        \"TaxIdent\": \"<string>\",\n        \"TaxIdentVerified\": \"<boolean>\"\n      },\n      \"CommunityNumber\": \"<string>\",\n      \"MapPanel\": \"<string>\",\n      \"MapPanelDt\": \"<date>\",\n      \"FloodZone\": \"<string>\",\n      \"TrackCompany\": \"<string>\",\n      \"FloodTrackingNum\": \"<string>\",\n      \"FloodPartialInd\": \"<boolean>\",\n      \"CBRADesignationDt\": \"<date>\",\n      \"LOMRDt\": \"<date>\",\n      \"LOMRReceivedInd\": \"<boolean>\",\n      \"FloodSvcTypeCode\": \"<string>\"\n    },\n    \"EscrowInsuranceData\": {\n      \"InsExtractCode\": \"<string>\",\n      \"MultiplePolicyInd\": \"<boolean>\",\n      \"LossPayee\": \"<string>\",\n      \"OtherEndorsement\": \"<string>\",\n      \"CollateralId\": \"<string>\"\n    },\n    \"EscrowMIPData\": {\n      \"MIPType\": \"<string>\",\n      \"HUDCaseNumber\": \"<long>\",\n      \"PremiumExpDt\": \"<date>\",\n      \"PremiumAmt\": {\n        \"Amt\": \"<number>\",\n        \"CurCode\": {\n          \"CurCodeValue\": \"<string>\",\n          \"CurCodeType\": \"<string>\"\n        }\n      },\n      \"PremiumPct\": \"<number>\"\n    },\n    \"EscrowTaxData\": {\n      \"TownshipCode\": \"<string>\",\n      \"MunicipalCode\": \"<string>\"\n    },\n    \"UpdatePmtSchedInd\": \"<boolean>\"\n  }\n}","options":{"raw":{"language":"json"}}}},"status":"Internal Server Error","code":500,"header":[{"key":"Content-Type","value":"application/json"}],"body":"{\n  \"EscrowStatusRec\": {\n    \"EscrowKeys\": {\n      \"AcctKeys\": {\n        \"AcctId\": \"ullamco esse \",\n        \"AcctType\": \"LOAN\"\n      },\n      \"EscrowIdent\": \"aliqua deserunt f\"\n    },\n    \"EscrowStatus\": {\n      \"EscrowStatusCode\": \"Valid\",\n      \"EffDt\": \"6930-05-75T45:72\"\n    }\n  },\n  \"Status\": {\n    \"Severity\": \"Warning\",\n    \"StatusCode\": \"fugiat id dol\",\n    \"StatusDesc\": \"Duis cillum in laborum\",\n    \"SvcProviderName\": \"ut dolore\",\n    \"Id\": \"ad dolor velit\",\n    \"ServerStatusCode\": \"ex culpa\",\n    \"ServerStatusDesc\": \"magna\",\n    \"OvrdExceptionInd\": true,\n    \"SubjectRole\": \"laborum labore nulla\",\n    \"SubjectElement\": [\n      {\n        \"Path\": \"voluptate\",\n        \"ServerPath\": \"eli\",\n        \"Value\": \"qui Ut ipsum\"\n      },\n      {\n        \"Path\": \"quis minim consectetur commodo\",\n        \"ServerPath\": \"id amet nulla esse reprehenderit\",\n        \"Value\": \"nisi ut\"\n      }\n    ],\n    \"ContentHTML\": \"labore reprehenderit ad\",\n    \"AdditionalStatus\": [\n      {\n        \"StatusCode\": \"sed consectetur\",\n        \"StatusDesc\": \"ullamco exercitation\",\n        \"Severity\": \"Warning\",\n        \"SvcProviderName\": \"ut esse irure\",\n        \"ServerStatusCode\": \"dolor\",\n        \"ServerStatusDesc\": \"fugiat consectetur quis sunt\",\n        \"OvrdExceptionInd\": false,\n        \"SubjectElement\": [\n          {\n            \"Path\": \"sed sint laboris culpa nulla\",\n            \"ServerPath\": \"qui ea eu\",\n            \"Value\": \"reprehenderit consectetur anim\"\n          },\n          {\n            \"Path\": \"veniam reprehenderit anim voluptate\",\n            \"ServerPath\": \"dolore tempor in pariatur\",\n            \"Value\": \"sint occaecat\"\n          }\n        ]\n      },\n      {\n        \"StatusCode\": \"es\",\n        \"StatusDesc\": \"ad\",\n        \"Severity\": \"Warning\",\n        \"SvcProviderName\": \"sed adipisicing dolor Ut\",\n        \"ServerStatusCode\": \"est exercitation\",\n        \"ServerStatusDesc\": \"culp\",\n        \"OvrdExceptionInd\": true,\n        \"SubjectElement\": [\n          {\n            \"Path\": \"ullamco incididunt aute magna culpa\",\n            \"ServerPath\": \"non et sint\",\n            \"Value\": \"in Ut irure\"\n          },\n          {\n            \"Path\": \"pariatur fugiat in ad\",\n            \"ServerPath\": \"irure Duis amet\",\n            \"Value\": \"consequat esse minim tempor\"\n          }\n        ]\n      }\n    ]\n  }\n}","cookie":[],"_postman_previewlanguage":"json"}],"event":[],"protocolProfileBehavior":{"disableBodyPruning":true}}],"event":[],"variable":[{"type":"string","value":"/","key":"baseUrl"}],"info":{"_postman_id":"91556701-7aa6-46aa-b8b2-d8f78afee269","name":"Escrow Service","schema":"https://schema.getpostman.com/json/collection/v2.1.0/collection.json","description":{"content":"Escrow service supports the operations to manage escrow accounts for an existing loan.","type":"text/plain"}}}