{"item":[{"id":"7762beec-fa1a-4d59-8a5e-d333a2a96db4","name":"Get Multiple Accounts","request":{"name":"Get Multiple Accounts","description":{"content":"Get Multiple Account API retrieves the information about multiple account types (DDA/SDA/CDA/ILA/MLA) using a single request. <br> <br> To download the API Specifications and Postman Collection, click <a href=\"../docs/?path=docs/resources/resources.md\" title=\"Click to open\">Resources</a>.","type":"text/plain"},"url":{"path":["multiacctservice","acctmgmt","accounts","list","secured"],"host":["{{baseUrl}}"],"query":[],"variable":[]},"header":[{"disabled":false,"description":"(Required) EFX Header is a common and required component for all API calls, it contains client-related parameters. Please note that the header parameters should be sent as a JSON object under the EFXHeader parameter. To view the list of header parameters, <a href=\"../docs?path=docs/api-ref-EFX-header.md\" title=\"Click to open\"> click here.</a>","key":"EFXHeader","value":"OrganizationId,<string>,TrnId,<string>,VendorId,<string>,Context,[object Object]"},{"key":"Content-Type","value":"application/json"},{"key":"Accept","value":"application/json"}],"method":"POST","auth":null,"body":{"mode":"raw","raw":"{\n  \"MultiAcctSel\": {\n    \"AcctKeys\": [\n      {\n        \"AcctId\": \"<string>\",\n        \"AcctType\": \"<string>\"\n      },\n      {\n        \"AcctId\": \"<string>\",\n        \"AcctType\": \"<string>\"\n      }\n    ]\n  }\n}","options":{"raw":{"language":"json"}}}},"response":[{"id":"b909ab42-906b-42ea-b277-1d136e4d8687","name":"Success","originalRequest":{"url":{"path":["multiacctservice","acctmgmt","accounts","list","secured"],"host":["{{baseUrl}}"],"query":[],"variable":[]},"header":[{"disabled":false,"description":"(Required) EFX Header is a common and required component for all API calls, it contains client-related parameters. Please note that the header parameters should be sent as a JSON object under the EFXHeader parameter. To view the list of header parameters, <a href=\"../docs?path=docs/api-ref-EFX-header.md\" title=\"Click to open\"> click here.</a>","key":"EFXHeader","value":"OrganizationId,<string>,TrnId,<string>,VendorId,<string>,Context,[object Object]"},{"key":"Accept","value":"application/json"}],"method":"POST","body":{"mode":"raw","raw":"{\n  \"MultiAcctSel\": {\n    \"AcctKeys\": [\n      {\n        \"AcctId\": \"<string>\",\n        \"AcctType\": \"<string>\"\n      },\n      {\n        \"AcctId\": \"<string>\",\n        \"AcctType\": \"<string>\"\n      }\n    ]\n  }\n}","options":{"raw":{"language":"json"}}}},"status":"OK","code":200,"header":[{"key":"Content-Type","value":"application/json"}],"body":"{\n  \"MultiAcctRec\": [\n    {\n      \"AcctKeys\": {\n        \"AcctId\": \"consectetur nisi consequat nos\",\n        \"AcctType\": \"SDA\",\n        \"CardKeys\": {\n          \"CardId\": \"esse dolor elit\"\n        }\n      },\n      \"AcctStatus\": {\n        \"AcctStatusCode\": \"Valid\",\n        \"EffDt\": \"1091-40-12\"\n      },\n      \"MultiAcctInfo\": {\n        \"ProductIdent\": \"Ut\",\n        \"TaxIncentiveType\": \"SepIRA\",\n        \"TaxIncentiveTypeEnumDesc\": \"voluptate\",\n        \"AcctBal\": [\n          {\n            \"BalType\": \"aliqua dolo\",\n            \"CurAmt\": {\n              \"Amt\": -60553600.665704146,\n              \"CurCode\": {\n                \"CurCodeValue\": \"est nostrud esse\",\n                \"CurCodeType\": \"ISO4217-Alpha\"\n              }\n            }\n          },\n          {\n            \"BalType\": \"eu qui occaecat\",\n            \"CurAmt\": {\n              \"Amt\": 3098581.394384727,\n              \"CurCode\": {\n                \"CurCodeValue\": \"cupidatat exercitation Excepteur laboris\",\n                \"CurCodeType\": \"ISO4217-Alpha\"\n              }\n            }\n          }\n        ],\n        \"AcctDtlStatus\": \"Bankruptcy\",\n        \"AcctDtlStatusEnumDesc\": \"adipis\",\n        \"FederalInsuranceEligibility\": \"NotEligible\"\n      }\n    },\n    {\n      \"AcctKeys\": {\n        \"AcctId\": \"nisi labo\",\n        \"AcctType\": \"ILA\",\n        \"CardKeys\": {\n          \"CardId\": \"\"\n        }\n      },\n      \"AcctStatus\": {\n        \"AcctStatusCode\": \"Valid\",\n        \"EffDt\": \"4054-74-27\"\n      },\n      \"MultiAcctInfo\": {\n        \"ProductIdent\": \"occaecat id do\",\n        \"TaxIncentiveType\": \"Keogh\",\n        \"TaxIncentiveTypeEnumDesc\": \"laborum quis\",\n        \"AcctBal\": [\n          {\n            \"BalType\": \"adipisicing ipsum labore laboris officia\",\n            \"CurAmt\": {\n              \"Amt\": 69140682.13902178,\n              \"CurCode\": {\n                \"CurCodeValue\": \"cupidatat quis sunt\",\n                \"CurCodeType\": \"ISO4217-Alpha\"\n              }\n            }\n          },\n          {\n            \"BalType\": \"aute qui est ex aliqua\",\n            \"CurAmt\": {\n              \"Amt\": -86786209.886953,\n              \"CurCode\": {\n                \"CurCodeValue\": \"Excepteur do qui est\",\n                \"CurCodeType\": \"ISO4217-Alpha\"\n              }\n            }\n          }\n        ],\n        \"AcctDtlStatus\": \"Other\",\n        \"AcctDtlStatusEnumDesc\": \"sint ipsum non\",\n        \"FederalInsuranceEligibility\": \"NotEligible\"\n      }\n    }\n  ],\n  \"Status\": {\n    \"Severity\": \"Error\",\n    \"StatusCode\": \"eu nulla amet\",\n    \"StatusDesc\": \"elit ad\",\n    \"SvcProviderName\": \"consequat elit dolor nostrud\",\n    \"Id\": \"eiusmod in nisi\",\n    \"ServerStatusCode\": \"aliquip \",\n    \"ServerStatusDesc\": \"dolore et occaecat laboris\",\n    \"OvrdExceptionInd\": false,\n    \"SubjectRole\": \"voluptate velit minim in\",\n    \"SubjectElement\": [\n      {\n        \"Path\": \"laboris quis cillum\",\n        \"ServerPath\": \"Excepteur proident\",\n        \"Value\": \"eu consectetur sit\"\n      },\n      {\n        \"Path\": \"consequat eu sunt eiusmod\",\n        \"ServerPath\": \"in do culpa\",\n        \"Value\": \"sed reprehenderit proident sunt\"\n      }\n    ],\n    \"ContentHTML\": \"laborum enim consequat\",\n    \"AdditionalStatus\": [\n      {\n        \"StatusCode\": \"anim nost\",\n        \"StatusDesc\": \"occaecat Duis in incididunt\",\n        \"Severity\": \"Info\",\n        \"SvcProviderName\": \"mollit minim id esse\",\n        \"ServerStatusCode\": \"fugiat ea esse in\",\n        \"ServerStatusDesc\": \"tempor laborum\",\n        \"OvrdExceptionInd\": true,\n        \"SubjectElement\": [\n          {\n            \"Path\": \"incididunt eu aute\",\n            \"ServerPath\": \"laboris nisi in ullamco Excepteur\",\n            \"Value\": \"commodo in Lorem sint culpa\"\n          },\n          {\n            \"Path\": \"cillum minim\",\n            \"ServerPath\": \"exercitation esse pariatur do\",\n            \"Value\": \"in in culpa sit\"\n          }\n        ]\n      },\n      {\n        \"StatusCode\": \"a\",\n        \"StatusDesc\": \"proident culpa tempor\",\n        \"Severity\": \"Info\",\n        \"SvcProviderName\": \"cillum id elit sunt ipsum\",\n        \"ServerStatusCode\": \"quis cillum\",\n        \"ServerStatusDesc\": \"aliquip proident\",\n        \"OvrdExceptionInd\": true,\n        \"SubjectElement\": [\n          {\n            \"Path\": \"ut est aliquip\",\n            \"ServerPath\": \"fugiat veniam\",\n            \"Value\": \"nostrud enim Duis\"\n          },\n          {\n            \"Path\": \"dolor ex deserunt culpa\",\n            \"ServerPath\": \"ut Excepteur in ex proident\",\n            \"Value\": \"adipisicing in\"\n          }\n        ]\n      }\n    ]\n  }\n}","cookie":[],"_postman_previewlanguage":"json"},{"id":"f58ac7bb-9207-4eee-9701-d19712b995d9","name":"To view the complete list of response codes, <a href=\"../docs/?path=docs/response-codes.md\" title=\"Click to open\">click here.</a>","originalRequest":{"url":{"path":["multiacctservice","acctmgmt","accounts","list","secured"],"host":["{{baseUrl}}"],"query":[],"variable":[]},"header":[{"disabled":false,"description":"(Required) EFX Header is a common and required component for all API calls, it contains client-related parameters. Please note that the header parameters should be sent as a JSON object under the EFXHeader parameter. To view the list of header parameters, <a href=\"../docs?path=docs/api-ref-EFX-header.md\" title=\"Click to open\"> click here.</a>","key":"EFXHeader","value":"OrganizationId,<string>,TrnId,<string>,VendorId,<string>,Context,[object Object]"},{"key":"Accept","value":"application/json"}],"method":"POST","body":{"mode":"raw","raw":"{\n  \"MultiAcctSel\": {\n    \"AcctKeys\": [\n      {\n        \"AcctId\": \"<string>\",\n        \"AcctType\": \"<string>\"\n      },\n      {\n        \"AcctId\": \"<string>\",\n        \"AcctType\": \"<string>\"\n      }\n    ]\n  }\n}","options":{"raw":{"language":"json"}}}},"status":"Internal Server Error","code":500,"header":[{"key":"Content-Type","value":"application/json"}],"body":"{\n  \"MultiAcctRec\": [\n    {\n      \"AcctKeys\": {\n        \"AcctId\": \"ipsum elit volup\",\n        \"AcctType\": \"ILA\",\n        \"CardKeys\": {\n          \"CardId\": \"in\"\n        }\n      },\n      \"AcctStatus\": {\n        \"AcctStatusCode\": \"Valid\",\n        \"EffDt\": \"6100-30-30T08:39\"\n      },\n      \"MultiAcctInfo\": {\n        \"ProductIdent\": \"veniam Excepteur la\",\n        \"TaxIncentiveType\": \"RothIRA\",\n        \"TaxIncentiveTypeEnumDesc\": \"proident ut tempor ullamco\",\n        \"AcctBal\": [\n          {\n            \"BalType\": \"ad\",\n            \"CurAmt\": {\n              \"Amt\": -29548509.102544114,\n              \"CurCode\": {\n                \"CurCodeValue\": \"et Ut dolore\",\n                \"CurCodeType\": \"ISO4217-Alpha\"\n              }\n            }\n          },\n          {\n            \"BalType\": \"eiusmod velit consectetur ex eu\",\n            \"CurAmt\": {\n              \"Amt\": -33654532.44223025,\n              \"CurCode\": {\n                \"CurCodeValue\": \"ad\",\n                \"CurCodeType\": \"ISO4217-Alpha\"\n              }\n            }\n          }\n        ],\n        \"AcctDtlStatus\": \"Closed\",\n        \"AcctDtlStatusEnumDesc\": \"culpa nulla aliquip\",\n        \"FederalInsuranceEligibility\": \"Eligible\"\n      }\n    },\n    {\n      \"AcctKeys\": {\n        \"AcctId\": \"dolor eu\",\n        \"AcctType\": \"ILA\",\n        \"CardKeys\": {\n          \"CardId\": \"id r\"\n        }\n      },\n      \"AcctStatus\": {\n        \"AcctStatusCode\": \"Invalid\",\n        \"EffDt\": \"8223-42-73T26:66:07.535\"\n      },\n      \"MultiAcctInfo\": {\n        \"ProductIdent\": \"adipisicing Lorem non cillu\",\n        \"TaxIncentiveType\": \"SepIRA\",\n        \"TaxIncentiveTypeEnumDesc\": \"aute e\",\n        \"AcctBal\": [\n          {\n            \"BalType\": \"labor\",\n            \"CurAmt\": {\n              \"Amt\": -14783243.216585264,\n              \"CurCode\": {\n                \"CurCodeValue\": \"veniam sit minim culpa deserunt\",\n                \"CurCodeType\": \"ISO4217-Alpha\"\n              }\n            }\n          },\n          {\n            \"BalType\": \"in magna nulla aliqua\",\n            \"CurAmt\": {\n              \"Amt\": 94033582.35599688,\n              \"CurCode\": {\n                \"CurCodeValue\": \"Excepteur ut nostrud minim Lorem\",\n                \"CurCodeType\": \"ISO4217-Alpha\"\n              }\n            }\n          }\n        ],\n        \"AcctDtlStatus\": \"Active\",\n        \"AcctDtlStatusEnumDesc\": \"amet\",\n        \"FederalInsuranceEligibility\": \"NotEligible\"\n      }\n    }\n  ],\n  \"Status\": {\n    \"Severity\": \"Warning\",\n    \"StatusCode\": \"incididunt\",\n    \"StatusDesc\": \"occaecat laboris tempor labore cupidatat\",\n    \"SvcProviderName\": \"eu cupidatat\",\n    \"Id\": \"cillum sed enim officia\",\n    \"ServerStatusCode\": \"Lorem e\",\n    \"ServerStatusDesc\": \"irure\",\n    \"OvrdExceptionInd\": false,\n    \"SubjectRole\": \"occa\",\n    \"SubjectElement\": [\n      {\n        \"Path\": \"in in\",\n        \"ServerPath\": \"ullam\",\n        \"Value\": \"aliqua\"\n      },\n      {\n        \"Path\": \"qui culpa\",\n        \"ServerPath\": \"nisi officia\",\n        \"Value\": \"elit ipsum\"\n      }\n    ],\n    \"ContentHTML\": \"et cupidatat\",\n    \"AdditionalStatus\": [\n      {\n        \"StatusCode\": \"ex Except\",\n        \"StatusDesc\": \"sit ullamco nulla enim velit\",\n        \"Severity\": \"Error\",\n        \"SvcProviderName\": \"laborum pariatur\",\n        \"ServerStatusCode\": \"sint\",\n        \"ServerStatusDesc\": \"velit dolore id\",\n        \"OvrdExceptionInd\": false,\n        \"SubjectElement\": [\n          {\n            \"Path\": \"ex\",\n            \"ServerPath\": \"eiusmod cupidatat voluptate\",\n            \"Value\": \"aute enim qui\"\n          },\n          {\n            \"Path\": \"velit culp\",\n            \"ServerPath\": \"magna ut\",\n            \"Value\": \"sed voluptate dolore\"\n          }\n        ]\n      },\n      {\n        \"StatusCode\": \"Ut\",\n        \"StatusDesc\": \"veniam commodo fugiat irure elit\",\n        \"Severity\": \"Error\",\n        \"SvcProviderName\": \"dolore proident in\",\n        \"ServerStatusCode\": \"officia repreh\",\n        \"ServerStatusDesc\": \"eu\",\n        \"OvrdExceptionInd\": false,\n        \"SubjectElement\": [\n          {\n            \"Path\": \"ex quis velit\",\n            \"ServerPath\": \"in commodo fugiat ut minim\",\n            \"Value\": \"ut nulla ipsum\"\n          },\n          {\n            \"Path\": \"elit Lorem dolore aute dolor\",\n            \"ServerPath\": \"sit ut aute elit labore\",\n            \"Value\": \"ut\"\n          }\n        ]\n      }\n    ]\n  }\n}","cookie":[],"_postman_previewlanguage":"json"}],"event":[],"protocolProfileBehavior":{"disableBodyPruning":true}}],"event":[],"variable":[{"type":"string","value":"/","key":"baseUrl"}],"info":{"_postman_id":"59754e3f-ea7c-441e-bcd8-ae9410034019","name":"Multi Account Service","schema":"https://schema.getpostman.com/json/collection/v2.1.0/collection.json","description":{"content":"The multi account service supports an inquiry operation that allows retrieving information of multiple product accounts in a single consumer request.","type":"text/plain"}}}