{"item":[{"id":"5418446c-107b-4a38-bb5d-23d454ead249","name":"Get safe deposit box Inv","request":{"name":"Get safe deposit box Inv","description":{"content":"Get Safe Deposit Box Inventory API retrieves information about the inventory of the safe deposit boxes available to a financial institution. <br>This API allows for the retrieval of the safe deposit box inventory for a branch or the list of available boxes of a specified size/cost based on the information sent in the request. <br> <br> To download the API Specifications and Postman Collection, click <a href=\"../docs/?path=docs/resources/resources.md\" title=\"Click to open\">Resources</a>.","type":"text/plain"},"url":{"path":["safedepositboxinvservice","safedepositbox","safedepositboxinv","secured"],"host":["{{baseUrl}}"],"query":[],"variable":[]},"header":[{"disabled":false,"description":"(Required) EFX Header is a common and required component for all API calls, it contains client-related parameters. Please note that the header parameters should be sent as a JSON object under the EFXHeader parameter. To view the list of header parameters, <a href=\"../docs?path=docs/api-ref-EFX-header.md\" title=\"Click to open\"> click here.</a>","key":"EFXHeader","value":"OrganizationId,<string>,TrnId,<string>,VendorId,<string>,Context,[object Object]"},{"key":"Content-Type","value":"application/json"},{"key":"Accept","value":"application/json"}],"method":"POST","auth":null,"body":{"mode":"raw","raw":"{\n  \"SafeDepositBoxInvSel\": {\n    \"OriginatingBranch\": \"<string>\",\n    \"BoxRentTypeCode\": \"<string>\",\n    \"BoxCatalogueInd\": \"<boolean>\"\n  }\n}","options":{"raw":{"language":"json"}}}},"response":[{"id":"a22bd601-209e-4324-97a2-c608f559705c","name":"Success","originalRequest":{"url":{"path":["safedepositboxinvservice","safedepositbox","safedepositboxinv","secured"],"host":["{{baseUrl}}"],"query":[],"variable":[]},"header":[{"disabled":false,"description":"(Required) EFX Header is a common and required component for all API calls, it contains client-related parameters. Please note that the header parameters should be sent as a JSON object under the EFXHeader parameter. To view the list of header parameters, <a href=\"../docs?path=docs/api-ref-EFX-header.md\" title=\"Click to open\"> click here.</a>","key":"EFXHeader","value":"OrganizationId,<string>,TrnId,<string>,VendorId,<string>,Context,[object Object]"},{"key":"Accept","value":"application/json"}],"method":"POST","body":{"mode":"raw","raw":"{\n  \"SafeDepositBoxInvSel\": {\n    \"OriginatingBranch\": \"<string>\",\n    \"BoxRentTypeCode\": \"<string>\",\n    \"BoxCatalogueInd\": \"<boolean>\"\n  }\n}","options":{"raw":{"language":"json"}}}},"status":"OK","code":200,"header":[{"key":"Content-Type","value":"application/json"}],"body":"{\n  \"SafeDepositBoxInvRec\": [\n    {\n      \"SafeDepositBoxInvInfo\": {\n        \"BoxDesc\": \"exercitation\",\n        \"BoxRentAmt\": {\n          \"Amt\": -48589669.020144254,\n          \"CurCode\": {\n            \"CurCodeValue\": {\n              \"value\": \"<Error: Too many levels of nesting to fake this schema>\"\n            },\n            \"CurCodeType\": {\n              \"value\": \"<Error: Too many levels of nesting to fake this schema>\"\n            }\n          }\n        },\n        \"NumAvailBoxes\": -54306207,\n        \"BoxNum\": \"ut o\"\n      },\n      \"SafeDepositBoxInvKeys\": {\n        \"BranchIdent\": \"ipsum dolor\",\n        \"BoxRentTypeCode\": \"ut\"\n      },\n      \"SafeDepositBoxStatus\": {\n        \"SafeDepositBoxStatusCode\": \"Valid\",\n        \"EffDt\": \"1637-66-14\"\n      }\n    },\n    {\n      \"SafeDepositBoxInvInfo\": {\n        \"BoxDesc\": \"do al\",\n        \"BoxRentAmt\": {\n          \"Amt\": -41622562.86124455,\n          \"CurCode\": {\n            \"CurCodeValue\": {\n              \"value\": \"<Error: Too many levels of nesting to fake this schema>\"\n            },\n            \"CurCodeType\": {\n              \"value\": \"<Error: Too many levels of nesting to fake this schema>\"\n            }\n          }\n        },\n        \"NumAvailBoxes\": 5521822,\n        \"BoxNum\": \"pariatu\"\n      },\n      \"SafeDepositBoxInvKeys\": {\n        \"BranchIdent\": \"amet sunt\",\n        \"BoxRentTypeCode\": \"et nostrud in\"\n      },\n      \"SafeDepositBoxStatus\": {\n        \"SafeDepositBoxStatusCode\": \"Valid\",\n        \"EffDt\": \"5975-10-72\"\n      }\n    }\n  ],\n  \"Status\": {\n    \"Severity\": \"Error\",\n    \"StatusCode\": \"laborum do\",\n    \"StatusDesc\": \"irure magna sit ipsum aut\",\n    \"SvcProviderName\": \"consectetur dolor mollit\",\n    \"Id\": \"aliqua officia nulla\",\n    \"ServerStatusCode\": \"ut \",\n    \"ServerStatusDesc\": \"quis\",\n    \"OvrdExceptionInd\": false,\n    \"SubjectRole\": \"aute sint anim fugiat culpa\",\n    \"SubjectElement\": [\n      {\n        \"Path\": \"nisi i\",\n        \"ServerPath\": \"nostrud nulla dolor\",\n        \"Value\": \"reprehenderit qui enim ea\"\n      },\n      {\n        \"Path\": \"sit co\",\n        \"ServerPath\": \"occaecat tempor nulla cillum Duis\",\n        \"Value\": \"tempor dolor aliquip nostrud\"\n      }\n    ],\n    \"ContentHTML\": \"non\",\n    \"AdditionalStatus\": [\n      {\n        \"StatusCode\": \"dolor \",\n        \"StatusDesc\": \"sed reprehenderit adipisicing ex\",\n        \"Severity\": \"Info\",\n        \"SvcProviderName\": \"labore aliquip proident id\",\n        \"ServerStatusCode\": \"aliquip dolore dol\",\n        \"ServerStatusDesc\": \"laborum\",\n        \"OvrdExceptionInd\": true,\n        \"SubjectElement\": [\n          {\n            \"Path\": \"anim in fugiat do\",\n            \"ServerPath\": \"aliqua et reprehenderit\",\n            \"Value\": \"aute Excepteur id enim\"\n          },\n          {\n            \"Path\": \"nisi deserunt nulla\",\n            \"ServerPath\": \"et Duis sit fugiat\",\n            \"Value\": \"consectetur\"\n          }\n        ]\n      },\n      {\n        \"StatusCode\": \"nulla ea pa\",\n        \"StatusDesc\": \"occaecat cupidatat dolore\",\n        \"Severity\": \"Warning\",\n        \"SvcProviderName\": \"in\",\n        \"ServerStatusCode\": \"nostr\",\n        \"ServerStatusDesc\": \"deserunt labore\",\n        \"OvrdExceptionInd\": false,\n        \"SubjectElement\": [\n          {\n            \"Path\": \"dolore consequat d\",\n            \"ServerPath\": \"Lorem dolor elit\",\n            \"Value\": \"minim officia\"\n          },\n          {\n            \"Path\": \"labore id eiusmod pariatur\",\n            \"ServerPath\": \"proident\",\n            \"Value\": \"laboris aute\"\n          }\n        ]\n      }\n    ]\n  }\n}","cookie":[],"_postman_previewlanguage":"json"},{"id":"648dbedb-360f-45da-969f-ff6aa5e16c8f","name":"To view the complete list of response codes, <a href=\"../docs/?path=docs/response-codes.md\" title=\"Click to open\">click here.</a>","originalRequest":{"url":{"path":["safedepositboxinvservice","safedepositbox","safedepositboxinv","secured"],"host":["{{baseUrl}}"],"query":[],"variable":[]},"header":[{"disabled":false,"description":"(Required) EFX Header is a common and required component for all API calls, it contains client-related parameters. Please note that the header parameters should be sent as a JSON object under the EFXHeader parameter. To view the list of header parameters, <a href=\"../docs?path=docs/api-ref-EFX-header.md\" title=\"Click to open\"> click here.</a>","key":"EFXHeader","value":"OrganizationId,<string>,TrnId,<string>,VendorId,<string>,Context,[object Object]"},{"key":"Accept","value":"application/json"}],"method":"POST","body":{"mode":"raw","raw":"{\n  \"SafeDepositBoxInvSel\": {\n    \"OriginatingBranch\": \"<string>\",\n    \"BoxRentTypeCode\": \"<string>\",\n    \"BoxCatalogueInd\": \"<boolean>\"\n  }\n}","options":{"raw":{"language":"json"}}}},"status":"Internal Server Error","code":500,"header":[{"key":"Content-Type","value":"application/json"}],"body":"{\n  \"SafeDepositBoxInvRec\": [\n    {\n      \"SafeDepositBoxInvInfo\": {\n        \"BoxDesc\": \"nostrud\",\n        \"BoxRentAmt\": {\n          \"Amt\": 43257531.498450905,\n          \"CurCode\": {\n            \"CurCodeValue\": {\n              \"value\": \"<Error: Too many levels of nesting to fake this schema>\"\n            },\n            \"CurCodeType\": {\n              \"value\": \"<Error: Too many levels of nesting to fake this schema>\"\n            }\n          }\n        },\n        \"NumAvailBoxes\": -24975129,\n        \"BoxNum\": \"id enim\"\n      },\n      \"SafeDepositBoxInvKeys\": {\n        \"BranchIdent\": \"dolo\",\n        \"BoxRentTypeCode\": \"et commodo dolor\"\n      },\n      \"SafeDepositBoxStatus\": {\n        \"SafeDepositBoxStatusCode\": \"Valid\",\n        \"EffDt\": \"3176-49-23T55:55\"\n      }\n    },\n    {\n      \"SafeDepositBoxInvInfo\": {\n        \"BoxDesc\": \"cupi\",\n        \"BoxRentAmt\": {\n          \"Amt\": 63498287.74459562,\n          \"CurCode\": {\n            \"CurCodeValue\": {\n              \"value\": \"<Error: Too many levels of nesting to fake this schema>\"\n            },\n            \"CurCodeType\": {\n              \"value\": \"<Error: Too many levels of nesting to fake this schema>\"\n            }\n          }\n        },\n        \"NumAvailBoxes\": 66381575,\n        \"BoxNum\": \"commo\"\n      },\n      \"SafeDepositBoxInvKeys\": {\n        \"BranchIdent\": \"dolor ipsum\",\n        \"BoxRentTypeCode\": \"nisi sit\"\n      },\n      \"SafeDepositBoxStatus\": {\n        \"SafeDepositBoxStatusCode\": \"Valid\",\n        \"EffDt\": \"7978-98-36T72:06:93.051+95:81\"\n      }\n    }\n  ],\n  \"Status\": {\n    \"Severity\": \"Error\",\n    \"StatusCode\": \"minim ad esse Lo\",\n    \"StatusDesc\": \"ullamco velit tempor ipsum id\",\n    \"SvcProviderName\": \"id adipisicing in\",\n    \"Id\": \"dolor voluptate\",\n    \"ServerStatusCode\": \"pariatur\",\n    \"ServerStatusDesc\": \"aliquip\",\n    \"OvrdExceptionInd\": false,\n    \"SubjectRole\": \"cillum sit\",\n    \"SubjectElement\": [\n      {\n        \"Path\": \"pariatur consect\",\n        \"ServerPath\": \"laborum\",\n        \"Value\": \"aute\"\n      },\n      {\n        \"Path\": \"irure ad ex\",\n        \"ServerPath\": \"enim ut dolor\",\n        \"Value\": \"ad pariatur et sint dolor\"\n      }\n    ],\n    \"ContentHTML\": \"in sunt\",\n    \"AdditionalStatus\": [\n      {\n        \"StatusCode\": \"anim\",\n        \"StatusDesc\": \"nulla tempor qui\",\n        \"Severity\": \"Info\",\n        \"SvcProviderName\": \"in pariatur incididunt eu non\",\n        \"ServerStatusCode\": \"aliquip culpa\",\n        \"ServerStatusDesc\": \"laboris incididunt culpa\",\n        \"OvrdExceptionInd\": true,\n        \"SubjectElement\": [\n          {\n            \"Path\": \"aute Lorem nisi\",\n            \"ServerPath\": \"proident ipsum pariatur\",\n            \"Value\": \"eiusmod laboris\"\n          },\n          {\n            \"Path\": \"ut qui dolor\",\n            \"ServerPath\": \"aliqua veniam cupidatat sed\",\n            \"Value\": \"enim esse ipsum fugiat\"\n          }\n        ]\n      },\n      {\n        \"StatusCode\": \"tempo\",\n        \"StatusDesc\": \"sit magna Lorem\",\n        \"Severity\": \"Error\",\n        \"SvcProviderName\": \"dolor mollit culpa eiusmod non\",\n        \"ServerStatusCode\": \"fugiat \",\n        \"ServerStatusDesc\": \"amet officia laboris\",\n        \"OvrdExceptionInd\": false,\n        \"SubjectElement\": [\n          {\n            \"Path\": \"dolore\",\n            \"ServerPath\": \"Excepteur cillum ipsum\",\n            \"Value\": \"enim mollit\"\n          },\n          {\n            \"Path\": \"laborum sed\",\n            \"ServerPath\": \"minim commodo quis proident\",\n            \"Value\": \"sed culpa laboris\"\n          }\n        ]\n      }\n    ]\n  }\n}","cookie":[],"_postman_previewlanguage":"json"}],"event":[],"protocolProfileBehavior":{"disableBodyPruning":true}}],"event":[],"variable":[{"type":"string","value":"/","key":"baseUrl"}],"info":{"_postman_id":"fe1971f0-aefa-4611-ad74-3c59d8959876","name":"Safe Deposit Box Inventory Service","schema":"https://schema.getpostman.com/json/collection/v2.1.0/collection.json","description":{"content":"Safe Deposit Box Inventory Service supports operation to manage the inventory of safe deposit boxes at the financial institution.","type":"text/plain"}}}