<?xml version="1.0" encoding="UTF-8"?>
<project xsi:schemaLocation="http://maven.apache.org/POM/4.0.0 http://maven.apache.org/xsd/maven-4.0.0.xsd" xmlns:xsi="http://www.w3.org/2001/XMLSchema-instance" xmlns="http://maven.apache.org/POM/4.0.0"><groupId>com.fiserv.dpop.java</groupId><version>1.0.5-SNAPSHOT</version><modelVersion>4.0.0</modelVersion><artifactId>java-dpop-generate-jwt</artifactId><properties><maven.compiler.source>8</maven.compiler.source><maven.compiler.target>8</maven.compiler.target></properties><dependencies><dependency><groupId>com.nimbusds</groupId><artifactId>nimbus-jose-jwt</artifactId><version>9.23</version></dependency>
<!-- https://mvnrepository.com/artifact/com.auth0/java-jwt -->
<dependency><groupId>com.auth0</groupId><artifactId>java-jwt</artifactId><version>4.4.0</version></dependency><dependency><groupId>com.google.code.gson</groupId><artifactId>gson</artifactId><version>2.10.1</version></dependency>
<!-- https://mvnrepository.com/artifact/commons-io/commons-io -->
<dependency><groupId>commons-io</groupId><artifactId>commons-io</artifactId><version>2.12.0</version></dependency><dependency><groupId>org.bouncycastle</groupId><artifactId>bcprov-jdk15on</artifactId><version>1.61</version></dependency></dependencies><build><plugins><plugin><groupId>org.apache.maven.plugins</groupId><artifactId>maven-assembly-plugin</artifactId><version>3.5.0</version><executions><execution><phase>package</phase><goals><goal>single</goal></goals><configuration><descriptorRefs> jar-with-dependencies </descriptorRefs><finalName>${artifactId}-${version}</finalName><appendAssemblyId>false</appendAssemblyId></configuration></execution></executions></plugin><plugin><artifactId>maven-jar-plugin</artifactId><version>3.3.0</version><executions><execution><id>default-jar</id><phase>none</phase></execution></executions></plugin></plugins></build></project>
