{"item":[{"id":"fcea54d4-b0d4-428f-9cab-5b715ea63ea6","name":"Get Address","request":{"name":"Get Address","description":{"content":"Get Address API retrieves the information of Secondary/SeasonalSecondary/Seasonal address records for an account or party using label address format.<br>For Signature, only one secondary or seasonal address is associated with a card or Safe Deposit Box (SDB) account.  The address use field identifies the various types of secondary and seasonal addresses for loan and deposit account types.<br>This API does not retrieve secondary or seasonal addresses for cards as only the parsed address format is applicable for cards. <br> <br> To download the API Specifications and Postman Collection, click <a href=\"../docs/?path=docs/resources/resources.md\" title=\"Click to open\">Resources</a>.","type":"text/plain"},"url":{"path":["addrservice","partyacctsvc","address","secured"],"host":["{{baseUrl}}"],"query":[],"variable":[]},"header":[{"disabled":false,"description":"(Required) EFX Header is a common and required component for all API calls, it contains client-related parameters. Please note that the header parameters should be sent as a JSON object under the EFXHeader parameter. To view the list of header parameters, <a href=\"../docs?path=docs/api-ref-EFX-header.md\" title=\"Click to open\"> click here.</a>","key":"EFXHeader","value":"OrganizationId,<string>,TrnId,<string>,VendorId,<string>,Context,[object Object]"},{"key":"Content-Type","value":"application/json"},{"key":"Accept","value":"application/json"}],"method":"POST","auth":null,"body":{"mode":"raw","raw":"{\n  \"AddrSel\": {\n    \"AcctKeys\": {\n      \"AcctId\": \"<string>\",\n      \"AcctType\": \"<string>\"\n    },\n    \"AddressIdent\": \"<string>\",\n    \"AddrType\": \"<string>\"\n  }\n}","options":{"raw":{"language":"json"}}}},"response":[{"id":"b80e1ea0-fecf-4957-aaa3-14663a127c27","name":"Success","originalRequest":{"url":{"path":["addrservice","partyacctsvc","address","secured"],"host":["{{baseUrl}}"],"query":[],"variable":[]},"header":[{"disabled":false,"description":"(Required) EFX Header is a common and required component for all API calls, it contains client-related parameters. Please note that the header parameters should be sent as a JSON object under the EFXHeader parameter. To view the list of header parameters, <a href=\"../docs?path=docs/api-ref-EFX-header.md\" title=\"Click to open\"> click here.</a>","key":"EFXHeader","value":"OrganizationId,<string>,TrnId,<string>,VendorId,<string>,Context,[object Object]"},{"key":"Accept","value":"application/json"}],"method":"POST","body":{"mode":"raw","raw":"{\n  \"AddrSel\": {\n    \"AcctKeys\": {\n      \"AcctId\": \"<string>\",\n      \"AcctType\": \"<string>\"\n    },\n    \"AddressIdent\": \"<string>\",\n    \"AddrType\": \"<string>\"\n  }\n}","options":{"raw":{"language":"json"}}}},"status":"OK","code":200,"header":[{"key":"Content-Type","value":"application/json"}],"body":"{\n  \"AddrRec\": [\n    {\n      \"AddrInfo\": {\n        \"PostAddr\": [\n          {\n            \"AddrType\": \"Seasonal\",\n            \"AddrUse\": \"RPAStatementAddtl5\",\n            \"AddrUseEnumDesc\": \"dolore Duis anim Lorem\",\n            \"AddrFormatType\": \"Label\",\n            \"FullName1\": \"aute cupidatat mollit\",\n            \"Addr1\": \"E\",\n            \"Addr2\": \"nulla labore\",\n            \"Addr3\": \"laborum\",\n            \"Addr4\": \"veniam i\",\n            \"Addr5\": \"laborum ad sed\",\n            \"PostalCode\": \"in eni\",\n            \"TimeFrame\": {\n              \"StartDt\": \"8368-03-15T00:95:83+37:86\",\n              \"EndDt\": \"4387-17-29T03:08\"\n            },\n            \"Retention\": true,\n            \"RevertToPartyAddr\": false\n          },\n          {\n            \"AddrType\": \"Secondary\",\n            \"AddrUse\": \"RPAStatementAddtl1\",\n            \"AddrUseEnumDesc\": \"in incididunt in\",\n            \"AddrFormatType\": \"Label\",\n            \"FullName1\": \"quis Lorem\",\n            \"Addr1\": \"nostrud in t\",\n            \"Addr2\": \"dolor amet\",\n            \"Addr3\": \"deserunt\",\n            \"Addr4\": \"ullamco qu\",\n            \"Addr5\": \"qui exercitation labore esse\",\n            \"PostalCode\": \"Lorem\",\n            \"TimeFrame\": {\n              \"StartDt\": \"5565-07-62T42:89:09.884\",\n              \"EndDt\": \"2461-55-19\"\n            },\n            \"Retention\": false,\n            \"RevertToPartyAddr\": false\n          }\n        ]\n      },\n      \"AddrKeys\": {\n        \"AcctKeys\": {\n          \"AcctId\": \"officia nulla \",\n          \"AcctType\": \"LOAN\"\n        },\n        \"AddressIdent\": \"Alternate\",\n        \"AddrType\": \"Seasonal\"\n      },\n      \"AddrStatus\": {\n        \"AddrStatusCode\": \"Valid\",\n        \"EffDt\": \"9201-88-12\"\n      }\n    },\n    {\n      \"AddrInfo\": {\n        \"PostAddr\": [\n          {\n            \"AddrType\": \"Seasonal\",\n            \"AddrUse\": \"StatementAdditional4\",\n            \"AddrUseEnumDesc\": \"commodo sed ut ad reprehenderit\",\n            \"AddrFormatType\": \"Label\",\n            \"FullName1\": \"Excepteur officia\",\n            \"Addr1\": \"deserunt in\",\n            \"Addr2\": \"ullamco pariatur velit\",\n            \"Addr3\": \"proident Duis ipsum\",\n            \"Addr4\": \"\",\n            \"Addr5\": \"Excepteur\",\n            \"PostalCode\": \"do volu\",\n            \"TimeFrame\": {\n              \"StartDt\": \"8703-56-37T58:89:01+44:70\",\n              \"EndDt\": \"0619-70-16\"\n            },\n            \"Retention\": true,\n            \"RevertToPartyAddr\": true\n          },\n          {\n            \"AddrType\": \"Secondary\",\n            \"AddrUse\": \"Check\",\n            \"AddrUseEnumDesc\": \"labore irure\",\n            \"AddrFormatType\": \"Label\",\n            \"FullName1\": \"in officia\",\n            \"Addr1\": \"enim sed\",\n            \"Addr2\": \"sed\",\n            \"Addr3\": \"aute dolore\",\n            \"Addr4\": \"anim voluptate laboris\",\n            \"Addr5\": \"dolore Ut\",\n            \"PostalCode\": \"si\",\n            \"TimeFrame\": {\n              \"StartDt\": \"2476-40-12T57:75:76.305-32:64\",\n              \"EndDt\": \"8685-53-23T39:41\"\n            },\n            \"Retention\": false,\n            \"RevertToPartyAddr\": false\n          }\n        ]\n      },\n      \"AddrKeys\": {\n        \"AcctKeys\": {\n          \"AcctId\": \"reprehenderit paria\",\n          \"AcctType\": \"LOAN\"\n        },\n        \"AddressIdent\": \"StatementPrimary\",\n        \"AddrType\": \"Secondary\"\n      },\n      \"AddrStatus\": {\n        \"AddrStatusCode\": \"Valid\",\n        \"EffDt\": \"1974-42-65\"\n      }\n    }\n  ],\n  \"Status\": {\n    \"Severity\": \"Warning\",\n    \"StatusCode\": \"Excepteur ipsu\",\n    \"StatusDesc\": \"sint pariatur non consectetur\",\n    \"SvcProviderName\": \"id occaecat\",\n    \"Id\": \"fugiat ex\",\n    \"ServerStatusCode\": \"cupi\",\n    \"ServerStatusDesc\": \"nulla ex do\",\n    \"OvrdExceptionInd\": true,\n    \"SubjectRole\": \"ipsum ea\",\n    \"SubjectElement\": [\n      {\n        \"Path\": \"dolore Duis labore nisi\",\n        \"ServerPath\": \"nisi veniam\",\n        \"Value\": \"veniam aliqua\"\n      },\n      {\n        \"Path\": \"commodo ipsum tempor et eiusmod\",\n        \"ServerPath\": \"nisi voluptate amet\",\n        \"Value\": \"voluptate magna in\"\n      }\n    ],\n    \"ContentHTML\": \"in\",\n    \"AdditionalStatus\": [\n      {\n        \"StatusCode\": \"in\",\n        \"StatusDesc\": \"dolor ipsum do\",\n        \"Severity\": \"Error\",\n        \"SvcProviderName\": \"cupidatat dolore sint\",\n        \"ServerStatusCode\": \"ali\",\n        \"ServerStatusDesc\": \"in deserunt\",\n        \"OvrdExceptionInd\": false,\n        \"SubjectElement\": [\n          {\n            \"Path\": \"reprehenderit nisi in consequat laborum\",\n            \"ServerPath\": \"sed est cupidatat tempor\",\n            \"Value\": \"pariatur reprehenderit amet nulla\"\n          },\n          {\n            \"Path\": \"nulla\",\n            \"ServerPath\": \"occaecat tempor commodo consectetur\",\n            \"Value\": \"nostrud in non culpa anim\"\n          }\n        ]\n      },\n      {\n        \"StatusCode\": \"est ex occ\",\n        \"StatusDesc\": \"exercitation incididunt in magna\",\n        \"Severity\": \"Warning\",\n        \"SvcProviderName\": \"non ut ut tempor\",\n        \"ServerStatusCode\": \"ipsum laborum\",\n        \"ServerStatusDesc\": \"est aliquip sed ea exercitation\",\n        \"OvrdExceptionInd\": true,\n        \"SubjectElement\": [\n          {\n            \"Path\": \"consequat\",\n            \"ServerPath\": \"ut do deserunt\",\n            \"Value\": \"magna cupidatat ullamco\"\n          },\n          {\n            \"Path\": \"cupidatat exercitation \",\n            \"ServerPath\": \"do eiusmod Lorem cillum\",\n            \"Value\": \"sit\"\n          }\n        ]\n      }\n    ]\n  },\n  \"RecCtrlOut\": {\n    \"SentRecCount\": 38367184\n  }\n}","cookie":[],"_postman_previewlanguage":"json"},{"id":"bfd0de26-d441-46ff-b158-ba5de27f5de8","name":"To view the complete list of response codes, <a href=\"../docs/?path=docs/response-codes.md\" title=\"Click to open\">click here.</a>","originalRequest":{"url":{"path":["addrservice","partyacctsvc","address","secured"],"host":["{{baseUrl}}"],"query":[],"variable":[]},"header":[{"disabled":false,"description":"(Required) EFX Header is a common and required component for all API calls, it contains client-related parameters. Please note that the header parameters should be sent as a JSON object under the EFXHeader parameter. To view the list of header parameters, <a href=\"../docs?path=docs/api-ref-EFX-header.md\" title=\"Click to open\"> click here.</a>","key":"EFXHeader","value":"OrganizationId,<string>,TrnId,<string>,VendorId,<string>,Context,[object Object]"},{"key":"Accept","value":"application/json"}],"method":"POST","body":{"mode":"raw","raw":"{\n  \"AddrSel\": {\n    \"AcctKeys\": {\n      \"AcctId\": \"<string>\",\n      \"AcctType\": \"<string>\"\n    },\n    \"AddressIdent\": \"<string>\",\n    \"AddrType\": \"<string>\"\n  }\n}","options":{"raw":{"language":"json"}}}},"status":"Internal Server Error","code":500,"header":[{"key":"Content-Type","value":"application/json"}],"body":"{\n  \"AddrRec\": [\n    {\n      \"AddrInfo\": {\n        \"PostAddr\": [\n          {\n            \"AddrType\": \"Secondary\",\n            \"AddrUse\": \"LegalTitle\",\n            \"AddrUseEnumDesc\": \"ex irure dolor tempor reprehenderit\",\n            \"AddrFormatType\": \"Label\",\n            \"FullName1\": \"eu cupidatat minim velit\",\n            \"Addr1\": \"et incididunt irure \",\n            \"Addr2\": \"dolore non consectetur\",\n            \"Addr3\": \"anim cillum\",\n            \"Addr4\": \"quis Ut cupidatat laborum\",\n            \"Addr5\": \"id\",\n            \"PostalCode\": \"\",\n            \"TimeFrame\": {\n              \"StartDt\": \"0293-83-53T63:65\",\n              \"EndDt\": \"9670-66-93T31:89\"\n            },\n            \"Retention\": true,\n            \"RevertToPartyAddr\": true\n          },\n          {\n            \"AddrType\": \"Secondary\",\n            \"AddrUse\": \"RPAStatementAddtl5\",\n            \"AddrUseEnumDesc\": \"labore in\",\n            \"AddrFormatType\": \"Label\",\n            \"FullName1\": \"magna pariatur\",\n            \"Addr1\": \"magna\",\n            \"Addr2\": \"sed dolor consequat minim\",\n            \"Addr3\": \"laborum culpa tempor\",\n            \"Addr4\": \"aliqua consequat fugiat in proident\",\n            \"Addr5\": \"nisi officia dolor aliquip eiusmod\",\n            \"PostalCode\": \"cu\",\n            \"TimeFrame\": {\n              \"StartDt\": \"7119-85-46\",\n              \"EndDt\": \"2547-41-31T42:80\"\n            },\n            \"Retention\": false,\n            \"RevertToPartyAddr\": false\n          }\n        ]\n      },\n      \"AddrKeys\": {\n        \"AcctKeys\": {\n          \"AcctId\": \"sed incididunt\",\n          \"AcctType\": \"LOAN\"\n        },\n        \"AddressIdent\": \"RPAStatementAddtl4\",\n        \"AddrType\": \"Secondary\"\n      },\n      \"AddrStatus\": {\n        \"AddrStatusCode\": \"Valid\",\n        \"EffDt\": \"9542-74-73\"\n      }\n    },\n    {\n      \"AddrInfo\": {\n        \"PostAddr\": [\n          {\n            \"AddrType\": \"Seasonal\",\n            \"AddrUse\": \"StatementAdditional4\",\n            \"AddrUseEnumDesc\": \"nisi exercitation\",\n            \"AddrFormatType\": \"Label\",\n            \"FullName1\": \"do commodo\",\n            \"Addr1\": \"nisi in ea irure\",\n            \"Addr2\": \"tempor minim fugiat sit esse\",\n            \"Addr3\": \"irure ut\",\n            \"Addr4\": \"in v\",\n            \"Addr5\": \"proident\",\n            \"PostalCode\": \"vo\",\n            \"TimeFrame\": {\n              \"StartDt\": \"2481-67-30\",\n              \"EndDt\": \"4803-83-11T07:24:63.513\"\n            },\n            \"Retention\": true,\n            \"RevertToPartyAddr\": false\n          },\n          {\n            \"AddrType\": \"Seasonal\",\n            \"AddrUse\": \"StatementPrimary\",\n            \"AddrUseEnumDesc\": \"irure labore in ea\",\n            \"AddrFormatType\": \"Label\",\n            \"FullName1\": \"cillum magna ut\",\n            \"Addr1\": \"irure magna in sed\",\n            \"Addr2\": \"aliquip\",\n            \"Addr3\": \"deserunt tempor amet sunt\",\n            \"Addr4\": \"sunt tempor exercitation\",\n            \"Addr5\": \"deserunt in ani\",\n            \"PostalCode\": \"tempor \",\n            \"TimeFrame\": {\n              \"StartDt\": \"2803-93-43\",\n              \"EndDt\": \"0144-16-05\"\n            },\n            \"Retention\": false,\n            \"RevertToPartyAddr\": true\n          }\n        ]\n      },\n      \"AddrKeys\": {\n        \"AcctKeys\": {\n          \"AcctId\": \"et sit velit nulla consequat\",\n          \"AcctType\": \"SDB\"\n        },\n        \"AddressIdent\": \"StatementAdditional1\",\n        \"AddrType\": \"Seasonal\"\n      },\n      \"AddrStatus\": {\n        \"AddrStatusCode\": \"Valid\",\n        \"EffDt\": \"1740-45-00\"\n      }\n    }\n  ],\n  \"Status\": {\n    \"Severity\": \"Info\",\n    \"StatusCode\": \"nu\",\n    \"StatusDesc\": \"ad officia amet quis\",\n    \"SvcProviderName\": \"anim quis ea minim\",\n    \"Id\": \"ut cillum dolor\",\n    \"ServerStatusCode\": \"ex pariatur \",\n    \"ServerStatusDesc\": \"esse aliqua ipsum\",\n    \"OvrdExceptionInd\": false,\n    \"SubjectRole\": \"do ipsum quis Excepteur voluptate\",\n    \"SubjectElement\": [\n      {\n        \"Path\": \"do anim exercitat\",\n        \"ServerPath\": \"officia anim\",\n        \"Value\": \"minim culpa ullamco\"\n      },\n      {\n        \"Path\": \"in\",\n        \"ServerPath\": \"pariatur nisi id nulla\",\n        \"Value\": \"cillum laboris\"\n      }\n    ],\n    \"ContentHTML\": \"voluptate officia qui\",\n    \"AdditionalStatus\": [\n      {\n        \"StatusCode\": \"sunt in deserunt\",\n        \"StatusDesc\": \"cillum\",\n        \"Severity\": \"Error\",\n        \"SvcProviderName\": \"culpa sunt\",\n        \"ServerStatusCode\": \"Except\",\n        \"ServerStatusDesc\": \"aliqua ex consequat eu\",\n        \"OvrdExceptionInd\": true,\n        \"SubjectElement\": [\n          {\n            \"Path\": \"eiusmod exercitation\",\n            \"ServerPath\": \"in\",\n            \"Value\": \"labore anim voluptate\"\n          },\n          {\n            \"Path\": \"veniam laboris non amet lab\",\n            \"ServerPath\": \"do consequat voluptate\",\n            \"Value\": \"ipsum sit quis incididunt\"\n          }\n        ]\n      },\n      {\n        \"StatusCode\": \"laborum fugiat sed\",\n        \"StatusDesc\": \"voluptate incididunt\",\n        \"Severity\": \"Info\",\n        \"SvcProviderName\": \"exercitation\",\n        \"ServerStatusCode\": \"culpa et Duis \",\n        \"ServerStatusDesc\": \"reprehenderit\",\n        \"OvrdExceptionInd\": true,\n        \"SubjectElement\": [\n          {\n            \"Path\": \"reprehenderit occaecat eiusmod\",\n            \"ServerPath\": \"ipsum nostrud quis\",\n            \"Value\": \"anim consequat\"\n          },\n          {\n            \"Path\": \"proident aliquip reprehenderit\",\n            \"ServerPath\": \"laboris consectetur dolore\",\n            \"Value\": \"adipisicing commodo Lorem minim\"\n          }\n        ]\n      }\n    ]\n  },\n  \"RecCtrlOut\": {\n    \"SentRecCount\": -91993650\n  }\n}","cookie":[],"_postman_previewlanguage":"json"}],"event":[],"protocolProfileBehavior":{"disableBodyPruning":true}}],"event":[],"variable":[{"type":"string","value":"/","key":"baseUrl"}],"info":{"_postman_id":"9bb02f00-dd2a-44fc-8912-eae1a6d7e575","name":"Address Service","schema":"https://schema.getpostman.com/json/collection/v2.1.0/collection.json","description":{"content":"The Address service manages addresses related to parties and product accounts.","type":"text/plain"}}}