{"item":[{"id":"5242d591-9b79-47ba-bc49-a15eab9d399a","name":"Get Address","request":{"name":"Get Address","description":{"content":"Get Address API retrieves the information of Secondary/SeasonalSecondary/Seasonal address records for an account or party using label address format.<br>For Signature, only one secondary or seasonal address is associated with a card or Safe Deposit Box (SDB) account.  The address use field identifies the various types of secondary and seasonal addresses for loan and deposit account types.<br>This API does not retrieve secondary or seasonal addresses for cards as only the parsed address format is applicable for cards. <br> <br> To download the API Specifications and Postman Collection, click <a href=\"../docs/?path=docs/resources/resources.md\" title=\"Click to open\">Resources</a>.","type":"text/plain"},"url":{"path":["addrservice","partyacctsvc","address","secured"],"host":["{{baseUrl}}"],"query":[],"variable":[]},"header":[{"disabled":false,"description":"(Required) EFX Header is a common and required component for all API calls, it contains client-related parameters. Please note that the header parameters should be sent as a JSON object under the EFXHeader parameter. To view the list of header parameters, <a href=\"../docs?path=docs/api-ref-EFX-header.md\" title=\"Click to open\"> click here.</a>","key":"EFXHeader","value":"OrganizationId,<string>,TrnId,<string>,VendorId,<string>,Context,[object Object]"},{"key":"Content-Type","value":"application/json"},{"key":"Accept","value":"application/json"}],"method":"POST","auth":null,"body":{"mode":"raw","raw":"{\n  \"AddrSel\": {\n    \"AcctKeys\": {\n      \"AcctId\": \"<string>\",\n      \"AcctType\": \"<string>\"\n    },\n    \"AddressIdent\": \"<string>\",\n    \"AddrType\": \"<string>\"\n  }\n}","options":{"raw":{"language":"json"}}}},"response":[{"id":"02a7cb16-2d88-4037-b014-35930749de70","name":"Success","originalRequest":{"url":{"path":["addrservice","partyacctsvc","address","secured"],"host":["{{baseUrl}}"],"query":[],"variable":[]},"header":[{"disabled":false,"description":"(Required) EFX Header is a common and required component for all API calls, it contains client-related parameters. Please note that the header parameters should be sent as a JSON object under the EFXHeader parameter. To view the list of header parameters, <a href=\"../docs?path=docs/api-ref-EFX-header.md\" title=\"Click to open\"> click here.</a>","key":"EFXHeader","value":"OrganizationId,<string>,TrnId,<string>,VendorId,<string>,Context,[object Object]"},{"key":"Accept","value":"application/json"}],"method":"POST","body":{"mode":"raw","raw":"{\n  \"AddrSel\": {\n    \"AcctKeys\": {\n      \"AcctId\": \"<string>\",\n      \"AcctType\": \"<string>\"\n    },\n    \"AddressIdent\": \"<string>\",\n    \"AddrType\": \"<string>\"\n  }\n}","options":{"raw":{"language":"json"}}}},"status":"OK","code":200,"header":[{"key":"Content-Type","value":"application/json"}],"body":"{\n  \"AddrRec\": [\n    {\n      \"AddrInfo\": {\n        \"PostAddr\": [\n          {\n            \"AddrType\": \"Seasonal\",\n            \"AddrUse\": \"RPAStatementAddtl1\",\n            \"AddrUseEnumDesc\": \"pariatur cillum\",\n            \"AddrFormatType\": \"Label\",\n            \"FullName1\": \"ullamco est sit\",\n            \"Addr1\": \"laborum exercitation dolore\",\n            \"Addr2\": \"irure aliqua\",\n            \"Addr3\": \"proident deserunt nostrud\",\n            \"Addr4\": \"culpa commodo non\",\n            \"Addr5\": \"dolore\",\n            \"PostalCode\": \"ipsum ad\",\n            \"TimeFrame\": {\n              \"StartDt\": \"6300-31-18T78:75:42-09:12\",\n              \"EndDt\": \"3399-59-99T54:81:64+71:74\"\n            },\n            \"Retention\": true,\n            \"RevertToPartyAddr\": false\n          },\n          {\n            \"AddrType\": \"Seasonal\",\n            \"AddrUse\": \"Check\",\n            \"AddrUseEnumDesc\": \"non cupidatat\",\n            \"AddrFormatType\": \"Label\",\n            \"FullName1\": \"ut deserunt eiusmod dolor mollit\",\n            \"Addr1\": \"eius\",\n            \"Addr2\": \"eiusmod velit \",\n            \"Addr3\": \"elit aute\",\n            \"Addr4\": \"officia\",\n            \"Addr5\": \"ex est proident nostrud\",\n            \"PostalCode\": \"cup\",\n            \"TimeFrame\": {\n              \"StartDt\": \"9381-28-92\",\n              \"EndDt\": \"6716-66-90T61:31\"\n            },\n            \"Retention\": true,\n            \"RevertToPartyAddr\": true\n          }\n        ]\n      },\n      \"AddrKeys\": {\n        \"AcctKeys\": {\n          \"AcctId\": \"pariatur dolor ullamco\",\n          \"AcctType\": \"SDB\"\n        },\n        \"AddressIdent\": \"RPAStatementAddtl4\",\n        \"AddrType\": \"Secondary\"\n      },\n      \"AddrStatus\": {\n        \"AddrStatusCode\": \"Valid\",\n        \"EffDt\": \"9784-66-91T49:82\"\n      }\n    },\n    {\n      \"AddrInfo\": {\n        \"PostAddr\": [\n          {\n            \"AddrType\": \"Secondary\",\n            \"AddrUse\": \"StatementAdditional1\",\n            \"AddrUseEnumDesc\": \"amet\",\n            \"AddrFormatType\": \"Label\",\n            \"FullName1\": \"non voluptate proident Excepteur\",\n            \"Addr1\": \"sunt consectetur ea\",\n            \"Addr2\": \"fugiat\",\n            \"Addr3\": \"ut ad\",\n            \"Addr4\": \"eiusmod\",\n            \"Addr5\": \"nostrud sit exercita\",\n            \"PostalCode\": \"dolor vol\",\n            \"TimeFrame\": {\n              \"StartDt\": \"8037-17-94T76:95:96+73:38\",\n              \"EndDt\": \"6206-62-29T90:66\"\n            },\n            \"Retention\": false,\n            \"RevertToPartyAddr\": false\n          },\n          {\n            \"AddrType\": \"Secondary\",\n            \"AddrUse\": \"LegalTitle\",\n            \"AddrUseEnumDesc\": \"Duis in\",\n            \"AddrFormatType\": \"Label\",\n            \"FullName1\": \"commodo dolor sunt\",\n            \"Addr1\": \"minim id velit\",\n            \"Addr2\": \"dolor sint velit\",\n            \"Addr3\": \"nost\",\n            \"Addr4\": \"aliqua qui ullamco e\",\n            \"Addr5\": \"sed dolor minim\",\n            \"PostalCode\": \"cul\",\n            \"TimeFrame\": {\n              \"StartDt\": \"7894-63-94T21:20:57.670\",\n              \"EndDt\": \"6656-55-34T92:64:59.585\"\n            },\n            \"Retention\": true,\n            \"RevertToPartyAddr\": true\n          }\n        ]\n      },\n      \"AddrKeys\": {\n        \"AcctKeys\": {\n          \"AcctId\": \"eu laboris\",\n          \"AcctType\": \"SDA\"\n        },\n        \"AddressIdent\": \"RPAStatementAddtl5\",\n        \"AddrType\": \"Seasonal\"\n      },\n      \"AddrStatus\": {\n        \"AddrStatusCode\": \"Valid\",\n        \"EffDt\": \"2209-08-14\"\n      }\n    }\n  ],\n  \"Status\": {\n    \"Severity\": \"Error\",\n    \"StatusCode\": \"dolor aute dolor\",\n    \"StatusDesc\": \"sed et\",\n    \"SvcProviderName\": \"dolor ea\",\n    \"Id\": \"ad dolor Ut\",\n    \"ServerStatusCode\": \"Ut commodo\",\n    \"ServerStatusDesc\": \"Excepteur est cillum eu\",\n    \"OvrdExceptionInd\": true,\n    \"SubjectRole\": \"cupidatat Lorem qui irure\",\n    \"SubjectElement\": [\n      {\n        \"Path\": \"pariatur\",\n        \"ServerPath\": \"irure\",\n        \"Value\": \"nisi eu ex\"\n      },\n      {\n        \"Path\": \"id sunt\",\n        \"ServerPath\": \"pariatur laboris\",\n        \"Value\": \"sunt amet minim\"\n      }\n    ],\n    \"ContentHTML\": \"eu proident\",\n    \"AdditionalStatus\": [\n      {\n        \"StatusCode\": \"non ex culpa dol\",\n        \"StatusDesc\": \"quis ut ea dolore\",\n        \"Severity\": \"Error\",\n        \"SvcProviderName\": \"reprehenderit fugiat\",\n        \"ServerStatusCode\": \"est minim \",\n        \"ServerStatusDesc\": \"quis Duis\",\n        \"OvrdExceptionInd\": true,\n        \"SubjectElement\": [\n          {\n            \"Path\": \"ipsum elit adipisicing\",\n            \"ServerPath\": \"aliqua qui\",\n            \"Value\": \"exercitation sunt\"\n          },\n          {\n            \"Path\": \"proident anim\",\n            \"ServerPath\": \"elit pariatur in\",\n            \"Value\": \"nulla cupidatat\"\n          }\n        ]\n      },\n      {\n        \"StatusCode\": \"ullamco\",\n        \"StatusDesc\": \"occaecat labore\",\n        \"Severity\": \"Error\",\n        \"SvcProviderName\": \"ut\",\n        \"ServerStatusCode\": \"in sed aliquip\",\n        \"ServerStatusDesc\": \"v\",\n        \"OvrdExceptionInd\": true,\n        \"SubjectElement\": [\n          {\n            \"Path\": \"sed\",\n            \"ServerPath\": \"magna et\",\n            \"Value\": \"nulla\"\n          },\n          {\n            \"Path\": \"ullamco voluptate ipsum culpa in\",\n            \"ServerPath\": \"velit cupidatat dolore\",\n            \"Value\": \"enim laboris\"\n          }\n        ]\n      }\n    ]\n  },\n  \"RecCtrlOut\": {\n    \"SentRecCount\": -41504643\n  }\n}","cookie":[],"_postman_previewlanguage":"json"},{"id":"ba63b097-3cb6-4965-99af-45079414b3ef","name":"To view the complete list of response codes, <a href=\"../docs/?path=docs/response-codes.md\" title=\"Click to open\">click here.</a>","originalRequest":{"url":{"path":["addrservice","partyacctsvc","address","secured"],"host":["{{baseUrl}}"],"query":[],"variable":[]},"header":[{"disabled":false,"description":"(Required) EFX Header is a common and required component for all API calls, it contains client-related parameters. Please note that the header parameters should be sent as a JSON object under the EFXHeader parameter. To view the list of header parameters, <a href=\"../docs?path=docs/api-ref-EFX-header.md\" title=\"Click to open\"> click here.</a>","key":"EFXHeader","value":"OrganizationId,<string>,TrnId,<string>,VendorId,<string>,Context,[object Object]"},{"key":"Accept","value":"application/json"}],"method":"POST","body":{"mode":"raw","raw":"{\n  \"AddrSel\": {\n    \"AcctKeys\": {\n      \"AcctId\": \"<string>\",\n      \"AcctType\": \"<string>\"\n    },\n    \"AddressIdent\": \"<string>\",\n    \"AddrType\": \"<string>\"\n  }\n}","options":{"raw":{"language":"json"}}}},"status":"Internal Server Error","code":500,"header":[{"key":"Content-Type","value":"application/json"}],"body":"{\n  \"AddrRec\": [\n    {\n      \"AddrInfo\": {\n        \"PostAddr\": [\n          {\n            \"AddrType\": \"Secondary\",\n            \"AddrUse\": \"StatementAdditional3\",\n            \"AddrUseEnumDesc\": \"minim sint\",\n            \"AddrFormatType\": \"Label\",\n            \"FullName1\": \"eiusmod\",\n            \"Addr1\": \"elit pariatu\",\n            \"Addr2\": \"ipsum en\",\n            \"Addr3\": \"enim id\",\n            \"Addr4\": \"deserunt minim an\",\n            \"Addr5\": \"commodo nulla ad\",\n            \"PostalCode\": \"sit sunt\",\n            \"TimeFrame\": {\n              \"StartDt\": \"0679-94-17T53:85:78.686\",\n              \"EndDt\": \"1553-80-62\"\n            },\n            \"Retention\": false,\n            \"RevertToPartyAddr\": false\n          },\n          {\n            \"AddrType\": \"Seasonal\",\n            \"AddrUse\": \"RPAStatementAddtl1\",\n            \"AddrUseEnumDesc\": \"ex nulla pariatur\",\n            \"AddrFormatType\": \"Label\",\n            \"FullName1\": \"d\",\n            \"Addr1\": \"dolore sit\",\n            \"Addr2\": \"irure sunt dolor\",\n            \"Addr3\": \"dolor\",\n            \"Addr4\": \"consequat veniam\",\n            \"Addr5\": \"eiusmod\",\n            \"PostalCode\": \"volu\",\n            \"TimeFrame\": {\n              \"StartDt\": \"4030-56-07\",\n              \"EndDt\": \"7799-70-29T15:07:34\"\n            },\n            \"Retention\": false,\n            \"RevertToPartyAddr\": false\n          }\n        ]\n      },\n      \"AddrKeys\": {\n        \"AcctKeys\": {\n          \"AcctId\": \"ea ipsum pariatur anim occaecat\",\n          \"AcctType\": \"LOAN\"\n        },\n        \"AddressIdent\": \"RPAStatementAddtl5\",\n        \"AddrType\": \"Seasonal\"\n      },\n      \"AddrStatus\": {\n        \"AddrStatusCode\": \"Valid\",\n        \"EffDt\": \"5425-35-98T04:24\"\n      }\n    },\n    {\n      \"AddrInfo\": {\n        \"PostAddr\": [\n          {\n            \"AddrType\": \"Seasonal\",\n            \"AddrUse\": \"LegalTitle\",\n            \"AddrUseEnumDesc\": \"amet\",\n            \"AddrFormatType\": \"Label\",\n            \"FullName1\": \"dolore in do ad\",\n            \"Addr1\": \"i\",\n            \"Addr2\": \"commodo ut et\",\n            \"Addr3\": \"commodo adipisicing labore\",\n            \"Addr4\": \"Excepteur incididunt eiusmod\",\n            \"Addr5\": \"magna Ut officia nostrud\",\n            \"PostalCode\": \"et\",\n            \"TimeFrame\": {\n              \"StartDt\": \"6143-36-57T08:14\",\n              \"EndDt\": \"7228-52-87\"\n            },\n            \"Retention\": true,\n            \"RevertToPartyAddr\": false\n          },\n          {\n            \"AddrType\": \"Seasonal\",\n            \"AddrUse\": \"StatementPrimary\",\n            \"AddrUseEnumDesc\": \"dolor commodo\",\n            \"AddrFormatType\": \"Label\",\n            \"FullName1\": \"ani\",\n            \"Addr1\": \"mollit\",\n            \"Addr2\": \"ipsum qui tempor et\",\n            \"Addr3\": \"q\",\n            \"Addr4\": \"in nostru\",\n            \"Addr5\": \"exercitation do\",\n            \"PostalCode\": \"paria\",\n            \"TimeFrame\": {\n              \"StartDt\": \"3636-85-82T10:36\",\n              \"EndDt\": \"2517-11-27\"\n            },\n            \"Retention\": true,\n            \"RevertToPartyAddr\": false\n          }\n        ]\n      },\n      \"AddrKeys\": {\n        \"AcctKeys\": {\n          \"AcctId\": \"sint\",\n          \"AcctType\": \"SDB\"\n        },\n        \"AddressIdent\": \"RPAStatementAddtl4\",\n        \"AddrType\": \"Seasonal\"\n      },\n      \"AddrStatus\": {\n        \"AddrStatusCode\": \"Valid\",\n        \"EffDt\": \"3743-09-50\"\n      }\n    }\n  ],\n  \"Status\": {\n    \"Severity\": \"Warning\",\n    \"StatusCode\": \"incididunt eiusmo\",\n    \"StatusDesc\": \"do elit nostrud\",\n    \"SvcProviderName\": \"dolor quis consequat e\",\n    \"Id\": \"id nulla nostrud tem\",\n    \"ServerStatusCode\": \"ullamco \",\n    \"ServerStatusDesc\": \"amet veniam\",\n    \"OvrdExceptionInd\": false,\n    \"SubjectRole\": \"cupidatat\",\n    \"SubjectElement\": [\n      {\n        \"Path\": \"nulla aute quis Lorem\",\n        \"ServerPath\": \"tempor in\",\n        \"Value\": \"qui dolore\"\n      },\n      {\n        \"Path\": \"est consequat mollit cillum\",\n        \"ServerPath\": \"irure\",\n        \"Value\": \"Lorem et nisi\"\n      }\n    ],\n    \"ContentHTML\": \"adipisicing officia aute in\",\n    \"AdditionalStatus\": [\n      {\n        \"StatusCode\": \"deser\",\n        \"StatusDesc\": \"dolore nostrud quis est\",\n        \"Severity\": \"Error\",\n        \"SvcProviderName\": \"incididunt adipisicing\",\n        \"ServerStatusCode\": \"ea ullamco ip\",\n        \"ServerStatusDesc\": \"irure exercitation dolore eiusmod\",\n        \"OvrdExceptionInd\": true,\n        \"SubjectElement\": [\n          {\n            \"Path\": \"anim\",\n            \"ServerPath\": \"cillum commodo\",\n            \"Value\": \"voluptate ipsum consequat officia\"\n          },\n          {\n            \"Path\": \"mollit in ex non\",\n            \"ServerPath\": \"voluptate dolor elit irur\",\n            \"Value\": \"eu ut pariatur Duis anim\"\n          }\n        ]\n      },\n      {\n        \"StatusCode\": \"ipsum labore pa\",\n        \"StatusDesc\": \"aliq\",\n        \"Severity\": \"Info\",\n        \"SvcProviderName\": \"cupidatat culpa et\",\n        \"ServerStatusCode\": \"cillum\",\n        \"ServerStatusDesc\": \"culpa velit\",\n        \"OvrdExceptionInd\": false,\n        \"SubjectElement\": [\n          {\n            \"Path\": \"officia sint\",\n            \"ServerPath\": \"consequat esse aliqua nulla amet\",\n            \"Value\": \"pariatur veniam dolore irure\"\n          },\n          {\n            \"Path\": \"pariatur in eu\",\n            \"ServerPath\": \"culpa in mollit fugiat reprehenderit\",\n            \"Value\": \"cillum sint qui\"\n          }\n        ]\n      }\n    ]\n  },\n  \"RecCtrlOut\": {\n    \"SentRecCount\": -29536783\n  }\n}","cookie":[],"_postman_previewlanguage":"json"}],"event":[],"protocolProfileBehavior":{"disableBodyPruning":true}}],"event":[],"variable":[{"type":"string","value":"/","key":"baseUrl"}],"info":{"_postman_id":"0f6e0362-ba89-478e-9471-9d17efefa2a6","name":"Address Service","schema":"https://schema.getpostman.com/json/collection/v2.1.0/collection.json","description":{"content":"The Address service manages addresses related to parties and product accounts.","type":"text/plain"}}}