{"item":[{"id":"d23bcccb-0d06-49ac-b0b7-1cd1eaab096a","name":"Delete Address","request":{"name":"Delete Address","description":{"content":"Delete Address API deletes an address associated with a party unless it is the primary address. Only one secondary, seasonal or future primary address can be deleted for every request. <br> <br> To download the API Specifications and Postman Collection, click <a href=\"../docs/?path=docs/resources/resources.md\" title=\"Click to open\">Resources</a>.","type":"text/plain"},"url":{"path":["addrservice","partyacctsvc","address","secured"],"host":["{{baseUrl}}"],"query":[],"variable":[]},"header":[{"disabled":false,"description":"(Required) EFX Header is a common and required component for all API calls, it contains client-related parameters. Please note that the header parameters should be sent as a JSON object under the EFXHeader parameter. To view the list of header parameters, <a href=\"../docs?path=docs/api-ref-EFX-header.md\" title=\"Click to open\"> click here.</a>","key":"EFXHeader","value":"OrganizationId,<string>,TrnId,<string>,VendorId,<string>,Context,[object Object]"},{"key":"Content-Type","value":"application/json"},{"key":"Accept","value":"application/json"}],"method":"PUT","auth":null,"body":{"mode":"raw","raw":"{\n  \"AddrKeys\": {\n    \"PartyKeys\": {\n      \"PartyId\": \"<string>\"\n    },\n    \"AddressIdent\": \"<string>\",\n    \"AddrType\": \"<string>\"\n  }\n}","options":{"raw":{"language":"json"}}}},"response":[{"id":"6327cb73-7c33-4e50-98d6-9473e1963b42","name":"Success","originalRequest":{"url":{"path":["addrservice","partyacctsvc","address","secured"],"host":["{{baseUrl}}"],"query":[],"variable":[]},"header":[{"disabled":false,"description":"(Required) EFX Header is a common and required component for all API calls, it contains client-related parameters. Please note that the header parameters should be sent as a JSON object under the EFXHeader parameter. To view the list of header parameters, <a href=\"../docs?path=docs/api-ref-EFX-header.md\" title=\"Click to open\"> click here.</a>","key":"EFXHeader","value":"OrganizationId,<string>,TrnId,<string>,VendorId,<string>,Context,[object Object]"},{"key":"Accept","value":"application/json"}],"method":"PUT","body":{"mode":"raw","raw":"{\n  \"AddrKeys\": {\n    \"PartyKeys\": {\n      \"PartyId\": \"<string>\"\n    },\n    \"AddressIdent\": \"<string>\",\n    \"AddrType\": \"<string>\"\n  }\n}","options":{"raw":{"language":"json"}}}},"status":"OK","code":200,"header":[{"key":"Content-Type","value":"application/json"}],"body":"{\n  \"AddrStatusRec\": {\n    \"AddrKeys\": {\n      \"PartyKeys\": {\n        \"PartyId\": \"pariatur in\"\n      },\n      \"AddressIdent\": \"officia amet commodo\"\n    },\n    \"AddrStatus\": {\n      \"AddrStatusCode\": \"Deleted\",\n      \"EffDt\": \"1669-72-19\"\n    }\n  },\n  \"Status\": {\n    \"Severity\": \"Info\",\n    \"StatusCode\": \"aute al\",\n    \"StatusDesc\": \"et consequat voluptate\",\n    \"SvcProviderName\": \"laboris eiusmod quis in magna\",\n    \"Id\": \"sit nulla tempor culpa in\",\n    \"ServerStatusCode\": \"rep\",\n    \"ServerStatusDesc\": \"sed consequat minim\",\n    \"OvrdExceptionInd\": true,\n    \"SubjectRole\": \"velit\",\n    \"SubjectElement\": [\n      {\n        \"Path\": \"anim ut tempor\",\n        \"ServerPath\": \"nostrud eu\",\n        \"Value\": \"proident adipisicing Ut\"\n      },\n      {\n        \"Path\": \"veniam amet c\",\n        \"ServerPath\": \"tempor\",\n        \"Value\": \"elit incididunt vol\"\n      }\n    ],\n    \"ContentHTML\": \"ut dolore reprehenderit ad ex\",\n    \"AdditionalStatus\": [\n      {\n        \"StatusCode\": \"proid\",\n        \"StatusDesc\": \"sed quis qui consectetur\",\n        \"Severity\": \"Error\",\n        \"SvcProviderName\": \"consectetur incididunt\",\n        \"ServerStatusCode\": \"do\",\n        \"ServerStatusDesc\": \"dolore eu sed ex\",\n        \"OvrdExceptionInd\": true,\n        \"SubjectElement\": [\n          {\n            \"Path\": \"consequat\",\n            \"ServerPath\": \"irure officia proident\",\n            \"Value\": \"Duis\"\n          },\n          {\n            \"Path\": \"Excepteur id consequat in\",\n            \"ServerPath\": \"laborum Lorem ullamco\",\n            \"Value\": \"Duis Excepteur\"\n          }\n        ]\n      },\n      {\n        \"StatusCode\": \"quis in aute fug\",\n        \"StatusDesc\": \"aliquip mollit\",\n        \"Severity\": \"Info\",\n        \"SvcProviderName\": \"commodo cillum ipsum\",\n        \"ServerStatusCode\": \"Ut a\",\n        \"ServerStatusDesc\": \"proident deserunt\",\n        \"OvrdExceptionInd\": true,\n        \"SubjectElement\": [\n          {\n            \"Path\": \"cillum fugiat\",\n            \"ServerPath\": \"ut occaecat\",\n            \"Value\": \"\"\n          },\n          {\n            \"Path\": \"est in ipsum\",\n            \"ServerPath\": \"sed irure exercitation id\",\n            \"Value\": \"Excepteur\"\n          }\n        ]\n      }\n    ]\n  }\n}","cookie":[],"_postman_previewlanguage":"json"},{"id":"df56017e-231b-479c-84d1-cecd1517b2a1","name":"To view the complete list of response codes, <a href=\"../docs/?path=docs/response-codes.md\" title=\"Click to open\">click here.</a>","originalRequest":{"url":{"path":["addrservice","partyacctsvc","address","secured"],"host":["{{baseUrl}}"],"query":[],"variable":[]},"header":[{"disabled":false,"description":"(Required) EFX Header is a common and required component for all API calls, it contains client-related parameters. Please note that the header parameters should be sent as a JSON object under the EFXHeader parameter. To view the list of header parameters, <a href=\"../docs?path=docs/api-ref-EFX-header.md\" title=\"Click to open\"> click here.</a>","key":"EFXHeader","value":"OrganizationId,<string>,TrnId,<string>,VendorId,<string>,Context,[object Object]"},{"key":"Accept","value":"application/json"}],"method":"PUT","body":{"mode":"raw","raw":"{\n  \"AddrKeys\": {\n    \"PartyKeys\": {\n      \"PartyId\": \"<string>\"\n    },\n    \"AddressIdent\": \"<string>\",\n    \"AddrType\": \"<string>\"\n  }\n}","options":{"raw":{"language":"json"}}}},"status":"Internal Server Error","code":500,"header":[{"key":"Content-Type","value":"application/json"}],"body":"{\n  \"AddrStatusRec\": {\n    \"AddrKeys\": {\n      \"PartyKeys\": {\n        \"PartyId\": \"in do labore\"\n      },\n      \"AddressIdent\": \"sint\"\n    },\n    \"AddrStatus\": {\n      \"AddrStatusCode\": \"Deleted\",\n      \"EffDt\": \"8078-20-98T96:37\"\n    }\n  },\n  \"Status\": {\n    \"Severity\": \"Info\",\n    \"StatusCode\": \"m\",\n    \"StatusDesc\": \"sit occaecat adipisicing in\",\n    \"SvcProviderName\": \"dolore qui\",\n    \"Id\": \"commodo mollit dolor\",\n    \"ServerStatusCode\": \"sed \",\n    \"ServerStatusDesc\": \"deserunt irure pro\",\n    \"OvrdExceptionInd\": false,\n    \"SubjectRole\": \"aute ea\",\n    \"SubjectElement\": [\n      {\n        \"Path\": \"id deserunt aliqua est\",\n        \"ServerPath\": \"consectetur Excepteur cupidatat id\",\n        \"Value\": \"ex mollit\"\n      },\n      {\n        \"Path\": \"ad consequat et reprehenderit\",\n        \"ServerPath\": \"Excepteur exercitation officia Duis nulla\",\n        \"Value\": \"deserunt fugiat sunt occaecat et\"\n      }\n    ],\n    \"ContentHTML\": \"qui sint voluptate cupidatat commodo\",\n    \"AdditionalStatus\": [\n      {\n        \"StatusCode\": \"in aute\",\n        \"StatusDesc\": \"ut eu aute\",\n        \"Severity\": \"Info\",\n        \"SvcProviderName\": \"do occaecat\",\n        \"ServerStatusCode\": \"aute commodo \",\n        \"ServerStatusDesc\": \"nostrud ad commodo laboris qui\",\n        \"OvrdExceptionInd\": false,\n        \"SubjectElement\": [\n          {\n            \"Path\": \"incididunt aute\",\n            \"ServerPath\": \"elit est minim ad officia\",\n            \"Value\": \"magna est\"\n          },\n          {\n            \"Path\": \"laborum magna\",\n            \"ServerPath\": \"aliquip occaecat cupidatat\",\n            \"Value\": \"magna consequat pariatur\"\n          }\n        ]\n      },\n      {\n        \"StatusCode\": \"ullamco\",\n        \"StatusDesc\": \"Excepteur labore\",\n        \"Severity\": \"Error\",\n        \"SvcProviderName\": \"laborum ut Duis\",\n        \"ServerStatusCode\": \"elit cillum \",\n        \"ServerStatusDesc\": \"veniam eiusmod\",\n        \"OvrdExceptionInd\": true,\n        \"SubjectElement\": [\n          {\n            \"Path\": \"exercitation reprehenderit aute\",\n            \"ServerPath\": \"minim amet\",\n            \"Value\": \"aliqua ex incididunt\"\n          },\n          {\n            \"Path\": \"dolor laborum\",\n            \"ServerPath\": \"reprehenderit aliqua mollit\",\n            \"Value\": \"anim ad in mollit\"\n          }\n        ]\n      }\n    ]\n  }\n}","cookie":[],"_postman_previewlanguage":"json"}],"event":[],"protocolProfileBehavior":{"disableBodyPruning":true}}],"event":[],"variable":[{"type":"string","value":"/","key":"baseUrl"}],"info":{"_postman_id":"bd6165fc-948d-49fd-b922-f7fb6fe9287d","name":"Address Service","schema":"https://schema.getpostman.com/json/collection/v2.1.0/collection.json","description":{"content":"The Address service manages addresses related to parties and product accounts.","type":"text/plain"}}}