{"item":[{"id":"829d87ab-aa65-41a1-a324-468a7943b34a","name":"Get Address","request":{"name":"Get Address","description":{"content":"Get Address API retrieves the address record associated with an account or party using the unique address identifier.  <br> <br> To download the API Specifications and Postman Collection, click <a href=\"../docs/?path=docs/resources/resources.md\" title=\"Click to open\">Resources</a>.","type":"text/plain"},"url":{"path":["addrservice","partyacctsvc","address","secured"],"host":["{{baseUrl}}"],"query":[],"variable":[]},"header":[{"disabled":false,"description":"(Required) EFX Header is a common and required component for all API calls, it contains client-related parameters. Please note that the header parameters should be sent as a JSON object under the EFXHeader parameter. To view the list of header parameters, <a href=\"../docs?path=docs/api-ref-EFX-header.md\" title=\"Click to open\"> click here.</a>","key":"EFXHeader","value":"OrganizationId,<string>,TrnId,<string>,VendorId,<string>,Context,[object Object]"},{"key":"Content-Type","value":"application/json"},{"key":"Accept","value":"application/json"}],"method":"POST","auth":null,"body":{"mode":"raw","raw":"{\n  \"AddrSel\": {\n    \"AddrKeys\": {\n      \"AddrId\": \"<string>\"\n    }\n  }\n}","options":{"raw":{"language":"json"}}}},"response":[{"id":"18294624-7035-4429-913f-f9823c53fe96","name":"Success","originalRequest":{"url":{"path":["addrservice","partyacctsvc","address","secured"],"host":["{{baseUrl}}"],"query":[],"variable":[]},"header":[{"disabled":false,"description":"(Required) EFX Header is a common and required component for all API calls, it contains client-related parameters. Please note that the header parameters should be sent as a JSON object under the EFXHeader parameter. To view the list of header parameters, <a href=\"../docs?path=docs/api-ref-EFX-header.md\" title=\"Click to open\"> click here.</a>","key":"EFXHeader","value":"OrganizationId,<string>,TrnId,<string>,VendorId,<string>,Context,[object Object]"},{"key":"Accept","value":"application/json"}],"method":"POST","body":{"mode":"raw","raw":"{\n  \"AddrSel\": {\n    \"AddrKeys\": {\n      \"AddrId\": \"<string>\"\n    }\n  }\n}","options":{"raw":{"language":"json"}}}},"status":"OK","code":200,"header":[{"key":"Content-Type","value":"application/json"}],"body":"{\n  \"AddrRec\": [\n    {\n      \"AddrInfo\": {\n        \"PostAddr\": [\n          {\n            \"AddrType\": \"Secondary\",\n            \"Addr1\": \"labore elit cillum qui\",\n            \"Addr2\": \"i\",\n            \"Addr3\": \"eu sit mollit\",\n            \"Addr4\": \"Excepteur voluptate\",\n            \"City\": \"des\",\n            \"StateProv\": \"adipisicing\",\n            \"PostalCode\": \"\",\n            \"CountryCode\": {\n              \"value\": \"<Error: Too many levels of nesting to fake this schema>\"\n            },\n            \"ForeignFlag\": false\n          },\n          {\n            \"AddrType\": \"Primary\",\n            \"Addr1\": \"veniam non exercitation\",\n            \"Addr2\": \"eu tempor ipsum velit officia\",\n            \"Addr3\": \"c\",\n            \"Addr4\": \"nisi exercitation cillum dolor\",\n            \"City\": \"magna sed dolore\",\n            \"StateProv\": \"Duis dolor Excepteur ad esse\",\n            \"PostalCode\": \"sit \",\n            \"CountryCode\": {\n              \"value\": \"<Error: Too many levels of nesting to fake this schema>\"\n            },\n            \"ForeignFlag\": false\n          }\n        ]\n      },\n      \"AddrKeys\": {\n        \"AddrId\": \"nulla do\"\n      },\n      \"AddrStatus\": {\n        \"AddrStatusCode\": \"Valid\",\n        \"EffDt\": \"0503-68-53\"\n      }\n    },\n    {\n      \"AddrInfo\": {\n        \"PostAddr\": [\n          {\n            \"AddrType\": \"Primary\",\n            \"Addr1\": \"Ut Excepteur ex c\",\n            \"Addr2\": \"consectetur in\",\n            \"Addr3\": \"id ut culpa\",\n            \"Addr4\": \"amet\",\n            \"City\": \"tempor cupidatat est\",\n            \"StateProv\": \"qui nostrud ullamco nisi amet\",\n            \"PostalCode\": \"la\",\n            \"CountryCode\": {\n              \"value\": \"<Error: Too many levels of nesting to fake this schema>\"\n            },\n            \"ForeignFlag\": false\n          },\n          {\n            \"AddrType\": \"Secondary\",\n            \"Addr1\": \"nulla officia\",\n            \"Addr2\": \"Ut anim consectetur sed\",\n            \"Addr3\": \"exercitation\",\n            \"Addr4\": \"cupidatat\",\n            \"City\": \"officia in in\",\n            \"StateProv\": \"culpa mollit cillum\",\n            \"PostalCode\": \"in \",\n            \"CountryCode\": {\n              \"value\": \"<Error: Too many levels of nesting to fake this schema>\"\n            },\n            \"ForeignFlag\": false\n          }\n        ]\n      },\n      \"AddrKeys\": {\n        \"AddrId\": \"sun\"\n      },\n      \"AddrStatus\": {\n        \"AddrStatusCode\": \"Valid\",\n        \"EffDt\": \"1049-31-32\"\n      }\n    }\n  ],\n  \"Status\": {\n    \"Severity\": \"Info\",\n    \"StatusCode\": \"officia\",\n    \"StatusDesc\": \"veniam qui Excepteur et\",\n    \"SvcProviderName\": \"labore proiden\",\n    \"Id\": \"Lorem sit esse\",\n    \"ServerStatusCode\": \"elit in exe\",\n    \"ServerStatusDesc\": \"dolore occaecat officia\",\n    \"OvrdExceptionInd\": false,\n    \"SubjectRole\": \"eu culpa sed\",\n    \"SubjectElement\": [\n      {\n        \"Path\": \"minim voluptate fugiat ullamco\",\n        \"ServerPath\": \"ullamco deserunt\",\n        \"Value\": \"dolor labore Lorem\"\n      },\n      {\n        \"Path\": \"enim aliqua nisi\",\n        \"ServerPath\": \"esse laborum nisi sed\",\n        \"Value\": \"Ut dolor pariatur aliqua officia\"\n      }\n    ],\n    \"ContentHTML\": \"dolor\",\n    \"AdditionalStatus\": [\n      {\n        \"StatusCode\": \"Lorem nisi \",\n        \"StatusDesc\": \"Duis consect\",\n        \"Severity\": \"Error\",\n        \"SvcProviderName\": \"nisi anim et ex aute\",\n        \"ServerStatusCode\": \"d\",\n        \"ServerStatusDesc\": \"cupidatat ullamco\",\n        \"OvrdExceptionInd\": false,\n        \"SubjectElement\": [\n          {\n            \"Path\": \"ex ad quis anim\",\n            \"ServerPath\": \"et nostrud est aute\",\n            \"Value\": \"magna Ut\"\n          },\n          {\n            \"Path\": \"nulla sit ex fugiat\",\n            \"ServerPath\": \"dolor deserunt commodo sed\",\n            \"Value\": \"mollit ex voluptate in\"\n          }\n        ]\n      },\n      {\n        \"StatusCode\": \"si\",\n        \"StatusDesc\": \"sint enim\",\n        \"Severity\": \"Info\",\n        \"SvcProviderName\": \"enim\",\n        \"ServerStatusCode\": \"te\",\n        \"ServerStatusDesc\": \"aute\",\n        \"OvrdExceptionInd\": true,\n        \"SubjectElement\": [\n          {\n            \"Path\": \"Duis labore minim\",\n            \"ServerPath\": \"mollit ex\",\n            \"Value\": \"eu aliqua Duis enim\"\n          },\n          {\n            \"Path\": \"ea eu in\",\n            \"ServerPath\": \"Lorem aliquip in\",\n            \"Value\": \"elit\"\n          }\n        ]\n      }\n    ]\n  },\n  \"RecCtrlOut\": {\n    \"SentRecCount\": -53043048\n  }\n}","cookie":[],"_postman_previewlanguage":"json"},{"id":"33f4e07f-aafb-46cf-ad2b-0bcb24e5f932","name":"To view the complete list of response codes, <a href=\"../docs/?path=docs/response-codes.md\" title=\"Click to open\">click here.</a>","originalRequest":{"url":{"path":["addrservice","partyacctsvc","address","secured"],"host":["{{baseUrl}}"],"query":[],"variable":[]},"header":[{"disabled":false,"description":"(Required) EFX Header is a common and required component for all API calls, it contains client-related parameters. Please note that the header parameters should be sent as a JSON object under the EFXHeader parameter. To view the list of header parameters, <a href=\"../docs?path=docs/api-ref-EFX-header.md\" title=\"Click to open\"> click here.</a>","key":"EFXHeader","value":"OrganizationId,<string>,TrnId,<string>,VendorId,<string>,Context,[object Object]"},{"key":"Accept","value":"application/json"}],"method":"POST","body":{"mode":"raw","raw":"{\n  \"AddrSel\": {\n    \"AddrKeys\": {\n      \"AddrId\": \"<string>\"\n    }\n  }\n}","options":{"raw":{"language":"json"}}}},"status":"Internal Server Error","code":500,"header":[{"key":"Content-Type","value":"application/json"}],"body":"{\n  \"AddrRec\": [\n    {\n      \"AddrInfo\": {\n        \"PostAddr\": [\n          {\n            \"AddrType\": \"Secondary\",\n            \"Addr1\": \"exercitation ut Lorem\",\n            \"Addr2\": \"cupidatat\",\n            \"Addr3\": \"Lorem\",\n            \"Addr4\": \"sint\",\n            \"City\": \"Duis sed culpa incididunt\",\n            \"StateProv\": \"fugiat ullamco sunt inc\",\n            \"PostalCode\": \"\",\n            \"CountryCode\": {\n              \"value\": \"<Error: Too many levels of nesting to fake this schema>\"\n            },\n            \"ForeignFlag\": false\n          },\n          {\n            \"AddrType\": \"Secondary\",\n            \"Addr1\": \"eu mollit sit sed Duis\",\n            \"Addr2\": \"deserunt enim\",\n            \"Addr3\": \"qui in su\",\n            \"Addr4\": \"laborum sint\",\n            \"City\": \"incididunt in\",\n            \"StateProv\": \"irure minim ut\",\n            \"PostalCode\": \"ea Ut p\",\n            \"CountryCode\": {\n              \"value\": \"<Error: Too many levels of nesting to fake this schema>\"\n            },\n            \"ForeignFlag\": false\n          }\n        ]\n      },\n      \"AddrKeys\": {\n        \"AddrId\": \"nostrud culpa Duis aliquip ulla\"\n      },\n      \"AddrStatus\": {\n        \"AddrStatusCode\": \"Valid\",\n        \"EffDt\": \"5287-44-00T03:00\"\n      }\n    },\n    {\n      \"AddrInfo\": {\n        \"PostAddr\": [\n          {\n            \"AddrType\": \"Primary\",\n            \"Addr1\": \"velit id\",\n            \"Addr2\": \"eu cupidatat sint\",\n            \"Addr3\": \"in cillum ex\",\n            \"Addr4\": \"Lorem pariatur Duis\",\n            \"City\": \"anim ullamco pariatur\",\n            \"StateProv\": \"fugiat nostrud velit\",\n            \"PostalCode\": \"exe\",\n            \"CountryCode\": {\n              \"value\": \"<Error: Too many levels of nesting to fake this schema>\"\n            },\n            \"ForeignFlag\": true\n          },\n          {\n            \"AddrType\": \"Primary\",\n            \"Addr1\": \"dolore id dolore volu\",\n            \"Addr2\": \"cupidatat Ut\",\n            \"Addr3\": \"in\",\n            \"Addr4\": \"sit Excepteur ipsum\",\n            \"City\": \"deserunt\",\n            \"StateProv\": \"id est sit\",\n            \"PostalCode\": \"nisi \",\n            \"CountryCode\": {\n              \"value\": \"<Error: Too many levels of nesting to fake this schema>\"\n            },\n            \"ForeignFlag\": false\n          }\n        ]\n      },\n      \"AddrKeys\": {\n        \"AddrId\": \"eiusmod\"\n      },\n      \"AddrStatus\": {\n        \"AddrStatusCode\": \"Valid\",\n        \"EffDt\": \"2443-42-40T25:77:63.810-88:97\"\n      }\n    }\n  ],\n  \"Status\": {\n    \"Severity\": \"Info\",\n    \"StatusCode\": \"aliqua \",\n    \"StatusDesc\": \"ut dolor consectetur consequat\",\n    \"SvcProviderName\": \"nisi cupidatat minim elit\",\n    \"Id\": \"Excepteur dolor amet Duis ea\",\n    \"ServerStatusCode\": \"in tempor eius\",\n    \"ServerStatusDesc\": \"laboris eu sint in\",\n    \"OvrdExceptionInd\": true,\n    \"SubjectRole\": \"in anim aliquip amet\",\n    \"SubjectElement\": [\n      {\n        \"Path\": \"ad laborum quis dolore officia\",\n        \"ServerPath\": \"dolore\",\n        \"Value\": \"ex laborum in sed adipisicing\"\n      },\n      {\n        \"Path\": \"consectetur Duis\",\n        \"ServerPath\": \"exercitation ut\",\n        \"Value\": \"veniam proident laborum dolore\"\n      }\n    ],\n    \"ContentHTML\": \"ullamco culpa mollit qui\",\n    \"AdditionalStatus\": [\n      {\n        \"StatusCode\": \"amet\",\n        \"StatusDesc\": \"in aliquip\",\n        \"Severity\": \"Warning\",\n        \"SvcProviderName\": \"consectetur eiusmod\",\n        \"ServerStatusCode\": \"pariatur \",\n        \"ServerStatusDesc\": \"nostrud occaecat nulla ad\",\n        \"OvrdExceptionInd\": true,\n        \"SubjectElement\": [\n          {\n            \"Path\": \"consectetur Duis ea\",\n            \"ServerPath\": \"dolor et cillum\",\n            \"Value\": \"id laborum culpa non\"\n          },\n          {\n            \"Path\": \"non commodo reprehenderit qui exercitation\",\n            \"ServerPath\": \"dolor laborum consectetur ex\",\n            \"Value\": \"esse\"\n          }\n        ]\n      },\n      {\n        \"StatusCode\": \"occaecat ad\",\n        \"StatusDesc\": \"s\",\n        \"Severity\": \"Info\",\n        \"SvcProviderName\": \"ex\",\n        \"ServerStatusCode\": \"cill\",\n        \"ServerStatusDesc\": \"adipisicing sed nulla labore\",\n        \"OvrdExceptionInd\": false,\n        \"SubjectElement\": [\n          {\n            \"Path\": \"magna laborum \",\n            \"ServerPath\": \"cupidatat do ea\",\n            \"Value\": \"cillum labore magna\"\n          },\n          {\n            \"Path\": \"non do\",\n            \"ServerPath\": \"quis in\",\n            \"Value\": \"aute proident\"\n          }\n        ]\n      }\n    ]\n  },\n  \"RecCtrlOut\": {\n    \"SentRecCount\": 43993679\n  }\n}","cookie":[],"_postman_previewlanguage":"json"}],"event":[],"protocolProfileBehavior":{"disableBodyPruning":true}}],"event":[],"variable":[{"type":"string","value":"/","key":"baseUrl"}],"info":{"_postman_id":"eb8fa81e-39da-48d8-ae44-eda5591b8ec8","name":"Address Service","schema":"https://schema.getpostman.com/json/collection/v2.1.0/collection.json","description":{"content":"The Address service manages addresses related to parties and product accounts.","type":"text/plain"}}}