{"item":[{"id":"58a2fe38-07fb-4bbf-87a8-da9a33bd8359","name":"Add Address","request":{"name":"Add Address","description":{"content":"Add Address API creates an address record for an account. This API adds only one address per request. Client application can add secondary and seasonal addresses for an account.<br>This API supports Trusted User and Session Management Authentication option.  <br> <br> To download the API Specifications and Postman Collection, click <a href=\"../docs/?path=docs/resources/resources.md\" title=\"Click to open\">Resources</a>.","type":"text/plain"},"url":{"path":["addrservice","partyacctsvc","address"],"host":["{{baseUrl}}"],"query":[],"variable":[]},"header":[{"disabled":false,"description":"(Required) EFX Header is a common and required component for all API calls, it contains client-related parameters. Please note that the header parameters should be sent as a JSON object under the EFXHeader parameter. To view the list of header parameters, <a href=\"../docs?path=docs/api-ref-EFX-header.md\" title=\"Click to open\"> click here.</a>","key":"EFXHeader","value":"OrganizationId,<string>,TrnId,<string>,VendorId,<string>,Context,[object Object]"},{"key":"Content-Type","value":"application/json"},{"key":"Accept","value":"application/json"}],"method":"POST","auth":null,"body":{"mode":"raw","raw":"{\n  \"AddrInfo\": {\n    \"PostAddr\": [\n      {\n        \"AddrType\": \"<string>\",\n        \"AddrUse\": \"<string>\",\n        \"Addr1\": \"<string>\",\n        \"Addr2\": \"<string>\",\n        \"City\": \"<string>\",\n        \"County\": \"<string>\",\n        \"StateProv\": \"<string>\",\n        \"PostalCode\": \"<string>\",\n        \"CountryCode\": {\n          \"CountryCodeValue\": \"<string>\",\n          \"CountryCodeSource\": \"<string>\"\n        },\n        \"TimeFrame\": {\n          \"StartDt\": \"<string>\",\n          \"EndDt\": \"<string>\"\n        },\n        \"Retention\": \"<boolean>\",\n        \"HandlingCode\": \"<string>\",\n        \"PhoneNum\": [\n          {\n            \"PhoneType\": \"<string>\",\n            \"Phone\": \"<string>\"\n          },\n          {\n            \"PhoneType\": \"<string>\",\n            \"Phone\": \"<string>\"\n          }\n        ]\n      },\n      {\n        \"AddrType\": \"<string>\",\n        \"AddrUse\": \"<string>\",\n        \"Addr1\": \"<string>\",\n        \"Addr2\": \"<string>\",\n        \"City\": \"<string>\",\n        \"County\": \"<string>\",\n        \"StateProv\": \"<string>\",\n        \"PostalCode\": \"<string>\",\n        \"CountryCode\": {\n          \"CountryCodeValue\": \"<string>\",\n          \"CountryCodeSource\": \"<string>\"\n        },\n        \"TimeFrame\": {\n          \"StartDt\": \"<string>\",\n          \"EndDt\": \"<string>\"\n        },\n        \"Retention\": \"<boolean>\",\n        \"HandlingCode\": \"<string>\",\n        \"PhoneNum\": [\n          {\n            \"PhoneType\": \"<string>\",\n            \"Phone\": \"<string>\"\n          },\n          {\n            \"PhoneType\": \"<string>\",\n            \"Phone\": \"<string>\"\n          }\n        ]\n      }\n    ]\n  },\n  \"OvrdExceptionData\": {\n    \"OvrdAutoAckInd\": \"<boolean>\"\n  },\n  \"AcctAddrRelInfo\": [\n    {\n      \"AcctRef\": {\n        \"AcctKeys\": {\n          \"AcctId\": \"<string>\",\n          \"AcctType\": \"<string>\"\n        }\n      }\n    },\n    {\n      \"AcctRef\": {\n        \"AcctKeys\": {\n          \"AcctId\": \"<string>\",\n          \"AcctType\": \"<string>\"\n        }\n      }\n    }\n  ]\n}","options":{"raw":{"language":"json"}}}},"response":[{"id":"309ea8d1-262c-4a5a-8cc6-79537dffeda5","name":"Created","originalRequest":{"url":{"path":["addrservice","partyacctsvc","address"],"host":["{{baseUrl}}"],"query":[],"variable":[]},"header":[{"disabled":false,"description":"(Required) EFX Header is a common and required component for all API calls, it contains client-related parameters. Please note that the header parameters should be sent as a JSON object under the EFXHeader parameter. To view the list of header parameters, <a href=\"../docs?path=docs/api-ref-EFX-header.md\" title=\"Click to open\"> click here.</a>","key":"EFXHeader","value":"OrganizationId,<string>,TrnId,<string>,VendorId,<string>,Context,[object Object]"},{"key":"Accept","value":"application/json"}],"method":"POST","body":{"mode":"raw","raw":"{\n  \"AddrInfo\": {\n    \"PostAddr\": [\n      {\n        \"AddrType\": \"<string>\",\n        \"AddrUse\": \"<string>\",\n        \"Addr1\": \"<string>\",\n        \"Addr2\": \"<string>\",\n        \"City\": \"<string>\",\n        \"County\": \"<string>\",\n        \"StateProv\": \"<string>\",\n        \"PostalCode\": \"<string>\",\n        \"CountryCode\": {\n          \"CountryCodeValue\": \"<string>\",\n          \"CountryCodeSource\": \"<string>\"\n        },\n        \"TimeFrame\": {\n          \"StartDt\": \"<string>\",\n          \"EndDt\": \"<string>\"\n        },\n        \"Retention\": \"<boolean>\",\n        \"HandlingCode\": \"<string>\",\n        \"PhoneNum\": [\n          {\n            \"PhoneType\": \"<string>\",\n            \"Phone\": \"<string>\"\n          },\n          {\n            \"PhoneType\": \"<string>\",\n            \"Phone\": \"<string>\"\n          }\n        ]\n      },\n      {\n        \"AddrType\": \"<string>\",\n        \"AddrUse\": \"<string>\",\n        \"Addr1\": \"<string>\",\n        \"Addr2\": \"<string>\",\n        \"City\": \"<string>\",\n        \"County\": \"<string>\",\n        \"StateProv\": \"<string>\",\n        \"PostalCode\": \"<string>\",\n        \"CountryCode\": {\n          \"CountryCodeValue\": \"<string>\",\n          \"CountryCodeSource\": \"<string>\"\n        },\n        \"TimeFrame\": {\n          \"StartDt\": \"<string>\",\n          \"EndDt\": \"<string>\"\n        },\n        \"Retention\": \"<boolean>\",\n        \"HandlingCode\": \"<string>\",\n        \"PhoneNum\": [\n          {\n            \"PhoneType\": \"<string>\",\n            \"Phone\": \"<string>\"\n          },\n          {\n            \"PhoneType\": \"<string>\",\n            \"Phone\": \"<string>\"\n          }\n        ]\n      }\n    ]\n  },\n  \"OvrdExceptionData\": {\n    \"OvrdAutoAckInd\": \"<boolean>\"\n  },\n  \"AcctAddrRelInfo\": [\n    {\n      \"AcctRef\": {\n        \"AcctKeys\": {\n          \"AcctId\": \"<string>\",\n          \"AcctType\": \"<string>\"\n        }\n      }\n    },\n    {\n      \"AcctRef\": {\n        \"AcctKeys\": {\n          \"AcctId\": \"<string>\",\n          \"AcctType\": \"<string>\"\n        }\n      }\n    }\n  ]\n}","options":{"raw":{"language":"json"}}}},"status":"Created","code":201,"header":[{"key":"Content-Type","value":"application/json"}],"body":"{\n  \"AddrStatusRec\": {\n    \"AddrStatus\": {\n      \"AddrStatusCode\": \"Valid\",\n      \"EffDt\": \"1519-91-88T96:81:47.946\"\n    }\n  },\n  \"Status\": {\n    \"Severity\": \"Error\",\n    \"StatusCode\": \"velit Ut\",\n    \"StatusDesc\": \"est veniam tempor dolor\",\n    \"SvcProviderName\": \"sed officia Ut\",\n    \"Id\": \"Lorem qui adipisicing anim\",\n    \"ServerStatusCode\": \"sunt \",\n    \"ServerStatusDesc\": \"amet laborum\",\n    \"OvrdExceptionInd\": true,\n    \"SubjectRole\": \"officia laborum\",\n    \"SubjectElement\": [\n      {\n        \"Path\": \"qui Excepteur incididunt\",\n        \"ServerPath\": \"sint ex\",\n        \"Value\": \"voluptate esse sit\"\n      },\n      {\n        \"Path\": \"ut velit Duis do\",\n        \"ServerPath\": \"Lorem ipsum ullamco ut labore\",\n        \"Value\": \"ut\"\n      }\n    ],\n    \"ContentHTML\": \"Duis amet\",\n    \"AdditionalStatus\": [\n      {\n        \"StatusCode\": \"id cons\",\n        \"StatusDesc\": \"consequat magna sint nulla\",\n        \"Severity\": \"Info\",\n        \"SvcProviderName\": \"Duis\",\n        \"ServerStatusCode\": \"ea t\",\n        \"ServerStatusDesc\": \"eu consequat non dolor\",\n        \"OvrdExceptionInd\": false,\n        \"SubjectElement\": [\n          {\n            \"Path\": \"esse mollit cillum\",\n            \"ServerPath\": \"ullamco veniam in labore\",\n            \"Value\": \"eiusmod nostrud amet\"\n          },\n          {\n            \"Path\": \"est in do nostrud\",\n            \"ServerPath\": \"ad\",\n            \"Value\": \"elit occaecat Lorem Ut\"\n          }\n        ]\n      },\n      {\n        \"StatusCode\": \"nulla lab\",\n        \"StatusDesc\": \"nostrud\",\n        \"Severity\": \"Error\",\n        \"SvcProviderName\": \"labore reprehenderit nostrud mollit\",\n        \"ServerStatusCode\": \"dolo\",\n        \"ServerStatusDesc\": \"proident eiusmod anim aliqua ut\",\n        \"OvrdExceptionInd\": true,\n        \"SubjectElement\": [\n          {\n            \"Path\": \"non in\",\n            \"ServerPath\": \"incididunt proident consequat culpa eu\",\n            \"Value\": \"exercitation occaecat amet\"\n          },\n          {\n            \"Path\": \"exercitation culpa magna laborum aliqua\",\n            \"ServerPath\": \"tempor eiusmod commodo in\",\n            \"Value\": \"Ut culpa\"\n          }\n        ]\n      }\n    ]\n  }\n}","cookie":[],"_postman_previewlanguage":"json"},{"id":"e4fba21b-d251-40cd-9759-1b8546f0701b","name":"To view the complete list of response codes, <a href=\"../docs/?path=docs/response-codes.md\" title=\"Click to open\">click here.</a>","originalRequest":{"url":{"path":["addrservice","partyacctsvc","address"],"host":["{{baseUrl}}"],"query":[],"variable":[]},"header":[{"disabled":false,"description":"(Required) EFX Header is a common and required component for all API calls, it contains client-related parameters. Please note that the header parameters should be sent as a JSON object under the EFXHeader parameter. To view the list of header parameters, <a href=\"../docs?path=docs/api-ref-EFX-header.md\" title=\"Click to open\"> click here.</a>","key":"EFXHeader","value":"OrganizationId,<string>,TrnId,<string>,VendorId,<string>,Context,[object Object]"},{"key":"Accept","value":"application/json"}],"method":"POST","body":{"mode":"raw","raw":"{\n  \"AddrInfo\": {\n    \"PostAddr\": [\n      {\n        \"AddrType\": \"<string>\",\n        \"AddrUse\": \"<string>\",\n        \"Addr1\": \"<string>\",\n        \"Addr2\": \"<string>\",\n        \"City\": \"<string>\",\n        \"County\": \"<string>\",\n        \"StateProv\": \"<string>\",\n        \"PostalCode\": \"<string>\",\n        \"CountryCode\": {\n          \"CountryCodeValue\": \"<string>\",\n          \"CountryCodeSource\": \"<string>\"\n        },\n        \"TimeFrame\": {\n          \"StartDt\": \"<string>\",\n          \"EndDt\": \"<string>\"\n        },\n        \"Retention\": \"<boolean>\",\n        \"HandlingCode\": \"<string>\",\n        \"PhoneNum\": [\n          {\n            \"PhoneType\": \"<string>\",\n            \"Phone\": \"<string>\"\n          },\n          {\n            \"PhoneType\": \"<string>\",\n            \"Phone\": \"<string>\"\n          }\n        ]\n      },\n      {\n        \"AddrType\": \"<string>\",\n        \"AddrUse\": \"<string>\",\n        \"Addr1\": \"<string>\",\n        \"Addr2\": \"<string>\",\n        \"City\": \"<string>\",\n        \"County\": \"<string>\",\n        \"StateProv\": \"<string>\",\n        \"PostalCode\": \"<string>\",\n        \"CountryCode\": {\n          \"CountryCodeValue\": \"<string>\",\n          \"CountryCodeSource\": \"<string>\"\n        },\n        \"TimeFrame\": {\n          \"StartDt\": \"<string>\",\n          \"EndDt\": \"<string>\"\n        },\n        \"Retention\": \"<boolean>\",\n        \"HandlingCode\": \"<string>\",\n        \"PhoneNum\": [\n          {\n            \"PhoneType\": \"<string>\",\n            \"Phone\": \"<string>\"\n          },\n          {\n            \"PhoneType\": \"<string>\",\n            \"Phone\": \"<string>\"\n          }\n        ]\n      }\n    ]\n  },\n  \"OvrdExceptionData\": {\n    \"OvrdAutoAckInd\": \"<boolean>\"\n  },\n  \"AcctAddrRelInfo\": [\n    {\n      \"AcctRef\": {\n        \"AcctKeys\": {\n          \"AcctId\": \"<string>\",\n          \"AcctType\": \"<string>\"\n        }\n      }\n    },\n    {\n      \"AcctRef\": {\n        \"AcctKeys\": {\n          \"AcctId\": \"<string>\",\n          \"AcctType\": \"<string>\"\n        }\n      }\n    }\n  ]\n}","options":{"raw":{"language":"json"}}}},"status":"Internal Server Error","code":500,"header":[{"key":"Content-Type","value":"application/json"}],"body":"{\n  \"AddrStatusRec\": {\n    \"AddrStatus\": {\n      \"AddrStatusCode\": \"Valid\",\n      \"EffDt\": \"7688-67-09T05:73\"\n    }\n  },\n  \"Status\": {\n    \"Severity\": \"Warning\",\n    \"StatusCode\": \"est dolor\",\n    \"StatusDesc\": \"officia\",\n    \"SvcProviderName\": \"mollit dolor sunt\",\n    \"Id\": \"ut\",\n    \"ServerStatusCode\": \"exercitation\",\n    \"ServerStatusDesc\": \"commodo esse\",\n    \"OvrdExceptionInd\": false,\n    \"SubjectRole\": \"officia occaecat tempor\",\n    \"SubjectElement\": [\n      {\n        \"Path\": \"tempor culpa ut\",\n        \"ServerPath\": \"quis sint\",\n        \"Value\": \"aute Lorem officia Duis\"\n      },\n      {\n        \"Path\": \"dolore dolor cillum proident\",\n        \"ServerPath\": \"occaecat in do cupidatat ea\",\n        \"Value\": \"quis nostrud occaecat cupidatat ipsum\"\n      }\n    ],\n    \"ContentHTML\": \"Ut\",\n    \"AdditionalStatus\": [\n      {\n        \"StatusCode\": \"pariat\",\n        \"StatusDesc\": \"commodo do\",\n        \"Severity\": \"Warning\",\n        \"SvcProviderName\": \"minim ad non ipsum\",\n        \"ServerStatusCode\": \"id\",\n        \"ServerStatusDesc\": \"Duis non culpa\",\n        \"OvrdExceptionInd\": true,\n        \"SubjectElement\": [\n          {\n            \"Path\": \"ut reprehenderit est\",\n            \"ServerPath\": \"incididunt fugiat ea dolor\",\n            \"Value\": \"labore incididunt sunt\"\n          },\n          {\n            \"Path\": \"do veniam dolore\",\n            \"ServerPath\": \"ut commodo sed non fugiat\",\n            \"Value\": \"ex dolore adipisicing\"\n          }\n        ]\n      },\n      {\n        \"StatusCode\": \"ea occaecat\",\n        \"StatusDesc\": \"est laboris\",\n        \"Severity\": \"Error\",\n        \"SvcProviderName\": \"ex ut deserunt do Ut\",\n        \"ServerStatusCode\": \"ea Lorem temp\",\n        \"ServerStatusDesc\": \"dolor Duis est consectetur\",\n        \"OvrdExceptionInd\": false,\n        \"SubjectElement\": [\n          {\n            \"Path\": \"do\",\n            \"ServerPath\": \"in fugiat cillum\",\n            \"Value\": \"fugiat dolor\"\n          },\n          {\n            \"Path\": \"pariatur commodo quis dolore\",\n            \"ServerPath\": \"mollit cupidatat esse in adipisic\",\n            \"Value\": \"tempor ut\"\n          }\n        ]\n      }\n    ]\n  }\n}","cookie":[],"_postman_previewlanguage":"json"}],"event":[],"protocolProfileBehavior":{"disableBodyPruning":true}}],"event":[],"variable":[{"type":"string","value":"/","key":"baseUrl"}],"info":{"_postman_id":"316937fd-9c02-4aa7-9488-8e3e7a0519df","name":"Address Service","schema":"https://schema.getpostman.com/json/collection/v2.1.0/collection.json","description":{"content":"The Address service manages addresses related to parties and product accounts.","type":"text/plain"}}}