{"item":[{"id":"4b3fc414-7796-478b-ab38-d605a898b85c","name":"partypartyrelservice/parties/partyparties","item":[{"id":"103b05dd-17bc-4e09-b89c-8d0bae01a3d3","name":"Add Party to Party Relationship","request":{"name":"Add Party to Party Relationship","description":{"content":"Add Party-to-Party Relationship API creates the relationship record between two parties (person or an organization). <br> <br> To download the API Specifications and Postman Collection, click <a href=\"../docs/?path=docs/resources/resources.md\" title=\"Click to open\">Resources</a>.","type":"text/plain"},"url":{"path":["partypartyrelservice","parties","partyparties"],"host":["{{baseUrl}}"],"query":[],"variable":[]},"header":[{"disabled":false,"description":"(Required) EFX Header is a common and required component for all API calls, it contains client-related parameters. Please note that the header parameters should be sent as a JSON object under the EFXHeader parameter. To view the list of header parameters, <a href=\"../docs?path=docs/api-ref-EFX-header.md\" title=\"Click to open\"> click here.</a>","key":"EFXHeader","value":"OrganizationId,<string>,TrnId,<string>,VendorId,<string>,Context,[object Object]"},{"key":"Content-Type","value":"application/json"},{"key":"Accept","value":"application/json"}],"method":"POST","auth":null,"body":{"mode":"raw","raw":"{\n  \"PartyPartyRelInfo\": {\n    \"PartyRef\": {\n      \"PartyKeys\": {\n        \"PartyId\": \"<string>\"\n      }\n    },\n    \"RelPartyRef\": {\n      \"PartyKeys\": {\n        \"PartyId\": \"<string>\"\n      },\n      \"PartyRelType\": \"<string>\",\n      \"ReversePartyRelType\": \"<string>\"\n    }\n  }\n}","options":{"raw":{"language":"json"}}}},"response":[{"id":"5cc5ad88-f4fa-4ff3-9601-83e8c82aace3","name":"Created","originalRequest":{"url":{"path":["partypartyrelservice","parties","partyparties"],"host":["{{baseUrl}}"],"query":[],"variable":[]},"header":[{"disabled":false,"description":"(Required) EFX Header is a common and required component for all API calls, it contains client-related parameters. Please note that the header parameters should be sent as a JSON object under the EFXHeader parameter. To view the list of header parameters, <a href=\"../docs?path=docs/api-ref-EFX-header.md\" title=\"Click to open\"> click here.</a>","key":"EFXHeader","value":"OrganizationId,<string>,TrnId,<string>,VendorId,<string>,Context,[object Object]"},{"key":"Accept","value":"application/json"}],"method":"POST","body":{"mode":"raw","raw":"{\n  \"PartyPartyRelInfo\": {\n    \"PartyRef\": {\n      \"PartyKeys\": {\n        \"PartyId\": \"<string>\"\n      }\n    },\n    \"RelPartyRef\": {\n      \"PartyKeys\": {\n        \"PartyId\": \"<string>\"\n      },\n      \"PartyRelType\": \"<string>\",\n      \"ReversePartyRelType\": \"<string>\"\n    }\n  }\n}","options":{"raw":{"language":"json"}}}},"status":"Created","code":201,"header":[{"key":"Content-Type","value":"application/json"}],"body":"{\n  \"PartyPartyRelStatusRec\": {\n    \"PartyPartyRelKeys\": {\n      \"PartyKeys\": {\n        \"PartyId\": \"nisi consectetur sed\"\n      },\n      \"RelPartyKeys\": {\n        \"PartyId\": \"Lorem off\"\n      }\n    },\n    \"PartyPartyRelStatus\": {\n      \"PartyPartyRelStatusCode\": \"Valid\",\n      \"EffDt\": \"7029-45-70\"\n    }\n  },\n  \"Status\": {\n    \"Severity\": \"Error\",\n    \"StatusCode\": \"nisi reprehender\",\n    \"StatusDesc\": \"veniam anim tempor id\",\n    \"SvcProviderName\": \"sed quis in\",\n    \"Id\": \"ullamco est velit\",\n    \"ServerStatusCode\": \"repreh\",\n    \"ServerStatusDesc\": \"officia enim esse\",\n    \"OvrdExceptionInd\": false,\n    \"SubjectRole\": \"magna nisi Ut fugiat\",\n    \"SubjectElement\": [\n      {\n        \"Path\": \"irure\",\n        \"ServerPath\": \"ut\",\n        \"Value\": \"ullamco adipisicing dolor qui in\"\n      },\n      {\n        \"Path\": \"laboris \",\n        \"ServerPath\": \"ex dolor mollit\",\n        \"Value\": \"reprehenderit sunt\"\n      }\n    ],\n    \"ContentHTML\": \"veniam laboris dolore eiusmod ullamco\",\n    \"AdditionalStatus\": [\n      {\n        \"StatusCode\": \"nostrud qui\",\n        \"StatusDesc\": \"ea\",\n        \"Severity\": \"Warning\",\n        \"SvcProviderName\": \"aute aliqua sint occaecat ad\",\n        \"ServerStatusCode\": \"aliq\",\n        \"ServerStatusDesc\": \"minim Ut esse cillum\",\n        \"OvrdExceptionInd\": false,\n        \"SubjectElement\": [\n          {\n            \"Path\": \"id quis cupidatat qui\",\n            \"ServerPath\": \"in cupidatat sed id\",\n            \"Value\": \"magna\"\n          },\n          {\n            \"Path\": \"ut\",\n            \"ServerPath\": \"incididunt sunt aute\",\n            \"Value\": \"aliquip\"\n          }\n        ]\n      },\n      {\n        \"StatusCode\": \"voluptate nostrud \",\n        \"StatusDesc\": \"reprehenderit irure\",\n        \"Severity\": \"Error\",\n        \"SvcProviderName\": \"cillum Lorem occaecat\",\n        \"ServerStatusCode\": \"eiusmod\",\n        \"ServerStatusDesc\": \"dolore\",\n        \"OvrdExceptionInd\": true,\n        \"SubjectElement\": [\n          {\n            \"Path\": \"tempor eu\",\n            \"ServerPath\": \"quis exercitation\",\n            \"Value\": \"ullamco ut reprehenderit\"\n          },\n          {\n            \"Path\": \"nostrud nisi cillum Excepteur\",\n            \"ServerPath\": \"minim\",\n            \"Value\": \"nulla veniam\"\n          }\n        ]\n      }\n    ]\n  }\n}","cookie":[],"_postman_previewlanguage":"json"},{"id":"2b49b074-ec59-469f-887f-a1ff274b6165","name":"To view the complete list of response codes, <a href=\"../docs/?path=docs/response-codes.md\" title=\"Click to open\">click here.</a>","originalRequest":{"url":{"path":["partypartyrelservice","parties","partyparties"],"host":["{{baseUrl}}"],"query":[],"variable":[]},"header":[{"disabled":false,"description":"(Required) EFX Header is a common and required component for all API calls, it contains client-related parameters. Please note that the header parameters should be sent as a JSON object under the EFXHeader parameter. To view the list of header parameters, <a href=\"../docs?path=docs/api-ref-EFX-header.md\" title=\"Click to open\"> click here.</a>","key":"EFXHeader","value":"OrganizationId,<string>,TrnId,<string>,VendorId,<string>,Context,[object Object]"},{"key":"Accept","value":"application/json"}],"method":"POST","body":{"mode":"raw","raw":"{\n  \"PartyPartyRelInfo\": {\n    \"PartyRef\": {\n      \"PartyKeys\": {\n        \"PartyId\": \"<string>\"\n      }\n    },\n    \"RelPartyRef\": {\n      \"PartyKeys\": {\n        \"PartyId\": \"<string>\"\n      },\n      \"PartyRelType\": \"<string>\",\n      \"ReversePartyRelType\": \"<string>\"\n    }\n  }\n}","options":{"raw":{"language":"json"}}}},"status":"Internal Server Error","code":500,"header":[{"key":"Content-Type","value":"application/json"}],"body":"{\n  \"PartyPartyRelStatusRec\": {\n    \"PartyPartyRelKeys\": {\n      \"PartyKeys\": {\n        \"PartyId\": \"amet\"\n      },\n      \"RelPartyKeys\": {\n        \"PartyId\": \"quis proident\"\n      }\n    },\n    \"PartyPartyRelStatus\": {\n      \"PartyPartyRelStatusCode\": \"Valid\",\n      \"EffDt\": \"3560-11-38T91:79:18.587-74:22\"\n    }\n  },\n  \"Status\": {\n    \"Severity\": \"Info\",\n    \"StatusCode\": \"elit est \",\n    \"StatusDesc\": \"magna\",\n    \"SvcProviderName\": \"velit minim\",\n    \"Id\": \"nulla eu\",\n    \"ServerStatusCode\": \"occaecat sit i\",\n    \"ServerStatusDesc\": \"\",\n    \"OvrdExceptionInd\": false,\n    \"SubjectRole\": \"aliquip do\",\n    \"SubjectElement\": [\n      {\n        \"Path\": \"est\",\n        \"ServerPath\": \"voluptate cupidatat ullamco\",\n        \"Value\": \"cillum dolor\"\n      },\n      {\n        \"Path\": \"ipsum mollit\",\n        \"ServerPath\": \"Duis\",\n        \"Value\": \"Lorem occaecat Ut nostrud sed\"\n      }\n    ],\n    \"ContentHTML\": \"officia adipisicing dolor do irure\",\n    \"AdditionalStatus\": [\n      {\n        \"StatusCode\": \"adipisicing labor\",\n        \"StatusDesc\": \"aliqua Duis laborum voluptate qui\",\n        \"Severity\": \"Info\",\n        \"SvcProviderName\": \"aliqu\",\n        \"ServerStatusCode\": \"dolore\",\n        \"ServerStatusDesc\": \"reprehenderit\",\n        \"OvrdExceptionInd\": false,\n        \"SubjectElement\": [\n          {\n            \"Path\": \"labore est\",\n            \"ServerPath\": \"dolore anim ullamco\",\n            \"Value\": \"in commodo labore\"\n          },\n          {\n            \"Path\": \"aliqua\",\n            \"ServerPath\": \"sit\",\n            \"Value\": \"sed\"\n          }\n        ]\n      },\n      {\n        \"StatusCode\": \"nostr\",\n        \"StatusDesc\": \"cillum mini\",\n        \"Severity\": \"Error\",\n        \"SvcProviderName\": \"ad\",\n        \"ServerStatusCode\": \"\",\n        \"ServerStatusDesc\": \"in elit\",\n        \"OvrdExceptionInd\": true,\n        \"SubjectElement\": [\n          {\n            \"Path\": \"offi\",\n            \"ServerPath\": \"do pariatur sed\",\n            \"Value\": \"mollit occaecat ad\"\n          },\n          {\n            \"Path\": \"aute in\",\n            \"ServerPath\": \"proident et minim i\",\n            \"Value\": \"et sunt nisi qui\"\n          }\n        ]\n      }\n    ]\n  }\n}","cookie":[],"_postman_previewlanguage":"json"}],"event":[],"protocolProfileBehavior":{"disableBodyPruning":true}},{"id":"5b95fd31-ef96-4fc2-ac2e-9f36f870b91b","name":"secured","item":[{"id":"a49b9434-d55e-4b13-a9c4-e70d1166d996","name":"Delete Party to Party Relationship","request":{"name":"Delete Party to Party Relationship","description":{"content":"Delete Party-to-Party Relationship API deletes the relationship record between two parties (person or an organization). Only one party to party relationship record is deleted per request. <br> <br> To download the API Specifications and Postman Collection, click <a href=\"../docs/?path=docs/resources/resources.md\" title=\"Click to open\">Resources</a>.","type":"text/plain"},"url":{"path":["partypartyrelservice","parties","partyparties","secured"],"host":["{{baseUrl}}"],"query":[],"variable":[]},"header":[{"disabled":false,"description":"(Required) EFX Header is a common and required component for all API calls, it contains authentication and client-related parameters. Please note that the header parameters should be sent as a JSON object under the EFXHeader parameter. To view the list of header parameters, <a href=\"../docs?path=docs/api-ref-EFX-header.md\" title=\"Click to open\"> click here.</a>","key":"EFXHeader","value":"OrganizationId,<string>,TrnId,<string>,VendorId,<string>,Context,[object Object]"},{"key":"Content-Type","value":"application/json"},{"key":"Accept","value":"application/json"}],"method":"PUT","auth":null,"body":{"mode":"raw","raw":"{\n  \"PartyPartyRelKeys\": {\n    \"PartyKeys\": {\n      \"PartyId\": \"<string>\"\n    },\n    \"RelPartyKeys\": {\n      \"PartyId\": \"<string>\"\n    },\n    \"PartyRelType\": \"<string>\"\n  }\n}","options":{"raw":{"language":"json"}}}},"response":[{"id":"beabcd0a-ddf7-4552-b1f1-6ed7a6417c76","name":"Success","originalRequest":{"url":{"path":["partypartyrelservice","parties","partyparties","secured"],"host":["{{baseUrl}}"],"query":[],"variable":[]},"header":[{"disabled":false,"description":"(Required) EFX Header is a common and required component for all API calls, it contains authentication and client-related parameters. Please note that the header parameters should be sent as a JSON object under the EFXHeader parameter. To view the list of header parameters, <a href=\"../docs?path=docs/api-ref-EFX-header.md\" title=\"Click to open\"> click here.</a>","key":"EFXHeader","value":"OrganizationId,<string>,TrnId,<string>,VendorId,<string>,Context,[object Object]"},{"key":"Accept","value":"application/json"}],"method":"PUT","body":{"mode":"raw","raw":"{\n  \"PartyPartyRelKeys\": {\n    \"PartyKeys\": {\n      \"PartyId\": \"<string>\"\n    },\n    \"RelPartyKeys\": {\n      \"PartyId\": \"<string>\"\n    },\n    \"PartyRelType\": \"<string>\"\n  }\n}","options":{"raw":{"language":"json"}}}},"status":"OK","code":200,"header":[{"key":"Content-Type","value":"application/json"}],"body":"{\n  \"PartyPartyRelStatusRec\": {\n    \"PartyPartyRelKeys\": {\n      \"PartyKeys\": {\n        \"PartyId\": \"eu mollit\"\n      },\n      \"RelPartyKeys\": {\n        \"PartyId\": \"Ut tempor voluptate nis\"\n      }\n    },\n    \"PartyPartyRelStatus\": {\n      \"PartyPartyRelStatusCode\": \"Deleted\",\n      \"EffDt\": \"4561-17-69T16:64:11.806\"\n    }\n  },\n  \"Status\": {\n    \"Severity\": \"Warning\",\n    \"StatusCode\": \"reprehenderi\",\n    \"StatusDesc\": \"magna do dolore pariatur aliqua\",\n    \"SvcProviderName\": \"sunt incididunt tempor officia\",\n    \"Id\": \"labore amet veniam ad\",\n    \"ServerStatusCode\": \"eiusmod in \",\n    \"ServerStatusDesc\": \"enim sunt non aute veniam\",\n    \"OvrdExceptionInd\": false,\n    \"SubjectRole\": \"qui magna aliquip dolor id\",\n    \"SubjectElement\": [\n      {\n        \"Path\": \"Ut quis anim nisi\",\n        \"ServerPath\": \"in voluptate tempor\",\n        \"Value\": \"nostrud anim\"\n      },\n      {\n        \"Path\": \"sint qui mollit\",\n        \"ServerPath\": \"dolor do\",\n        \"Value\": \"quis ullamco\"\n      }\n    ],\n    \"ContentHTML\": \"proident id\",\n    \"AdditionalStatus\": [\n      {\n        \"StatusCode\": \"elit\",\n        \"StatusDesc\": \"aute Lorem proident ut\",\n        \"Severity\": \"Info\",\n        \"SvcProviderName\": \"est veniam\",\n        \"ServerStatusCode\": \"ex laboris \",\n        \"ServerStatusDesc\": \"ex incididunt\",\n        \"OvrdExceptionInd\": false,\n        \"SubjectElement\": [\n          {\n            \"Path\": \"do dolore eiusmod\",\n            \"ServerPath\": \"fugiat\",\n            \"Value\": \"tempor veniam\"\n          },\n          {\n            \"Path\": \"ullamco dolor\",\n            \"ServerPath\": \"aliqua elit laborum pariatur\",\n            \"Value\": \"exercitation nostrud labore\"\n          }\n        ]\n      },\n      {\n        \"StatusCode\": \"aute deserunt\",\n        \"StatusDesc\": \"proident et ullamco elit amet\",\n        \"Severity\": \"Info\",\n        \"SvcProviderName\": \"ipsum\",\n        \"ServerStatusCode\": \"commodo ipsu\",\n        \"ServerStatusDesc\": \"non\",\n        \"OvrdExceptionInd\": true,\n        \"SubjectElement\": [\n          {\n            \"Path\": \"commodo esse veniam voluptate\",\n            \"ServerPath\": \"eiusmod commodo ex\",\n            \"Value\": \"magna laboris ea\"\n          },\n          {\n            \"Path\": \"ipsum elit minim \",\n            \"ServerPath\": \"nisi dolor consectetur anim\",\n            \"Value\": \"sunt ut sint ipsum\"\n          }\n        ]\n      }\n    ]\n  }\n}","cookie":[],"_postman_previewlanguage":"json"},{"id":"16cff7fc-3e74-4aff-ab85-b49da165f0d5","name":"To view the complete list of response codes, <a href=\"../docs/?path=docs/response-codes.md\" title=\"Click to open\">click here.</a>","originalRequest":{"url":{"path":["partypartyrelservice","parties","partyparties","secured"],"host":["{{baseUrl}}"],"query":[],"variable":[]},"header":[{"disabled":false,"description":"(Required) EFX Header is a common and required component for all API calls, it contains authentication and client-related parameters. Please note that the header parameters should be sent as a JSON object under the EFXHeader parameter. To view the list of header parameters, <a href=\"../docs?path=docs/api-ref-EFX-header.md\" title=\"Click to open\"> click here.</a>","key":"EFXHeader","value":"OrganizationId,<string>,TrnId,<string>,VendorId,<string>,Context,[object Object]"},{"key":"Accept","value":"application/json"}],"method":"PUT","body":{"mode":"raw","raw":"{\n  \"PartyPartyRelKeys\": {\n    \"PartyKeys\": {\n      \"PartyId\": \"<string>\"\n    },\n    \"RelPartyKeys\": {\n      \"PartyId\": \"<string>\"\n    },\n    \"PartyRelType\": \"<string>\"\n  }\n}","options":{"raw":{"language":"json"}}}},"status":"Internal Server Error","code":500,"header":[{"key":"Content-Type","value":"application/json"}],"body":"{\n  \"PartyPartyRelStatusRec\": {\n    \"PartyPartyRelKeys\": {\n      \"PartyKeys\": {\n        \"PartyId\": \"eu mollit\"\n      },\n      \"RelPartyKeys\": {\n        \"PartyId\": \"Ut tempor voluptate nis\"\n      }\n    },\n    \"PartyPartyRelStatus\": {\n      \"PartyPartyRelStatusCode\": \"Deleted\",\n      \"EffDt\": \"4561-17-69T16:64:11.806\"\n    }\n  },\n  \"Status\": {\n    \"Severity\": \"Warning\",\n    \"StatusCode\": \"reprehenderi\",\n    \"StatusDesc\": \"magna do dolore pariatur aliqua\",\n    \"SvcProviderName\": \"sunt incididunt tempor officia\",\n    \"Id\": \"labore amet veniam ad\",\n    \"ServerStatusCode\": \"eiusmod in \",\n    \"ServerStatusDesc\": \"enim sunt non aute veniam\",\n    \"OvrdExceptionInd\": false,\n    \"SubjectRole\": \"qui magna aliquip dolor id\",\n    \"SubjectElement\": [\n      {\n        \"Path\": \"Ut quis anim nisi\",\n        \"ServerPath\": \"in voluptate tempor\",\n        \"Value\": \"nostrud anim\"\n      },\n      {\n        \"Path\": \"sint qui mollit\",\n        \"ServerPath\": \"dolor do\",\n        \"Value\": \"quis ullamco\"\n      }\n    ],\n    \"ContentHTML\": \"proident id\",\n    \"AdditionalStatus\": [\n      {\n        \"StatusCode\": \"elit\",\n        \"StatusDesc\": \"aute Lorem proident ut\",\n        \"Severity\": \"Info\",\n        \"SvcProviderName\": \"est veniam\",\n        \"ServerStatusCode\": \"ex laboris \",\n        \"ServerStatusDesc\": \"ex incididunt\",\n        \"OvrdExceptionInd\": false,\n        \"SubjectElement\": [\n          {\n            \"Path\": \"do dolore eiusmod\",\n            \"ServerPath\": \"fugiat\",\n            \"Value\": \"tempor veniam\"\n          },\n          {\n            \"Path\": \"ullamco dolor\",\n            \"ServerPath\": \"aliqua elit laborum pariatur\",\n            \"Value\": \"exercitation nostrud labore\"\n          }\n        ]\n      },\n      {\n        \"StatusCode\": \"aute deserunt\",\n        \"StatusDesc\": \"proident et ullamco elit amet\",\n        \"Severity\": \"Info\",\n        \"SvcProviderName\": \"ipsum\",\n        \"ServerStatusCode\": \"commodo ipsu\",\n        \"ServerStatusDesc\": \"non\",\n        \"OvrdExceptionInd\": true,\n        \"SubjectElement\": [\n          {\n            \"Path\": \"commodo esse veniam voluptate\",\n            \"ServerPath\": \"eiusmod commodo ex\",\n            \"Value\": \"magna laboris ea\"\n          },\n          {\n            \"Path\": \"ipsum elit minim \",\n            \"ServerPath\": \"nisi dolor consectetur anim\",\n            \"Value\": \"sunt ut sint ipsum\"\n          }\n        ]\n      }\n    ]\n  }\n}","cookie":[],"_postman_previewlanguage":"json"}],"event":[],"protocolProfileBehavior":{"disableBodyPruning":true}},{"id":"9dfd6d6a-6b3a-414f-b5d4-8f694ff71e1e","name":"Get Party to Party Relationship","request":{"name":"Get Party to Party Relationship","description":{"content":"Get Party-to-Party Relationship API retrieves the list of relationships between the selected party (customer) with the other parties (customers). It also retrieves the same information in reverse manner. <br> <br> To download the API Specifications and Postman Collection, click <a href=\"../docs/?path=docs/resources/resources.md\" title=\"Click to open\">Resources</a>.","type":"text/plain"},"url":{"path":["partypartyrelservice","parties","partyparties","secured"],"host":["{{baseUrl}}"],"query":[],"variable":[]},"header":[{"disabled":false,"description":"(Required) EFX Header is a common and required component for all API calls, it contains authentication and client-related parameters. Please note that the header parameters should be sent as a JSON object under the EFXHeader parameter. To view the list of header parameters, <a href=\"../docs?path=docs/api-ref-EFX-header.md\" title=\"Click to open\"> click here.</a>","key":"EFXHeader","value":"OrganizationId,<string>,TrnId,<string>,VendorId,<string>,Context,[object Object]"},{"key":"Content-Type","value":"application/json"},{"key":"Accept","value":"application/json"}],"method":"POST","auth":null,"body":{"mode":"raw","raw":"{\n  \"PartyPartyRelSel\": {\n    \"PartyKeys\": {\n      \"PartyId\": \"<string>\"\n    }\n  }\n}","options":{"raw":{"language":"json"}}}},"response":[{"id":"2d09fc08-595a-4574-8a7a-6dc793a5cb5e","name":"Success","originalRequest":{"url":{"path":["partypartyrelservice","parties","partyparties","secured"],"host":["{{baseUrl}}"],"query":[],"variable":[]},"header":[{"disabled":false,"description":"(Required) EFX Header is a common and required component for all API calls, it contains authentication and client-related parameters. Please note that the header parameters should be sent as a JSON object under the EFXHeader parameter. To view the list of header parameters, <a href=\"../docs?path=docs/api-ref-EFX-header.md\" title=\"Click to open\"> click here.</a>","key":"EFXHeader","value":"OrganizationId,<string>,TrnId,<string>,VendorId,<string>,Context,[object Object]"},{"key":"Accept","value":"application/json"}],"method":"POST","body":{"mode":"raw","raw":"{\n  \"PartyPartyRelSel\": {\n    \"PartyKeys\": {\n      \"PartyId\": \"<string>\"\n    }\n  }\n}","options":{"raw":{"language":"json"}}}},"status":"OK","code":200,"header":[{"key":"Content-Type","value":"application/json"}],"body":"{\n  \"PartyPartyRelRec\": [\n    {\n      \"PartyPartyRelInfo\": {\n        \"PartyRef\": {\n          \"PartyKeys\": {\n            \"PartyId\": \"velit inci\"\n          },\n          \"PersonPartyListInfo\": {\n            \"PersonName\": {\n              \"NameType\": \"velit Duis in\",\n              \"FullName\": \"cupidatat veniam qui esse\"\n            }\n          },\n          \"OrgPartyListInfo\": {\n            \"OrgName\": {}\n          }\n        },\n        \"RelPartyRef\": {\n          \"PartyKeys\": {\n            \"PartyId\": \"\"\n          },\n          \"PartyRelType\": \"Daugther\",\n          \"PartyRelTypeEnumDesc\": \"deserunt sunt occaecat est offic\",\n          \"RelEstablishDt\": \"7408-57-90\",\n          \"Name\": \"consequat Excepteur v\"\n        }\n      },\n      \"PartyPartyRelKeys\": {\n        \"PartyKeys\": {\n          \"PartyId\": \"mollit ex\"\n        },\n        \"RelPartyKeys\": {\n          \"PartyId\": \"anim ad aute minim si\"\n        }\n      },\n      \"PartyPartyRelStatus\": {\n        \"PartyPartyRelStatusCode\": \"Valid\",\n        \"EffDt\": \"9751-57-58\"\n      }\n    },\n    {\n      \"PartyPartyRelInfo\": {\n        \"PartyRef\": {\n          \"PartyKeys\": {\n            \"PartyId\": \"ullam\"\n          },\n          \"PersonPartyListInfo\": {\n            \"PersonName\": {\n              \"NameType\": \"ipsum amet quis\",\n              \"FullName\": \"Duis\"\n            }\n          },\n          \"OrgPartyListInfo\": {\n            \"OrgName\": {}\n          }\n        },\n        \"RelPartyRef\": {\n          \"PartyKeys\": {\n            \"PartyId\": \"deserunt\"\n          },\n          \"PartyRelType\": \"Mother\",\n          \"PartyRelTypeEnumDesc\": \"anim sed\",\n          \"RelEstablishDt\": \"0699-11-81T74:09\",\n          \"Name\": \"si\"\n        }\n      },\n      \"PartyPartyRelKeys\": {\n        \"PartyKeys\": {\n          \"PartyId\": \"do ipsum ad\"\n        },\n        \"RelPartyKeys\": {\n          \"PartyId\": \"irure pariatur\"\n        }\n      },\n      \"PartyPartyRelStatus\": {\n        \"PartyPartyRelStatusCode\": \"Valid\",\n        \"EffDt\": \"1586-23-60\"\n      }\n    }\n  ],\n  \"Status\": {\n    \"Severity\": \"Info\",\n    \"StatusCode\": \"qui sint ut\",\n    \"StatusDesc\": \"cillum fugiat temp\",\n    \"SvcProviderName\": \"magna dolore adipisicing\",\n    \"Id\": \"dolore sint ut do\",\n    \"ServerStatusCode\": \"magna e\",\n    \"ServerStatusDesc\": \"magna tempor\",\n    \"OvrdExceptionInd\": false,\n    \"SubjectRole\": \"dolore consequat\",\n    \"SubjectElement\": [\n      {\n        \"Path\": \"Lorem in\",\n        \"ServerPath\": \"enim nostrud do cupidatat\",\n        \"Value\": \"sunt esse minim\"\n      },\n      {\n        \"Path\": \"eiusmod sed ullamco\",\n        \"ServerPath\": \"incididunt dolor\",\n        \"Value\": \"culpa Excepteur amet irure\"\n      }\n    ],\n    \"ContentHTML\": \"laboris magna dolo\",\n    \"AdditionalStatus\": [\n      {\n        \"StatusCode\": \"\",\n        \"StatusDesc\": \"laboris ipsum id\",\n        \"Severity\": \"Error\",\n        \"SvcProviderName\": \"aliqua deserunt sit\",\n        \"ServerStatusCode\": \"id\",\n        \"ServerStatusDesc\": \"elit dolore\",\n        \"OvrdExceptionInd\": false,\n        \"SubjectElement\": [\n          {\n            \"Path\": \"incididunt\",\n            \"ServerPath\": \"elit\",\n            \"Value\": \"elit sunt Lorem irure\"\n          },\n          {\n            \"Path\": \"tempor quis ulla\",\n            \"ServerPath\": \"quis in ipsum\",\n            \"Value\": \"do dolor\"\n          }\n        ]\n      },\n      {\n        \"StatusCode\": \"consectetur nisi\",\n        \"StatusDesc\": \"pariatur r\",\n        \"Severity\": \"Info\",\n        \"SvcProviderName\": \"tempor ut commodo veniam\",\n        \"ServerStatusCode\": \"eu velit temp\",\n        \"ServerStatusDesc\": \"deserunt officia\",\n        \"OvrdExceptionInd\": false,\n        \"SubjectElement\": [\n          {\n            \"Path\": \"eiusmod Duis\",\n            \"ServerPath\": \"irure nisi in\",\n            \"Value\": \"laborum dolor nulla\"\n          },\n          {\n            \"Path\": \"eu qui Lorem\",\n            \"ServerPath\": \"dolore Duis ex\",\n            \"Value\": \"dolore occaecat\"\n          }\n        ]\n      }\n    ]\n  },\n  \"RecCtrlOut\": {\n    \"SentRecCount\": -15746509\n  }\n}","cookie":[],"_postman_previewlanguage":"json"},{"id":"f81a445f-b6fa-4c11-a495-32d315cab5cb","name":"To view the complete list of response codes, <a href=\"../docs/?path=docs/response-codes.md\" title=\"Click to open\">click here.</a>","originalRequest":{"url":{"path":["partypartyrelservice","parties","partyparties","secured"],"host":["{{baseUrl}}"],"query":[],"variable":[]},"header":[{"disabled":false,"description":"(Required) EFX Header is a common and required component for all API calls, it contains authentication and client-related parameters. Please note that the header parameters should be sent as a JSON object under the EFXHeader parameter. To view the list of header parameters, <a href=\"../docs?path=docs/api-ref-EFX-header.md\" title=\"Click to open\"> click here.</a>","key":"EFXHeader","value":"OrganizationId,<string>,TrnId,<string>,VendorId,<string>,Context,[object Object]"},{"key":"Accept","value":"application/json"}],"method":"POST","body":{"mode":"raw","raw":"{\n  \"PartyPartyRelSel\": {\n    \"PartyKeys\": {\n      \"PartyId\": \"<string>\"\n    }\n  }\n}","options":{"raw":{"language":"json"}}}},"status":"Internal Server Error","code":500,"header":[{"key":"Content-Type","value":"application/json"}],"body":"{\n  \"PartyPartyRelRec\": [\n    {\n      \"PartyPartyRelInfo\": {\n        \"PartyRef\": {\n          \"PartyKeys\": {\n            \"PartyId\": \"nulla dolor\"\n          },\n          \"PersonPartyListInfo\": {\n            \"PersonName\": {\n              \"NameType\": \"qui\",\n              \"FullName\": \"proident ipsum aliquip\"\n            }\n          },\n          \"OrgPartyListInfo\": {\n            \"OrgName\": {}\n          }\n        },\n        \"RelPartyRef\": {\n          \"PartyKeys\": {\n            \"PartyId\": \"irure est\"\n          },\n          \"PartyRelType\": \"Granddaugther\",\n          \"PartyRelTypeEnumDesc\": \"labor\",\n          \"RelEstablishDt\": \"6046-40-91\",\n          \"Name\": \"eiusmod exercitation dolore Excepteur\"\n        }\n      },\n      \"PartyPartyRelKeys\": {\n        \"PartyKeys\": {\n          \"PartyId\": \"dolore nulla aliquip\"\n        },\n        \"RelPartyKeys\": {\n          \"PartyId\": \"sint deserunt con\"\n        }\n      },\n      \"PartyPartyRelStatus\": {\n        \"PartyPartyRelStatusCode\": \"Valid\",\n        \"EffDt\": \"8801-07-71T80:99:20.119\"\n      }\n    },\n    {\n      \"PartyPartyRelInfo\": {\n        \"PartyRef\": {\n          \"PartyKeys\": {\n            \"PartyId\": \"dolor\"\n          },\n          \"PersonPartyListInfo\": {\n            \"PersonName\": {\n              \"NameType\": \"ipsum incididunt al\",\n              \"FullName\": \"magna\"\n            }\n          },\n          \"OrgPartyListInfo\": {\n            \"OrgName\": {}\n          }\n        },\n        \"RelPartyRef\": {\n          \"PartyKeys\": {\n            \"PartyId\": \"ut q\"\n          },\n          \"PartyRelType\": \"Niece\",\n          \"PartyRelTypeEnumDesc\": \"ullamco commodo eu\",\n          \"RelEstablishDt\": \"2325-97-58T76:41\",\n          \"Name\": \"enim adipisicing Lorem\"\n        }\n      },\n      \"PartyPartyRelKeys\": {\n        \"PartyKeys\": {\n          \"PartyId\": \"in qui\"\n        },\n        \"RelPartyKeys\": {\n          \"PartyId\": \"exercita\"\n        }\n      },\n      \"PartyPartyRelStatus\": {\n        \"PartyPartyRelStatusCode\": \"Valid\",\n        \"EffDt\": \"4190-19-45T00:18:36+94:94\"\n      }\n    }\n  ],\n  \"Status\": {\n    \"Severity\": \"Info\",\n    \"StatusCode\": \"magna\",\n    \"StatusDesc\": \"voluptate Ut sint Excepteur\",\n    \"SvcProviderName\": \"sint\",\n    \"Id\": \"sunt est\",\n    \"ServerStatusCode\": \"ame\",\n    \"ServerStatusDesc\": \"do\",\n    \"OvrdExceptionInd\": false,\n    \"SubjectRole\": \"non incididunt\",\n    \"SubjectElement\": [\n      {\n        \"Path\": \"commodo sed\",\n        \"ServerPath\": \"ipsum magna aliquip est\",\n        \"Value\": \"incididunt cupidatat ea\"\n      },\n      {\n        \"Path\": \"incididunt ullamco deser\",\n        \"ServerPath\": \"cupid\",\n        \"Value\": \"irure cupidatat mollit in\"\n      }\n    ],\n    \"ContentHTML\": \"ullamco elit\",\n    \"AdditionalStatus\": [\n      {\n        \"StatusCode\": \"quis est ipsu\",\n        \"StatusDesc\": \"sint culpa cupidatat dolore reprehenderit\",\n        \"Severity\": \"Info\",\n        \"SvcProviderName\": \"exercitation sint\",\n        \"ServerStatusCode\": \"occaecat\",\n        \"ServerStatusDesc\": \"non quis deserunt sit\",\n        \"OvrdExceptionInd\": false,\n        \"SubjectElement\": [\n          {\n            \"Path\": \"dolor ut proident\",\n            \"ServerPath\": \"adipisicing laboris\",\n            \"Value\": \"eiusmod\"\n          },\n          {\n            \"Path\": \"elit Excepteur\",\n            \"ServerPath\": \"enim consectetur quis commodo in\",\n            \"Value\": \"exercitation irure in occaecat\"\n          }\n        ]\n      },\n      {\n        \"StatusCode\": \"mollit \",\n        \"StatusDesc\": \"in incididunt\",\n        \"Severity\": \"Warning\",\n        \"SvcProviderName\": \"exercitation cillum enim irure dolor\",\n        \"ServerStatusCode\": \"\",\n        \"ServerStatusDesc\": \"sed tempor officia\",\n        \"OvrdExceptionInd\": false,\n        \"SubjectElement\": [\n          {\n            \"Path\": \"occaecat sed adipisicing in\",\n            \"ServerPath\": \"quis labore id non amet\",\n            \"Value\": \"deserunt officia Ut\"\n          },\n          {\n            \"Path\": \"in commodo est\",\n            \"ServerPath\": \"ame\",\n            \"Value\": \"irure consectetur amet magna\"\n          }\n        ]\n      }\n    ]\n  },\n  \"RecCtrlOut\": {\n    \"SentRecCount\": -84296769\n  }\n}","cookie":[],"_postman_previewlanguage":"json"}],"event":[],"protocolProfileBehavior":{"disableBodyPruning":true}}],"event":[]}],"event":[]}],"event":[],"variable":[{"type":"string","value":"/","key":"baseUrl"}],"info":{"_postman_id":"2cb66262-2c15-4a28-a63b-eb68f7826ede","name":"Party Parties Service","schema":"https://schema.getpostman.com/json/collection/v2.1.0/collection.json","description":{"content":"The party-to-party relationship service supports operations that manage information related to the existence and nature of relationship between two parties.<br>\nIt supports adding, modifying, and deleting party-to-party relationship and provide an option to return a subset of party information. It also gives an option to manage relationship properties such as relationship type and establishment date.<br>\nParty refers to a person or organization, who has a relationship with the financial institution.","type":"text/plain"}}}