{"item":[{"id":"1a8fb232-a5ab-4e37-adac-dcb7bcfad3fd","name":"partycollateralrel","item":[{"id":"74232940-fe99-4a9b-92bb-be15f6c9fa06","name":"Creates Party Collateral Relationship","request":{"name":"Creates Party Collateral Relationship","description":{"content":"Add Party Collateral Relationship API creates a relationship related information between a party and a collateral.  <br> <br> To download the API Specifications and Postman Collection, click <a href=\"../docs/?path=docs/resources/resources.md\" title=\"Click to open\">Resources</a>.","type":"text/plain"},"url":{"path":["partycollateralrel"],"host":["{{baseUrl}}"],"query":[],"variable":[]},"header":[{"disabled":false,"description":"(Required) EFX Header is a common and required component for all API calls, it contains client-related parameters. Please note that the header parameters should be sent as a JSON object under the EFXHeader parameter. To view the list of header parameters, <a href=\"../docs?path=docs/api-ref-EFX-header.md\" title=\"Click to open\"> click here.</a>","key":"EFXHeader","value":"OrganizationId,<string>,TrnId,<string>,VendorId,<string>,Context,[object Object]"},{"key":"Content-Type","value":"application/json"},{"key":"Accept","value":"application/json"}],"method":"POST","auth":null,"body":{"mode":"raw","raw":"{\n  \"PartyCollateralRelInfo\": {\n    \"PartyRef\": {\n      \"PartyKeys\": {\n        \"PartyId\": \"<string>\"\n      }\n    },\n    \"CollateralRef\": {\n      \"CollateralKeys\": {\n        \"CollateralId\": \"<string>\"\n      }\n    }\n  }\n}","options":{"raw":{"language":"json"}}}},"response":[{"id":"ffc0dff5-ba64-41b2-96f1-601ce8660b87","name":"Created","originalRequest":{"url":{"path":["partycollateralrel"],"host":["{{baseUrl}}"],"query":[],"variable":[]},"header":[{"disabled":false,"description":"(Required) EFX Header is a common and required component for all API calls, it contains client-related parameters. Please note that the header parameters should be sent as a JSON object under the EFXHeader parameter. To view the list of header parameters, <a href=\"../docs?path=docs/api-ref-EFX-header.md\" title=\"Click to open\"> click here.</a>","key":"EFXHeader","value":"OrganizationId,<string>,TrnId,<string>,VendorId,<string>,Context,[object Object]"},{"key":"Accept","value":"application/json"}],"method":"POST","body":{"mode":"raw","raw":"{\n  \"PartyCollateralRelInfo\": {\n    \"PartyRef\": {\n      \"PartyKeys\": {\n        \"PartyId\": \"<string>\"\n      }\n    },\n    \"CollateralRef\": {\n      \"CollateralKeys\": {\n        \"CollateralId\": \"<string>\"\n      }\n    }\n  }\n}","options":{"raw":{"language":"json"}}}},"status":"Created","code":201,"header":[{"key":"Content-Type","value":"application/json"}],"body":"{\n  \"PartyCollateralRelStatusRec\": {\n    \"PartyCollateralRelKeys\": {\n      \"PartyKeys\": {\n        \"PartyId\": \"<string>\"\n      },\n      \"CollateralKeys\": {\n        \"CollateralId\": \"<string>\"\n      }\n    },\n    \"PartyCollateralRelStatus\": {\n      \"PartyCollateralRelStatusCode\": \"Valid\",\n      \"EffDt\": \"9529-79-85T26:97:58\"\n    }\n  },\n  \"Status\": {\n    \"Severity\": \"Info\",\n    \"StatusCode\": \"cupidatat \",\n    \"StatusDesc\": \"minim tempor cillum\",\n    \"SvcProviderName\": \"incididunt eiusmod laboris aliqua\",\n    \"Id\": \"magna pariatur consequat id\",\n    \"ServerStatusCode\": \"Excepteu\",\n    \"ServerStatusDesc\": \"esse Lorem aute Ut\",\n    \"OvrdExceptionInd\": true,\n    \"SubjectRole\": \"esse ea mollit\",\n    \"SubjectElement\": [\n      {\n        \"Path\": \"id laboris\",\n        \"ServerPath\": \"est minim mollit laboris\",\n        \"Value\": \"dolore pariatur nulla\"\n      },\n      {\n        \"Path\": \"nostrud aliquip labore cupidatat\",\n        \"ServerPath\": \"id eu \",\n        \"Value\": \"in fugiat cillum culpa\"\n      }\n    ],\n    \"ContentHTML\": \"voluptate reprehenderit\",\n    \"AdditionalStatus\": [\n      {\n        \"StatusCode\": \"no\",\n        \"StatusDesc\": \"labore eu id\",\n        \"Severity\": \"Warning\",\n        \"SvcProviderName\": \"voluptate\",\n        \"ServerStatusCode\": \"eu sit\",\n        \"ServerStatusDesc\": \"eiusmod velit consectetur dolore\",\n        \"OvrdExceptionInd\": false,\n        \"SubjectElement\": [\n          {\n            \"Path\": \"fugiat exercitation nostrud\",\n            \"ServerPath\": \"ad labore magna tempor veniam\",\n            \"Value\": \"Excepte\"\n          },\n          {\n            \"Path\": \"occaecat in\",\n            \"ServerPath\": \"cillum velit nulla Duis\",\n            \"Value\": \"eu\"\n          }\n        ]\n      },\n      {\n        \"StatusCode\": \"in ut i\",\n        \"StatusDesc\": \"in ea irure magna\",\n        \"Severity\": \"Warning\",\n        \"SvcProviderName\": \"in in\",\n        \"ServerStatusCode\": \"reprehenderit de\",\n        \"ServerStatusDesc\": \"in dolore\",\n        \"OvrdExceptionInd\": true,\n        \"SubjectElement\": [\n          {\n            \"Path\": \"nulla sunt irure\",\n            \"ServerPath\": \"occaecat\",\n            \"Value\": \"dolore\"\n          },\n          {\n            \"Path\": \"Duis aliqua Ut laboris enim\",\n            \"ServerPath\": \"aliqua\",\n            \"Value\": \"eu non sit aute sint\"\n          }\n        ]\n      }\n    ]\n  }\n}","cookie":[],"_postman_previewlanguage":"json"},{"id":"6c8ebcae-3881-4b76-9fec-84f1fb7b91f3","name":"To view the complete list of response codes, <a href=\"../docs/?path=docs/response-codes.md\" title=\"Click to open\">click here.</a>","originalRequest":{"url":{"path":["partycollateralrel"],"host":["{{baseUrl}}"],"query":[],"variable":[]},"header":[{"disabled":false,"description":"(Required) EFX Header is a common and required component for all API calls, it contains client-related parameters. Please note that the header parameters should be sent as a JSON object under the EFXHeader parameter. To view the list of header parameters, <a href=\"../docs?path=docs/api-ref-EFX-header.md\" title=\"Click to open\"> click here.</a>","key":"EFXHeader","value":"OrganizationId,<string>,TrnId,<string>,VendorId,<string>,Context,[object Object]"},{"key":"Accept","value":"application/json"}],"method":"POST","body":{"mode":"raw","raw":"{\n  \"PartyCollateralRelInfo\": {\n    \"PartyRef\": {\n      \"PartyKeys\": {\n        \"PartyId\": \"<string>\"\n      }\n    },\n    \"CollateralRef\": {\n      \"CollateralKeys\": {\n        \"CollateralId\": \"<string>\"\n      }\n    }\n  }\n}","options":{"raw":{"language":"json"}}}},"status":"Internal Server Error","code":500,"header":[{"key":"Content-Type","value":"application/json"}],"body":"{\n  \"PartyCollateralRelStatusRec\": {\n    \"PartyCollateralRelKeys\": {\n      \"PartyKeys\": {\n        \"PartyId\": \"<string>\"\n      },\n      \"CollateralKeys\": {\n        \"CollateralId\": \"<string>\"\n      }\n    },\n    \"PartyCollateralRelStatus\": {\n      \"PartyCollateralRelStatusCode\": \"Valid\",\n      \"EffDt\": \"5480-70-63T50:54\"\n    }\n  },\n  \"Status\": {\n    \"Severity\": \"Warning\",\n    \"StatusCode\": \"es\",\n    \"StatusDesc\": \"occaecat sunt\",\n    \"SvcProviderName\": \"in nostrud ad enim Lorem\",\n    \"Id\": \"culpa magna aliquip dolor laboris\",\n    \"ServerStatusCode\": \"esse\",\n    \"ServerStatusDesc\": \"Duis in\",\n    \"OvrdExceptionInd\": true,\n    \"SubjectRole\": \"laboris sed amet\",\n    \"SubjectElement\": [\n      {\n        \"Path\": \"Lo\",\n        \"ServerPath\": \"voluptate nulla\",\n        \"Value\": \"magna\"\n      },\n      {\n        \"Path\": \"et Excepteur magna id\",\n        \"ServerPath\": \"ipsum velit\",\n        \"Value\": \"adipisicing incididunt\"\n      }\n    ],\n    \"ContentHTML\": \"culpa commodo\",\n    \"AdditionalStatus\": [\n      {\n        \"StatusCode\": \"do tempor veniam re\",\n        \"StatusDesc\": \"dolore ut\",\n        \"Severity\": \"Warning\",\n        \"SvcProviderName\": \"esse ut laboris aute\",\n        \"ServerStatusCode\": \"id\",\n        \"ServerStatusDesc\": \"laborum in\",\n        \"OvrdExceptionInd\": false,\n        \"SubjectElement\": [\n          {\n            \"Path\": \"adipisicing ex\",\n            \"ServerPath\": \"eu aliquip irure id\",\n            \"Value\": \"dolore esse\"\n          },\n          {\n            \"Path\": \"Duis cupidatat quis\",\n            \"ServerPath\": \"velit\",\n            \"Value\": \"consequat qui laborum\"\n          }\n        ]\n      },\n      {\n        \"StatusCode\": \"et dolore s\",\n        \"StatusDesc\": \"laboris\",\n        \"Severity\": \"Error\",\n        \"SvcProviderName\": \"sed do Lorem\",\n        \"ServerStatusCode\": \"ci\",\n        \"ServerStatusDesc\": \"Lorem mo\",\n        \"OvrdExceptionInd\": true,\n        \"SubjectElement\": [\n          {\n            \"Path\": \"occaecat dolor non ipsum\",\n            \"ServerPath\": \"Excepteur ut dolor in\",\n            \"Value\": \"consequat do dolore magna\"\n          },\n          {\n            \"Path\": \"laborum Ut\",\n            \"ServerPath\": \"ut consectetur\",\n            \"Value\": \"ad veniam nisi\"\n          }\n        ]\n      }\n    ]\n  }\n}","cookie":[],"_postman_previewlanguage":"json"}],"event":[],"protocolProfileBehavior":{"disableBodyPruning":true}},{"id":"22251df5-0f70-4d6e-ae1e-75bb89643e12","name":"Get Party Collateral Reltionship","request":{"name":"Get Party Collateral Reltionship","description":{"content":"Get Party Collateral Relationship API retrieves the relationship related information between a party and a collateral. <br> <br> To download the API Specifications and Postman Collection, click <a href=\"../docs/?path=docs/resources/resources.md\" title=\"Click to open\">Resources</a>.","type":"text/plain"},"url":{"path":["partycollateralrel","secured"],"host":["{{baseUrl}}"],"query":[],"variable":[]},"header":[{"disabled":false,"description":"(Required) EFX Header is a common and required component for all API calls, it contains client-related parameters. Please note that the header parameters should be sent as a JSON object under the EFXHeader parameter. To view the list of header parameters, <a href=\"../docs?path=docs/api-ref-EFX-header.md\" title=\"Click to open\"> click here.</a>","key":"EFXHeader","value":"OrganizationId,<string>,TrnId,<string>,VendorId,<string>,Context,[object Object]"},{"key":"Content-Type","value":"application/json"},{"key":"Accept","value":"application/json"}],"method":"POST","auth":null,"body":{"mode":"raw","raw":"{\n  \"PartyCollateralRelSel\": {\n    \"PartyCollateralRelKeys\": {\n      \"PartyKeys\": {\n        \"PartyId\": \"<string>\"\n      },\n      \"CollateralKeys\": {\n        \"CollateralId\": \"<string>\"\n      }\n    }\n  }\n}","options":{"raw":{"language":"json"}}}},"response":[{"id":"523891fa-9d6c-4a6c-b6c6-7b5e8ba26b84","name":"Success","originalRequest":{"url":{"path":["partycollateralrel","secured"],"host":["{{baseUrl}}"],"query":[],"variable":[]},"header":[{"disabled":false,"description":"(Required) EFX Header is a common and required component for all API calls, it contains client-related parameters. Please note that the header parameters should be sent as a JSON object under the EFXHeader parameter. To view the list of header parameters, <a href=\"../docs?path=docs/api-ref-EFX-header.md\" title=\"Click to open\"> click here.</a>","key":"EFXHeader","value":"OrganizationId,<string>,TrnId,<string>,VendorId,<string>,Context,[object Object]"},{"key":"Accept","value":"application/json"}],"method":"POST","body":{"mode":"raw","raw":"{\n  \"PartyCollateralRelSel\": {\n    \"PartyCollateralRelKeys\": {\n      \"PartyKeys\": {\n        \"PartyId\": \"<string>\"\n      },\n      \"CollateralKeys\": {\n        \"CollateralId\": \"<string>\"\n      }\n    }\n  }\n}","options":{"raw":{"language":"json"}}}},"status":"OK","code":200,"header":[{"key":"Content-Type","value":"application/json"}],"body":"{\n  \"PartyCollateralRelRec\": [\n    {\n      \"PartyCollateralRelInfo\": {\n        \"CollateralRef\": {\n          \"CollateralKeys\": {\n            \"CollateralId\": {\n              \"value\": \"<Error: Too many levels of nesting to fake this schema>\"\n            }\n          },\n          \"CollateralSummInfo\": {\n            \"CollateralType\": {\n              \"value\": \"<Error: Too many levels of nesting to fake this schema>\"\n            },\n            \"Desc\": {\n              \"value\": \"<Error: Too many levels of nesting to fake this schema>\"\n            },\n            \"OriginalValueAmt\": {\n              \"value\": \"<Error: Too many levels of nesting to fake this schema>\"\n            }\n          }\n        }\n      },\n      \"PartyCollateralRelKeys\": {\n        \"PartyKeys\": {\n          \"PartyId\": \"<string>\"\n        },\n        \"CollateralKeys\": {\n          \"CollateralId\": \"<string>\"\n        }\n      },\n      \"PartyCollateralRelStatus\": {\n        \"PartyCollateralRelStatusCode\": \"Valid\",\n        \"EffDt\": \"9822-39-81\"\n      }\n    },\n    {\n      \"PartyCollateralRelInfo\": {\n        \"CollateralRef\": {\n          \"CollateralKeys\": {\n            \"CollateralId\": {\n              \"value\": \"<Error: Too many levels of nesting to fake this schema>\"\n            }\n          },\n          \"CollateralSummInfo\": {\n            \"CollateralType\": {\n              \"value\": \"<Error: Too many levels of nesting to fake this schema>\"\n            },\n            \"Desc\": {\n              \"value\": \"<Error: Too many levels of nesting to fake this schema>\"\n            },\n            \"OriginalValueAmt\": {\n              \"value\": \"<Error: Too many levels of nesting to fake this schema>\"\n            }\n          }\n        }\n      },\n      \"PartyCollateralRelKeys\": {\n        \"PartyKeys\": {\n          \"PartyId\": \"<string>\"\n        },\n        \"CollateralKeys\": {\n          \"CollateralId\": \"<string>\"\n        }\n      },\n      \"PartyCollateralRelStatus\": {\n        \"PartyCollateralRelStatusCode\": \"Valid\",\n        \"EffDt\": \"6946-20-47\"\n      }\n    }\n  ],\n  \"Status\": {\n    \"Severity\": \"Warning\",\n    \"StatusCode\": \"eiusmod est e\",\n    \"StatusDesc\": \"sit cillum ad aute\",\n    \"SvcProviderName\": \"Excepteur aliquip qui magna\",\n    \"Id\": \"consequat Ut sed\",\n    \"ServerStatusCode\": \"aut\",\n    \"ServerStatusDesc\": \"ut aliquip\",\n    \"OvrdExceptionInd\": false,\n    \"SubjectRole\": \"nostrud\",\n    \"SubjectElement\": [\n      {\n        \"Path\": \"in amet\",\n        \"ServerPath\": \"et ad adipisicing nulla sit\",\n        \"Value\": \"aliqua quis ut\"\n      },\n      {\n        \"Path\": \"ad consectetur in\",\n        \"ServerPath\": \"dolor anim ut\",\n        \"Value\": \"incididunt Duis esse\"\n      }\n    ],\n    \"ContentHTML\": \"velit elit\",\n    \"AdditionalStatus\": [\n      {\n        \"StatusCode\": \"elit minim\",\n        \"StatusDesc\": \"officia Duis consectetur\",\n        \"Severity\": \"Warning\",\n        \"SvcProviderName\": \"officia sit ullamco labore cillum\",\n        \"ServerStatusCode\": \"cillum al\",\n        \"ServerStatusDesc\": \"velit nostrud ut aute\",\n        \"OvrdExceptionInd\": true,\n        \"SubjectElement\": [\n          {\n            \"Path\": \"nisi Ut dolor\",\n            \"ServerPath\": \"eiusmod et anim sit\",\n            \"Value\": \"minim fugiat exercitation\"\n          },\n          {\n            \"Path\": \"qui Excepteur\",\n            \"ServerPath\": \"ut\",\n            \"Value\": \"reprehenderit adipisicing cupidatat do in\"\n          }\n        ]\n      },\n      {\n        \"StatusCode\": \"occa\",\n        \"StatusDesc\": \"ad incididunt reprehenderit Excepteur\",\n        \"Severity\": \"Error\",\n        \"SvcProviderName\": \"ullamco in in\",\n        \"ServerStatusCode\": \"aute velit \",\n        \"ServerStatusDesc\": \"ad amet\",\n        \"OvrdExceptionInd\": true,\n        \"SubjectElement\": [\n          {\n            \"Path\": \"ullamco eiusmod sint cillum cupidatat\",\n            \"ServerPath\": \"magna Excepteur ut adipisicing non\",\n            \"Value\": \"elit esse culpa in\"\n          },\n          {\n            \"Path\": \"ad nisi labore proident\",\n            \"ServerPath\": \"commodo min\",\n            \"Value\": \"in ut aute\"\n          }\n        ]\n      }\n    ]\n  },\n  \"RecCtrlOut\": {\n    \"SentRecCount\": -11774179\n  }\n}","cookie":[],"_postman_previewlanguage":"json"},{"id":"f5d98ec1-d173-4b24-bdec-3c5ded42afeb","name":"To view the complete list of response codes, <a href=\"../docs/?path=docs/response-codes.md\" title=\"Click to open\">click here.</a>","originalRequest":{"url":{"path":["partycollateralrel","secured"],"host":["{{baseUrl}}"],"query":[],"variable":[]},"header":[{"disabled":false,"description":"(Required) EFX Header is a common and required component for all API calls, it contains client-related parameters. Please note that the header parameters should be sent as a JSON object under the EFXHeader parameter. To view the list of header parameters, <a href=\"../docs?path=docs/api-ref-EFX-header.md\" title=\"Click to open\"> click here.</a>","key":"EFXHeader","value":"OrganizationId,<string>,TrnId,<string>,VendorId,<string>,Context,[object Object]"},{"key":"Accept","value":"application/json"}],"method":"POST","body":{"mode":"raw","raw":"{\n  \"PartyCollateralRelSel\": {\n    \"PartyCollateralRelKeys\": {\n      \"PartyKeys\": {\n        \"PartyId\": \"<string>\"\n      },\n      \"CollateralKeys\": {\n        \"CollateralId\": \"<string>\"\n      }\n    }\n  }\n}","options":{"raw":{"language":"json"}}}},"status":"Internal Server Error","code":500,"header":[{"key":"Content-Type","value":"application/json"}],"body":"{\n  \"PartyCollateralRelRec\": [\n    {\n      \"PartyCollateralRelInfo\": {\n        \"CollateralRef\": {\n          \"CollateralKeys\": {\n            \"CollateralId\": {\n              \"value\": \"<Error: Too many levels of nesting to fake this schema>\"\n            }\n          },\n          \"CollateralSummInfo\": {\n            \"CollateralType\": {\n              \"value\": \"<Error: Too many levels of nesting to fake this schema>\"\n            },\n            \"Desc\": {\n              \"value\": \"<Error: Too many levels of nesting to fake this schema>\"\n            },\n            \"OriginalValueAmt\": {\n              \"value\": \"<Error: Too many levels of nesting to fake this schema>\"\n            }\n          }\n        }\n      },\n      \"PartyCollateralRelKeys\": {\n        \"PartyKeys\": {\n          \"PartyId\": \"<string>\"\n        },\n        \"CollateralKeys\": {\n          \"CollateralId\": \"<string>\"\n        }\n      },\n      \"PartyCollateralRelStatus\": {\n        \"PartyCollateralRelStatusCode\": \"Valid\",\n        \"EffDt\": \"4579-61-98T97:12:81.360\"\n      }\n    },\n    {\n      \"PartyCollateralRelInfo\": {\n        \"CollateralRef\": {\n          \"CollateralKeys\": {\n            \"CollateralId\": {\n              \"value\": \"<Error: Too many levels of nesting to fake this schema>\"\n            }\n          },\n          \"CollateralSummInfo\": {\n            \"CollateralType\": {\n              \"value\": \"<Error: Too many levels of nesting to fake this schema>\"\n            },\n            \"Desc\": {\n              \"value\": \"<Error: Too many levels of nesting to fake this schema>\"\n            },\n            \"OriginalValueAmt\": {\n              \"value\": \"<Error: Too many levels of nesting to fake this schema>\"\n            }\n          }\n        }\n      },\n      \"PartyCollateralRelKeys\": {\n        \"PartyKeys\": {\n          \"PartyId\": \"<string>\"\n        },\n        \"CollateralKeys\": {\n          \"CollateralId\": \"<string>\"\n        }\n      },\n      \"PartyCollateralRelStatus\": {\n        \"PartyCollateralRelStatusCode\": \"Valid\",\n        \"EffDt\": \"5767-86-40\"\n      }\n    }\n  ],\n  \"Status\": {\n    \"Severity\": \"Warning\",\n    \"StatusCode\": \"dolore\",\n    \"StatusDesc\": \"in eiusmod ut esse\",\n    \"SvcProviderName\": \"Excepteur Ut sint\",\n    \"Id\": \"adipisicing occaecat et ut eiusmod\",\n    \"ServerStatusCode\": \"cillum in dol\",\n    \"ServerStatusDesc\": \"eu fugiat aliquip\",\n    \"OvrdExceptionInd\": true,\n    \"SubjectRole\": \"dolore adipisicing velit\",\n    \"SubjectElement\": [\n      {\n        \"Path\": \"dolo\",\n        \"ServerPath\": \"ullamco mollit labore dolore\",\n        \"Value\": \"ex aliqua ea fugiat\"\n      },\n      {\n        \"Path\": \"qui nisi anim\",\n        \"ServerPath\": \"aliquip fugiat ex irure\",\n        \"Value\": \"mollit sint cillum irure\"\n      }\n    ],\n    \"ContentHTML\": \"pariatur\",\n    \"AdditionalStatus\": [\n      {\n        \"StatusCode\": \"proident te\",\n        \"StatusDesc\": \"enim est\",\n        \"Severity\": \"Warning\",\n        \"SvcProviderName\": \"Lorem occaecat\",\n        \"ServerStatusCode\": \"occaecat Duis offici\",\n        \"ServerStatusDesc\": \"ut ea sint labore\",\n        \"OvrdExceptionInd\": false,\n        \"SubjectElement\": [\n          {\n            \"Path\": \"elit\",\n            \"ServerPath\": \"magna\",\n            \"Value\": \"dolor culpa ullamco sint\"\n          },\n          {\n            \"Path\": \"ut deserunt\",\n            \"ServerPath\": \"anim in sint\",\n            \"Value\": \"incididunt esse\"\n          }\n        ]\n      },\n      {\n        \"StatusCode\": \"aliq\",\n        \"StatusDesc\": \"proident id\",\n        \"Severity\": \"Warning\",\n        \"SvcProviderName\": \"anim incididunt nostrud\",\n        \"ServerStatusCode\": \"dolore \",\n        \"ServerStatusDesc\": \"occaecat pariatur ex\",\n        \"OvrdExceptionInd\": false,\n        \"SubjectElement\": [\n          {\n            \"Path\": \"dolore Ut\",\n            \"ServerPath\": \"culpa irure nisi aliquip\",\n            \"Value\": \"consectetur voluptate eu tempor\"\n          },\n          {\n            \"Path\": \"sit ea eiusmod dolore\",\n            \"ServerPath\": \"officia\",\n            \"Value\": \"eu ullamco elit cupidatat\"\n          }\n        ]\n      }\n    ]\n  },\n  \"RecCtrlOut\": {\n    \"SentRecCount\": -61645513\n  }\n}","cookie":[],"_postman_previewlanguage":"json"}],"event":[],"protocolProfileBehavior":{"disableBodyPruning":true}}],"event":[]}],"event":[],"variable":[{"type":"string","value":"https://swaggerhub.onefiserv.net/virts/Bank_Sol_Org/PartyCollateralRelService/11.0.0_CT","key":"baseUrl"}],"info":{"_postman_id":"d79b66dd-fbe4-4ce5-87e9-1629630159f6","name":"Party Collateral Relationship Service","schema":"https://schema.getpostman.com/json/collection/v2.1.0/collection.json","description":{"content":"Party Collateral Relationship Service supports operations to manage party relationship with collateral items.","type":"text/plain"}}}