{"item":[{"id":"24eba49b-e316-432d-ba69-229be00bd9d1","name":"Get Party Account Relationship","request":{"name":"Get Party Account Relationship","description":{"content":"Get Party Account Relationship By Tax ID number API provides the list of all accounts related to the tax identification number and type sent in the request.<br> For Premier, this API provides the information about relationship type between the Party with the specified Tax Identifier and each Account. Up to five relationship types in the request (plus two additional Portfolio relationship types) are supported. Pagination functionality is used with RecCtrl aggregates. <br> <details> <summary>Read more</summary> <p> This API filters the accounts by relationship types, such as the accounts linked to the party with those relationships will be returned in the response. <br> Pagination does not support returning Portfolio or Line accounts in the response. Also, when the accounts with DDL account type are associated with a party, the PartyAcctRelInq service may provide more records (up-to twice) than the number requested, while paginating through DDA and DDL accounts. That is, the record count returned in the response will not match the record count requested in the request. </p> </details> <br> <br> To download the API Specifications and Postman Collection, click <a href=\"../docs/?path=docs/resources/resources.md\" title=\"Click to open\">Resources</a>.","type":"text/plain"},"url":{"path":["partyacctrelservice","partyacctrel","partyacctrel","secured"],"host":["{{baseUrl}}"],"query":[],"variable":[]},"header":[{"disabled":false,"description":"(Required) EFX Header is a common and required component for all API calls, it contains client-related parameters. Please note that the header parameters should be sent as a JSON object under the EFXHeader parameter. To view the list of header parameters, <a href=\"../docs?path=docs/api-ref-EFX-header.md\" title=\"Click to open\"> click here.</a>","key":"EFXHeader","value":"OrganizationId,<string>,TrnId,<string>,VendorId,<string>,Context,[object Object]"},{"key":"Content-Type","value":"application/json"},{"key":"Accept","value":"application/json"}],"method":"POST","auth":null,"body":{"mode":"raw","raw":"{\n  \"PartyAcctRelSel\": {\n    \"PartyKeys\": {\n      \"PartyIdent\": \"<string>\",\n      \"PartyIdentType\": \"<string>\"\n    },\n    \"ExcludeClosedAcctInd\": \"<boolean>\",\n    \"PartyAcctRelType\": \"PrimaryPortfolioName\",\n    \"IncPartyInfoInd\": \"<boolean>\",\n    \"IncAddtlAcctInfoInd\": \"<boolean>\"\n  },\n  \"RecCtrlIn\": {\n    \"MaxRecLimit\": \"<long>\",\n    \"Cursor\": \"<string>\"\n  }\n}","options":{"raw":{"language":"json"}}}},"response":[{"id":"794106d6-90d0-47e6-b651-7e528ed20a11","name":"Success","originalRequest":{"url":{"path":["partyacctrelservice","partyacctrel","partyacctrel","secured"],"host":["{{baseUrl}}"],"query":[],"variable":[]},"header":[{"disabled":false,"description":"(Required) EFX Header is a common and required component for all API calls, it contains client-related parameters. Please note that the header parameters should be sent as a JSON object under the EFXHeader parameter. To view the list of header parameters, <a href=\"../docs?path=docs/api-ref-EFX-header.md\" title=\"Click to open\"> click here.</a>","key":"EFXHeader","value":"OrganizationId,<string>,TrnId,<string>,VendorId,<string>,Context,[object Object]"},{"key":"Accept","value":"application/json"}],"method":"POST","body":{"mode":"raw","raw":"{\n  \"PartyAcctRelSel\": {\n    \"PartyKeys\": {\n      \"PartyIdent\": \"<string>\",\n      \"PartyIdentType\": \"<string>\"\n    },\n    \"ExcludeClosedAcctInd\": \"<boolean>\",\n    \"PartyAcctRelType\": \"Signer\",\n    \"IncPartyInfoInd\": \"<boolean>\",\n    \"IncAddtlAcctInfoInd\": \"<boolean>\"\n  },\n  \"RecCtrlIn\": {\n    \"MaxRecLimit\": \"<long>\",\n    \"Cursor\": \"<string>\"\n  }\n}","options":{"raw":{"language":"json"}}}},"status":"OK","code":200,"header":[{"key":"Content-Type","value":"application/json"}],"body":"{\n  \"PartyAcctRelRec\": [\n    {\n      \"PartyAcctRelInfo\": {\n        \"PartyRef\": {\n          \"PartyKeys\": {\n            \"PartyId\": \"culpa sint con\"\n          },\n          \"PersonPartyListInfo\": {\n            \"PartyType\": \"Unknown\",\n            \"Contact\": [\n              {\n                \"PhoneNum\": {\n                  \"PhoneType\": \"Work\",\n                  \"PhoneIdent\": 96378344,\n                  \"Phone\": \"reprehenderit ipsum id ea\",\n                  \"PreferredPhone\": true,\n                  \"PhoneDesc\": \"magna ip\"\n                },\n                \"PostAddr\": {\n                  \"AddrType\": \"Primary\",\n                  \"AddressIdent\": \"incididunt proid\",\n                  \"AddrUse\": \"Home\",\n                  \"AddrFormatType\": \"Label\",\n                  \"Addr1\": \"dolore nostrud Ut\",\n                  \"Addr2\": \"anim cupidatat voluptate dol\",\n                  \"City\": \"amet anim veniam pariat\",\n                  \"StateProv\": \"cupid\",\n                  \"PostalCode\": \"e\",\n                  \"CountryCode\": {\n                    \"CountryCodeValue\": {\n                      \"value\": \"<Error: Too many levels of nesting to fake this schema>\"\n                    },\n                    \"CountryCodeSource\": {\n                      \"value\": \"<Error: Too many levels of nesting to fake this schema>\"\n                    }\n                  },\n                  \"TimeFrame\": {\n                    \"StartDt\": {\n                      \"value\": \"<Error: Too many levels of nesting to fake this schema>\"\n                    },\n                    \"EndDt\": {\n                      \"value\": \"<Error: Too many levels of nesting to fake this schema>\"\n                    }\n                  },\n                  \"Retention\": false,\n                  \"CensusTract\": \"culpa\",\n                  \"CensusBlock\": \"n\",\n                  \"ForeignFlag\": false,\n                  \"HandlingCode\": \"Duis cillum\",\n                  \"HandlingCodeOption\": \"aute ut consectetur reprehenderit labore\",\n                  \"MSACode\": 16323887\n                },\n                \"Email\": {\n                  \"EmailIdent\": \"aliqua\",\n                  \"EmailType\": \"Business\",\n                  \"EmailAddr\": \"in\",\n                  \"PreferredEmail\": false\n                },\n                \"WebAddr\": {\n                  \"WebAddrIdent\": 56832132,\n                  \"WebAddrType\": \"Work\",\n                  \"WebAddrLink\": \"laborum cupidatat\"\n                }\n              },\n              {\n                \"PhoneNum\": {\n                  \"PhoneType\": \"Pager\",\n                  \"PhoneIdent\": 97529415,\n                  \"Phone\": \"Excepteur an\",\n                  \"PreferredPhone\": false,\n                  \"PhoneDesc\": \"velit\"\n                },\n                \"PostAddr\": {\n                  \"AddrType\": \"Seasonal\",\n                  \"AddressIdent\": \"do\",\n                  \"AddrUse\": \"Business\",\n                  \"AddrFormatType\": \"Label\",\n                  \"Addr1\": \"Duis incididunt ut sint\",\n                  \"Addr2\": \"non magna\",\n                  \"City\": \"enim commodo Excepteur ut\",\n                  \"StateProv\": \"cupidatat est veniam laborum\",\n                  \"PostalCode\": \"mol\",\n                  \"CountryCode\": {\n                    \"CountryCodeValue\": {\n                      \"value\": \"<Error: Too many levels of nesting to fake this schema>\"\n                    },\n                    \"CountryCodeSource\": {\n                      \"value\": \"<Error: Too many levels of nesting to fake this schema>\"\n                    }\n                  },\n                  \"TimeFrame\": {\n                    \"StartDt\": {\n                      \"value\": \"<Error: Too many levels of nesting to fake this schema>\"\n                    },\n                    \"EndDt\": {\n                      \"value\": \"<Error: Too many levels of nesting to fake this schema>\"\n                    }\n                  },\n                  \"Retention\": true,\n                  \"CensusTract\": \"fugiat anim cillum\",\n                  \"CensusBlock\": \"labore\",\n                  \"ForeignFlag\": false,\n                  \"HandlingCode\": \"anim\",\n                  \"HandlingCodeOption\": \"Lorem d\",\n                  \"MSACode\": -51395234\n                },\n                \"Email\": {\n                  \"EmailIdent\": \"sit Lorem sunt eu\",\n                  \"EmailType\": \"Home\",\n                  \"EmailAddr\": \"deserunt in enim\",\n                  \"PreferredEmail\": true\n                },\n                \"WebAddr\": {\n                  \"WebAddrIdent\": 29012014,\n                  \"WebAddrType\": \"Work\",\n                  \"WebAddrLink\": \"ipsum deserunt et qui\"\n                }\n              }\n            ],\n            \"TaxIdentType\": \"SSN\",\n            \"TaxIdent\": \"qu\",\n            \"OriginatingBranch\": \"deserunt aliqua\",\n            \"TelebancPswd\": \"dolor\",\n            \"PersonName\": {\n              \"NameType\": \"Primary\",\n              \"NameIdent\": \"ali\",\n              \"FullName\": \"aute nisi sint occaecat\",\n              \"FamilyName\": \"occaecat nulla\",\n              \"GivenName\": \"nulla\",\n              \"MiddleName\": \"eu esse irure cupidatat aute\"\n            },\n            \"BirthDt\": \"2017-01-20\"\n          },\n          \"OrgPartyListInfo\": {\n            \"PartyType\": \"LimitLiabilityC-Corp\",\n            \"Contact\": [\n              {\n                \"PhoneNum\": {\n                  \"PhoneType\": \"Other\",\n                  \"PhoneIdent\": 78836736,\n                  \"Phone\": \"aliquip in\",\n                  \"PreferredPhone\": false,\n                  \"PhoneDesc\": \"ex ipsum\"\n                },\n                \"PostAddr\": {\n                  \"AddrType\": \"Primary\",\n                  \"AddressIdent\": \"aliquip sit\",\n                  \"AddrUse\": \"Home\",\n                  \"AddrFormatType\": \"Label\",\n                  \"Addr1\": \"ve\",\n                  \"Addr2\": \"aute\",\n                  \"City\": \"anim veniam nulla\",\n                  \"StateProv\": \"nisi dolore ex\",\n                  \"PostalCode\": \"id nostr\",\n                  \"CountryCode\": {\n                    \"CountryCodeValue\": {\n                      \"value\": \"<Error: Too many levels of nesting to fake this schema>\"\n                    },\n                    \"CountryCodeSource\": {\n                      \"value\": \"<Error: Too many levels of nesting to fake this schema>\"\n                    }\n                  },\n                  \"TimeFrame\": {\n                    \"StartDt\": {\n                      \"value\": \"<Error: Too many levels of nesting to fake this schema>\"\n                    },\n                    \"EndDt\": {\n                      \"value\": \"<Error: Too many levels of nesting to fake this schema>\"\n                    }\n                  },\n                  \"Retention\": false,\n                  \"CensusTract\": \"cillu\",\n                  \"CensusBlock\": \"do\",\n                  \"ForeignFlag\": false,\n                  \"HandlingCode\": \"ex tempor\",\n                  \"HandlingCodeOption\": \"veniam\",\n                  \"MSACode\": -77730071\n                },\n                \"Email\": {\n                  \"EmailIdent\": \"dolor\",\n                  \"EmailType\": \"Home\",\n                  \"EmailAddr\": \"anim dolor Excepteur esse sit\",\n                  \"PreferredEmail\": false\n                },\n                \"WebAddr\": {\n                  \"WebAddrIdent\": -57845307,\n                  \"WebAddrType\": \"Work\",\n                  \"WebAddrLink\": \"officia\"\n                }\n              },\n              {\n                \"PhoneNum\": {\n                  \"PhoneType\": \"Other\",\n                  \"PhoneIdent\": -69155293,\n                  \"Phone\": \"do sed\",\n                  \"PreferredPhone\": true,\n                  \"PhoneDesc\": \"eiusmod Ut enim\"\n                },\n                \"PostAddr\": {\n                  \"AddrType\": \"Primary\",\n                  \"AddressIdent\": \"nulla ullamc\",\n                  \"AddrUse\": \"Business\",\n                  \"AddrFormatType\": \"Label\",\n                  \"Addr1\": \"sed non dolore\",\n                  \"Addr2\": \"enim ullamco\",\n                  \"City\": \"tempor incididunt\",\n                  \"StateProv\": \"anim magna dolore\",\n                  \"PostalCode\": \"dolor inc\",\n                  \"CountryCode\": {\n                    \"CountryCodeValue\": {\n                      \"value\": \"<Error: Too many levels of nesting to fake this schema>\"\n                    },\n                    \"CountryCodeSource\": {\n                      \"value\": \"<Error: Too many levels of nesting to fake this schema>\"\n                    }\n                  },\n                  \"TimeFrame\": {\n                    \"StartDt\": {\n                      \"value\": \"<Error: Too many levels of nesting to fake this schema>\"\n                    },\n                    \"EndDt\": {\n                      \"value\": \"<Error: Too many levels of nesting to fake this schema>\"\n                    }\n                  },\n                  \"Retention\": true,\n                  \"CensusTract\": \"aliquip \",\n                  \"CensusBlock\": \"sint id\",\n                  \"ForeignFlag\": true,\n                  \"HandlingCode\": \"Excepteur tempor eiusmod proident\",\n                  \"HandlingCodeOption\": \"su\",\n                  \"MSACode\": 90777615\n                },\n                \"Email\": {\n                  \"EmailIdent\": \"veniam c\",\n                  \"EmailType\": \"Business\",\n                  \"EmailAddr\": \"laboris voluptate nulla\",\n                  \"PreferredEmail\": true\n                },\n                \"WebAddr\": {\n                  \"WebAddrIdent\": 73799246,\n                  \"WebAddrType\": \"Work\",\n                  \"WebAddrLink\": \"cillum occaecat in\"\n                }\n              }\n            ],\n            \"TaxIdentType\": \"EIN\",\n            \"TaxIdent\": \"ut do\",\n            \"OriginatingBranch\": \"sed enim Ut \",\n            \"TelebancPswd\": \"laborum mollit in c\",\n            \"OrgName\": {\n              \"NameType\": \"Primary\",\n              \"NameIdent\": \"minim veniam laboru\",\n              \"Name\": \"deserunt id magna\"\n            }\n          }\n        },\n        \"PartyAcctRelData\": [\n          {\n            \"PartyAcctRelType\": \"Owner\",\n            \"PartyAcctRelOrder\": \"Third\"\n          },\n          {\n            \"PartyAcctRelType\": \"Borrower\",\n            \"PartyAcctRelOrder\": \"Other\"\n          }\n        ],\n        \"OwnerPercent\": 54180587.74281621,\n        \"OwnerInd\": false,\n        \"PrimaryOwnerInd\": true,\n        \"TaxReportingOwnerInd\": false,\n        \"Nickname\": \"eu\",\n        \"AcctRef\": {\n          \"AcctKeys\": {\n            \"AcctId\": \"si\",\n            \"AcctType\": \"CLOC\"\n          },\n          \"AcctSummInfo\": {\n            \"AcctDtlStatus\": \"ClientControlled\",\n            \"FederalInsuranceEligibility\": \"NotApplicable\",\n            \"ProductIdent\": \"\",\n            \"TaxIncentiveType\": \"HSAIndividual\",\n            \"OpenDt\": \"2006-03-08\",\n            \"ClosedDt\": \"2020-08-26\",\n            \"MaturityDt\": \"2006-11-12\",\n            \"AcctTitle\": \"quis deserunt enim cillum\",\n            \"ClassCode\": \"in non dolor est\",\n            \"ProdIntRateId\": \"ullamco i\",\n            \"AcctBal\": [\n              {\n                \"BalType\": \"PayOffAmt\",\n                \"CurAmt\": {\n                  \"Amt\": -36585206.24075616,\n                  \"CurCode\": {\n                    \"CurCodeValue\": {\n                      \"value\": \"<Error: Too many levels of nesting to fake this schema>\"\n                    },\n                    \"CurCodeType\": {\n                      \"value\": \"<Error: Too many levels of nesting to fake this schema>\"\n                    }\n                  }\n                }\n              },\n              {\n                \"BalType\": \"Avail\",\n                \"CurAmt\": {\n                  \"Amt\": -55844072.358409494,\n                  \"CurCode\": {\n                    \"CurCodeValue\": {\n                      \"value\": \"<Error: Too many levels of nesting to fake this schema>\"\n                    },\n                    \"CurCodeType\": {\n                      \"value\": \"<Error: Too many levels of nesting to fake this schema>\"\n                    }\n                  }\n                }\n              }\n            ],\n            \"ElectronicBankingOpt\": \"Enabled\",\n            \"DocDistributionOption\": \"sunt laboris quis\",\n            \"DuePmt\": {\n              \"PmtCompositeAmt\": [\n                {\n                  \"CurAmt\": {\n                    \"Amt\": {\n                      \"value\": \"<Error: Too many levels of nesting to fake this schema>\"\n                    },\n                    \"CurCode\": {\n                      \"value\": \"<Error: Too many levels of nesting to fake this schema>\"\n                    }\n                  },\n                  \"CompositeCurAmtType\": \"Rent\"\n                },\n                {\n                  \"CurAmt\": {\n                    \"Amt\": {\n                      \"value\": \"<Error: Too many levels of nesting to fake this schema>\"\n                    },\n                    \"CurCode\": {\n                      \"value\": \"<Error: Too many levels of nesting to fake this schema>\"\n                    }\n                  },\n                  \"CompositeCurAmtType\": \"PmtDue\"\n                }\n              ],\n              \"DueDt\": \"6979-53-49\"\n            }\n          }\n        }\n      },\n      \"PartyAcctRelKeys\": {\n        \"PartyKeys\": {\n          \"PartyIdent\": \"sit ullamco\",\n          \"PartyIdentType\": \"TaxIdent\"\n        },\n        \"AcctKeys\": {\n          \"AcctId\": \"sed consectetu\",\n          \"AcctType\": \"DDA\"\n        }\n      },\n      \"PartyAcctRelStatus\": {\n        \"PartyAcctRelStatusCode\": \"Valid\",\n        \"EffDt\": \"8990-61-07T14:15:59\"\n      }\n    },\n    {\n      \"PartyAcctRelInfo\": {\n        \"PartyRef\": {\n          \"PartyKeys\": {\n            \"PartyId\": \"amet aliqua laborum\"\n          },\n          \"PersonPartyListInfo\": {\n            \"PartyType\": \"LimitLiabilityPartnership\",\n            \"Contact\": [\n              {\n                \"PhoneNum\": {\n                  \"PhoneType\": \"Home\",\n                  \"PhoneIdent\": -66871051,\n                  \"Phone\": \"magna dolor\",\n                  \"PreferredPhone\": true,\n                  \"PhoneDesc\": \"labore id laboru\"\n                },\n                \"PostAddr\": {\n                  \"AddrType\": \"Primary\",\n                  \"AddressIdent\": \"laboris\",\n                  \"AddrUse\": \"Personal\",\n                  \"AddrFormatType\": \"Label\",\n                  \"Addr1\": \"velit e\",\n                  \"Addr2\": \"in ut deserunt\",\n                  \"City\": \"nulla magna aliqua ex Duis\",\n                  \"StateProv\": \"adipisicing esse\",\n                  \"PostalCode\": \"tempor\",\n                  \"CountryCode\": {\n                    \"CountryCodeValue\": {\n                      \"value\": \"<Error: Too many levels of nesting to fake this schema>\"\n                    },\n                    \"CountryCodeSource\": {\n                      \"value\": \"<Error: Too many levels of nesting to fake this schema>\"\n                    }\n                  },\n                  \"TimeFrame\": {\n                    \"StartDt\": {\n                      \"value\": \"<Error: Too many levels of nesting to fake this schema>\"\n                    },\n                    \"EndDt\": {\n                      \"value\": \"<Error: Too many levels of nesting to fake this schema>\"\n                    }\n                  },\n                  \"Retention\": false,\n                  \"CensusTract\": \"eiusmod sit ali\",\n                  \"CensusBlock\": \"dolor elit \",\n                  \"ForeignFlag\": true,\n                  \"HandlingCode\": \"enim anim occaecat\",\n                  \"HandlingCodeOption\": \"nulla\",\n                  \"MSACode\": 76068192\n                },\n                \"Email\": {\n                  \"EmailIdent\": \"tempor fugiat\",\n                  \"EmailType\": \"Home\",\n                  \"EmailAddr\": \"ullamco quis ad proident\",\n                  \"PreferredEmail\": true\n                },\n                \"WebAddr\": {\n                  \"WebAddrIdent\": -21862733,\n                  \"WebAddrType\": \"Work\",\n                  \"WebAddrLink\": \"aute exercitation nisi do\"\n                }\n              },\n              {\n                \"PhoneNum\": {\n                  \"PhoneType\": \"Mobile\",\n                  \"PhoneIdent\": -41368957,\n                  \"Phone\": \"in adipisicing ut ex\",\n                  \"PreferredPhone\": false,\n                  \"PhoneDesc\": \"et\"\n                },\n                \"PostAddr\": {\n                  \"AddrType\": \"Secondary\",\n                  \"AddressIdent\": \"elit aliqua ipsum incididunt\",\n                  \"AddrUse\": \"Home\",\n                  \"AddrFormatType\": \"Label\",\n                  \"Addr1\": \"eu irure tempor\",\n                  \"Addr2\": \"Excepteur dolo\",\n                  \"City\": \"pariatur eli\",\n                  \"StateProv\": \"Lorem cillum\",\n                  \"PostalCode\": \"velit \",\n                  \"CountryCode\": {\n                    \"CountryCodeValue\": {\n                      \"value\": \"<Error: Too many levels of nesting to fake this schema>\"\n                    },\n                    \"CountryCodeSource\": {\n                      \"value\": \"<Error: Too many levels of nesting to fake this schema>\"\n                    }\n                  },\n                  \"TimeFrame\": {\n                    \"StartDt\": {\n                      \"value\": \"<Error: Too many levels of nesting to fake this schema>\"\n                    },\n                    \"EndDt\": {\n                      \"value\": \"<Error: Too many levels of nesting to fake this schema>\"\n                    }\n                  },\n                  \"Retention\": false,\n                  \"CensusTract\": \"et ut\",\n                  \"CensusBlock\": \"e\",\n                  \"ForeignFlag\": true,\n                  \"HandlingCode\": \"exercitation commodo\",\n                  \"HandlingCodeOption\": \"quis est fugiat consectetur ut\",\n                  \"MSACode\": -45026484\n                },\n                \"Email\": {\n                  \"EmailIdent\": \"sit labore\",\n                  \"EmailType\": \"Business\",\n                  \"EmailAddr\": \"Duis ex pariatur cupidatat\",\n                  \"PreferredEmail\": false\n                },\n                \"WebAddr\": {\n                  \"WebAddrIdent\": 39993226,\n                  \"WebAddrType\": \"Work\",\n                  \"WebAddrLink\": \"voluptate consequat\"\n                }\n              }\n            ],\n            \"TaxIdentType\": \"ATIN\",\n            \"TaxIdent\": \"ex id Lor\",\n            \"OriginatingBranch\": \"proident Lorem magna\",\n            \"TelebancPswd\": \"sint ex\",\n            \"PersonName\": {\n              \"NameType\": \"Primary\",\n              \"NameIdent\": \"Excepteur esse in dolor\",\n              \"FullName\": \"culpa Ut amet ad exercitation\",\n              \"FamilyName\": \"id nostru\",\n              \"GivenName\": \"nostrud Duis la\",\n              \"MiddleName\": \"Excepteur ull\"\n            },\n            \"BirthDt\": \"2020-06-12\"\n          },\n          \"OrgPartyListInfo\": {\n            \"PartyType\": \"LimitLiabilityPartnership\",\n            \"Contact\": [\n              {\n                \"PhoneNum\": {\n                  \"PhoneType\": \"Home\",\n                  \"PhoneIdent\": -17376040,\n                  \"Phone\": \"nostrud mollit est ex\",\n                  \"PreferredPhone\": false,\n                  \"PhoneDesc\": \"eiusmod \"\n                },\n                \"PostAddr\": {\n                  \"AddrType\": \"Primary\",\n                  \"AddressIdent\": \"dolore c\",\n                  \"AddrUse\": \"Personal\",\n                  \"AddrFormatType\": \"Label\",\n                  \"Addr1\": \"non occaecat fugiat\",\n                  \"Addr2\": \"laborum aute mollit qui\",\n                  \"City\": \"quis in\",\n                  \"StateProv\": \"pariatur laborum cillum elit\",\n                  \"PostalCode\": \"occa\",\n                  \"CountryCode\": {\n                    \"CountryCodeValue\": {\n                      \"value\": \"<Error: Too many levels of nesting to fake this schema>\"\n                    },\n                    \"CountryCodeSource\": {\n                      \"value\": \"<Error: Too many levels of nesting to fake this schema>\"\n                    }\n                  },\n                  \"TimeFrame\": {\n                    \"StartDt\": {\n                      \"value\": \"<Error: Too many levels of nesting to fake this schema>\"\n                    },\n                    \"EndDt\": {\n                      \"value\": \"<Error: Too many levels of nesting to fake this schema>\"\n                    }\n                  },\n                  \"Retention\": false,\n                  \"CensusTract\": \"Lorem ei\",\n                  \"CensusBlock\": \"exercitation u\",\n                  \"ForeignFlag\": false,\n                  \"HandlingCode\": \"ipsum adipisicing\",\n                  \"HandlingCodeOption\": \"est a\",\n                  \"MSACode\": 96372576\n                },\n                \"Email\": {\n                  \"EmailIdent\": \"ut anim\",\n                  \"EmailType\": \"Home\",\n                  \"EmailAddr\": \"proident ipsum tempor aute\",\n                  \"PreferredEmail\": false\n                },\n                \"WebAddr\": {\n                  \"WebAddrIdent\": 10386260,\n                  \"WebAddrType\": \"Work\",\n                  \"WebAddrLink\": \"ex commodo adipisicing minim mollit\"\n                }\n              },\n              {\n                \"PhoneNum\": {\n                  \"PhoneType\": \"Mobile\",\n                  \"PhoneIdent\": 7253359,\n                  \"Phone\": \"ullamco tempor\",\n                  \"PreferredPhone\": true,\n                  \"PhoneDesc\": \"ut pariatur m\"\n                },\n                \"PostAddr\": {\n                  \"AddrType\": \"Primary\",\n                  \"AddressIdent\": \"Excepteur offi\",\n                  \"AddrUse\": \"Business\",\n                  \"AddrFormatType\": \"Label\",\n                  \"Addr1\": \"id dolore in\",\n                  \"Addr2\": \"l\",\n                  \"City\": \"nulla Ut\",\n                  \"StateProv\": \"proident consectetur consequat nisi ea\",\n                  \"PostalCode\": \"aute par\",\n                  \"CountryCode\": {\n                    \"CountryCodeValue\": {\n                      \"value\": \"<Error: Too many levels of nesting to fake this schema>\"\n                    },\n                    \"CountryCodeSource\": {\n                      \"value\": \"<Error: Too many levels of nesting to fake this schema>\"\n                    }\n                  },\n                  \"TimeFrame\": {\n                    \"StartDt\": {\n                      \"value\": \"<Error: Too many levels of nesting to fake this schema>\"\n                    },\n                    \"EndDt\": {\n                      \"value\": \"<Error: Too many levels of nesting to fake this schema>\"\n                    }\n                  },\n                  \"Retention\": false,\n                  \"CensusTract\": \"conseq\",\n                  \"CensusBlock\": \"proident d\",\n                  \"ForeignFlag\": true,\n                  \"HandlingCode\": \"sint adipisicing quis\",\n                  \"HandlingCodeOption\": \"reprehenderit labore deserunt aliquip\",\n                  \"MSACode\": -36257312\n                },\n                \"Email\": {\n                  \"EmailIdent\": \"ut labore i\",\n                  \"EmailType\": \"Home\",\n                  \"EmailAddr\": \"qui dolor irure proident ea\",\n                  \"PreferredEmail\": true\n                },\n                \"WebAddr\": {\n                  \"WebAddrIdent\": 79845147,\n                  \"WebAddrType\": \"Work\",\n                  \"WebAddrLink\": \"mollit do m\"\n                }\n              }\n            ],\n            \"TaxIdentType\": \"EIN\",\n            \"TaxIdent\": \"aliquip in \",\n            \"OriginatingBranch\": \"voluptate\",\n            \"TelebancPswd\": \"irure minim commodo deserunt ipsum\",\n            \"OrgName\": {\n              \"NameType\": \"Primary\",\n              \"NameIdent\": \"veniam occaecat nisi u\",\n              \"Name\": \"et sunt ex commo\"\n            }\n          }\n        },\n        \"PartyAcctRelData\": [\n          {\n            \"PartyAcctRelType\": \"Trustee\",\n            \"PartyAcctRelOrder\": \"Other\"\n          },\n          {\n            \"PartyAcctRelType\": \"PrimaryPortfolioName\",\n            \"PartyAcctRelOrder\": \"Third\"\n          }\n        ],\n        \"OwnerPercent\": 41308729.68727356,\n        \"OwnerInd\": false,\n        \"PrimaryOwnerInd\": false,\n        \"TaxReportingOwnerInd\": true,\n        \"Nickname\": \"nos\",\n        \"AcctRef\": {\n          \"AcctKeys\": {\n            \"AcctId\": \"consectetur Excepte\",\n            \"AcctType\": \"CDA\"\n          },\n          \"AcctSummInfo\": {\n            \"AcctDtlStatus\": \"Active\",\n            \"FederalInsuranceEligibility\": \"NotApplicable\",\n            \"ProductIdent\": \"laboris veniam qui officia\",\n            \"TaxIncentiveType\": \"HSAIndividual\",\n            \"OpenDt\": \"1988-10-18\",\n            \"ClosedDt\": \"1963-06-23\",\n            \"MaturityDt\": \"1981-11-28\",\n            \"AcctTitle\": \"aute Excepteur ex mollit\",\n            \"ClassCode\": \"commodo\",\n            \"ProdIntRateId\": \"nulla cupi\",\n            \"AcctBal\": [\n              {\n                \"BalType\": \"PmtDue\",\n                \"CurAmt\": {\n                  \"Amt\": -4493192.147622034,\n                  \"CurCode\": {\n                    \"CurCodeValue\": {\n                      \"value\": \"<Error: Too many levels of nesting to fake this schema>\"\n                    },\n                    \"CurCodeType\": {\n                      \"value\": \"<Error: Too many levels of nesting to fake this schema>\"\n                    }\n                  }\n                }\n              },\n              {\n                \"BalType\": \"PayOffAmt\",\n                \"CurAmt\": {\n                  \"Amt\": 82853719.43761489,\n                  \"CurCode\": {\n                    \"CurCodeValue\": {\n                      \"value\": \"<Error: Too many levels of nesting to fake this schema>\"\n                    },\n                    \"CurCodeType\": {\n                      \"value\": \"<Error: Too many levels of nesting to fake this schema>\"\n                    }\n                  }\n                }\n              }\n            ],\n            \"ElectronicBankingOpt\": \"Disabled\",\n            \"DocDistributionOption\": \"in\",\n            \"DuePmt\": {\n              \"PmtCompositeAmt\": [\n                {\n                  \"CurAmt\": {\n                    \"Amt\": {\n                      \"value\": \"<Error: Too many levels of nesting to fake this schema>\"\n                    },\n                    \"CurCode\": {\n                      \"value\": \"<Error: Too many levels of nesting to fake this schema>\"\n                    }\n                  },\n                  \"CompositeCurAmtType\": \"PmtDue\"\n                },\n                {\n                  \"CurAmt\": {\n                    \"Amt\": {\n                      \"value\": \"<Error: Too many levels of nesting to fake this schema>\"\n                    },\n                    \"CurCode\": {\n                      \"value\": \"<Error: Too many levels of nesting to fake this schema>\"\n                    }\n                  },\n                  \"CompositeCurAmtType\": \"PmtDue\"\n                }\n              ],\n              \"DueDt\": \"6003-22-04\"\n            }\n          }\n        }\n      },\n      \"PartyAcctRelKeys\": {\n        \"PartyKeys\": {\n          \"PartyIdent\": \"eu sunt in ea\",\n          \"PartyIdentType\": \"TaxIdent\"\n        },\n        \"AcctKeys\": {\n          \"AcctId\": \"in ullamco veniam\",\n          \"AcctType\": \"PORT\"\n        }\n      },\n      \"PartyAcctRelStatus\": {\n        \"PartyAcctRelStatusCode\": \"Valid\",\n        \"EffDt\": \"4572-19-72T09:82:23\"\n      }\n    }\n  ],\n  \"Status\": {\n    \"Severity\": \"Error\",\n    \"StatusCode\": \"ut offici\",\n    \"StatusDesc\": \"ullamco nulla culpa Ut\",\n    \"SvcProviderName\": \"enim dolor voluptate officia occaecat\",\n    \"Id\": \"ipsum ut sunt quis\",\n    \"ServerStatusCode\": \"de\",\n    \"ServerStatusDesc\": \"exercitation dolore ad\",\n    \"OvrdExceptionInd\": true,\n    \"SubjectRole\": \"veniam Duis laborum\",\n    \"SubjectElement\": [\n      {\n        \"Path\": \"quis nostru\",\n        \"ServerPath\": \"in enim\",\n        \"Value\": \"nisi aute\"\n      },\n      {\n        \"Path\": \"cupidatat cillum mollit ullamco\",\n        \"ServerPath\": \"id ipsum\",\n        \"Value\": \"ut Duis\"\n      }\n    ],\n    \"ContentHTML\": \"ut ullamco in veniam\",\n    \"AdditionalStatus\": [\n      {\n        \"StatusCode\": \"veniam conseq\",\n        \"StatusDesc\": \"enim tempor veniam fugiat\",\n        \"Severity\": \"Info\",\n        \"SvcProviderName\": \"consequat fugiat elit qui ut\",\n        \"ServerStatusCode\": \"laborum a\",\n        \"ServerStatusDesc\": \"ex deserunt Ut nulla\",\n        \"OvrdExceptionInd\": false,\n        \"SubjectElement\": [\n          {\n            \"Path\": \"minim dolore ullamco\",\n            \"ServerPath\": \"nulla\",\n            \"Value\": \"eu veniam Duis\"\n          },\n          {\n            \"Path\": \"aute incididunt \",\n            \"ServerPath\": \"ad qui\",\n            \"Value\": \"consequat irure\"\n          }\n        ]\n      },\n      {\n        \"StatusCode\": \"nulla eius\",\n        \"StatusDesc\": \"do voluptate occaecat\",\n        \"Severity\": \"Info\",\n        \"SvcProviderName\": \"Excepteur\",\n        \"ServerStatusCode\": \"tempor\",\n        \"ServerStatusDesc\": \"exercitation irure sint Duis\",\n        \"OvrdExceptionInd\": false,\n        \"SubjectElement\": [\n          {\n            \"Path\": \"dolor do aliquip sint\",\n            \"ServerPath\": \"magna Lorem quis\",\n            \"Value\": \"aute\"\n          },\n          {\n            \"Path\": \"veniam dolor\",\n            \"ServerPath\": \"velit Duis enim\",\n            \"Value\": \"fugiat in\"\n          }\n        ]\n      }\n    ]\n  },\n  \"RecCtrlOut\": {\n    \"SentRecCount\": 63664524,\n    \"MatchedRecCount\": -14843554,\n    \"Cursor\": \"Duis deserunt c\"\n  }\n}","cookie":[],"_postman_previewlanguage":"json"},{"id":"f8a4cf10-d7f8-41b4-8a94-de1db7bb5502","name":"To view the complete list of response codes, <a href=\"../docs/?path=docs/response-codes.md\" title=\"Click to open\">click here.</a>","originalRequest":{"url":{"path":["partyacctrelservice","partyacctrel","partyacctrel","secured"],"host":["{{baseUrl}}"],"query":[],"variable":[]},"header":[{"disabled":false,"description":"(Required) EFX Header is a common and required component for all API calls, it contains client-related parameters. Please note that the header parameters should be sent as a JSON object under the EFXHeader parameter. To view the list of header parameters, <a href=\"../docs?path=docs/api-ref-EFX-header.md\" title=\"Click to open\"> click here.</a>","key":"EFXHeader","value":"OrganizationId,<string>,TrnId,<string>,VendorId,<string>,Context,[object Object]"},{"key":"Accept","value":"application/json"}],"method":"POST","body":{"mode":"raw","raw":"{\n  \"PartyAcctRelSel\": {\n    \"PartyKeys\": {\n      \"PartyIdent\": \"<string>\",\n      \"PartyIdentType\": \"<string>\"\n    },\n    \"ExcludeClosedAcctInd\": \"<boolean>\",\n    \"PartyAcctRelType\": \"Signer\",\n    \"IncPartyInfoInd\": \"<boolean>\",\n    \"IncAddtlAcctInfoInd\": \"<boolean>\"\n  },\n  \"RecCtrlIn\": {\n    \"MaxRecLimit\": \"<long>\",\n    \"Cursor\": \"<string>\"\n  }\n}","options":{"raw":{"language":"json"}}}},"status":"Internal Server Error","code":500,"header":[{"key":"Content-Type","value":"application/json"}],"body":"{\n  \"PartyAcctRelRec\": [\n    {\n      \"PartyAcctRelInfo\": {\n        \"PartyRef\": {\n          \"PartyKeys\": {\n            \"PartyId\": \"dolor\"\n          },\n          \"PersonPartyListInfo\": {\n            \"PartyType\": \"Business-Prospect\",\n            \"Contact\": [\n              {\n                \"PhoneNum\": {\n                  \"PhoneType\": \"Fax\",\n                  \"PhoneIdent\": -75909,\n                  \"Phone\": \"est exercitation ipsum cupidatat\",\n                  \"PreferredPhone\": true,\n                  \"PhoneDesc\": \"anim incididunt dese\"\n                },\n                \"PostAddr\": {\n                  \"AddrType\": \"Secondary\",\n                  \"AddressIdent\": \"Duis in\",\n                  \"AddrUse\": \"Business\",\n                  \"AddrFormatType\": \"Label\",\n                  \"Addr1\": \"commodo pariatur eiusmo\",\n                  \"Addr2\": \"non enim aliquip con\",\n                  \"City\": \"dolor m\",\n                  \"StateProv\": \"dolore ipsum amet\",\n                  \"PostalCode\": \"non sint \",\n                  \"CountryCode\": {\n                    \"CountryCodeValue\": {\n                      \"value\": \"<Error: Too many levels of nesting to fake this schema>\"\n                    },\n                    \"CountryCodeSource\": {\n                      \"value\": \"<Error: Too many levels of nesting to fake this schema>\"\n                    }\n                  },\n                  \"TimeFrame\": {\n                    \"StartDt\": {\n                      \"value\": \"<Error: Too many levels of nesting to fake this schema>\"\n                    },\n                    \"EndDt\": {\n                      \"value\": \"<Error: Too many levels of nesting to fake this schema>\"\n                    }\n                  },\n                  \"Retention\": true,\n                  \"CensusTract\": \"cupidatat\",\n                  \"CensusBlock\": \"in sin\",\n                  \"ForeignFlag\": false,\n                  \"HandlingCode\": \"occaecat ut commodo est\",\n                  \"HandlingCodeOption\": \"dolor labore incididunt est\",\n                  \"MSACode\": 66992026\n                },\n                \"Email\": {\n                  \"EmailIdent\": \"Duis eiusmod mollit\",\n                  \"EmailType\": \"Business\",\n                  \"EmailAddr\": \"est proident ut quis\",\n                  \"PreferredEmail\": false\n                },\n                \"WebAddr\": {\n                  \"WebAddrIdent\": -1530150,\n                  \"WebAddrType\": \"Work\",\n                  \"WebAddrLink\": \"ut\"\n                }\n              },\n              {\n                \"PhoneNum\": {\n                  \"PhoneType\": \"Modem\",\n                  \"PhoneIdent\": 10012818,\n                  \"Phone\": \"dolor Ut\",\n                  \"PreferredPhone\": false,\n                  \"PhoneDesc\": \"ullamco aute in quis\"\n                },\n                \"PostAddr\": {\n                  \"AddrType\": \"Secondary\",\n                  \"AddressIdent\": \"tem\",\n                  \"AddrUse\": \"Personal\",\n                  \"AddrFormatType\": \"Label\",\n                  \"Addr1\": \"ut ipsum\",\n                  \"Addr2\": \"consectetur tempor in nulla\",\n                  \"City\": \"in la\",\n                  \"StateProv\": \"consequat Duis in\",\n                  \"PostalCode\": \"irure\",\n                  \"CountryCode\": {\n                    \"CountryCodeValue\": {\n                      \"value\": \"<Error: Too many levels of nesting to fake this schema>\"\n                    },\n                    \"CountryCodeSource\": {\n                      \"value\": \"<Error: Too many levels of nesting to fake this schema>\"\n                    }\n                  },\n                  \"TimeFrame\": {\n                    \"StartDt\": {\n                      \"value\": \"<Error: Too many levels of nesting to fake this schema>\"\n                    },\n                    \"EndDt\": {\n                      \"value\": \"<Error: Too many levels of nesting to fake this schema>\"\n                    }\n                  },\n                  \"Retention\": true,\n                  \"CensusTract\": \"nu\",\n                  \"CensusBlock\": \"e\",\n                  \"ForeignFlag\": true,\n                  \"HandlingCode\": \"consectetur fugiat Excepteur minim eiusmod\",\n                  \"HandlingCodeOption\": \"laboris\",\n                  \"MSACode\": 44538911\n                },\n                \"Email\": {\n                  \"EmailIdent\": \"ea exercitati\",\n                  \"EmailType\": \"Business\",\n                  \"EmailAddr\": \"aute pariatur exercitation\",\n                  \"PreferredEmail\": true\n                },\n                \"WebAddr\": {\n                  \"WebAddrIdent\": -88387541,\n                  \"WebAddrType\": \"Work\",\n                  \"WebAddrLink\": \"est exercitation Excepteur dolore laboris\"\n                }\n              }\n            ],\n            \"TaxIdentType\": \"ITIN\",\n            \"TaxIdent\": \"esse occaeca\",\n            \"OriginatingBranch\": \"Excepteur nisi a\",\n            \"TelebancPswd\": \"id voluptate exercitation magna\",\n            \"PersonName\": {\n              \"NameType\": \"Primary\",\n              \"NameIdent\": \"e\",\n              \"FullName\": \"deserunt ad fugiat\",\n              \"FamilyName\": \"anim\",\n              \"GivenName\": \"adipisicing nisi an\",\n              \"MiddleName\": \"sint pariatur commodo\"\n            },\n            \"BirthDt\": \"1965-09-08\"\n          },\n          \"OrgPartyListInfo\": {\n            \"PartyType\": \"SoleProprietorship\",\n            \"Contact\": [\n              {\n                \"PhoneNum\": {\n                  \"PhoneType\": \"Modem\",\n                  \"PhoneIdent\": 49427459,\n                  \"Phone\": \"magna occaecat est\",\n                  \"PreferredPhone\": true,\n                  \"PhoneDesc\": \"dolo\"\n                },\n                \"PostAddr\": {\n                  \"AddrType\": \"Secondary\",\n                  \"AddressIdent\": \"aliquip magna occa\",\n                  \"AddrUse\": \"Personal\",\n                  \"AddrFormatType\": \"Label\",\n                  \"Addr1\": \"enim consequat\",\n                  \"Addr2\": \"occaecat esse\",\n                  \"City\": \"dolore esse ut\",\n                  \"StateProv\": \"in pariatur\",\n                  \"PostalCode\": \"consec\",\n                  \"CountryCode\": {\n                    \"CountryCodeValue\": {\n                      \"value\": \"<Error: Too many levels of nesting to fake this schema>\"\n                    },\n                    \"CountryCodeSource\": {\n                      \"value\": \"<Error: Too many levels of nesting to fake this schema>\"\n                    }\n                  },\n                  \"TimeFrame\": {\n                    \"StartDt\": {\n                      \"value\": \"<Error: Too many levels of nesting to fake this schema>\"\n                    },\n                    \"EndDt\": {\n                      \"value\": \"<Error: Too many levels of nesting to fake this schema>\"\n                    }\n                  },\n                  \"Retention\": false,\n                  \"CensusTract\": \"consequat dolor o\",\n                  \"CensusBlock\": \"veni\",\n                  \"ForeignFlag\": false,\n                  \"HandlingCode\": \"irure incididunt\",\n                  \"HandlingCodeOption\": \"eiusmod sint pariatur non\",\n                  \"MSACode\": -19890996\n                },\n                \"Email\": {\n                  \"EmailIdent\": \"do\",\n                  \"EmailType\": \"Home\",\n                  \"EmailAddr\": \"dolore consequat quis\",\n                  \"PreferredEmail\": false\n                },\n                \"WebAddr\": {\n                  \"WebAddrIdent\": 55284674,\n                  \"WebAddrType\": \"Work\",\n                  \"WebAddrLink\": \"do Exce\"\n                }\n              },\n              {\n                \"PhoneNum\": {\n                  \"PhoneType\": \"Other\",\n                  \"PhoneIdent\": 88992710,\n                  \"Phone\": \"nisi \",\n                  \"PreferredPhone\": false,\n                  \"PhoneDesc\": \"culpa\"\n                },\n                \"PostAddr\": {\n                  \"AddrType\": \"Primary\",\n                  \"AddressIdent\": \"commod\",\n                  \"AddrUse\": \"Personal\",\n                  \"AddrFormatType\": \"Label\",\n                  \"Addr1\": \"a\",\n                  \"Addr2\": \"ut\",\n                  \"City\": \"consequat\",\n                  \"StateProv\": \"mollit et\",\n                  \"PostalCode\": \"dolor m\",\n                  \"CountryCode\": {\n                    \"CountryCodeValue\": {\n                      \"value\": \"<Error: Too many levels of nesting to fake this schema>\"\n                    },\n                    \"CountryCodeSource\": {\n                      \"value\": \"<Error: Too many levels of nesting to fake this schema>\"\n                    }\n                  },\n                  \"TimeFrame\": {\n                    \"StartDt\": {\n                      \"value\": \"<Error: Too many levels of nesting to fake this schema>\"\n                    },\n                    \"EndDt\": {\n                      \"value\": \"<Error: Too many levels of nesting to fake this schema>\"\n                    }\n                  },\n                  \"Retention\": true,\n                  \"CensusTract\": \"Du\",\n                  \"CensusBlock\": \"esse dolore eu\",\n                  \"ForeignFlag\": false,\n                  \"HandlingCode\": \"tempor esse dolore dolor sed\",\n                  \"HandlingCodeOption\": \"aute Ut proident culpa\",\n                  \"MSACode\": 38767556\n                },\n                \"Email\": {\n                  \"EmailIdent\": \"enim\",\n                  \"EmailType\": \"Home\",\n                  \"EmailAddr\": \"sint reprehenderit\",\n                  \"PreferredEmail\": false\n                },\n                \"WebAddr\": {\n                  \"WebAddrIdent\": 54733454,\n                  \"WebAddrType\": \"Work\",\n                  \"WebAddrLink\": \"ex eu id\"\n                }\n              }\n            ],\n            \"TaxIdentType\": \"EIN\",\n            \"TaxIdent\": \"consequat p\",\n            \"OriginatingBranch\": \"occae\",\n            \"TelebancPswd\": \"incididunt elit exercitation pariatur\",\n            \"OrgName\": {\n              \"NameType\": \"Primary\",\n              \"NameIdent\": \"ullamco non incididunt\",\n              \"Name\": \"nulla id\"\n            }\n          }\n        },\n        \"PartyAcctRelData\": [\n          {\n            \"PartyAcctRelType\": \"Fiduciary\",\n            \"PartyAcctRelOrder\": \"Other\"\n          },\n          {\n            \"PartyAcctRelType\": \"Signer\",\n            \"PartyAcctRelOrder\": \"Other\"\n          }\n        ],\n        \"OwnerPercent\": -79521388.62147161,\n        \"OwnerInd\": true,\n        \"PrimaryOwnerInd\": true,\n        \"TaxReportingOwnerInd\": false,\n        \"Nickname\": \"exercitation\",\n        \"AcctRef\": {\n          \"AcctKeys\": {\n            \"AcctId\": \"veniam \",\n            \"AcctType\": \"CLOC\"\n          },\n          \"AcctSummInfo\": {\n            \"AcctDtlStatus\": \"Active\",\n            \"FederalInsuranceEligibility\": \"NotApplicable\",\n            \"ProductIdent\": \"et magna est commo\",\n            \"TaxIncentiveType\": \"IRA\",\n            \"OpenDt\": \"1989-02-02\",\n            \"ClosedDt\": \"1951-10-21\",\n            \"MaturityDt\": \"1987-02-22\",\n            \"AcctTitle\": \"anim occaecat Excepteur nisi deserunt\",\n            \"ClassCode\": \"officia proident eiusm\",\n            \"ProdIntRateId\": \"occaecat in sunt est sit\",\n            \"AcctBal\": [\n              {\n                \"BalType\": \"Principal\",\n                \"CurAmt\": {\n                  \"Amt\": -38064357.01446977,\n                  \"CurCode\": {\n                    \"CurCodeValue\": {\n                      \"value\": \"<Error: Too many levels of nesting to fake this schema>\"\n                    },\n                    \"CurCodeType\": {\n                      \"value\": \"<Error: Too many levels of nesting to fake this schema>\"\n                    }\n                  }\n                }\n              },\n              {\n                \"BalType\": \"PmtDue\",\n                \"CurAmt\": {\n                  \"Amt\": -33684004.0571333,\n                  \"CurCode\": {\n                    \"CurCodeValue\": {\n                      \"value\": \"<Error: Too many levels of nesting to fake this schema>\"\n                    },\n                    \"CurCodeType\": {\n                      \"value\": \"<Error: Too many levels of nesting to fake this schema>\"\n                    }\n                  }\n                }\n              }\n            ],\n            \"ElectronicBankingOpt\": \"InquiryOnly\",\n            \"DocDistributionOption\": \"officia culpa in\",\n            \"DuePmt\": {\n              \"PmtCompositeAmt\": [\n                {\n                  \"CurAmt\": {\n                    \"Amt\": {\n                      \"value\": \"<Error: Too many levels of nesting to fake this schema>\"\n                    },\n                    \"CurCode\": {\n                      \"value\": \"<Error: Too many levels of nesting to fake this schema>\"\n                    }\n                  },\n                  \"CompositeCurAmtType\": \"Rent\"\n                },\n                {\n                  \"CurAmt\": {\n                    \"Amt\": {\n                      \"value\": \"<Error: Too many levels of nesting to fake this schema>\"\n                    },\n                    \"CurCode\": {\n                      \"value\": \"<Error: Too many levels of nesting to fake this schema>\"\n                    }\n                  },\n                  \"CompositeCurAmtType\": \"PmtDue\"\n                }\n              ],\n              \"DueDt\": \"6875-01-08T14:41\"\n            }\n          }\n        }\n      },\n      \"PartyAcctRelKeys\": {\n        \"PartyKeys\": {\n          \"PartyIdent\": \"proident sit Lorem\",\n          \"PartyIdentType\": \"TaxIdent\"\n        },\n        \"AcctKeys\": {\n          \"AcctId\": \"in ad quis adipisicing\",\n          \"AcctType\": \"DDL\"\n        }\n      },\n      \"PartyAcctRelStatus\": {\n        \"PartyAcctRelStatusCode\": \"Valid\",\n        \"EffDt\": \"1081-99-51T96:65:80.991+04:35\"\n      }\n    },\n    {\n      \"PartyAcctRelInfo\": {\n        \"PartyRef\": {\n          \"PartyKeys\": {\n            \"PartyId\": \"mollit dolor eiusmod\"\n          },\n          \"PersonPartyListInfo\": {\n            \"PartyType\": \"LimitLiabilityC-Corp\",\n            \"Contact\": [\n              {\n                \"PhoneNum\": {\n                  \"PhoneType\": \"Home\",\n                  \"PhoneIdent\": 47570112,\n                  \"Phone\": \"sed\",\n                  \"PreferredPhone\": false,\n                  \"PhoneDesc\": \"pariatur ea\"\n                },\n                \"PostAddr\": {\n                  \"AddrType\": \"Primary\",\n                  \"AddressIdent\": \"voluptate quis eu la\",\n                  \"AddrUse\": \"Home\",\n                  \"AddrFormatType\": \"Label\",\n                  \"Addr1\": \"ut veniam\",\n                  \"Addr2\": \"pariatur\",\n                  \"City\": \"do\",\n                  \"StateProv\": \"quis\",\n                  \"PostalCode\": \"eiusm\",\n                  \"CountryCode\": {\n                    \"CountryCodeValue\": {\n                      \"value\": \"<Error: Too many levels of nesting to fake this schema>\"\n                    },\n                    \"CountryCodeSource\": {\n                      \"value\": \"<Error: Too many levels of nesting to fake this schema>\"\n                    }\n                  },\n                  \"TimeFrame\": {\n                    \"StartDt\": {\n                      \"value\": \"<Error: Too many levels of nesting to fake this schema>\"\n                    },\n                    \"EndDt\": {\n                      \"value\": \"<Error: Too many levels of nesting to fake this schema>\"\n                    }\n                  },\n                  \"Retention\": false,\n                  \"CensusTract\": \"dolor quis irure\",\n                  \"CensusBlock\": \"non off\",\n                  \"ForeignFlag\": false,\n                  \"HandlingCode\": \"sint labore esse deserunt eli\",\n                  \"HandlingCodeOption\": \"esse do\",\n                  \"MSACode\": -12080949\n                },\n                \"Email\": {\n                  \"EmailIdent\": \"esse quis \",\n                  \"EmailType\": \"Home\",\n                  \"EmailAddr\": \"Ut cupidatat est\",\n                  \"PreferredEmail\": false\n                },\n                \"WebAddr\": {\n                  \"WebAddrIdent\": 84680696,\n                  \"WebAddrType\": \"Work\",\n                  \"WebAddrLink\": \"mollit sit labore dolore\"\n                }\n              },\n              {\n                \"PhoneNum\": {\n                  \"PhoneType\": \"Mobile\",\n                  \"PhoneIdent\": -8461534,\n                  \"Phone\": \"cupidatat inc\",\n                  \"PreferredPhone\": false,\n                  \"PhoneDesc\": \"pariatur Lorem adipisic\"\n                },\n                \"PostAddr\": {\n                  \"AddrType\": \"Secondary\",\n                  \"AddressIdent\": \"volup\",\n                  \"AddrUse\": \"Business\",\n                  \"AddrFormatType\": \"Label\",\n                  \"Addr1\": \"q\",\n                  \"Addr2\": \"elit ess\",\n                  \"City\": \"officia\",\n                  \"StateProv\": \"enim exercitation ut\",\n                  \"PostalCode\": \"Ut\",\n                  \"CountryCode\": {\n                    \"CountryCodeValue\": {\n                      \"value\": \"<Error: Too many levels of nesting to fake this schema>\"\n                    },\n                    \"CountryCodeSource\": {\n                      \"value\": \"<Error: Too many levels of nesting to fake this schema>\"\n                    }\n                  },\n                  \"TimeFrame\": {\n                    \"StartDt\": {\n                      \"value\": \"<Error: Too many levels of nesting to fake this schema>\"\n                    },\n                    \"EndDt\": {\n                      \"value\": \"<Error: Too many levels of nesting to fake this schema>\"\n                    }\n                  },\n                  \"Retention\": true,\n                  \"CensusTract\": \"ullamco esse\",\n                  \"CensusBlock\": \"ipsum in incididunt\",\n                  \"ForeignFlag\": false,\n                  \"HandlingCode\": \"eu velit sit\",\n                  \"HandlingCodeOption\": \"dolor\",\n                  \"MSACode\": 97011989\n                },\n                \"Email\": {\n                  \"EmailIdent\": \"e\",\n                  \"EmailType\": \"Business\",\n                  \"EmailAddr\": \"voluptate cillum\",\n                  \"PreferredEmail\": false\n                },\n                \"WebAddr\": {\n                  \"WebAddrIdent\": -23847425,\n                  \"WebAddrType\": \"Work\",\n                  \"WebAddrLink\": \"veniam aliquip dolor ut\"\n                }\n              }\n            ],\n            \"TaxIdentType\": \"SSN\",\n            \"TaxIdent\": \"i\",\n            \"OriginatingBranch\": \"pariatur la\",\n            \"TelebancPswd\": \"in ex in minim\",\n            \"PersonName\": {\n              \"NameType\": \"Primary\",\n              \"NameIdent\": \"dolore \",\n              \"FullName\": \"commodo ex tempor ull\",\n              \"FamilyName\": \"veniam id Ex\",\n              \"GivenName\": \"ex cupidatat\",\n              \"MiddleName\": \"sun\"\n            },\n            \"BirthDt\": \"1978-08-18\"\n          },\n          \"OrgPartyListInfo\": {\n            \"PartyType\": \"Other\",\n            \"Contact\": [\n              {\n                \"PhoneNum\": {\n                  \"PhoneType\": \"Pager\",\n                  \"PhoneIdent\": 55622128,\n                  \"Phone\": \"consectetur ea sint\",\n                  \"PreferredPhone\": true,\n                  \"PhoneDesc\": \"nos\"\n                },\n                \"PostAddr\": {\n                  \"AddrType\": \"Seasonal\",\n                  \"AddressIdent\": \"ut exercitation cupid\",\n                  \"AddrUse\": \"Home\",\n                  \"AddrFormatType\": \"Label\",\n                  \"Addr1\": \"adipisicing ir\",\n                  \"Addr2\": \"sit amet minim\",\n                  \"City\": \"occaecat amet cupidata\",\n                  \"StateProv\": \"in\",\n                  \"PostalCode\": \"ut offici\",\n                  \"CountryCode\": {\n                    \"CountryCodeValue\": {\n                      \"value\": \"<Error: Too many levels of nesting to fake this schema>\"\n                    },\n                    \"CountryCodeSource\": {\n                      \"value\": \"<Error: Too many levels of nesting to fake this schema>\"\n                    }\n                  },\n                  \"TimeFrame\": {\n                    \"StartDt\": {\n                      \"value\": \"<Error: Too many levels of nesting to fake this schema>\"\n                    },\n                    \"EndDt\": {\n                      \"value\": \"<Error: Too many levels of nesting to fake this schema>\"\n                    }\n                  },\n                  \"Retention\": false,\n                  \"CensusTract\": \"\",\n                  \"CensusBlock\": \"el\",\n                  \"ForeignFlag\": false,\n                  \"HandlingCode\": \"consectetur voluptate\",\n                  \"HandlingCodeOption\": \"et eu\",\n                  \"MSACode\": 21329319\n                },\n                \"Email\": {\n                  \"EmailIdent\": \"in amet velit\",\n                  \"EmailType\": \"Home\",\n                  \"EmailAddr\": \"nostrud ullamco sit sint\",\n                  \"PreferredEmail\": false\n                },\n                \"WebAddr\": {\n                  \"WebAddrIdent\": 41559042,\n                  \"WebAddrType\": \"Work\",\n                  \"WebAddrLink\": \"sunt ea sed consectetur\"\n                }\n              },\n              {\n                \"PhoneNum\": {\n                  \"PhoneType\": \"Fax\",\n                  \"PhoneIdent\": -15618042,\n                  \"Phone\": \"elit ea\",\n                  \"PreferredPhone\": false,\n                  \"PhoneDesc\": \"nu\"\n                },\n                \"PostAddr\": {\n                  \"AddrType\": \"Secondary\",\n                  \"AddressIdent\": \"Duis\",\n                  \"AddrUse\": \"Business\",\n                  \"AddrFormatType\": \"Label\",\n                  \"Addr1\": \"velit eiusmod Ut\",\n                  \"Addr2\": \"deserunt sed quis culpa\",\n                  \"City\": \"nisi\",\n                  \"StateProv\": \"aliquip ad ut ea\",\n                  \"PostalCode\": \"labo\",\n                  \"CountryCode\": {\n                    \"CountryCodeValue\": {\n                      \"value\": \"<Error: Too many levels of nesting to fake this schema>\"\n                    },\n                    \"CountryCodeSource\": {\n                      \"value\": \"<Error: Too many levels of nesting to fake this schema>\"\n                    }\n                  },\n                  \"TimeFrame\": {\n                    \"StartDt\": {\n                      \"value\": \"<Error: Too many levels of nesting to fake this schema>\"\n                    },\n                    \"EndDt\": {\n                      \"value\": \"<Error: Too many levels of nesting to fake this schema>\"\n                    }\n                  },\n                  \"Retention\": false,\n                  \"CensusTract\": \"irure volupt\",\n                  \"CensusBlock\": \"pariatur ul\",\n                  \"ForeignFlag\": true,\n                  \"HandlingCode\": \"sint deserunt Lorem\",\n                  \"HandlingCodeOption\": \"reprehenderit et\",\n                  \"MSACode\": 69496502\n                },\n                \"Email\": {\n                  \"EmailIdent\": \"adipisicing\",\n                  \"EmailType\": \"Business\",\n                  \"EmailAddr\": \"Ut dolore\",\n                  \"PreferredEmail\": false\n                },\n                \"WebAddr\": {\n                  \"WebAddrIdent\": -87416288,\n                  \"WebAddrType\": \"Work\",\n                  \"WebAddrLink\": \"sint tempor deserunt officia dolor\"\n                }\n              }\n            ],\n            \"TaxIdentType\": \"EIN\",\n            \"TaxIdent\": \"laborum ut\",\n            \"OriginatingBranch\": \"est n\",\n            \"TelebancPswd\": \"dolore tempor cupidatat ut\",\n            \"OrgName\": {\n              \"NameType\": \"Primary\",\n              \"NameIdent\": \"in incididunt est irure\",\n              \"Name\": \"occaecat\"\n            }\n          }\n        },\n        \"PartyAcctRelData\": [\n          {\n            \"PartyAcctRelType\": \"SecondaryPortfolioName\",\n            \"PartyAcctRelOrder\": \"Third\"\n          },\n          {\n            \"PartyAcctRelType\": \"Borrower\",\n            \"PartyAcctRelOrder\": \"Second\"\n          }\n        ],\n        \"OwnerPercent\": 36823574.198912024,\n        \"OwnerInd\": false,\n        \"PrimaryOwnerInd\": false,\n        \"TaxReportingOwnerInd\": false,\n        \"Nickname\": \"enim Duis proident\",\n        \"AcctRef\": {\n          \"AcctKeys\": {\n            \"AcctId\": \"sed commodo\",\n            \"AcctType\": \"LOAN\"\n          },\n          \"AcctSummInfo\": {\n            \"AcctDtlStatus\": \"Inactive\",\n            \"FederalInsuranceEligibility\": \"Eligible\",\n            \"ProductIdent\": \"commodo esse culpa nisi\",\n            \"TaxIncentiveType\": \"None\",\n            \"OpenDt\": \"1953-08-20\",\n            \"ClosedDt\": \"1945-09-11\",\n            \"MaturityDt\": \"2009-08-27\",\n            \"AcctTitle\": \"voluptate consectetur exercitation\",\n            \"ClassCode\": \"in dolor\",\n            \"ProdIntRateId\": \"exercitation \",\n            \"AcctBal\": [\n              {\n                \"BalType\": \"AvailCredit\",\n                \"CurAmt\": {\n                  \"Amt\": 14028359.72394158,\n                  \"CurCode\": {\n                    \"CurCodeValue\": {\n                      \"value\": \"<Error: Too many levels of nesting to fake this schema>\"\n                    },\n                    \"CurCodeType\": {\n                      \"value\": \"<Error: Too many levels of nesting to fake this schema>\"\n                    }\n                  }\n                }\n              },\n              {\n                \"BalType\": \"Current\",\n                \"CurAmt\": {\n                  \"Amt\": 78939098.78472397,\n                  \"CurCode\": {\n                    \"CurCodeValue\": {\n                      \"value\": \"<Error: Too many levels of nesting to fake this schema>\"\n                    },\n                    \"CurCodeType\": {\n                      \"value\": \"<Error: Too many levels of nesting to fake this schema>\"\n                    }\n                  }\n                }\n              }\n            ],\n            \"ElectronicBankingOpt\": \"Disabled\",\n            \"DocDistributionOption\": \"qui sit Excepteur\",\n            \"DuePmt\": {\n              \"PmtCompositeAmt\": [\n                {\n                  \"CurAmt\": {\n                    \"Amt\": {\n                      \"value\": \"<Error: Too many levels of nesting to fake this schema>\"\n                    },\n                    \"CurCode\": {\n                      \"value\": \"<Error: Too many levels of nesting to fake this schema>\"\n                    }\n                  },\n                  \"CompositeCurAmtType\": \"Rent\"\n                },\n                {\n                  \"CurAmt\": {\n                    \"Amt\": {\n                      \"value\": \"<Error: Too many levels of nesting to fake this schema>\"\n                    },\n                    \"CurCode\": {\n                      \"value\": \"<Error: Too many levels of nesting to fake this schema>\"\n                    }\n                  },\n                  \"CompositeCurAmtType\": \"PmtDue\"\n                }\n              ],\n              \"DueDt\": \"0039-45-34T31:26:75\"\n            }\n          }\n        }\n      },\n      \"PartyAcctRelKeys\": {\n        \"PartyKeys\": {\n          \"PartyIdent\": \"enim\",\n          \"PartyIdentType\": \"TaxIdent\"\n        },\n        \"AcctKeys\": {\n          \"AcctId\": \"eu consequa\",\n          \"AcctType\": \"SDB\"\n        }\n      },\n      \"PartyAcctRelStatus\": {\n        \"PartyAcctRelStatusCode\": \"Valid\",\n        \"EffDt\": \"3987-23-54T39:78\"\n      }\n    }\n  ],\n  \"Status\": {\n    \"Severity\": \"Warning\",\n    \"StatusCode\": \"dolore ad\",\n    \"StatusDesc\": \"ea commodo\",\n    \"SvcProviderName\": \"tempor aute dolor est\",\n    \"Id\": \"culpa voluptate qui\",\n    \"ServerStatusCode\": \"nisi incididunt ci\",\n    \"ServerStatusDesc\": \"cupidatat incididunt\",\n    \"OvrdExceptionInd\": false,\n    \"SubjectRole\": \"ex in\",\n    \"SubjectElement\": [\n      {\n        \"Path\": \"dolor nisi ex veniam\",\n        \"ServerPath\": \"labore in irure officia\",\n        \"Value\": \"Duis labore eiusmod anim dolor\"\n      },\n      {\n        \"Path\": \"dolore ut laborum\",\n        \"ServerPath\": \"anim do eiusmod officia sit\",\n        \"Value\": \"reprehenderit tempor fugiat occaecat\"\n      }\n    ],\n    \"ContentHTML\": \"aliquip ex adipisicing\",\n    \"AdditionalStatus\": [\n      {\n        \"StatusCode\": \"voluptate ut cup\",\n        \"StatusDesc\": \"in magna ut id\",\n        \"Severity\": \"Error\",\n        \"SvcProviderName\": \"id magna\",\n        \"ServerStatusCode\": \"deserunt dol\",\n        \"ServerStatusDesc\": \"anim aliqua ex\",\n        \"OvrdExceptionInd\": false,\n        \"SubjectElement\": [\n          {\n            \"Path\": \"ipsum voluptate dolore\",\n            \"ServerPath\": \"cillum Duis aliqua sit\",\n            \"Value\": \"in incididunt est cupidatat dolore\"\n          },\n          {\n            \"Path\": \"enim in nisi ut Duis\",\n            \"ServerPath\": \"consectetur nulla\",\n            \"Value\": \"incididunt adipisicing amet mollit\"\n          }\n        ]\n      },\n      {\n        \"StatusCode\": \"do cup\",\n        \"StatusDesc\": \"nostrud enim\",\n        \"Severity\": \"Error\",\n        \"SvcProviderName\": \"incidid\",\n        \"ServerStatusCode\": \"sint\",\n        \"ServerStatusDesc\": \"in et in\",\n        \"OvrdExceptionInd\": true,\n        \"SubjectElement\": [\n          {\n            \"Path\": \"aute proident enim laboris\",\n            \"ServerPath\": \"ea sed\",\n            \"Value\": \"enim nulla officia sunt eiusmod\"\n          },\n          {\n            \"Path\": \"velit fugiat ullamco in\",\n            \"ServerPath\": \"incididunt ipsum tempor\",\n            \"Value\": \"labore eu dolor ipsum\"\n          }\n        ]\n      }\n    ]\n  },\n  \"RecCtrlOut\": {\n    \"SentRecCount\": -29643532,\n    \"MatchedRecCount\": -57071605,\n    \"Cursor\": \"ea pariatur\"\n  }\n}","cookie":[],"_postman_previewlanguage":"json"}],"event":[],"protocolProfileBehavior":{"disableBodyPruning":true}}],"event":[],"variable":[{"type":"string","value":"/","key":"baseUrl"}],"info":{"_postman_id":"6283d71c-130c-4e06-b2c4-464676224919","name":"Party Account Relationship Service","schema":"https://schema.getpostman.com/json/collection/v2.1.0/collection.json","description":{"content":"Party account relationship service manages the nature of relationship between a party and a product account. It is used to indicate the primary contact and tax responsible parties as well as state the relationship type between the party and an account.","type":"text/plain"}}}