{"item":[{"id":"da7c6873-7008-4c0f-8d7f-19278902495d","name":"Get Address","request":{"name":"Get Address","description":{"content":"Get Address API retrieves all addresses associated with a party including primary, secondary, seasonal or future primary.<br> <br> To download the API Specifications and Postman Collection, click <a href=\"../docs/?path=docs/resources/resources.md\" title=\"Click to open\">Resources</a>.","type":"text/plain"},"url":{"path":["addrservice","partyacctsvc","address","secured"],"host":["{{baseUrl}}"],"query":[],"variable":[]},"header":[{"disabled":false,"description":"(Required) EFX Header is a common and required component for all API calls, it contains client-related parameters. Please note that the header parameters should be sent as a JSON object under the EFXHeader parameter. To view the list of header parameters, <a href=\"../docs?path=docs/api-ref-EFX-header.md\" title=\"Click to open\"> click here.</a>","key":"EFXHeader","value":"OrganizationId,<string>,TrnId,<string>,VendorId,<string>,Context,[object Object]"},{"key":"Content-Type","value":"application/json"},{"key":"Accept","value":"application/json"}],"method":"POST","auth":null,"body":{"mode":"raw","raw":"{\n  \"AddrSel\": {\n    \"PartyKeys\": {\n      \"PartyId\": \"<string>\"\n    }\n  }\n}","options":{"raw":{"language":"json"}}}},"response":[{"id":"3fa0ee18-5b6d-4c9e-8086-2cd1a7b90714","name":"Success","originalRequest":{"url":{"path":["addrservice","partyacctsvc","address","secured"],"host":["{{baseUrl}}"],"query":[],"variable":[]},"header":[{"disabled":false,"description":"(Required) EFX Header is a common and required component for all API calls, it contains client-related parameters. Please note that the header parameters should be sent as a JSON object under the EFXHeader parameter. To view the list of header parameters, <a href=\"../docs?path=docs/api-ref-EFX-header.md\" title=\"Click to open\"> click here.</a>","key":"EFXHeader","value":"OrganizationId,<string>,TrnId,<string>,VendorId,<string>,Context,[object Object]"},{"key":"Accept","value":"application/json"}],"method":"POST","body":{"mode":"raw","raw":"{\n  \"AddrSel\": {\n    \"PartyKeys\": {\n      \"PartyId\": \"<string>\"\n    }\n  }\n}","options":{"raw":{"language":"json"}}}},"status":"OK","code":200,"header":[{"key":"Content-Type","value":"application/json"}],"body":"{\n  \"AddrRec\": [\n    {\n      \"AddrInfo\": {\n        \"PostAddr\": [\n          {\n            \"AddrType\": \"Seasonal\",\n            \"AddressIdent\": \"Ut\",\n            \"AddrUse\": \"BillPayerService\",\n            \"Addr1\": \"D\",\n            \"Addr2\": \"cupidatat irure ut magna Excepteur\",\n            \"City\": \"culpa Excepte\",\n            \"County\": \"ex\",\n            \"StateProv\": \"in\",\n            \"PostalCode\": \"dol\",\n            \"CountryCode\": {\n              \"CountryCodeValue\": \"id deseru\",\n              \"CountryCodeSource\": \"FIPS-10\"\n            },\n            \"TimeFrame\": {\n              \"StartDt\": \"0531-75-78\",\n              \"EndDt\": \"4346-50-40\"\n            },\n            \"Retention\": false,\n            \"HandlingCode\": \"laborum magna quis ullamco dolore\",\n            \"PhoneNum\": [\n              {\n                \"PhoneType\": \"Other\",\n                \"Phone\": \"reprehe\"\n              },\n              {\n                \"PhoneType\": \"Other\",\n                \"Phone\": \"velit culpa nostrud\"\n              }\n            ]\n          },\n          {\n            \"AddrType\": \"Primary\",\n            \"AddressIdent\": \"u\",\n            \"AddrUse\": \"Confirmed\",\n            \"Addr1\": \"d\",\n            \"Addr2\": \"id dolore veniam eiusmod\",\n            \"City\": \"commodo deserunt officia\",\n            \"County\": \"dolore\",\n            \"StateProv\": \"con\",\n            \"PostalCode\": \"nisi nul\",\n            \"CountryCode\": {\n              \"CountryCodeValue\": \"qui irure voluptate\",\n              \"CountryCodeSource\": \"FIPS-10\"\n            },\n            \"TimeFrame\": {\n              \"StartDt\": \"8907-23-42\",\n              \"EndDt\": \"5352-07-03\"\n            },\n            \"Retention\": false,\n            \"HandlingCode\": \"aliquip\",\n            \"PhoneNum\": [\n              {\n                \"PhoneType\": \"Other\",\n                \"Phone\": \"irure voluptate\"\n              },\n              {\n                \"PhoneType\": \"Other\",\n                \"Phone\": \"sed tempor \"\n              }\n            ]\n          }\n        ]\n      },\n      \"AddrStatus\": {\n        \"AddrStatusCode\": \"Valid\",\n        \"EffDt\": \"4814-44-46\"\n      }\n    },\n    {\n      \"AddrInfo\": {\n        \"PostAddr\": [\n          {\n            \"AddrType\": \"Seasonal\",\n            \"AddressIdent\": \"culpa Ut\",\n            \"AddrUse\": \"NotConfirmed\",\n            \"Addr1\": \"elit commodo ad Ut sit\",\n            \"Addr2\": \"aute nisi mollit eli\",\n            \"City\": \"adipisicing\",\n            \"County\": \"adipisicing quis\",\n            \"StateProv\": \"proident in esse\",\n            \"PostalCode\": \"officia mol\",\n            \"CountryCode\": {\n              \"CountryCodeValue\": \"dol\",\n              \"CountryCodeSource\": \"FIPS-10\"\n            },\n            \"TimeFrame\": {\n              \"StartDt\": \"1960-09-09\",\n              \"EndDt\": \"0146-32-92T80:85\"\n            },\n            \"Retention\": false,\n            \"HandlingCode\": \"tempor\",\n            \"PhoneNum\": [\n              {\n                \"PhoneType\": \"Other\",\n                \"Phone\": \"deserunt in enim nulla adipisicing\"\n              },\n              {\n                \"PhoneType\": \"Other\",\n                \"Phone\": \"incididunt laborum sint\"\n              }\n            ]\n          },\n          {\n            \"AddrType\": \"Primary\",\n            \"AddressIdent\": \"nostrud qui\",\n            \"AddrUse\": \"PrimaryCustomer\",\n            \"Addr1\": \"fugiat ullamco Ut est\",\n            \"Addr2\": \"officia ea aute\",\n            \"City\": \"\",\n            \"County\": \"sunt\",\n            \"StateProv\": \"ullamco id\",\n            \"PostalCode\": \"\",\n            \"CountryCode\": {\n              \"CountryCodeValue\": \"in velit ullamco\",\n              \"CountryCodeSource\": \"FIPS-10\"\n            },\n            \"TimeFrame\": {\n              \"StartDt\": \"2003-78-03\",\n              \"EndDt\": \"9267-85-28T80:73:74.245\"\n            },\n            \"Retention\": true,\n            \"HandlingCode\": \"nulla ea eiusmod\",\n            \"PhoneNum\": [\n              {\n                \"PhoneType\": \"Other\",\n                \"Phone\": \"officia pariatur occ\"\n              },\n              {\n                \"PhoneType\": \"Other\",\n                \"Phone\": \"mollit eiusmod\"\n              }\n            ]\n          }\n        ]\n      },\n      \"AddrStatus\": {\n        \"AddrStatusCode\": \"Valid\",\n        \"EffDt\": \"4471-73-10T38:75:87\"\n      }\n    }\n  ],\n  \"Status\": {\n    \"Severity\": \"Warning\",\n    \"StatusCode\": \"ut \",\n    \"StatusDesc\": \"non aliquip cillum\",\n    \"SvcProviderName\": \"fugiat eu\",\n    \"Id\": \"consectetur Lorem \",\n    \"ServerStatusCode\": \"tempor culpa\",\n    \"ServerStatusDesc\": \"culpa reprehenderit officia\",\n    \"OvrdExceptionInd\": false,\n    \"SubjectRole\": \"officia dolore\",\n    \"SubjectElement\": [\n      {\n        \"Path\": \"laborum\",\n        \"ServerPath\": \"officia do\",\n        \"Value\": \"nostrud exercitation Lorem\"\n      },\n      {\n        \"Path\": \"sit cupidatat incididunt laboris\",\n        \"ServerPath\": \"reprehenderit Excepteur dolor\",\n        \"Value\": \"aliquip non tempor consectetur\"\n      }\n    ],\n    \"ContentHTML\": \"dolore enim in cupidatat\",\n    \"AdditionalStatus\": [\n      {\n        \"StatusCode\": \"consequat velit ad\",\n        \"StatusDesc\": \"elit Ut\",\n        \"Severity\": \"Error\",\n        \"SvcProviderName\": \"labore est exercitation\",\n        \"ServerStatusCode\": \"incididunt\",\n        \"ServerStatusDesc\": \"culpa anim consectetur reprehenderit esse\",\n        \"OvrdExceptionInd\": true,\n        \"SubjectElement\": [\n          {\n            \"Path\": \"nulla nisi eiusmod consequat\",\n            \"ServerPath\": \"dolore\",\n            \"Value\": \"laborum in fugiat mollit dolor\"\n          },\n          {\n            \"Path\": \"magna eu nulla ullamco\",\n            \"ServerPath\": \"non ipsum exercitation laboris\",\n            \"Value\": \"sit\"\n          }\n        ]\n      },\n      {\n        \"StatusCode\": \"dolor ut enim\",\n        \"StatusDesc\": \"fugiat in sit\",\n        \"Severity\": \"Info\",\n        \"SvcProviderName\": \"veniam minim mollit eiusmod\",\n        \"ServerStatusCode\": \"et\",\n        \"ServerStatusDesc\": \"aute voluptate consequat dolor\",\n        \"OvrdExceptionInd\": true,\n        \"SubjectElement\": [\n          {\n            \"Path\": \"enim consequat deserunt veniam\",\n            \"ServerPath\": \"eiusmod eu consectetur culpa\",\n            \"Value\": \"occaecat\"\n          },\n          {\n            \"Path\": \"tempor Duis cupidatat\",\n            \"ServerPath\": \"mollit laborum ut\",\n            \"Value\": \"consectetur ea exercitation do nostrud\"\n          }\n        ]\n      }\n    ]\n  },\n  \"RecCtrlOut\": {\n    \"SentRecCount\": -51125202\n  }\n}","cookie":[],"_postman_previewlanguage":"json"},{"id":"44b6459b-0a2e-41b6-a541-d3c052d943b9","name":"To view the complete list of response codes, <a href=\"../docs/?path=docs/response-codes.md\" title=\"Click to open\">click here.</a>","originalRequest":{"url":{"path":["addrservice","partyacctsvc","address","secured"],"host":["{{baseUrl}}"],"query":[],"variable":[]},"header":[{"disabled":false,"description":"(Required) EFX Header is a common and required component for all API calls, it contains client-related parameters. Please note that the header parameters should be sent as a JSON object under the EFXHeader parameter. To view the list of header parameters, <a href=\"../docs?path=docs/api-ref-EFX-header.md\" title=\"Click to open\"> click here.</a>","key":"EFXHeader","value":"OrganizationId,<string>,TrnId,<string>,VendorId,<string>,Context,[object Object]"},{"key":"Accept","value":"application/json"}],"method":"POST","body":{"mode":"raw","raw":"{\n  \"AddrSel\": {\n    \"PartyKeys\": {\n      \"PartyId\": \"<string>\"\n    }\n  }\n}","options":{"raw":{"language":"json"}}}},"status":"Internal Server Error","code":500,"header":[{"key":"Content-Type","value":"application/json"}],"body":"{\n  \"AddrRec\": [\n    {\n      \"AddrInfo\": {\n        \"PostAddr\": [\n          {\n            \"AddrType\": \"Secondary\",\n            \"AddressIdent\": \"occaecat incididunt dolor deser\",\n            \"AddrUse\": \"Military\",\n            \"Addr1\": \"dolor Ut\",\n            \"Addr2\": \"ea adipisicing sed pariatur\",\n            \"City\": \"et enim eu cons\",\n            \"County\": \"sunt dolo\",\n            \"StateProv\": \"quis non\",\n            \"PostalCode\": \"velit\",\n            \"CountryCode\": {\n              \"CountryCodeValue\": \"irure est nulla\",\n              \"CountryCodeSource\": \"FIPS-10\"\n            },\n            \"TimeFrame\": {\n              \"StartDt\": \"8655-03-70\",\n              \"EndDt\": \"4271-51-67T03:98:02-63:98\"\n            },\n            \"Retention\": true,\n            \"HandlingCode\": \"velit commodo Lorem\",\n            \"PhoneNum\": [\n              {\n                \"PhoneType\": \"Other\",\n                \"Phone\": \"ipsum ex labore au\"\n              },\n              {\n                \"PhoneType\": \"Other\",\n                \"Phone\": \"voluptate veniam do fugiat\"\n              }\n            ]\n          },\n          {\n            \"AddrType\": \"PrimaryPending\",\n            \"AddressIdent\": \"laborum\",\n            \"AddrUse\": \"BillPayerService\",\n            \"Addr1\": \"magna ullamco\",\n            \"Addr2\": \"irure veniam qui eiusmod\",\n            \"City\": \"Excepte\",\n            \"County\": \"mollit e\",\n            \"StateProv\": \"esse et ut\",\n            \"PostalCode\": \"Excepteur \",\n            \"CountryCode\": {\n              \"CountryCodeValue\": \"anim occaecat\",\n              \"CountryCodeSource\": \"FIPS-10\"\n            },\n            \"TimeFrame\": {\n              \"StartDt\": \"2651-28-76T52:25:08.852-71:53\",\n              \"EndDt\": \"0687-23-02T76:57:59.911-74:28\"\n            },\n            \"Retention\": true,\n            \"HandlingCode\": \"sunt eiusmod\",\n            \"PhoneNum\": [\n              {\n                \"PhoneType\": \"Other\",\n                \"Phone\": \"id nulla ullamco\"\n              },\n              {\n                \"PhoneType\": \"Other\",\n                \"Phone\": \"laborum dolor eiusmod ex\"\n              }\n            ]\n          }\n        ]\n      },\n      \"AddrStatus\": {\n        \"AddrStatusCode\": \"Valid\",\n        \"EffDt\": \"1847-84-45\"\n      }\n    },\n    {\n      \"AddrInfo\": {\n        \"PostAddr\": [\n          {\n            \"AddrType\": \"Secondary\",\n            \"AddressIdent\": \"Duis velit do in commodo\",\n            \"AddrUse\": \"Confirmed\",\n            \"Addr1\": \"sint dolor\",\n            \"Addr2\": \"proident nulla\",\n            \"City\": \"ut dolore\",\n            \"County\": \"est occaecat labore \",\n            \"StateProv\": \"ex nisi eiusmod Duis\",\n            \"PostalCode\": \"magna adi\",\n            \"CountryCode\": {\n              \"CountryCodeValue\": \"sed dolore est\",\n              \"CountryCodeSource\": \"FIPS-10\"\n            },\n            \"TimeFrame\": {\n              \"StartDt\": \"9616-02-88T82:88:84.210\",\n              \"EndDt\": \"1257-46-52\"\n            },\n            \"Retention\": true,\n            \"HandlingCode\": \"eu consectetur\",\n            \"PhoneNum\": [\n              {\n                \"PhoneType\": \"Other\",\n                \"Phone\": \"ut cillum id exercitation\"\n              },\n              {\n                \"PhoneType\": \"Other\",\n                \"Phone\": \"do ad\"\n              }\n            ]\n          },\n          {\n            \"AddrType\": \"PrimaryPending\",\n            \"AddressIdent\": \"adipisicin\",\n            \"AddrUse\": \"NonDeliverable\",\n            \"Addr1\": \"consectetur t\",\n            \"Addr2\": \"ex mollit\",\n            \"City\": \"inci\",\n            \"County\": \"dese\",\n            \"StateProv\": \"dolor Excepteur tempor velit\",\n            \"PostalCode\": \"\",\n            \"CountryCode\": {\n              \"CountryCodeValue\": \"eiusmod\",\n              \"CountryCodeSource\": \"FIPS-10\"\n            },\n            \"TimeFrame\": {\n              \"StartDt\": \"9128-97-83\",\n              \"EndDt\": \"0741-24-43T65:80:34-46:70\"\n            },\n            \"Retention\": false,\n            \"HandlingCode\": \"occaecat\",\n            \"PhoneNum\": [\n              {\n                \"PhoneType\": \"Other\",\n                \"Phone\": \"ea velit Duis\"\n              },\n              {\n                \"PhoneType\": \"Other\",\n                \"Phone\": \"velit id veniam\"\n              }\n            ]\n          }\n        ]\n      },\n      \"AddrStatus\": {\n        \"AddrStatusCode\": \"Valid\",\n        \"EffDt\": \"2586-03-11T20:22:90+16:68\"\n      }\n    }\n  ],\n  \"Status\": {\n    \"Severity\": \"Warning\",\n    \"StatusCode\": \"dolor\",\n    \"StatusDesc\": \"laborum nisi\",\n    \"SvcProviderName\": \"minim deserunt consectetur voluptate\",\n    \"Id\": \"est anim deserunt\",\n    \"ServerStatusCode\": \"in dolor\",\n    \"ServerStatusDesc\": \"ipsum esse eu Ut\",\n    \"OvrdExceptionInd\": false,\n    \"SubjectRole\": \"do ex ullamco deserunt\",\n    \"SubjectElement\": [\n      {\n        \"Path\": \"esse ea\",\n        \"ServerPath\": \"sint ipsum veniam ut\",\n        \"Value\": \"dolore dolore do\"\n      },\n      {\n        \"Path\": \"proident adipisicing aute officia\",\n        \"ServerPath\": \"veniam commodo fugiat\",\n        \"Value\": \"exercitation sit pariatur do\"\n      }\n    ],\n    \"ContentHTML\": \"eu enim\",\n    \"AdditionalStatus\": [\n      {\n        \"StatusCode\": \"elit\",\n        \"StatusDesc\": \"in nulla ipsum proident\",\n        \"Severity\": \"Info\",\n        \"SvcProviderName\": \"amet est\",\n        \"ServerStatusCode\": \"elit laborum do \",\n        \"ServerStatusDesc\": \"sit amet enim\",\n        \"OvrdExceptionInd\": true,\n        \"SubjectElement\": [\n          {\n            \"Path\": \"dolore est\",\n            \"ServerPath\": \"aliquip adipisicing\",\n            \"Value\": \"voluptate aute\"\n          },\n          {\n            \"Path\": \"sint nulla minim\",\n            \"ServerPath\": \"reprehen\",\n            \"Value\": \"eiusmod irure velit magna\"\n          }\n        ]\n      },\n      {\n        \"StatusCode\": \"irure aliqua\",\n        \"StatusDesc\": \"ut culpa\",\n        \"Severity\": \"Warning\",\n        \"SvcProviderName\": \"fugiat laboris minim cupidatat\",\n        \"ServerStatusCode\": \"aliquip dolore dolo\",\n        \"ServerStatusDesc\": \"tempor pariatur\",\n        \"OvrdExceptionInd\": false,\n        \"SubjectElement\": [\n          {\n            \"Path\": \"ipsum culpa ut velit in\",\n            \"ServerPath\": \"eiusmod nisi\",\n            \"Value\": \"incididunt sint esse\"\n          },\n          {\n            \"Path\": \"sint Duis laborum\",\n            \"ServerPath\": \"ullamco incididunt anim laboris\",\n            \"Value\": \"Ut voluptate aute cillum\"\n          }\n        ]\n      }\n    ]\n  },\n  \"RecCtrlOut\": {\n    \"SentRecCount\": 10266758\n  }\n}","cookie":[],"_postman_previewlanguage":"json"}],"event":[],"protocolProfileBehavior":{"disableBodyPruning":true}}],"event":[],"variable":[{"type":"string","value":"/","key":"baseUrl"}],"info":{"_postman_id":"0544810d-c0a3-4e52-a5c8-c58160d56987","name":"Address Service","schema":"https://schema.getpostman.com/json/collection/v2.1.0/collection.json","description":{"content":"The Address service manages addresses related to parties and product accounts.","type":"text/plain"}}}