{"item":[{"id":"f1cc8b0e-2180-4a2b-bd25-7fe38fb7f294","name":"Add Party Account Relationship","request":{"name":"Add Party Account Relationship","description":{"content":"Add Party Account Relationship API creates a request to add a new relationship between an existing customer and an existing account in the system. <br>For Cleartouch, this API adds a relationship for a single party to a single account. If a client application wants to add multiple customers to account relationships, then this API is used multiple times and supports Trusted User and Session Management Authentication option.   <br> <br> To download the API Specifications and Postman Collection, click <a href=\"../docs/?path=docs/resources/resources.md\" title=\"Click to open\">Resources</a>.","type":"text/plain"},"url":{"path":["partyacctrelservice","partyacctrel","partyacctrel"],"host":["{{baseUrl}}"],"query":[],"variable":[]},"header":[{"disabled":false,"description":"(Required) EFX Header is a common and required component for all API calls, it contains client-related parameters. Please note that the header parameters should be sent as a JSON object under the EFXHeader parameter. To view the list of header parameters, <a href=\"../docs?path=docs/api-ref-EFX-header.md\" title=\"Click to open\"> click here.</a>","key":"EFXHeader","value":"OrganizationId,<string>,TrnId,<string>,VendorId,<string>,Context,[object Object]"},{"key":"Content-Type","value":"application/json"},{"key":"Accept","value":"application/json"}],"method":"POST","auth":null,"body":{"mode":"raw","raw":"{\n  \"PartyAcctRelInfo\": {\n    \"PartyRef\": {\n      \"PartyKeys\": {\n        \"PartyId\": \"<string>\"\n      }\n    },\n    \"PartyAcctRelData\": [\n      {\n        \"PartyAcctRelType\": \"<string>\"\n      },\n      {\n        \"PartyAcctRelType\": \"<string>\"\n      }\n    ],\n    \"OwnerInd\": \"<boolean>\",\n    \"TaxReportingOwnerInd\": \"<boolean>\",\n    \"AcctRef\": {\n      \"AcctKeys\": {\n        \"AcctId\": \"<string>\",\n        \"AcctType\": \"<string>\"\n      }\n    }\n  }\n}","options":{"raw":{"language":"json"}}}},"response":[{"id":"2be7d19c-2735-40a8-8c76-602bd62b80c6","name":"Created","originalRequest":{"url":{"path":["partyacctrelservice","partyacctrel","partyacctrel"],"host":["{{baseUrl}}"],"query":[],"variable":[]},"header":[{"disabled":false,"description":"(Required) EFX Header is a common and required component for all API calls, it contains client-related parameters. Please note that the header parameters should be sent as a JSON object under the EFXHeader parameter. To view the list of header parameters, <a href=\"../docs?path=docs/api-ref-EFX-header.md\" title=\"Click to open\"> click here.</a>","key":"EFXHeader","value":"OrganizationId,<string>,TrnId,<string>,VendorId,<string>,Context,[object Object]"},{"key":"Accept","value":"application/json"}],"method":"POST","body":{"mode":"raw","raw":"{\n  \"PartyAcctRelInfo\": {\n    \"PartyRef\": {\n      \"PartyKeys\": {\n        \"PartyId\": \"<string>\"\n      }\n    },\n    \"PartyAcctRelData\": [\n      {\n        \"PartyAcctRelType\": \"<string>\"\n      },\n      {\n        \"PartyAcctRelType\": \"<string>\"\n      }\n    ],\n    \"OwnerInd\": \"<boolean>\",\n    \"TaxReportingOwnerInd\": \"<boolean>\",\n    \"AcctRef\": {\n      \"AcctKeys\": {\n        \"AcctId\": \"<string>\",\n        \"AcctType\": \"<string>\"\n      }\n    }\n  }\n}","options":{"raw":{"language":"json"}}}},"status":"Created","code":201,"header":[{"key":"Content-Type","value":"application/json"}],"body":"{\n  \"PartyAcctRelStatusRec\": {\n    \"PartyAcctRelKeys\": {\n      \"PartyKeys\": {\n        \"PartyId\": \"Excepteur \"\n      },\n      \"AcctKeys\": {\n        \"AcctId\": \"esse aliqua\",\n        \"AcctType\": \"DDA\"\n      }\n    },\n    \"PartyAcctRelStatus\": {\n      \"PartyAcctRelStatusCode\": \"Valid\",\n      \"EffDt\": \"1181-37-79\"\n    }\n  },\n  \"Status\": {\n    \"Severity\": \"Error\",\n    \"StatusCode\": \"ut sed\",\n    \"StatusDesc\": \"tempor aliqua\",\n    \"SvcProviderName\": \"nisi Duis eiusmod repr\",\n    \"Id\": \"pariatur nostrud sit et\",\n    \"ServerStatusCode\": \"eu qui adipi\",\n    \"ServerStatusDesc\": \"reprehenderit ullamco nulla\",\n    \"OvrdExceptionInd\": true,\n    \"SubjectRole\": \"eiusmod labori\",\n    \"SubjectElement\": [\n      {\n        \"Path\": \"consequat \",\n        \"ServerPath\": \"dolore tempor culpa dolore amet\",\n        \"Value\": \"pariatur est nisi\"\n      },\n      {\n        \"Path\": \"est dolore ullamco\",\n        \"ServerPath\": \"esse cupidatat Duis incididun\",\n        \"Value\": \"eiusmod\"\n      }\n    ],\n    \"ContentHTML\": \"Ut in ut adipisicing\",\n    \"AdditionalStatus\": [\n      {\n        \"StatusCode\": \"ipsum pariatur occ\",\n        \"StatusDesc\": \"quis laboris mollit\",\n        \"Severity\": \"Warning\",\n        \"SvcProviderName\": \"irure tempor Ut laboris\",\n        \"ServerStatusCode\": \"in occaecat re\",\n        \"ServerStatusDesc\": \"nisi elit\",\n        \"OvrdExceptionInd\": false,\n        \"SubjectElement\": [\n          {\n            \"Path\": \"commodo aliqua\",\n            \"ServerPath\": \"magna Ut\",\n            \"Value\": \"mollit Lorem\"\n          },\n          {\n            \"Path\": \"culpa commodo reprehenderit\",\n            \"ServerPath\": \"sit culpa\",\n            \"Value\": \"irure et Lorem\"\n          }\n        ]\n      },\n      {\n        \"StatusCode\": \"\",\n        \"StatusDesc\": \"in dolore veniam incididunt\",\n        \"Severity\": \"Warning\",\n        \"SvcProviderName\": \"in nulla veniam consequat\",\n        \"ServerStatusCode\": \"magna nulla non u\",\n        \"ServerStatusDesc\": \"ad ex enim nulla esse\",\n        \"OvrdExceptionInd\": false,\n        \"SubjectElement\": [\n          {\n            \"Path\": \"esse \",\n            \"ServerPath\": \"id officia\",\n            \"Value\": \"reprehenderit quis\"\n          },\n          {\n            \"Path\": \"minim amet sit occaecat\",\n            \"ServerPath\": \"est\",\n            \"Value\": \"officia\"\n          }\n        ]\n      }\n    ]\n  }\n}","cookie":[],"_postman_previewlanguage":"json"},{"id":"8a665af3-2cfc-4d1d-8aa2-98d3f1fb827e","name":"To view the complete list of response codes, <a href=\"../docs/?path=docs/response-codes.md\" title=\"Click to open\">click here.</a>","originalRequest":{"url":{"path":["partyacctrelservice","partyacctrel","partyacctrel"],"host":["{{baseUrl}}"],"query":[],"variable":[]},"header":[{"disabled":false,"description":"(Required) EFX Header is a common and required component for all API calls, it contains client-related parameters. Please note that the header parameters should be sent as a JSON object under the EFXHeader parameter. To view the list of header parameters, <a href=\"../docs?path=docs/api-ref-EFX-header.md\" title=\"Click to open\"> click here.</a>","key":"EFXHeader","value":"OrganizationId,<string>,TrnId,<string>,VendorId,<string>,Context,[object Object]"},{"key":"Accept","value":"application/json"}],"method":"POST","body":{"mode":"raw","raw":"{\n  \"PartyAcctRelInfo\": {\n    \"PartyRef\": {\n      \"PartyKeys\": {\n        \"PartyId\": \"<string>\"\n      }\n    },\n    \"PartyAcctRelData\": [\n      {\n        \"PartyAcctRelType\": \"<string>\"\n      },\n      {\n        \"PartyAcctRelType\": \"<string>\"\n      }\n    ],\n    \"OwnerInd\": \"<boolean>\",\n    \"TaxReportingOwnerInd\": \"<boolean>\",\n    \"AcctRef\": {\n      \"AcctKeys\": {\n        \"AcctId\": \"<string>\",\n        \"AcctType\": \"<string>\"\n      }\n    }\n  }\n}","options":{"raw":{"language":"json"}}}},"status":"Internal Server Error","code":500,"header":[{"key":"Content-Type","value":"application/json"}],"body":"{\n  \"PartyAcctRelStatusRec\": {\n    \"PartyAcctRelKeys\": {\n      \"PartyKeys\": {\n        \"PartyId\": \"pariatur sit consectet\"\n      },\n      \"AcctKeys\": {\n        \"AcctId\": \"su\",\n        \"AcctType\": \"DDA\"\n      }\n    },\n    \"PartyAcctRelStatus\": {\n      \"PartyAcctRelStatusCode\": \"Valid\",\n      \"EffDt\": \"2025-95-66T87:23\"\n    }\n  },\n  \"Status\": {\n    \"Severity\": \"Error\",\n    \"StatusCode\": \"el\",\n    \"StatusDesc\": \"sit exercitation sint Excepteur\",\n    \"SvcProviderName\": \"ut laborum officia non\",\n    \"Id\": \"aute elit\",\n    \"ServerStatusCode\": \"culpa mollit\",\n    \"ServerStatusDesc\": \"culpa reprehenderit\",\n    \"OvrdExceptionInd\": true,\n    \"SubjectRole\": \"veniam ipsum Lorem\",\n    \"SubjectElement\": [\n      {\n        \"Path\": \"aute non\",\n        \"ServerPath\": \"esse cupidatat\",\n        \"Value\": \"incididunt in qui\"\n      },\n      {\n        \"Path\": \"deserunt proident enim\",\n        \"ServerPath\": \"aliquip\",\n        \"Value\": \"dolore est dolor\"\n      }\n    ],\n    \"ContentHTML\": \"velit cupidatat\",\n    \"AdditionalStatus\": [\n      {\n        \"StatusCode\": \"labore magna\",\n        \"StatusDesc\": \"amet sunt eiusmod deserunt ea\",\n        \"Severity\": \"Warning\",\n        \"SvcProviderName\": \"dolor sunt sed\",\n        \"ServerStatusCode\": \"ut minim e\",\n        \"ServerStatusDesc\": \"tempor in commodo\",\n        \"OvrdExceptionInd\": false,\n        \"SubjectElement\": [\n          {\n            \"Path\": \"reprehenderit sint in in\",\n            \"ServerPath\": \"laborum pariatur tempor\",\n            \"Value\": \"nostrud culpa anim\"\n          },\n          {\n            \"Path\": \"ut et\",\n            \"ServerPath\": \"Duis\",\n            \"Value\": \"adipisicing est deserunt amet\"\n          }\n        ]\n      },\n      {\n        \"StatusCode\": \"anim\",\n        \"StatusDesc\": \"Excepteur\",\n        \"Severity\": \"Error\",\n        \"SvcProviderName\": \"laborum sunt in reprehenderit\",\n        \"ServerStatusCode\": \"cillum nulla\",\n        \"ServerStatusDesc\": \"pariatur dolor ut magna\",\n        \"OvrdExceptionInd\": true,\n        \"SubjectElement\": [\n          {\n            \"Path\": \"occaecat exercitation in sunt eu\",\n            \"ServerPath\": \"enim ullamco\",\n            \"Value\": \"aliqua culpa Ut Lorem sunt\"\n          },\n          {\n            \"Path\": \"officia eiusmod in\",\n            \"ServerPath\": \"et\",\n            \"Value\": \"sit sint\"\n          }\n        ]\n      }\n    ]\n  }\n}","cookie":[],"_postman_previewlanguage":"json"}],"event":[],"protocolProfileBehavior":{"disableBodyPruning":true}}],"event":[],"variable":[{"type":"string","value":"/","key":"baseUrl"}],"info":{"_postman_id":"bbf4ec58-95b2-4b56-9ada-ac3a0acb88d7","name":"Party Account Relationship Service","schema":"https://schema.getpostman.com/json/collection/v2.1.0/collection.json","description":{"content":"Party account relationship service manages the nature of relationship between a party and a product account. It is used to indicate the primary contact and tax responsible parties as well as state the relationship type between the party and an account.","type":"text/plain"}}}