{"item":[{"id":"dbfc7406-29d2-4938-8ff0-09310cded5f4","name":"partycollateralrel","item":[{"id":"5f9843a1-45d5-4ab6-8a3e-c13a01ee674f","name":"Creates Party Collateral Relationship","request":{"name":"Creates Party Collateral Relationship","description":{"content":"Add Party Collateral Relationship API creates a relationship related information between a party and a collateral.  <br> <br> To download the API Specifications and Postman Collection, click <a href=\"../docs/?path=docs/resources/resources.md\" title=\"Click to open\">Resources</a>.","type":"text/plain"},"url":{"path":["partycollateralrel"],"host":["{{baseUrl}}"],"query":[],"variable":[]},"header":[{"disabled":false,"description":"(Required) EFX Header is a common and required component for all API calls, it contains client-related parameters. Please note that the header parameters should be sent as a JSON object under the EFXHeader parameter. To view the list of header parameters, <a href=\"../docs?path=docs/api-ref-EFX-header.md\" title=\"Click to open\"> click here.</a>","key":"EFXHeader","value":"OrganizationId,<string>,TrnId,<string>,VendorId,<string>,Context,[object Object]"},{"key":"Content-Type","value":"application/json"},{"key":"Accept","value":"application/json"}],"method":"POST","auth":null,"body":{"mode":"raw","raw":"{\n  \"PartyCollateralRelInfo\": {\n    \"PartyRef\": {\n      \"PartyKeys\": {\n        \"PartyId\": \"<string>\"\n      }\n    },\n    \"CollateralRef\": {\n      \"CollateralKeys\": {\n        \"CollateralId\": \"<string>\"\n      }\n    }\n  }\n}","options":{"raw":{"language":"json"}}}},"response":[{"id":"df431f46-0154-4db1-b5e0-693699cab588","name":"Created","originalRequest":{"url":{"path":["partycollateralrel"],"host":["{{baseUrl}}"],"query":[],"variable":[]},"header":[{"disabled":false,"description":"(Required) EFX Header is a common and required component for all API calls, it contains client-related parameters. Please note that the header parameters should be sent as a JSON object under the EFXHeader parameter. To view the list of header parameters, <a href=\"../docs?path=docs/api-ref-EFX-header.md\" title=\"Click to open\"> click here.</a>","key":"EFXHeader","value":"OrganizationId,<string>,TrnId,<string>,VendorId,<string>,Context,[object Object]"},{"key":"Accept","value":"application/json"}],"method":"POST","body":{"mode":"raw","raw":"{\n  \"PartyCollateralRelInfo\": {\n    \"PartyRef\": {\n      \"PartyKeys\": {\n        \"PartyId\": \"<string>\"\n      }\n    },\n    \"CollateralRef\": {\n      \"CollateralKeys\": {\n        \"CollateralId\": \"<string>\"\n      }\n    }\n  }\n}","options":{"raw":{"language":"json"}}}},"status":"Created","code":201,"header":[{"key":"Content-Type","value":"application/json"}],"body":"{\n  \"PartyCollateralRelStatusRec\": {\n    \"PartyCollateralRelKeys\": {\n      \"PartyKeys\": {\n        \"PartyId\": \"<string>\"\n      },\n      \"CollateralKeys\": {\n        \"CollateralId\": \"<string>\"\n      }\n    },\n    \"PartyCollateralRelStatus\": {\n      \"PartyCollateralRelStatusCode\": \"Valid\",\n      \"EffDt\": \"1479-75-32T68:55:57+30:05\"\n    }\n  },\n  \"Status\": {\n    \"Severity\": \"Error\",\n    \"StatusCode\": \"ut nulla consequ\",\n    \"StatusDesc\": \"laboris est\",\n    \"SvcProviderName\": \"aliquip sunt\",\n    \"Id\": \"enim quis et\",\n    \"ServerStatusCode\": \"exercitation ulla\",\n    \"ServerStatusDesc\": \"non velit\",\n    \"OvrdExceptionInd\": true,\n    \"SubjectRole\": \"e\",\n    \"SubjectElement\": [\n      {\n        \"Path\": \"non ullamco nostrud in\",\n        \"ServerPath\": \"eu id Duis labo\",\n        \"Value\": \"et irure\"\n      },\n      {\n        \"Path\": \"labor\",\n        \"ServerPath\": \"esse aliquip officia\",\n        \"Value\": \"nisi minim dolor in adipisicing\"\n      }\n    ],\n    \"ContentHTML\": \"labore enim\",\n    \"AdditionalStatus\": [\n      {\n        \"StatusCode\": \"ad in culpa null\",\n        \"StatusDesc\": \"velit nisi Ut\",\n        \"Severity\": \"Info\",\n        \"SvcProviderName\": \"esse\",\n        \"ServerStatusCode\": \"mo\",\n        \"ServerStatusDesc\": \"elit proident mollit labo\",\n        \"OvrdExceptionInd\": false,\n        \"SubjectElement\": [\n          {\n            \"Path\": \"adipisicing ea dolore aute laborum\",\n            \"ServerPath\": \"in ullamco irure in mollit\",\n            \"Value\": \"ut et id\"\n          },\n          {\n            \"Path\": \"dolore sint\",\n            \"ServerPath\": \"aliqua est fugiat irure\",\n            \"Value\": \"proident sint\"\n          }\n        ]\n      },\n      {\n        \"StatusCode\": \"c\",\n        \"StatusDesc\": \"ullamco quis dolore cillum\",\n        \"Severity\": \"Warning\",\n        \"SvcProviderName\": \"dolore enim sint\",\n        \"ServerStatusCode\": \"sed e\",\n        \"ServerStatusDesc\": \"amet et\",\n        \"OvrdExceptionInd\": true,\n        \"SubjectElement\": [\n          {\n            \"Path\": \"aliquip tempor occaecat\",\n            \"ServerPath\": \"id Lorem ut nisi\",\n            \"Value\": \"nostrud\"\n          },\n          {\n            \"Path\": \"do\",\n            \"ServerPath\": \"esse cupidatat n\",\n            \"Value\": \"esse laboris\"\n          }\n        ]\n      }\n    ]\n  }\n}","cookie":[],"_postman_previewlanguage":"json"},{"id":"5640707e-88b5-41f3-97ea-d06033003db9","name":"To view the complete list of response codes, <a href=\"../docs/?path=docs/response-codes.md\" title=\"Click to open\">click here.</a>","originalRequest":{"url":{"path":["partycollateralrel"],"host":["{{baseUrl}}"],"query":[],"variable":[]},"header":[{"disabled":false,"description":"(Required) EFX Header is a common and required component for all API calls, it contains client-related parameters. Please note that the header parameters should be sent as a JSON object under the EFXHeader parameter. To view the list of header parameters, <a href=\"../docs?path=docs/api-ref-EFX-header.md\" title=\"Click to open\"> click here.</a>","key":"EFXHeader","value":"OrganizationId,<string>,TrnId,<string>,VendorId,<string>,Context,[object Object]"},{"key":"Accept","value":"application/json"}],"method":"POST","body":{"mode":"raw","raw":"{\n  \"PartyCollateralRelInfo\": {\n    \"PartyRef\": {\n      \"PartyKeys\": {\n        \"PartyId\": \"<string>\"\n      }\n    },\n    \"CollateralRef\": {\n      \"CollateralKeys\": {\n        \"CollateralId\": \"<string>\"\n      }\n    }\n  }\n}","options":{"raw":{"language":"json"}}}},"status":"Internal Server Error","code":500,"header":[{"key":"Content-Type","value":"application/json"}],"body":"{\n  \"PartyCollateralRelStatusRec\": {\n    \"PartyCollateralRelKeys\": {\n      \"PartyKeys\": {\n        \"PartyId\": \"<string>\"\n      },\n      \"CollateralKeys\": {\n        \"CollateralId\": \"<string>\"\n      }\n    },\n    \"PartyCollateralRelStatus\": {\n      \"PartyCollateralRelStatusCode\": \"Valid\",\n      \"EffDt\": \"5695-87-20T58:24:19+93:27\"\n    }\n  },\n  \"Status\": {\n    \"Severity\": \"Error\",\n    \"StatusCode\": \"non adipisicing ut \",\n    \"StatusDesc\": \"anim consequat quis ea\",\n    \"SvcProviderName\": \"aliqua labore ex est\",\n    \"Id\": \"esse sit velit\",\n    \"ServerStatusCode\": \"et aliq\",\n    \"ServerStatusDesc\": \"irure incididunt dolore\",\n    \"OvrdExceptionInd\": false,\n    \"SubjectRole\": \"sed ut irure velit\",\n    \"SubjectElement\": [\n      {\n        \"Path\": \"ex do ea\",\n        \"ServerPath\": \"ex sint\",\n        \"Value\": \"non consequat\"\n      },\n      {\n        \"Path\": \"cupidatat veniam eu\",\n        \"ServerPath\": \"laborum dolor\",\n        \"Value\": \"ea velit\"\n      }\n    ],\n    \"ContentHTML\": \"minim dolore amet\",\n    \"AdditionalStatus\": [\n      {\n        \"StatusCode\": \"enim qui\",\n        \"StatusDesc\": \"eiusmod laboris in quis\",\n        \"Severity\": \"Error\",\n        \"SvcProviderName\": \"ad occaecat\",\n        \"ServerStatusCode\": \"do dolor cillum\",\n        \"ServerStatusDesc\": \"in labore ullamco irure\",\n        \"OvrdExceptionInd\": true,\n        \"SubjectElement\": [\n          {\n            \"Path\": \"a\",\n            \"ServerPath\": \"aute exercitation eu in mollit\",\n            \"Value\": \"Ut in pariatur sit dolor\"\n          },\n          {\n            \"Path\": \"ex laboris mollit qui\",\n            \"ServerPath\": \"veniam Excepteur amet\",\n            \"Value\": \"quis incididunt est velit ullamco\"\n          }\n        ]\n      },\n      {\n        \"StatusCode\": \"ir\",\n        \"StatusDesc\": \"fugiat laborum ad quis eiusmod\",\n        \"Severity\": \"Error\",\n        \"SvcProviderName\": \"incididunt culpa ex\",\n        \"ServerStatusCode\": \"reprehende\",\n        \"ServerStatusDesc\": \"ipsum\",\n        \"OvrdExceptionInd\": true,\n        \"SubjectElement\": [\n          {\n            \"Path\": \"magna adipisicing laboris\",\n            \"ServerPath\": \"Duis elit\",\n            \"Value\": \"deserunt consequat aliqua\"\n          },\n          {\n            \"Path\": \"labore sint voluptate velit\",\n            \"ServerPath\": \"pariatur Lorem aliqua adipisicin\",\n            \"Value\": \"ut adipisicing occaecat pariatur\"\n          }\n        ]\n      }\n    ]\n  }\n}","cookie":[],"_postman_previewlanguage":"json"}],"event":[],"protocolProfileBehavior":{"disableBodyPruning":true}},{"id":"66592879-6b9f-4fa9-b87a-fc08b96689b5","name":"Get Party Collateral Reltionship","request":{"name":"Get Party Collateral Reltionship","description":{"content":"Get Party Collateral Relationship API retrieves the relationship related information between a party and a collateral. <br> <br> To download the API Specifications and Postman Collection, click <a href=\"../docs/?path=docs/resources/resources.md\" title=\"Click to open\">Resources</a>.","type":"text/plain"},"url":{"path":["partycollateralrel","secured"],"host":["{{baseUrl}}"],"query":[],"variable":[]},"header":[{"disabled":false,"description":"(Required) EFX Header is a common and required component for all API calls, it contains client-related parameters. Please note that the header parameters should be sent as a JSON object under the EFXHeader parameter. To view the list of header parameters, <a href=\"../docs?path=docs/api-ref-EFX-header.md\" title=\"Click to open\"> click here.</a>","key":"EFXHeader","value":"OrganizationId,<string>,TrnId,<string>,VendorId,<string>,Context,[object Object]"},{"key":"Content-Type","value":"application/json"},{"key":"Accept","value":"application/json"}],"method":"POST","auth":null,"body":{"mode":"raw","raw":"{\n  \"PartyCollateralRelSel\": {\n    \"PartyCollateralRelKeys\": {\n      \"PartyKeys\": {\n        \"PartyId\": \"<string>\"\n      },\n      \"CollateralKeys\": {\n        \"CollateralId\": \"<string>\"\n      }\n    }\n  }\n}","options":{"raw":{"language":"json"}}}},"response":[{"id":"d5da867c-2816-49ce-9182-3e1476e7b778","name":"Success","originalRequest":{"url":{"path":["partycollateralrel","secured"],"host":["{{baseUrl}}"],"query":[],"variable":[]},"header":[{"disabled":false,"description":"(Required) EFX Header is a common and required component for all API calls, it contains client-related parameters. Please note that the header parameters should be sent as a JSON object under the EFXHeader parameter. To view the list of header parameters, <a href=\"../docs?path=docs/api-ref-EFX-header.md\" title=\"Click to open\"> click here.</a>","key":"EFXHeader","value":"OrganizationId,<string>,TrnId,<string>,VendorId,<string>,Context,[object Object]"},{"key":"Accept","value":"application/json"}],"method":"POST","body":{"mode":"raw","raw":"{\n  \"PartyCollateralRelSel\": {\n    \"PartyCollateralRelKeys\": {\n      \"PartyKeys\": {\n        \"PartyId\": \"<string>\"\n      },\n      \"CollateralKeys\": {\n        \"CollateralId\": \"<string>\"\n      }\n    }\n  }\n}","options":{"raw":{"language":"json"}}}},"status":"OK","code":200,"header":[{"key":"Content-Type","value":"application/json"}],"body":"{\n  \"PartyCollateralRelRec\": [\n    {\n      \"PartyCollateralRelInfo\": {\n        \"CollateralRef\": {\n          \"CollateralKeys\": {\n            \"CollateralId\": {\n              \"value\": \"<Error: Too many levels of nesting to fake this schema>\"\n            }\n          },\n          \"CollateralSummInfo\": {\n            \"CollateralType\": {\n              \"value\": \"<Error: Too many levels of nesting to fake this schema>\"\n            },\n            \"Desc\": {\n              \"value\": \"<Error: Too many levels of nesting to fake this schema>\"\n            },\n            \"OriginalValueAmt\": {\n              \"value\": \"<Error: Too many levels of nesting to fake this schema>\"\n            }\n          }\n        }\n      },\n      \"PartyCollateralRelKeys\": {\n        \"PartyKeys\": {\n          \"PartyId\": \"<string>\"\n        },\n        \"CollateralKeys\": {\n          \"CollateralId\": \"<string>\"\n        }\n      },\n      \"PartyCollateralRelStatus\": {\n        \"PartyCollateralRelStatusCode\": \"Valid\",\n        \"EffDt\": \"8592-96-14\"\n      }\n    },\n    {\n      \"PartyCollateralRelInfo\": {\n        \"CollateralRef\": {\n          \"CollateralKeys\": {\n            \"CollateralId\": {\n              \"value\": \"<Error: Too many levels of nesting to fake this schema>\"\n            }\n          },\n          \"CollateralSummInfo\": {\n            \"CollateralType\": {\n              \"value\": \"<Error: Too many levels of nesting to fake this schema>\"\n            },\n            \"Desc\": {\n              \"value\": \"<Error: Too many levels of nesting to fake this schema>\"\n            },\n            \"OriginalValueAmt\": {\n              \"value\": \"<Error: Too many levels of nesting to fake this schema>\"\n            }\n          }\n        }\n      },\n      \"PartyCollateralRelKeys\": {\n        \"PartyKeys\": {\n          \"PartyId\": \"<string>\"\n        },\n        \"CollateralKeys\": {\n          \"CollateralId\": \"<string>\"\n        }\n      },\n      \"PartyCollateralRelStatus\": {\n        \"PartyCollateralRelStatusCode\": \"Valid\",\n        \"EffDt\": \"2179-25-74\"\n      }\n    }\n  ],\n  \"Status\": {\n    \"Severity\": \"Error\",\n    \"StatusCode\": \"do eiusmod\",\n    \"StatusDesc\": \"aliqua enim ut ea\",\n    \"SvcProviderName\": \"esse\",\n    \"Id\": \"quis enim nisi anim\",\n    \"ServerStatusCode\": \"dolor ullamco aliqua\",\n    \"ServerStatusDesc\": \"dolor quis\",\n    \"OvrdExceptionInd\": false,\n    \"SubjectRole\": \"magna\",\n    \"SubjectElement\": [\n      {\n        \"Path\": \"Lorem ipsum Excepteur ex\",\n        \"ServerPath\": \"ullamco reprehenderit in elit\",\n        \"Value\": \"consequat dolor\"\n      },\n      {\n        \"Path\": \"anim sed Excepteur eu\",\n        \"ServerPath\": \"Duis elit\",\n        \"Value\": \"elit\"\n      }\n    ],\n    \"ContentHTML\": \"sed ipsum\",\n    \"AdditionalStatus\": [\n      {\n        \"StatusCode\": \"veniam ut\",\n        \"StatusDesc\": \"Ut deserunt ex pariatur\",\n        \"Severity\": \"Warning\",\n        \"SvcProviderName\": \"dolor irure anim ex\",\n        \"ServerStatusCode\": \"consequat\",\n        \"ServerStatusDesc\": \"adipisicing in laborum\",\n        \"OvrdExceptionInd\": true,\n        \"SubjectElement\": [\n          {\n            \"Path\": \"est\",\n            \"ServerPath\": \"in non ea elit\",\n            \"Value\": \"occaecat dolore\"\n          },\n          {\n            \"Path\": \"in elit\",\n            \"ServerPath\": \"nostrud qui enim adipisicing\",\n            \"Value\": \"in\"\n          }\n        ]\n      },\n      {\n        \"StatusCode\": \"nisi labo\",\n        \"StatusDesc\": \"qui esse anim ut\",\n        \"Severity\": \"Warning\",\n        \"SvcProviderName\": \"officia laboris\",\n        \"ServerStatusCode\": \"tempor\",\n        \"ServerStatusDesc\": \"cup\",\n        \"OvrdExceptionInd\": false,\n        \"SubjectElement\": [\n          {\n            \"Path\": \"minim occaecat reprehenderit\",\n            \"ServerPath\": \"eiusmod tempor\",\n            \"Value\": \"laboris sint minim in\"\n          },\n          {\n            \"Path\": \"irure velit ea minim\",\n            \"ServerPath\": \"Excepteur dolore\",\n            \"Value\": \"elit pariatur in eiusmod\"\n          }\n        ]\n      }\n    ]\n  },\n  \"RecCtrlOut\": {\n    \"SentRecCount\": -76513767\n  }\n}","cookie":[],"_postman_previewlanguage":"json"},{"id":"292b7b74-fe71-4ccb-80d6-71ca080ee420","name":"To view the complete list of response codes, <a href=\"../docs/?path=docs/response-codes.md\" title=\"Click to open\">click here.</a>","originalRequest":{"url":{"path":["partycollateralrel","secured"],"host":["{{baseUrl}}"],"query":[],"variable":[]},"header":[{"disabled":false,"description":"(Required) EFX Header is a common and required component for all API calls, it contains client-related parameters. Please note that the header parameters should be sent as a JSON object under the EFXHeader parameter. To view the list of header parameters, <a href=\"../docs?path=docs/api-ref-EFX-header.md\" title=\"Click to open\"> click here.</a>","key":"EFXHeader","value":"OrganizationId,<string>,TrnId,<string>,VendorId,<string>,Context,[object Object]"},{"key":"Accept","value":"application/json"}],"method":"POST","body":{"mode":"raw","raw":"{\n  \"PartyCollateralRelSel\": {\n    \"PartyCollateralRelKeys\": {\n      \"PartyKeys\": {\n        \"PartyId\": \"<string>\"\n      },\n      \"CollateralKeys\": {\n        \"CollateralId\": \"<string>\"\n      }\n    }\n  }\n}","options":{"raw":{"language":"json"}}}},"status":"Internal Server Error","code":500,"header":[{"key":"Content-Type","value":"application/json"}],"body":"{\n  \"PartyCollateralRelRec\": [\n    {\n      \"PartyCollateralRelInfo\": {\n        \"CollateralRef\": {\n          \"CollateralKeys\": {\n            \"CollateralId\": {\n              \"value\": \"<Error: Too many levels of nesting to fake this schema>\"\n            }\n          },\n          \"CollateralSummInfo\": {\n            \"CollateralType\": {\n              \"value\": \"<Error: Too many levels of nesting to fake this schema>\"\n            },\n            \"Desc\": {\n              \"value\": \"<Error: Too many levels of nesting to fake this schema>\"\n            },\n            \"OriginalValueAmt\": {\n              \"value\": \"<Error: Too many levels of nesting to fake this schema>\"\n            }\n          }\n        }\n      },\n      \"PartyCollateralRelKeys\": {\n        \"PartyKeys\": {\n          \"PartyId\": \"<string>\"\n        },\n        \"CollateralKeys\": {\n          \"CollateralId\": \"<string>\"\n        }\n      },\n      \"PartyCollateralRelStatus\": {\n        \"PartyCollateralRelStatusCode\": \"Valid\",\n        \"EffDt\": \"6555-30-62T41:11\"\n      }\n    },\n    {\n      \"PartyCollateralRelInfo\": {\n        \"CollateralRef\": {\n          \"CollateralKeys\": {\n            \"CollateralId\": {\n              \"value\": \"<Error: Too many levels of nesting to fake this schema>\"\n            }\n          },\n          \"CollateralSummInfo\": {\n            \"CollateralType\": {\n              \"value\": \"<Error: Too many levels of nesting to fake this schema>\"\n            },\n            \"Desc\": {\n              \"value\": \"<Error: Too many levels of nesting to fake this schema>\"\n            },\n            \"OriginalValueAmt\": {\n              \"value\": \"<Error: Too many levels of nesting to fake this schema>\"\n            }\n          }\n        }\n      },\n      \"PartyCollateralRelKeys\": {\n        \"PartyKeys\": {\n          \"PartyId\": \"<string>\"\n        },\n        \"CollateralKeys\": {\n          \"CollateralId\": \"<string>\"\n        }\n      },\n      \"PartyCollateralRelStatus\": {\n        \"PartyCollateralRelStatusCode\": \"Valid\",\n        \"EffDt\": \"2517-48-86T49:89:92-84:71\"\n      }\n    }\n  ],\n  \"Status\": {\n    \"Severity\": \"Warning\",\n    \"StatusCode\": \"do\",\n    \"StatusDesc\": \"sint\",\n    \"SvcProviderName\": \"veniam nisi tempor voluptate\",\n    \"Id\": \"sint commodo\",\n    \"ServerStatusCode\": \"labore\",\n    \"ServerStatusDesc\": \"dolore eiusmod culpa et commodo\",\n    \"OvrdExceptionInd\": true,\n    \"SubjectRole\": \"laborum ut est\",\n    \"SubjectElement\": [\n      {\n        \"Path\": \"nostrud labore\",\n        \"ServerPath\": \"in occaecat ut\",\n        \"Value\": \"ullamco anim id pariatur\"\n      },\n      {\n        \"Path\": \"eiusmod cillum fugiat\",\n        \"ServerPath\": \"elit Lorem nisi tempor\",\n        \"Value\": \"culpa officia sint\"\n      }\n    ],\n    \"ContentHTML\": \"nulla laboris exercitation tempor\",\n    \"AdditionalStatus\": [\n      {\n        \"StatusCode\": \"eli\",\n        \"StatusDesc\": \"ea deserunt\",\n        \"Severity\": \"Error\",\n        \"SvcProviderName\": \"ea non Excepteur\",\n        \"ServerStatusCode\": \"cupidatat i\",\n        \"ServerStatusDesc\": \"incididunt do esse\",\n        \"OvrdExceptionInd\": true,\n        \"SubjectElement\": [\n          {\n            \"Path\": \"Duis irure\",\n            \"ServerPath\": \"fugiat\",\n            \"Value\": \"ullamco\"\n          },\n          {\n            \"Path\": \"culpa\",\n            \"ServerPath\": \"cupidatat dolore velit quis\",\n            \"Value\": \"eiu\"\n          }\n        ]\n      },\n      {\n        \"StatusCode\": \"u\",\n        \"StatusDesc\": \"Ut velit nostrud ea\",\n        \"Severity\": \"Error\",\n        \"SvcProviderName\": \"qui ea\",\n        \"ServerStatusCode\": \"do\",\n        \"ServerStatusDesc\": \"sed cillum pariatur\",\n        \"OvrdExceptionInd\": true,\n        \"SubjectElement\": [\n          {\n            \"Path\": \"ullamco ad reprehenderit\",\n            \"ServerPath\": \"Lorem consectetur cupidatat\",\n            \"Value\": \"ea et dolor irure\"\n          },\n          {\n            \"Path\": \"ad nulla laborum\",\n            \"ServerPath\": \"consequat dolor\",\n            \"Value\": \"enim nulla\"\n          }\n        ]\n      }\n    ]\n  },\n  \"RecCtrlOut\": {\n    \"SentRecCount\": -89600333\n  }\n}","cookie":[],"_postman_previewlanguage":"json"}],"event":[],"protocolProfileBehavior":{"disableBodyPruning":true}}],"event":[]}],"event":[],"variable":[{"type":"string","value":"https://swaggerhub.onefiserv.net/virts/Bank_Sol_Org/PartyCollateralRelService/11.0.0_CT","key":"baseUrl"}],"info":{"_postman_id":"275b8abf-8770-4382-b4ad-25c981732182","name":"Party Collateral Relationship Service","schema":"https://schema.getpostman.com/json/collection/v2.1.0/collection.json","description":{"content":"Party Collateral Relationship Service supports operations to manage party relationship with collateral items.","type":"text/plain"}}}