{"item":[{"id":"24795431-b6c9-4c73-8ebd-f71d67a4b780","name":"clientdefinedfieldservice/partyacctsvc/clientDefinedFields","item":[{"id":"46d452e2-f7e9-483a-94ba-bc82a8e6dda1","name":"Update Client Defined Field.","request":{"name":"Update Client Defined Field.","description":{"content":"Update Client Defined Field API modifies the client-defined fields associated to a specific party (customer) or a specific account. <br>For Signature, this API identifies the client-defined fields to be modified based on either ClientDefinedFieldKeys/AcctKeys/AcctId or ClientDefinedFieldKeys/PartyKeys/PartyId sent in the request. Multiple client (user) defined fields belonging to the selected account or party (customer) can be updated using a single update request. <br> <br> To download the API Specifications and Postman Collection, click <a href=\"../docs/?path=docs/resources/resources.md\" title=\"Click to open\">Resources</a>.","type":"text/plain"},"url":{"path":["clientdefinedfieldservice","partyacctsvc","clientDefinedFields"],"host":["{{baseUrl}}"],"query":[],"variable":[]},"header":[{"disabled":false,"description":"(Required) EFX Header is a common and required component for all API calls, it contains authentication and client-related parameters. Please note that the header parameters should be sent as a JSON object under the EFXHeader parameter. To view the list of header parameters, <a href=\"../docs?path=docs/api-ref-EFX-header.md\" title=\"Click to open\"> click here.</a>","key":"EFXHeader","value":"OrganizationId,<string>,TrnId,<string>,VendorId,<string>,Context,[object Object]"},{"key":"Content-Type","value":"application/json"},{"key":"Accept","value":"application/json"}],"method":"PUT","auth":null,"body":{"mode":"raw","raw":"{\n  \"ClientDefinedFieldInfo\": {\n    \"ClientDefinedData\": [\n      {\n        \"DataIdent\": \"<string>\",\n        \"DataType\": \"<string>\",\n        \"Value\": \"<string>\",\n        \"DataLength\": \"<long>\",\n        \"Desc\": \"<string>\"\n      },\n      {\n        \"DataIdent\": \"<string>\",\n        \"DataType\": \"<string>\",\n        \"Value\": \"<string>\",\n        \"DataLength\": \"<long>\",\n        \"Desc\": \"<string>\"\n      }\n    ],\n    \"AcctKeys\": \"<object>\"\n  },\n  \"ClientDefinedFieldKeys\": {\n    \"AcctKeys\": {\n      \"AcctId\": \"<string>\",\n      \"AcctType\": \"<string>\"\n    },\n    \"PartyKeys\": {\n      \"PartyId\": \"<string>\"\n    }\n  }\n}","options":{"raw":{"language":"json"}}}},"response":[{"id":"3479fc87-e66e-4bf0-9ecb-6f623b779671","name":"Success","originalRequest":{"url":{"path":["clientdefinedfieldservice","partyacctsvc","clientDefinedFields"],"host":["{{baseUrl}}"],"query":[],"variable":[]},"header":[{"disabled":false,"description":"(Required) EFX Header is a common and required component for all API calls, it contains authentication and client-related parameters. Please note that the header parameters should be sent as a JSON object under the EFXHeader parameter. To view the list of header parameters, <a href=\"../docs?path=docs/api-ref-EFX-header.md\" title=\"Click to open\"> click here.</a>","key":"EFXHeader","value":"OrganizationId,<string>,TrnId,<string>,VendorId,<string>,Context,[object Object]"},{"key":"Accept","value":"application/json"}],"method":"PUT","body":{"mode":"raw","raw":"{\n  \"ClientDefinedFieldInfo\": {\n    \"ClientDefinedData\": [\n      {\n        \"DataIdent\": \"<string>\",\n        \"DataType\": \"<string>\",\n        \"Value\": \"<string>\",\n        \"DataLength\": \"<long>\",\n        \"Desc\": \"<string>\"\n      },\n      {\n        \"DataIdent\": \"<string>\",\n        \"DataType\": \"<string>\",\n        \"Value\": \"<string>\",\n        \"DataLength\": \"<long>\",\n        \"Desc\": \"<string>\"\n      }\n    ],\n    \"AcctKeys\": \"<object>\"\n  },\n  \"ClientDefinedFieldKeys\": {\n    \"AcctKeys\": {\n      \"AcctId\": \"<string>\",\n      \"AcctType\": \"<string>\"\n    },\n    \"PartyKeys\": {\n      \"PartyId\": \"<string>\"\n    }\n  }\n}","options":{"raw":{"language":"json"}}}},"status":"OK","code":200,"header":[{"key":"Content-Type","value":"application/json"}],"body":"{\n  \"ClientDefinedFieldStatusRec\": {\n    \"ClientDefinedFieldKeys\": [\n      {\n        \"AcctKeys\": {\n          \"AcctId\": \"Excepteur officia fugiat\",\n          \"AcctType\": \"DDA\"\n        },\n        \"PartyKeys\": {\n          \"PartyId\": \"Exc\"\n        }\n      },\n      {\n        \"AcctKeys\": {\n          \"AcctId\": \"cill\",\n          \"AcctType\": \"SDA\"\n        },\n        \"PartyKeys\": {\n          \"PartyId\": \"ad tempor\"\n        }\n      }\n    ],\n    \"ClientDefinedFieldStatus\": {\n      \"ClientDefinedFieldStatusCode\": \"Valid\",\n      \"EffDt\": \"6970-73-01T65:22:70+72:06\"\n    }\n  },\n  \"Status\": {\n    \"Severity\": \"Info\",\n    \"StatusCode\": \"quis\",\n    \"StatusDesc\": \"in qui\",\n    \"SvcProviderName\": \"dolor Duis culpa consectetur Lorem\",\n    \"Id\": \"Duis in nostrud magna\",\n    \"ServerStatusCode\": \"esse Ut tempor\",\n    \"ServerStatusDesc\": \"adipisic\",\n    \"OvrdExceptionInd\": false,\n    \"SubjectRole\": \"incididunt pariatur aute do cupidatat\",\n    \"SubjectElement\": [\n      {\n        \"Path\": \"adipisicing veniam deserunt incididunt\",\n        \"ServerPath\": \"do\",\n        \"Value\": \"irure nisi officia adipisi\"\n      },\n      {\n        \"Path\": \"consectetur labore\",\n        \"ServerPath\": \"fugiat Ut sunt\",\n        \"Value\": \"dolor cupidatat eu aliquip Duis\"\n      }\n    ],\n    \"ContentHTML\": \"dolore sed\",\n    \"AdditionalStatus\": [\n      {\n        \"StatusCode\": \"Duis dolore\",\n        \"StatusDesc\": \"aliquip ad\",\n        \"Severity\": \"Info\",\n        \"SvcProviderName\": \"veniam do in\",\n        \"ServerStatusCode\": \"deserunt sit in \",\n        \"ServerStatusDesc\": \"ut ex fugiat\",\n        \"OvrdExceptionInd\": true,\n        \"SubjectElement\": [\n          {\n            \"Path\": \"anim amet\",\n            \"ServerPath\": \"nostrud fugiat\",\n            \"Value\": \"magna voluptate minim\"\n          },\n          {\n            \"Path\": \"tempor nostrud ullamco sit proident\",\n            \"ServerPath\": \"labore adipisicing\",\n            \"Value\": \"veniam q\"\n          }\n        ]\n      },\n      {\n        \"StatusCode\": \"au\",\n        \"StatusDesc\": \"dolor\",\n        \"Severity\": \"Error\",\n        \"SvcProviderName\": \"laboris elit in id Lorem\",\n        \"ServerStatusCode\": \"magna pari\",\n        \"ServerStatusDesc\": \"eu tempor\",\n        \"OvrdExceptionInd\": false,\n        \"SubjectElement\": [\n          {\n            \"Path\": \"deserunt sint\",\n            \"ServerPath\": \"in velit ipsum\",\n            \"Value\": \"proident enim\"\n          },\n          {\n            \"Path\": \"ad elit ex et consectetur\",\n            \"ServerPath\": \"esse anim sit sunt\",\n            \"Value\": \"cillum irure\"\n          }\n        ]\n      }\n    ]\n  }\n}","cookie":[],"_postman_previewlanguage":"json"},{"id":"c0816d55-7917-437f-ae69-06522ada402d","name":"To view the complete list of response codes, <a href=\"../docs/?path=docs/response-codes.md\" title=\"Click to open\">click here.</a>","originalRequest":{"url":{"path":["clientdefinedfieldservice","partyacctsvc","clientDefinedFields"],"host":["{{baseUrl}}"],"query":[],"variable":[]},"header":[{"disabled":false,"description":"(Required) EFX Header is a common and required component for all API calls, it contains authentication and client-related parameters. Please note that the header parameters should be sent as a JSON object under the EFXHeader parameter. To view the list of header parameters, <a href=\"../docs?path=docs/api-ref-EFX-header.md\" title=\"Click to open\"> click here.</a>","key":"EFXHeader","value":"OrganizationId,<string>,TrnId,<string>,VendorId,<string>,Context,[object Object]"},{"key":"Accept","value":"application/json"}],"method":"PUT","body":{"mode":"raw","raw":"{\n  \"ClientDefinedFieldInfo\": {\n    \"ClientDefinedData\": [\n      {\n        \"DataIdent\": \"<string>\",\n        \"DataType\": \"<string>\",\n        \"Value\": \"<string>\",\n        \"DataLength\": \"<long>\",\n        \"Desc\": \"<string>\"\n      },\n      {\n        \"DataIdent\": \"<string>\",\n        \"DataType\": \"<string>\",\n        \"Value\": \"<string>\",\n        \"DataLength\": \"<long>\",\n        \"Desc\": \"<string>\"\n      }\n    ],\n    \"AcctKeys\": \"<object>\"\n  },\n  \"ClientDefinedFieldKeys\": {\n    \"AcctKeys\": {\n      \"AcctId\": \"<string>\",\n      \"AcctType\": \"<string>\"\n    },\n    \"PartyKeys\": {\n      \"PartyId\": \"<string>\"\n    }\n  }\n}","options":{"raw":{"language":"json"}}}},"status":"Internal Server Error","code":500,"header":[{"key":"Content-Type","value":"application/json"}],"body":"{\n  \"ClientDefinedFieldStatusRec\": {\n    \"ClientDefinedFieldKeys\": [\n      {\n        \"AcctKeys\": {\n          \"AcctId\": \"non mollit anim in\",\n          \"AcctType\": \"DDA\"\n        },\n        \"PartyKeys\": {\n          \"PartyId\": \"ullamco incid\"\n        }\n      },\n      {\n        \"AcctKeys\": {\n          \"AcctId\": \"ad\",\n          \"AcctType\": \"SDA\"\n        },\n        \"PartyKeys\": {\n          \"PartyId\": \"ex laborum pariatu\"\n        }\n      }\n    ],\n    \"ClientDefinedFieldStatus\": {\n      \"ClientDefinedFieldStatusCode\": \"Valid\",\n      \"EffDt\": \"1301-63-26\"\n    }\n  },\n  \"Status\": {\n    \"Severity\": \"Warning\",\n    \"StatusCode\": \"aute in officia al\",\n    \"StatusDesc\": \"irure ad\",\n    \"SvcProviderName\": \"occaecat do\",\n    \"Id\": \"labore sunt ea\",\n    \"ServerStatusCode\": \"dese\",\n    \"ServerStatusDesc\": \"proident aute adipisicing\",\n    \"OvrdExceptionInd\": false,\n    \"SubjectRole\": \"nostrud id aliqua\",\n    \"SubjectElement\": [\n      {\n        \"Path\": \"amet\",\n        \"ServerPath\": \"esse nisi laboris aute in\",\n        \"Value\": \"occaecat eiusmod amet\"\n      },\n      {\n        \"Path\": \"consequat minim deserunt\",\n        \"ServerPath\": \"cillum sunt\",\n        \"Value\": \"magna exercitation est sint\"\n      }\n    ],\n    \"ContentHTML\": \"dolo\",\n    \"AdditionalStatus\": [\n      {\n        \"StatusCode\": \"\",\n        \"StatusDesc\": \"nulla est\",\n        \"Severity\": \"Warning\",\n        \"SvcProviderName\": \"dolor nulla\",\n        \"ServerStatusCode\": \"l\",\n        \"ServerStatusDesc\": \"dolor elit proident et\",\n        \"OvrdExceptionInd\": true,\n        \"SubjectElement\": [\n          {\n            \"Path\": \"et mollit elit adipisicing\",\n            \"ServerPath\": \"mollit exercitation dolore ea\",\n            \"Value\": \"dolor eiusmod ad\"\n          },\n          {\n            \"Path\": \"pariatur\",\n            \"ServerPath\": \"mollit aliquip occaecat\",\n            \"Value\": \"do laboris voluptate\"\n          }\n        ]\n      },\n      {\n        \"StatusCode\": \"ex commodo dol\",\n        \"StatusDesc\": \"labore\",\n        \"Severity\": \"Warning\",\n        \"SvcProviderName\": \"irure aute\",\n        \"ServerStatusCode\": \"tempor fugiat\",\n        \"ServerStatusDesc\": \"Excepteur nisi\",\n        \"OvrdExceptionInd\": false,\n        \"SubjectElement\": [\n          {\n            \"Path\": \"ipsum\",\n            \"ServerPath\": \"laborum qui\",\n            \"Value\": \"laboris Ut voluptate\"\n          },\n          {\n            \"Path\": \"ipsum culpa\",\n            \"ServerPath\": \"amet in ut\",\n            \"Value\": \"aliquip sit nostrud esse\"\n          }\n        ]\n      }\n    ]\n  }\n}","cookie":[],"_postman_previewlanguage":"json"}],"event":[],"protocolProfileBehavior":{"disableBodyPruning":true}},{"id":"b5fdb625-88dc-461d-ba40-bb1012d899bd","name":"Get Client Defined Field.","request":{"name":"Get Client Defined Field.","description":{"content":"Get Client Defined Field API retrieves the information of client-defined fields associated to a specific party (customer) or a specific account. <br>This API also provides the information like field name, field type, field length, field description and field value. <br> <br> To download the API Specifications and Postman Collection, click <a href=\"../docs/?path=docs/resources/resources.md\" title=\"Click to open\">Resources</a>.","type":"text/plain"},"url":{"path":["clientdefinedfieldservice","partyacctsvc","clientDefinedFields","secured"],"host":["{{baseUrl}}"],"query":[],"variable":[]},"header":[{"disabled":false,"description":"(Required) EFX Header is a common and required component for all API calls, it contains client-related parameters. Please note that the header parameters should be sent as a JSON object under the EFXHeader parameter. To view the list of header parameters, <a href=\"../docs?path=docs/api-ref-EFX-header.md\" title=\"Click to open\"> click here.</a>","key":"EFXHeader","value":"OrganizationId,<string>,TrnId,<string>,VendorId,<string>,Context,[object Object]"},{"key":"Content-Type","value":"application/json"},{"key":"Accept","value":"application/json"}],"method":"POST","auth":null,"body":{"mode":"raw","raw":"{\n  \"ClientDefinedFieldSel\": {\n    \"AcctKeys\": {\n      \"AcctId\": \"<string>\",\n      \"AcctType\": \"<string>\"\n    },\n    \"PartyKeys\": {\n      \"PartyId\": \"<string>\"\n    }\n  }\n}","options":{"raw":{"language":"json"}}}},"response":[{"id":"980aa43a-73cb-442c-b72d-576b014f5cfb","name":"Success","originalRequest":{"url":{"path":["clientdefinedfieldservice","partyacctsvc","clientDefinedFields","secured"],"host":["{{baseUrl}}"],"query":[],"variable":[]},"header":[{"disabled":false,"description":"(Required) EFX Header is a common and required component for all API calls, it contains client-related parameters. Please note that the header parameters should be sent as a JSON object under the EFXHeader parameter. To view the list of header parameters, <a href=\"../docs?path=docs/api-ref-EFX-header.md\" title=\"Click to open\"> click here.</a>","key":"EFXHeader","value":"OrganizationId,<string>,TrnId,<string>,VendorId,<string>,Context,[object Object]"},{"key":"Accept","value":"application/json"}],"method":"POST","body":{"mode":"raw","raw":"{\n  \"ClientDefinedFieldSel\": {\n    \"AcctKeys\": {\n      \"AcctId\": \"<string>\",\n      \"AcctType\": \"<string>\"\n    },\n    \"PartyKeys\": {\n      \"PartyId\": \"<string>\"\n    }\n  }\n}","options":{"raw":{"language":"json"}}}},"status":"OK","code":200,"header":[{"key":"Content-Type","value":"application/json"}],"body":"{\n  \"ClientDefinedFieldRec\": {\n    \"ClientDefinedFieldInfo\": {\n      \"ClientDefinedData\": [\n        {\n          \"DataIdent\": \"reprehenderit consectetur\",\n          \"DataType\": \"Numeric\",\n          \"Value\": \"irure sint\",\n          \"DataLength\": -43308603,\n          \"Desc\": \"ullamco fugiat deserunt\",\n          \"RestrictedInd\": true\n        },\n        {\n          \"DataIdent\": \"cillum ut sunt enim \",\n          \"DataType\": \"Alpha\",\n          \"Value\": \"mollit\",\n          \"DataLength\": 28623154,\n          \"Desc\": \"d\",\n          \"RestrictedInd\": false\n        }\n      ]\n    },\n    \"ClientDefinedFieldKeys\": {\n      \"AcctKeys\": {\n        \"AcctId\": \"la\",\n        \"AcctType\": \"CDA\"\n      },\n      \"PartyKeys\": {\n        \"PartyId\": \"Excepteur id laborum in\"\n      }\n    },\n    \"ClientDefinedFieldStatus\": {\n      \"ClientDefinedFieldStatusCode\": \"u\",\n      \"EffDt\": \"2271-59-28T47:76:20.434\"\n    }\n  },\n  \"Status\": {\n    \"Severity\": \"Info\",\n    \"StatusCode\": \"aliq\",\n    \"StatusDesc\": \"Lorem\",\n    \"SvcProviderName\": \"in consequat commodo\",\n    \"Id\": \"cupidatat voluptate irure occaecat\",\n    \"ServerStatusCode\": \"anim do\",\n    \"ServerStatusDesc\": \"sint dolore eu nisi\",\n    \"OvrdExceptionInd\": false,\n    \"SubjectRole\": \"aliquip fugiat laboris\",\n    \"SubjectElement\": [\n      {\n        \"Path\": \"minim et\",\n        \"ServerPath\": \"minim sunt\",\n        \"Value\": \"Ut aliqua Lorem dolor\"\n      },\n      {\n        \"Path\": \"sint dolore aliqua laboris\",\n        \"ServerPath\": \"do consectetur eu aliquip\",\n        \"Value\": \"dolore enim sed fugiat\"\n      }\n    ],\n    \"ContentHTML\": \"pariatur\",\n    \"AdditionalStatus\": [\n      {\n        \"StatusCode\": \"velit do dolore\",\n        \"StatusDesc\": \"ea adipisicing et do esse\",\n        \"Severity\": \"Info\",\n        \"SvcProviderName\": \"ex exercitation mollit\",\n        \"ServerStatusCode\": \"elit non\",\n        \"ServerStatusDesc\": \"exercitation aliquip\",\n        \"OvrdExceptionInd\": true,\n        \"SubjectElement\": [\n          {\n            \"Path\": \"esse nulla veniam\",\n            \"ServerPath\": \"ut fugiat\",\n            \"Value\": \"c\"\n          },\n          {\n            \"Path\": \"incididunt do elit pariatur\",\n            \"ServerPath\": \"adipisicing\",\n            \"Value\": \"dolore in culpa voluptate\"\n          }\n        ]\n      },\n      {\n        \"StatusCode\": \"et occaecat\",\n        \"StatusDesc\": \"aliqua sint exercitation\",\n        \"Severity\": \"Warning\",\n        \"SvcProviderName\": \"ullamco\",\n        \"ServerStatusCode\": \"mollit\",\n        \"ServerStatusDesc\": \"cillum dolore minim\",\n        \"OvrdExceptionInd\": true,\n        \"SubjectElement\": [\n          {\n            \"Path\": \"et eiusmod cupidatat Lorem ullamco\",\n            \"ServerPath\": \"ad laboris in consequat\",\n            \"Value\": \"sunt deserunt ut minim\"\n          },\n          {\n            \"Path\": \"culpa ut Lorem exercitation\",\n            \"ServerPath\": \"labore Ut exercitation\",\n            \"Value\": \"dolor id eiusmod\"\n          }\n        ]\n      }\n    ]\n  },\n  \"RecCtrlOut\": {\n    \"SentRecCount\": -14618947\n  }\n}","cookie":[],"_postman_previewlanguage":"json"},{"id":"19ef8045-fa8f-49a5-99fa-8610e91fe05d","name":"To view the complete list of response codes, <a href=\"../docs/?path=docs/response-codes.md\" title=\"Click to open\">click here.</a>","originalRequest":{"url":{"path":["clientdefinedfieldservice","partyacctsvc","clientDefinedFields","secured"],"host":["{{baseUrl}}"],"query":[],"variable":[]},"header":[{"disabled":false,"description":"(Required) EFX Header is a common and required component for all API calls, it contains client-related parameters. Please note that the header parameters should be sent as a JSON object under the EFXHeader parameter. To view the list of header parameters, <a href=\"../docs?path=docs/api-ref-EFX-header.md\" title=\"Click to open\"> click here.</a>","key":"EFXHeader","value":"OrganizationId,<string>,TrnId,<string>,VendorId,<string>,Context,[object Object]"},{"key":"Accept","value":"application/json"}],"method":"POST","body":{"mode":"raw","raw":"{\n  \"ClientDefinedFieldSel\": {\n    \"AcctKeys\": {\n      \"AcctId\": \"<string>\",\n      \"AcctType\": \"<string>\"\n    },\n    \"PartyKeys\": {\n      \"PartyId\": \"<string>\"\n    }\n  }\n}","options":{"raw":{"language":"json"}}}},"status":"Internal Server Error","code":500,"header":[{"key":"Content-Type","value":"application/json"}],"body":"{\n  \"ClientDefinedFieldRec\": {\n    \"ClientDefinedFieldInfo\": {\n      \"ClientDefinedData\": [\n        {\n          \"DataIdent\": \"Duis in nostru\",\n          \"DataType\": \"Numeric\",\n          \"Value\": \"consequat ullamco\",\n          \"DataLength\": 22147719,\n          \"Desc\": \"velit\",\n          \"RestrictedInd\": false\n        },\n        {\n          \"DataIdent\": \"ut in voluptate\",\n          \"DataType\": \"Numeric\",\n          \"Value\": \"culpa Lorem\",\n          \"DataLength\": 98481135,\n          \"Desc\": \"consectetur voluptate eiusmod commodo nulla\",\n          \"RestrictedInd\": false\n        }\n      ]\n    },\n    \"ClientDefinedFieldKeys\": {\n      \"AcctKeys\": {\n        \"AcctId\": \"e\",\n        \"AcctType\": \"CDA\"\n      },\n      \"PartyKeys\": {\n        \"PartyId\": \"ad proident Duis ame\"\n      }\n    },\n    \"ClientDefinedFieldStatus\": {\n      \"ClientDefinedFieldStatusCode\": \"ut Lorem\",\n      \"EffDt\": \"9738-91-06\"\n    }\n  },\n  \"Status\": {\n    \"Severity\": \"Info\",\n    \"StatusCode\": \"et aliq\",\n    \"StatusDesc\": \"consectetur voluptate deserunt\",\n    \"SvcProviderName\": \"minim\",\n    \"Id\": \"velit elit\",\n    \"ServerStatusCode\": \"dolore\",\n    \"ServerStatusDesc\": \"elit\",\n    \"OvrdExceptionInd\": true,\n    \"SubjectRole\": \"laborum fug\",\n    \"SubjectElement\": [\n      {\n        \"Path\": \"amet aute laborum in\",\n        \"ServerPath\": \"sit do eiusmod consectetur in\",\n        \"Value\": \"veniam id\"\n      },\n      {\n        \"Path\": \"est proident Lorem irure\",\n        \"ServerPath\": \"mollit nulla ut\",\n        \"Value\": \"Lorem deserunt culpa nisi\"\n      }\n    ],\n    \"ContentHTML\": \"sed\",\n    \"AdditionalStatus\": [\n      {\n        \"StatusCode\": \"ut eu dolor \",\n        \"StatusDesc\": \"amet Duis fugiat\",\n        \"Severity\": \"Error\",\n        \"SvcProviderName\": \"aute irure ex\",\n        \"ServerStatusCode\": \"sint elit\",\n        \"ServerStatusDesc\": \"Duis\",\n        \"OvrdExceptionInd\": true,\n        \"SubjectElement\": [\n          {\n            \"Path\": \"cupidatat velit\",\n            \"ServerPath\": \"labore voluptate\",\n            \"Value\": \"ad magna dolore\"\n          },\n          {\n            \"Path\": \"aliqua\",\n            \"ServerPath\": \"aliquip ut labore enim\",\n            \"Value\": \"do et aute\"\n          }\n        ]\n      },\n      {\n        \"StatusCode\": \"laborum in\",\n        \"StatusDesc\": \"non cillum ullamco\",\n        \"Severity\": \"Warning\",\n        \"SvcProviderName\": \"ex ea\",\n        \"ServerStatusCode\": \"elit\",\n        \"ServerStatusDesc\": \"do aliqua\",\n        \"OvrdExceptionInd\": true,\n        \"SubjectElement\": [\n          {\n            \"Path\": \"enim deserunt commodo ea\",\n            \"ServerPath\": \"commodo Excepteur mollit\",\n            \"Value\": \"et incididunt sunt\"\n          },\n          {\n            \"Path\": \"\",\n            \"ServerPath\": \"officia esse\",\n            \"Value\": \"aute iru\"\n          }\n        ]\n      }\n    ]\n  },\n  \"RecCtrlOut\": {\n    \"SentRecCount\": 76228335\n  }\n}","cookie":[],"_postman_previewlanguage":"json"}],"event":[],"protocolProfileBehavior":{"disableBodyPruning":true}}],"event":[]}],"event":[],"variable":[{"type":"string","value":"/","key":"baseUrl"}],"info":{"_postman_id":"2d5c7d72-d9ab-4b9f-9c75-189be521a638","name":"Client Defined Field Service","schema":"https://schema.getpostman.com/json/collection/v2.1.0/collection.json","description":{"content":"Client Defined Field service supports management of fields available with respect to the type of application (DDA, SDA, CDA etc.). Client Defined Fields are fields that can be changed in terms of purpose and definition as per the implementation method.","type":"text/plain"}}}