{"item":[{"id":"c19ec83a-50be-4e28-8044-ec403a77e6c8","name":"Get Client Field Specifications","request":{"name":"Get Client Field Specifications","description":{"content":"Get Client Field Specifications API retrieves information about the client-defined fields that are available for a specific application type. <br>For Signature, this API returns the attributes such as data type, length and description of the active, inactive or both client-defined fields depending on the value sent in the request for the data application status selection field. <br> <br> To download the API Specifications and Postman Collection, click <a href=\"../docs/?path=docs/resources/resources.md\" title=\"Click to open\">Resources</a>.","type":"text/plain"},"url":{"path":["clientfieldspecservice","partyacctsvc","clientFieldSpec","secured"],"host":["{{baseUrl}}"],"query":[],"variable":[]},"header":[{"disabled":false,"description":"(Required) EFX Header is a common and required component for all API calls, it contains client-related parameters. Please note that the header parameters should be sent as a JSON object under the EFXHeader parameter. To view the list of header parameters, <a href=\"../docs?path=docs/api-ref-EFX-header.md\" title=\"Click to open\"> click here.</a>","key":"EFXHeader","value":"OrganizationId,<string>,TrnId,<string>,VendorId,<string>,Context,[object Object]"},{"key":"Content-Type","value":"application/json"},{"key":"Accept","value":"application/json"}],"method":"POST","auth":null,"body":{"mode":"raw","raw":"{\n  \"ClientFieldSpecSel\": {\n    \"DataApplType\": \"<string>\",\n    \"DataApplStatusSel\": \"<string>\"\n  }\n}","options":{"raw":{"language":"json"}}}},"response":[{"id":"65d75a33-00ac-48bb-a39d-0918fa2091a2","name":"Success","originalRequest":{"url":{"path":["clientfieldspecservice","partyacctsvc","clientFieldSpec","secured"],"host":["{{baseUrl}}"],"query":[],"variable":[]},"header":[{"disabled":false,"description":"(Required) EFX Header is a common and required component for all API calls, it contains client-related parameters. Please note that the header parameters should be sent as a JSON object under the EFXHeader parameter. To view the list of header parameters, <a href=\"../docs?path=docs/api-ref-EFX-header.md\" title=\"Click to open\"> click here.</a>","key":"EFXHeader","value":"OrganizationId,<string>,TrnId,<string>,VendorId,<string>,Context,[object Object]"},{"key":"Accept","value":"application/json"}],"method":"POST","body":{"mode":"raw","raw":"{\n  \"ClientFieldSpecSel\": {\n    \"DataApplType\": \"<string>\",\n    \"DataApplStatusSel\": \"<string>\"\n  }\n}","options":{"raw":{"language":"json"}}}},"status":"OK","code":200,"header":[{"key":"Content-Type","value":"application/json"}],"body":"{\n  \"ClientFieldSpecRec\": [\n    {\n      \"ClientFieldSpecInfo\": {\n        \"DataType\": \"Alpha\",\n        \"DataLength\": 82880363,\n        \"Desc\": \"in minim velit\"\n      },\n      \"ClientFieldSpecKeys\": {\n        \"ClientFieldSpecId\": \"minim\",\n        \"DataApplType\": \"Party\"\n      },\n      \"ClientFieldSpecStatus\": {\n        \"ClientFieldSpecStatusCode\": \"Valid\",\n        \"EffDt\": \"3474-17-15T32:88\"\n      }\n    },\n    {\n      \"ClientFieldSpecInfo\": {\n        \"DataType\": \"Numeric\",\n        \"DataLength\": 22067009,\n        \"Desc\": \"nulla in reprehenderit cupidatat proident\"\n      },\n      \"ClientFieldSpecKeys\": {\n        \"ClientFieldSpecId\": \"qui non dolor\",\n        \"DataApplType\": \"Party\"\n      },\n      \"ClientFieldSpecStatus\": {\n        \"ClientFieldSpecStatusCode\": \"Valid\",\n        \"EffDt\": \"7349-57-19T84:57:68-63:14\"\n      }\n    }\n  ],\n  \"Status\": {\n    \"Severity\": \"Info\",\n    \"StatusCode\": \"cul\",\n    \"StatusDesc\": \"dolor ipsum est proident\",\n    \"SvcProviderName\": \"id mollit\",\n    \"Id\": \"ani\",\n    \"ServerStatusCode\": \"ex consequat ul\",\n    \"ServerStatusDesc\": \"Lorem dolore\",\n    \"OvrdExceptionInd\": false,\n    \"SubjectRole\": \"voluptate laborum\",\n    \"SubjectElement\": [\n      {\n        \"Path\": \"anim id mollit do\",\n        \"ServerPath\": \"non dolor\",\n        \"Value\": \"ut aute cillum tempor\"\n      },\n      {\n        \"Path\": \"dolore consequat id\",\n        \"ServerPath\": \"labore et nostrud incididunt\",\n        \"Value\": \"minim Exce\"\n      }\n    ],\n    \"ContentHTML\": \"elit ea sunt\",\n    \"AdditionalStatus\": [\n      {\n        \"StatusCode\": \"culpa proident nul\",\n        \"StatusDesc\": \"consequat elit est anim minim\",\n        \"Severity\": \"Info\",\n        \"SvcProviderName\": \"Duis ut\",\n        \"ServerStatusCode\": \"et non\",\n        \"ServerStatusDesc\": \"Lorem consequat et\",\n        \"OvrdExceptionInd\": true,\n        \"SubjectElement\": [\n          {\n            \"Path\": \"con\",\n            \"ServerPath\": \"sunt tempor\",\n            \"Value\": \"proident dolor aliqua id\"\n          },\n          {\n            \"Path\": \"in ad\",\n            \"ServerPath\": \"dolor est eu cillum\",\n            \"Value\": \"reprehenderit quis est dolor consequat\"\n          }\n        ]\n      },\n      {\n        \"StatusCode\": \"Excepteur veniam \",\n        \"StatusDesc\": \"Lorem irure labore\",\n        \"Severity\": \"Warning\",\n        \"SvcProviderName\": \"Ut qui ipsum\",\n        \"ServerStatusCode\": \"\",\n        \"ServerStatusDesc\": \"nostrud\",\n        \"OvrdExceptionInd\": true,\n        \"SubjectElement\": [\n          {\n            \"Path\": \"in Ut aliquip pariatur\",\n            \"ServerPath\": \"proident labore\",\n            \"Value\": \"laboris\"\n          },\n          {\n            \"Path\": \"officia consequat ex\",\n            \"ServerPath\": \"anim pariatur\",\n            \"Value\": \"dolore sed culpa\"\n          }\n        ]\n      }\n    ]\n  },\n  \"RecCtrlOut\": {\n    \"SentRecCount\": 82313892,\n    \"MatchedRecCount\": -23386497\n  }\n}","cookie":[],"_postman_previewlanguage":"json"},{"id":"345925e5-8918-4804-bc93-e037df42d467","name":"To view the complete list of response codes, <a href=\"../docs/?path=docs/response-codes.md\" title=\"Click to open\">click here.</a>","originalRequest":{"url":{"path":["clientfieldspecservice","partyacctsvc","clientFieldSpec","secured"],"host":["{{baseUrl}}"],"query":[],"variable":[]},"header":[{"disabled":false,"description":"(Required) EFX Header is a common and required component for all API calls, it contains client-related parameters. Please note that the header parameters should be sent as a JSON object under the EFXHeader parameter. To view the list of header parameters, <a href=\"../docs?path=docs/api-ref-EFX-header.md\" title=\"Click to open\"> click here.</a>","key":"EFXHeader","value":"OrganizationId,<string>,TrnId,<string>,VendorId,<string>,Context,[object Object]"},{"key":"Accept","value":"application/json"}],"method":"POST","body":{"mode":"raw","raw":"{\n  \"ClientFieldSpecSel\": {\n    \"DataApplType\": \"<string>\",\n    \"DataApplStatusSel\": \"<string>\"\n  }\n}","options":{"raw":{"language":"json"}}}},"status":"Internal Server Error","code":500,"header":[{"key":"Content-Type","value":"application/json"}],"body":"{\n  \"ClientFieldSpecRec\": [\n    {\n      \"ClientFieldSpecInfo\": {\n        \"DataType\": \"Numeric\",\n        \"DataLength\": -47796845,\n        \"Desc\": \"dolore Lorem sit eu laboris\"\n      },\n      \"ClientFieldSpecKeys\": {\n        \"ClientFieldSpecId\": \"cillum in repreh\",\n        \"DataApplType\": \"Party\"\n      },\n      \"ClientFieldSpecStatus\": {\n        \"ClientFieldSpecStatusCode\": \"Valid\",\n        \"EffDt\": \"6266-00-30T40:75:87\"\n      }\n    },\n    {\n      \"ClientFieldSpecInfo\": {\n        \"DataType\": \"Numeric\",\n        \"DataLength\": 93710886,\n        \"Desc\": \"irure ut la\"\n      },\n      \"ClientFieldSpecKeys\": {\n        \"ClientFieldSpecId\": \"anim aute\",\n        \"DataApplType\": \"Party\"\n      },\n      \"ClientFieldSpecStatus\": {\n        \"ClientFieldSpecStatusCode\": \"Valid\",\n        \"EffDt\": \"0402-11-27T30:53\"\n      }\n    }\n  ],\n  \"Status\": {\n    \"Severity\": \"Warning\",\n    \"StatusCode\": \"qui\",\n    \"StatusDesc\": \"exercitation do est deserunt\",\n    \"SvcProviderName\": \"consectetur sed enim incididunt\",\n    \"Id\": \"minim nulla occaecat elit\",\n    \"ServerStatusCode\": \"est velit offic\",\n    \"ServerStatusDesc\": \"cillum\",\n    \"OvrdExceptionInd\": true,\n    \"SubjectRole\": \"esse consectetur anim ullamco\",\n    \"SubjectElement\": [\n      {\n        \"Path\": \"laboris incididunt Ut\",\n        \"ServerPath\": \"ad dolor\",\n        \"Value\": \"in\"\n      },\n      {\n        \"Path\": \"sit voluptate sunt culpa consequat\",\n        \"ServerPath\": \"id irure\",\n        \"Value\": \"ut ut mollit adipisicing\"\n      }\n    ],\n    \"ContentHTML\": \"Ut nisi\",\n    \"AdditionalStatus\": [\n      {\n        \"StatusCode\": \"do\",\n        \"StatusDesc\": \"culpa aliqua enim\",\n        \"Severity\": \"Error\",\n        \"SvcProviderName\": \"ullamco commodo\",\n        \"ServerStatusCode\": \"o\",\n        \"ServerStatusDesc\": \"aliqua voluptate\",\n        \"OvrdExceptionInd\": true,\n        \"SubjectElement\": [\n          {\n            \"Path\": \"ex dolor pariatur aliqua\",\n            \"ServerPath\": \"c\",\n            \"Value\": \"magna fugiat ut aute\"\n          },\n          {\n            \"Path\": \"aute non ex ut\",\n            \"ServerPath\": \"labore nulla\",\n            \"Value\": \"id quis mollit\"\n          }\n        ]\n      },\n      {\n        \"StatusCode\": \"est do nisi q\",\n        \"StatusDesc\": \"Excepteur officia occaecat\",\n        \"Severity\": \"Info\",\n        \"SvcProviderName\": \"pariatur occaecat\",\n        \"ServerStatusCode\": \"reprehenderit pr\",\n        \"ServerStatusDesc\": \"elit labore Duis non\",\n        \"OvrdExceptionInd\": true,\n        \"SubjectElement\": [\n          {\n            \"Path\": \"reprehenderit irure ipsum do\",\n            \"ServerPath\": \"sint\",\n            \"Value\": \"eu\"\n          },\n          {\n            \"Path\": \"ullamco esse\",\n            \"ServerPath\": \"ex aliqua\",\n            \"Value\": \"qui nostrud quis\"\n          }\n        ]\n      }\n    ]\n  },\n  \"RecCtrlOut\": {\n    \"SentRecCount\": -39175669,\n    \"MatchedRecCount\": -37307305\n  }\n}","cookie":[],"_postman_previewlanguage":"json"}],"event":[],"protocolProfileBehavior":{"disableBodyPruning":true}}],"event":[],"variable":[{"type":"string","value":"/","key":"baseUrl"}],"info":{"_postman_id":"76d2cbfa-6ce4-4d88-b304-5a52f386161d","name":"Client Field Specification Service","schema":"https://schema.getpostman.com/json/collection/v2.1.0/collection.json","description":{"content":"Client defined field specification service supports an inquiry operation to streamline the process of maintaining the client defined fields.","type":"text/plain"}}}