{"item":[{"id":"8aaef94c-0144-4c1b-9833-8e3f9506a0da","name":"Retrieves a Product Interest Rate Object Secured","request":{"name":"Retrieves a Product Interest Rate Object Secured","description":{"content":"Get Product Interest Rate API retrieves the interest rate attributes defined for a specific Loan Account (LOAN). <br>Interest rates can be fixed or variable or can be tied to an index or to a tiered balance. <br> <br> To download the API Specifications and Postman Collection, click <a href=\"../docs/?path=docs/resources/resources.md\" title=\"Click to open\">Resources</a>.","type":"text/plain"},"url":{"path":["prodintrateservice","servicing","prodintrate","secured"],"host":["{{baseUrl}}"],"query":[],"variable":[]},"header":[{"disabled":false,"description":"(Required) EFX Header is a common and required component for all API calls, it contains client-related parameters. Please note that the header parameters should be sent as a JSON object under the EFXHeader parameter. To view the list of header parameters, <a href=\"../docs?path=docs/api-ref-EFX-header.md\" title=\"Click to open\"> click here.</a>","key":"EFXHeader","value":"OrganizationId,<string>,TrnId,<string>,VendorId,<string>,Context,[object Object]"},{"key":"Content-Type","value":"application/json"},{"key":"Accept","value":"application/json"}],"method":"POST","auth":null,"body":{"mode":"raw","raw":"{\n  \"ProdIntRateSel\": {\n    \"AcctType\": \"<string>\",\n    \"ProductIdent\": \"<string>\",\n    \"BranchIdent\": \"<string>\"\n  }\n}","options":{"raw":{"language":"json"}}}},"response":[{"id":"49b7ec8f-cdab-42f9-8a23-06d32b22b630","name":"Success","originalRequest":{"url":{"path":["prodintrateservice","servicing","prodintrate","secured"],"host":["{{baseUrl}}"],"query":[],"variable":[]},"header":[{"disabled":false,"description":"(Required) EFX Header is a common and required component for all API calls, it contains client-related parameters. Please note that the header parameters should be sent as a JSON object under the EFXHeader parameter. To view the list of header parameters, <a href=\"../docs?path=docs/api-ref-EFX-header.md\" title=\"Click to open\"> click here.</a>","key":"EFXHeader","value":"OrganizationId,<string>,TrnId,<string>,VendorId,<string>,Context,[object Object]"},{"key":"Accept","value":"application/json"}],"method":"POST","body":{"mode":"raw","raw":"{\n  \"ProdIntRateSel\": {\n    \"AcctType\": \"<string>\",\n    \"ProductIdent\": \"<string>\",\n    \"BranchIdent\": \"<string>\"\n  }\n}","options":{"raw":{"language":"json"}}}},"status":"OK","code":200,"header":[{"key":"Content-Type","value":"application/json"}],"body":"{\n  \"ProdIntRateRec\": [\n    {\n      \"ProdIntRateInfo\": {\n        \"ProductIdent\": \"Duis commodo pariatur non\",\n        \"AcctType\": \"LOAN\",\n        \"Rate\": -20453068.672316954,\n        \"IntRateData\": [\n          {\n            \"RateMatrixTier\": [\n              {\n                \"value\": \"<Error: Too many levels of nesting to fake this schema>\"\n              },\n              {\n                \"value\": \"<Error: Too many levels of nesting to fake this schema>\"\n              }\n            ]\n          },\n          {\n            \"RateMatrixTier\": [\n              {\n                \"value\": \"<Error: Too many levels of nesting to fake this schema>\"\n              },\n              {\n                \"value\": \"<Error: Too many levels of nesting to fake this schema>\"\n              }\n            ]\n          }\n        ],\n        \"RateChangeData\": {\n          \"RateChangeControl\": \"AtMaturity\",\n          \"RateCalcMethod\": \"VarianceFactor\",\n          \"BasedOnCode\": \"cillum nisi deserunt consectetur\",\n          \"VarianceFactorType\": \"Factor+Variance\",\n          \"RateFactor\": 49910463.430107206,\n          \"RateVariance\": 15951025.586868897,\n          \"UseFloorCeilingRateInd\": false,\n          \"FixedRateConversionDt\": \"1986-07-20\",\n          \"FixedRateLeadDays\": 78448321,\n          \"RateChangeRecurType\": \"Stmt\",\n          \"RecurInterval\": 55742662,\n          \"DayOfMonth\": \"minim est\",\n          \"LeadDays\": 64244533\n        }\n      },\n      \"ProdIntRateKeys\": {\n        \"ProductIdent\": \"occaecat ani\"\n      },\n      \"ProdIntRateStatus\": {\n        \"ProdIntRateStatusCode\": \"sunt sed mollit cupidatat\",\n        \"EffDt\": \"8929-62-70\"\n      }\n    },\n    {\n      \"ProdIntRateInfo\": {\n        \"ProductIdent\": \"minim culpa do ullamco non\",\n        \"AcctType\": \"LOAN\",\n        \"Rate\": -66334443.85557863,\n        \"IntRateData\": [\n          {\n            \"RateMatrixTier\": [\n              {\n                \"value\": \"<Error: Too many levels of nesting to fake this schema>\"\n              },\n              {\n                \"value\": \"<Error: Too many levels of nesting to fake this schema>\"\n              }\n            ]\n          },\n          {\n            \"RateMatrixTier\": [\n              {\n                \"value\": \"<Error: Too many levels of nesting to fake this schema>\"\n              },\n              {\n                \"value\": \"<Error: Too many levels of nesting to fake this schema>\"\n              }\n            ]\n          }\n        ],\n        \"RateChangeData\": {\n          \"RateChangeControl\": \"Renewal\",\n          \"RateCalcMethod\": \"VarianceFactor\",\n          \"BasedOnCode\": \"quis\",\n          \"VarianceFactorType\": \"None\",\n          \"RateFactor\": 93064593.38898566,\n          \"RateVariance\": -89551524.46953769,\n          \"UseFloorCeilingRateInd\": true,\n          \"FixedRateConversionDt\": \"1999-08-17\",\n          \"FixedRateLeadDays\": -96812970,\n          \"RateChangeRecurType\": \"None\",\n          \"RecurInterval\": 53766286,\n          \"DayOfMonth\": \"minim sed ex\",\n          \"LeadDays\": 82643409\n        }\n      },\n      \"ProdIntRateKeys\": {\n        \"ProductIdent\": \"qui velit aliqui\"\n      },\n      \"ProdIntRateStatus\": {\n        \"ProdIntRateStatusCode\": \"minim nostrud veniam dolore culpa\",\n        \"EffDt\": \"1430-10-02T60:36:68.924\"\n      }\n    }\n  ],\n  \"Status\": {\n    \"Severity\": \"Info\",\n    \"StatusCode\": \"tempor ad magna\",\n    \"StatusDesc\": \"dolore aliquip in Excepteur\",\n    \"SvcProviderName\": \"in tempor Lorem amet\",\n    \"Id\": \"consequat sunt sint elit\",\n    \"ServerStatusCode\": \"cu\",\n    \"ServerStatusDesc\": \"commod\",\n    \"OvrdExceptionInd\": false,\n    \"SubjectRole\": \"ea Excepteur\",\n    \"SubjectElement\": [\n      {\n        \"Path\": \"\",\n        \"ServerPath\": \"in aliquip in commodo\",\n        \"Value\": \"sed Duis sunt esse\"\n      },\n      {\n        \"Path\": \"Excepteur reprehenderit\",\n        \"ServerPath\": \"esse culpa deserunt consectetur\",\n        \"Value\": \"fugiat Excepteur id\"\n      }\n    ],\n    \"ContentHTML\": \"dolor quis conse\",\n    \"AdditionalStatus\": [\n      {\n        \"StatusCode\": \"sint tempor labore\",\n        \"StatusDesc\": \"occaecat fugiat deserunt consectetur\",\n        \"Severity\": \"Error\",\n        \"SvcProviderName\": \"ad eu\",\n        \"ServerStatusCode\": \"ipsum Excepteur\",\n        \"ServerStatusDesc\": \"laborum cupidatat ea labore\",\n        \"OvrdExceptionInd\": false,\n        \"SubjectElement\": [\n          {\n            \"Path\": \"ipsum tempor\",\n            \"ServerPath\": \"in sunt\",\n            \"Value\": \"Lorem deserunt\"\n          },\n          {\n            \"Path\": \"aliqua sit\",\n            \"ServerPath\": \"reprehenderit in incididunt\",\n            \"Value\": \"ad sunt Duis\"\n          }\n        ]\n      },\n      {\n        \"StatusCode\": \"nis\",\n        \"StatusDesc\": \"veniam\",\n        \"Severity\": \"Error\",\n        \"SvcProviderName\": \"anim amet quis pariatur\",\n        \"ServerStatusCode\": \"sint cupi\",\n        \"ServerStatusDesc\": \"do ea\",\n        \"OvrdExceptionInd\": false,\n        \"SubjectElement\": [\n          {\n            \"Path\": \"irure anim\",\n            \"ServerPath\": \"amet\",\n            \"Value\": \"eu in esse sed enim\"\n          },\n          {\n            \"Path\": \"eiusmod Ut dolor\",\n            \"ServerPath\": \"voluptate laborum ut enim dolor\",\n            \"Value\": \"ad minim\"\n          }\n        ]\n      }\n    ]\n  }\n}","cookie":[],"_postman_previewlanguage":"json"},{"id":"7708d001-945e-445a-a6a7-ba41ba9912aa","name":"To view the complete list of response codes, <a href=\"../docs/?path=docs/response-codes.md\" title=\"Click to open\">click here.</a>","originalRequest":{"url":{"path":["prodintrateservice","servicing","prodintrate","secured"],"host":["{{baseUrl}}"],"query":[],"variable":[]},"header":[{"disabled":false,"description":"(Required) EFX Header is a common and required component for all API calls, it contains client-related parameters. Please note that the header parameters should be sent as a JSON object under the EFXHeader parameter. To view the list of header parameters, <a href=\"../docs?path=docs/api-ref-EFX-header.md\" title=\"Click to open\"> click here.</a>","key":"EFXHeader","value":"OrganizationId,<string>,TrnId,<string>,VendorId,<string>,Context,[object Object]"},{"key":"Accept","value":"application/json"}],"method":"POST","body":{"mode":"raw","raw":"{\n  \"ProdIntRateSel\": {\n    \"AcctType\": \"<string>\",\n    \"ProductIdent\": \"<string>\",\n    \"BranchIdent\": \"<string>\"\n  }\n}","options":{"raw":{"language":"json"}}}},"status":"Internal Server Error","code":500,"header":[{"key":"Content-Type","value":"application/json"}],"body":"{\n  \"ProdIntRateRec\": [\n    {\n      \"ProdIntRateInfo\": {\n        \"ProductIdent\": \"minim non\",\n        \"AcctType\": \"LOAN\",\n        \"Rate\": 71873204.91223189,\n        \"IntRateData\": [\n          {\n            \"RateMatrixTier\": [\n              {\n                \"value\": \"<Error: Too many levels of nesting to fake this schema>\"\n              },\n              {\n                \"value\": \"<Error: Too many levels of nesting to fake this schema>\"\n              }\n            ]\n          },\n          {\n            \"RateMatrixTier\": [\n              {\n                \"value\": \"<Error: Too many levels of nesting to fake this schema>\"\n              },\n              {\n                \"value\": \"<Error: Too many levels of nesting to fake this schema>\"\n              }\n            ]\n          }\n        ],\n        \"RateChangeData\": {\n          \"RateChangeControl\": \"IndexFreq\",\n          \"RateCalcMethod\": \"PreviousIndex\",\n          \"BasedOnCode\": \"ut Ut\",\n          \"VarianceFactorType\": \"None\",\n          \"RateFactor\": -25774217.66933173,\n          \"RateVariance\": 66889052.75895852,\n          \"UseFloorCeilingRateInd\": true,\n          \"FixedRateConversionDt\": \"1991-09-01\",\n          \"FixedRateLeadDays\": -42585928,\n          \"RateChangeRecurType\": \"StmtDebit\",\n          \"RecurInterval\": 44321971,\n          \"DayOfMonth\": \"anim incididunt in laborum\",\n          \"LeadDays\": 3414446\n        }\n      },\n      \"ProdIntRateKeys\": {\n        \"ProductIdent\": \"quis incididu\"\n      },\n      \"ProdIntRateStatus\": {\n        \"ProdIntRateStatusCode\": \"labore\",\n        \"EffDt\": \"7063-83-92T68:65\"\n      }\n    },\n    {\n      \"ProdIntRateInfo\": {\n        \"ProductIdent\": \"laboris do\",\n        \"AcctType\": \"LOAN\",\n        \"Rate\": -76587767.31199262,\n        \"IntRateData\": [\n          {\n            \"RateMatrixTier\": [\n              {\n                \"value\": \"<Error: Too many levels of nesting to fake this schema>\"\n              },\n              {\n                \"value\": \"<Error: Too many levels of nesting to fake this schema>\"\n              }\n            ]\n          },\n          {\n            \"RateMatrixTier\": [\n              {\n                \"value\": \"<Error: Too many levels of nesting to fake this schema>\"\n              },\n              {\n                \"value\": \"<Error: Too many levels of nesting to fake this schema>\"\n              }\n            ]\n          }\n        ],\n        \"RateChangeData\": {\n          \"RateChangeControl\": \"PeriodReview\",\n          \"RateCalcMethod\": \"VarianceFactor\",\n          \"BasedOnCode\": \"sed ex\",\n          \"VarianceFactorType\": \"Factor+Variance\",\n          \"RateFactor\": 99352454.06905714,\n          \"RateVariance\": 76465318.67739862,\n          \"UseFloorCeilingRateInd\": true,\n          \"FixedRateConversionDt\": \"1985-02-12\",\n          \"FixedRateLeadDays\": 40483704,\n          \"RateChangeRecurType\": \"Stmt\",\n          \"RecurInterval\": 28529591,\n          \"DayOfMonth\": \"consequat deserunt cupidatat proident\",\n          \"LeadDays\": 53755225\n        }\n      },\n      \"ProdIntRateKeys\": {\n        \"ProductIdent\": \"adipisicing consequat Ut\"\n      },\n      \"ProdIntRateStatus\": {\n        \"ProdIntRateStatusCode\": \"qui\",\n        \"EffDt\": \"8760-23-58\"\n      }\n    }\n  ],\n  \"Status\": {\n    \"Severity\": \"Warning\",\n    \"StatusCode\": \"dolor ad\",\n    \"StatusDesc\": \"nulla aliqua ipsum laboris aliquip\",\n    \"SvcProviderName\": \"officia\",\n    \"Id\": \"incididunt occaec\",\n    \"ServerStatusCode\": \"ut minim ma\",\n    \"ServerStatusDesc\": \"reprehenderit adipisicing sed fugiat\",\n    \"OvrdExceptionInd\": true,\n    \"SubjectRole\": \"eiusmod occaecat\",\n    \"SubjectElement\": [\n      {\n        \"Path\": \"Excepteur in nisi et\",\n        \"ServerPath\": \"officia\",\n        \"Value\": \"nostrud officia cillum\"\n      },\n      {\n        \"Path\": \"est incididunt enim\",\n        \"ServerPath\": \"ut eiusmod dolor\",\n        \"Value\": \"sed officia qui cupidatat\"\n      }\n    ],\n    \"ContentHTML\": \"laborum cillum dolor ipsum\",\n    \"AdditionalStatus\": [\n      {\n        \"StatusCode\": \"sit ut v\",\n        \"StatusDesc\": \"officia ex mollit consectetur exercitation\",\n        \"Severity\": \"Warning\",\n        \"SvcProviderName\": \"veniam nulla\",\n        \"ServerStatusCode\": \"cupidatat u\",\n        \"ServerStatusDesc\": \"non deserunt Duis proident\",\n        \"OvrdExceptionInd\": false,\n        \"SubjectElement\": [\n          {\n            \"Path\": \"commodo \",\n            \"ServerPath\": \"dolor\",\n            \"Value\": \"consectetur quis laboris sit\"\n          },\n          {\n            \"Path\": \"quis incididunt exercitation\",\n            \"ServerPath\": \"esse tempor id\",\n            \"Value\": \"veniam elit in\"\n          }\n        ]\n      },\n      {\n        \"StatusCode\": \"su\",\n        \"StatusDesc\": \"adipisicing Duis ad ut\",\n        \"Severity\": \"Warning\",\n        \"SvcProviderName\": \"tempor id ut nisi\",\n        \"ServerStatusCode\": \"Duis incididunt nos\",\n        \"ServerStatusDesc\": \"pariatur qui\",\n        \"OvrdExceptionInd\": true,\n        \"SubjectElement\": [\n          {\n            \"Path\": \"cupidatat consequat eu\",\n            \"ServerPath\": \"irure nisi in\",\n            \"Value\": \"sunt voluptate et do\"\n          },\n          {\n            \"Path\": \"labore voluptate\",\n            \"ServerPath\": \"magna pariatur\",\n            \"Value\": \"esse exercitation eu deserunt\"\n          }\n        ]\n      }\n    ]\n  }\n}","cookie":[],"_postman_previewlanguage":"json"}],"event":[],"protocolProfileBehavior":{"disableBodyPruning":true}}],"event":[],"variable":[{"type":"string","value":"/","key":"baseUrl"}],"info":{"_postman_id":"c669c252-8c73-4d42-8436-00ac6f8ae046","name":"Product Interest Rate Service","schema":"https://schema.getpostman.com/json/collection/v2.1.0/collection.json","description":{"content":"The Product Interest Rate service supports an inquiry operation to retrieve information about the rate offered by a product.","type":"text/plain"}}}