{"item":[{"id":"cf20a7c5-695d-4c3d-b7ef-5b193e34d8af","name":"Get Product List","request":{"name":"Get Product List","description":{"content":"Get Product List API retrieves the list of products and the information associated with the products matching the specified search criteria set up in the Signature Command file by the Financial Institution (FI). <br> <br> To download the API Specifications and Postman Collection, click <a href=\"../docs/?path=docs/resources/resources.md\" title=\"Click to open\">Resources</a>.","type":"text/plain"},"url":{"path":["productlistservice","servicing","productList","secured"],"host":["{{baseUrl}}"],"query":[],"variable":[]},"header":[{"disabled":false,"description":"(Required) EFX Header is a common and required component for all API calls, it contains client-related parameters. Please note that the header parameters should be sent as a JSON object under the EFXHeader parameter. To view the list of header parameters, <a href=\"../docs?path=docs/api-ref-EFX-header.md\" title=\"Click to open\"> click here.</a>","key":"EFXHeader","value":"OrganizationId,<string>,TrnId,<string>,VendorId,<string>,Context,[object Object]"},{"key":"Content-Type","value":"application/json"},{"key":"Accept","value":"application/json"}],"method":"POST","auth":null,"body":{"mode":"raw","raw":"{\n  \"ProductListSel\": {\n    \"AcctType\": \"<string>\",\n    \"IncNonActiveInd\": \"<boolean>\"\n  },\n  \"RecCtrlIn\": {\n    \"MaxRecLimit\": \"<long>\",\n    \"Cursor\": \"<string>\"\n  }\n}","options":{"raw":{"language":"json"}}}},"response":[{"id":"9cea8050-6b90-4ac5-833e-e20119128f3c","name":"Success","originalRequest":{"url":{"path":["productlistservice","servicing","productList","secured"],"host":["{{baseUrl}}"],"query":[],"variable":[]},"header":[{"disabled":false,"description":"(Required) EFX Header is a common and required component for all API calls, it contains client-related parameters. Please note that the header parameters should be sent as a JSON object under the EFXHeader parameter. To view the list of header parameters, <a href=\"../docs?path=docs/api-ref-EFX-header.md\" title=\"Click to open\"> click here.</a>","key":"EFXHeader","value":"OrganizationId,<string>,TrnId,<string>,VendorId,<string>,Context,[object Object]"},{"key":"Accept","value":"application/json"}],"method":"POST","body":{"mode":"raw","raw":"{\n  \"ProductListSel\": {\n    \"AcctType\": \"<string>\",\n    \"IncNonActiveInd\": \"<boolean>\"\n  },\n  \"RecCtrlIn\": {\n    \"MaxRecLimit\": \"<long>\",\n    \"Cursor\": \"<string>\"\n  }\n}","options":{"raw":{"language":"json"}}}},"status":"OK","code":200,"header":[{"key":"Content-Type","value":"application/json"}],"body":"{\n  \"ProductListRec\": [\n    {\n      \"ProductKeys\": {\n        \"AcctType\": \"CDA\",\n        \"ProductIdent\": \"ea incididunt\",\n        \"SvcIdent\": {\n          \"SvcNbr\": \"consectetur ulla\"\n        }\n      },\n      \"ProductListInfo\": {\n        \"AcctCategory\": \"Deposit\",\n        \"AcctType\": \"SDA\",\n        \"ProductIdent\": \"reprehenderit\",\n        \"Desc\": \"qui dolor reprehenderit\",\n        \"AcctUse\": \"Business\",\n        \"TaxIncentiveType\": \"None\",\n        \"ProductDtlStatus\": \"Inactive\"\n      },\n      \"ProductStatus\": {\n        \"ProductStatusCode\": \"Valid\",\n        \"EffDt\": \"6517-77-88T99:80:80-89:03\"\n      }\n    },\n    {\n      \"ProductKeys\": {\n        \"AcctType\": \"SDA\",\n        \"ProductIdent\": \"in\",\n        \"SvcIdent\": {\n          \"SvcNbr\": \"ullamco ut non amet offi\"\n        }\n      },\n      \"ProductListInfo\": {\n        \"AcctCategory\": \"Deposit\",\n        \"AcctType\": \"SDA\",\n        \"ProductIdent\": \"ut qui consectetur veniam\",\n        \"Desc\": \"anim in\",\n        \"AcctUse\": \"Personal\",\n        \"TaxIncentiveType\": \"IRA\",\n        \"ProductDtlStatus\": \"Active\"\n      },\n      \"ProductStatus\": {\n        \"ProductStatusCode\": \"Valid\",\n        \"EffDt\": \"1347-68-92T53:87:28+65:94\"\n      }\n    }\n  ],\n  \"Status\": {\n    \"Severity\": \"Info\",\n    \"StatusCode\": \"quis fugiat qui\",\n    \"StatusDesc\": \"nisi irure est commodo\",\n    \"SvcProviderName\": \"occaecat nulla\",\n    \"Id\": \"laborum cillum pariatur\",\n    \"ServerStatusCode\": \"consequat Duis\",\n    \"ServerStatusDesc\": \"veniam ea mollit deserunt tempor\",\n    \"OvrdExceptionInd\": false,\n    \"SubjectRole\": \"incididunt cupidatat proident fugiat\",\n    \"SubjectElement\": [\n      {\n        \"Path\": \"aliqua eiusmod anim ex\",\n        \"ServerPath\": \"aliqua quis culpa ut\",\n        \"Value\": \"qui labore commodo Ut\"\n      },\n      {\n        \"Path\": \"enim quis\",\n        \"ServerPath\": \"ullamco et nisi\",\n        \"Value\": \"cupidatat ut\"\n      }\n    ],\n    \"ContentHTML\": \"laborum deserunt dolor voluptate dolor\",\n    \"AdditionalStatus\": [\n      {\n        \"StatusCode\": \"est dolore\",\n        \"StatusDesc\": \"sint dolor quis\",\n        \"Severity\": \"Warning\",\n        \"SvcProviderName\": \"exercitation fugiat\",\n        \"ServerStatusCode\": \"irure aute\",\n        \"ServerStatusDesc\": \"officia veniam\",\n        \"OvrdExceptionInd\": false,\n        \"SubjectElement\": [\n          {\n            \"Path\": \"pariatur sed quis \",\n            \"ServerPath\": \"velit\",\n            \"Value\": \"Ut dolor exercitation sit\"\n          },\n          {\n            \"Path\": \"Ut ut sed\",\n            \"ServerPath\": \"adipisicing dolore\",\n            \"Value\": \"dolor laborum anim consequat\"\n          }\n        ]\n      },\n      {\n        \"StatusCode\": \"esse s\",\n        \"StatusDesc\": \"deserunt qui eu Excepteur irure\",\n        \"Severity\": \"Error\",\n        \"SvcProviderName\": \"dolor\",\n        \"ServerStatusCode\": \"Duis eiusmod s\",\n        \"ServerStatusDesc\": \"eu Ut do ex\",\n        \"OvrdExceptionInd\": true,\n        \"SubjectElement\": [\n          {\n            \"Path\": \"sunt dolore\",\n            \"ServerPath\": \"pariatur voluptate occaecat\",\n            \"Value\": \"incididunt\"\n          },\n          {\n            \"Path\": \"culpa sunt ex ame\",\n            \"ServerPath\": \"in ullam\",\n            \"Value\": \"occaecat in\"\n          }\n        ]\n      }\n    ]\n  },\n  \"RecCtrlOut\": {\n    \"SentRecCount\": -1965448,\n    \"MatchedRecCount\": -1635665,\n    \"Cursor\": \"ipsum quis\"\n  }\n}","cookie":[],"_postman_previewlanguage":"json"},{"id":"866905f5-5d5c-446d-8431-b79bed874555","name":"To view the complete list of response codes, <a href=\"../docs/?path=docs/response-codes.md\" title=\"Click to open\">click here.</a>","originalRequest":{"url":{"path":["productlistservice","servicing","productList","secured"],"host":["{{baseUrl}}"],"query":[],"variable":[]},"header":[{"disabled":false,"description":"(Required) EFX Header is a common and required component for all API calls, it contains client-related parameters. Please note that the header parameters should be sent as a JSON object under the EFXHeader parameter. To view the list of header parameters, <a href=\"../docs?path=docs/api-ref-EFX-header.md\" title=\"Click to open\"> click here.</a>","key":"EFXHeader","value":"OrganizationId,<string>,TrnId,<string>,VendorId,<string>,Context,[object Object]"},{"key":"Accept","value":"application/json"}],"method":"POST","body":{"mode":"raw","raw":"{\n  \"ProductListSel\": {\n    \"AcctType\": \"<string>\",\n    \"IncNonActiveInd\": \"<boolean>\"\n  },\n  \"RecCtrlIn\": {\n    \"MaxRecLimit\": \"<long>\",\n    \"Cursor\": \"<string>\"\n  }\n}","options":{"raw":{"language":"json"}}}},"status":"Internal Server Error","code":500,"header":[{"key":"Content-Type","value":"application/json"}],"body":"{\n  \"ProductListRec\": [\n    {\n      \"ProductKeys\": {\n        \"AcctType\": \"CDA\",\n        \"ProductIdent\": \"voluptate \",\n        \"SvcIdent\": {\n          \"SvcNbr\": \"in do ut\"\n        }\n      },\n      \"ProductListInfo\": {\n        \"AcctCategory\": \"Loan\",\n        \"AcctType\": \"DDA\",\n        \"ProductIdent\": \"elit lab\",\n        \"Desc\": \"elit incididunt cupidatat\",\n        \"AcctUse\": \"Business\",\n        \"TaxIncentiveType\": \"Keogh\",\n        \"ProductDtlStatus\": \"Inactive\"\n      },\n      \"ProductStatus\": {\n        \"ProductStatusCode\": \"Valid\",\n        \"EffDt\": \"8076-60-62T84:23:45.242-93:32\"\n      }\n    },\n    {\n      \"ProductKeys\": {\n        \"AcctType\": \"IRA\",\n        \"ProductIdent\": \"reprehenderit\",\n        \"SvcIdent\": {\n          \"SvcNbr\": \"qui\"\n        }\n      },\n      \"ProductListInfo\": {\n        \"AcctCategory\": \"Deposit\",\n        \"AcctType\": \"SDA\",\n        \"ProductIdent\": \"tempor\",\n        \"Desc\": \"cupidat\",\n        \"AcctUse\": \"None\",\n        \"TaxIncentiveType\": \"None\",\n        \"ProductDtlStatus\": \"Inactive\"\n      },\n      \"ProductStatus\": {\n        \"ProductStatusCode\": \"Valid\",\n        \"EffDt\": \"1959-78-89\"\n      }\n    }\n  ],\n  \"Status\": {\n    \"Severity\": \"Error\",\n    \"StatusCode\": \"ullamco\",\n    \"StatusDesc\": \"Ut culpa est\",\n    \"SvcProviderName\": \"commodo adipisicing\",\n    \"Id\": \"Lorem est dolore in ea\",\n    \"ServerStatusCode\": \"cillum\",\n    \"ServerStatusDesc\": \"reprehenderit enim in et\",\n    \"OvrdExceptionInd\": true,\n    \"SubjectRole\": \"in consequat\",\n    \"SubjectElement\": [\n      {\n        \"Path\": \"elit id qui Ut\",\n        \"ServerPath\": \"in qui sint voluptate ut\",\n        \"Value\": \"nisi quis\"\n      },\n      {\n        \"Path\": \"tempor\",\n        \"ServerPath\": \"id est ea adipisicing cupidatat\",\n        \"Value\": \"aliquip occaecat nostrud\"\n      }\n    ],\n    \"ContentHTML\": \"aute Duis en\",\n    \"AdditionalStatus\": [\n      {\n        \"StatusCode\": \"ea sint\",\n        \"StatusDesc\": \"ea magna\",\n        \"Severity\": \"Error\",\n        \"SvcProviderName\": \"minim fugiat officia\",\n        \"ServerStatusCode\": \"dolore iru\",\n        \"ServerStatusDesc\": \"in esse in nulla enim\",\n        \"OvrdExceptionInd\": false,\n        \"SubjectElement\": [\n          {\n            \"Path\": \"consectetur\",\n            \"ServerPath\": \"nostrud\",\n            \"Value\": \"et Duis\"\n          },\n          {\n            \"Path\": \"nisi ea veniam sit\",\n            \"ServerPath\": \"Lorem est ipsum adipisicing\",\n            \"Value\": \"nostrud enim proident\"\n          }\n        ]\n      },\n      {\n        \"StatusCode\": \"adip\",\n        \"StatusDesc\": \"sed est ut minim\",\n        \"Severity\": \"Warning\",\n        \"SvcProviderName\": \"anim fugiat\",\n        \"ServerStatusCode\": \"\",\n        \"ServerStatusDesc\": \"velit occaecat\",\n        \"OvrdExceptionInd\": true,\n        \"SubjectElement\": [\n          {\n            \"Path\": \"laborum nisi\",\n            \"ServerPath\": \"irure culpa anim enim ullamco\",\n            \"Value\": \"velit\"\n          },\n          {\n            \"Path\": \"officia\",\n            \"ServerPath\": \"pariatur laboris mollit consequat\",\n            \"Value\": \"ex et\"\n          }\n        ]\n      }\n    ]\n  },\n  \"RecCtrlOut\": {\n    \"SentRecCount\": 27128300,\n    \"MatchedRecCount\": 74277017,\n    \"Cursor\": \"id reprehenderit laborum et\"\n  }\n}","cookie":[],"_postman_previewlanguage":"json"}],"event":[],"protocolProfileBehavior":{"disableBodyPruning":true}}],"event":[],"variable":[{"type":"string","value":"/","key":"baseUrl"}],"info":{"_postman_id":"07c6eeda-ba48-4af6-8b38-7918b8a996d1","name":"Product Service - Get Product List","schema":"https://schema.getpostman.com/json/collection/v2.1.0/collection.json","description":{"content":"Product service supports an inquiry operation to retrieve the list of card, deposit and loan products offered by the financial institution.","type":"text/plain"}}}