{"item":[{"id":"d1262294-bfb9-4109-b37b-8c5848864129","name":"GET Account Transaction History.","request":{"name":"GET Account Transaction History.","description":{"content":"Get Account Transaction API retrieves the monetary transaction history of the Mortgage Loan Account (MLA), Installment Loan Account (ILA) and Commercial Loan Account (CLA) as per the criteria selected. <br> <br> To download the API Specifications and Postman Collection, click <a href=\"../docs/?path=docs/resources/resources.md\" title=\"Click to open\">Resources</a>.","type":"text/plain"},"url":{"path":["accttranservice","acctmgmt","acctTrn","secured"],"host":["{{baseUrl}}"],"query":[],"variable":[]},"header":[{"disabled":false,"description":"(Required) EFX Header is a common and required component for all API calls, it contains client-related parameters. Please note that the header parameters should be sent as a JSON object under the EFXHeader parameter. To view the list of header parameters, <a href=\"../docs?path=docs/api-ref-EFX-header.md\" title=\"Click to open\"> click here.</a>","key":"EFXHeader","value":"OrganizationId,<string>,TrnId,<string>,VendorId,<string>,Context,[object Object]"},{"key":"Content-Type","value":"application/json"},{"key":"Accept","value":"application/json"}],"method":"POST","auth":null,"body":{"mode":"raw","raw":"{\n  \"AcctTrnSel\": {\n    \"AcctKeys\": {\n      \"AcctId\": \"<string>\",\n      \"AcctType\": \"<string>\"\n    },\n    \"DtRange\": [\n      {\n        \"StartDt\": \"<string>\",\n        \"EndDt\": \"<string>\"\n      },\n      {\n        \"StartDt\": \"<string>\",\n        \"EndDt\": \"<string>\"\n      }\n    ],\n    \"DrCrType\": \"<string>\",\n    \"TrnPostType\": \"<string>\",\n    \"Sort\": [\n      {\n        \"SortOrder\": \"<string>\"\n      },\n      {\n        \"SortOrder\": \"<string>\"\n      }\n    ]\n  },\n  \"RecCtrlIn\": {\n    \"MaxRecLimit\": \"<long>\",\n    \"Cursor\": \"<string>\"\n  }\n}","options":{"raw":{"language":"json"}}}},"response":[{"id":"b50502d7-e78b-4bba-bb9f-452cd6d888a1","name":"Success","originalRequest":{"url":{"path":["accttranservice","acctmgmt","acctTrn","secured"],"host":["{{baseUrl}}"],"query":[],"variable":[]},"header":[{"disabled":false,"description":"(Required) EFX Header is a common and required component for all API calls, it contains client-related parameters. Please note that the header parameters should be sent as a JSON object under the EFXHeader parameter. To view the list of header parameters, <a href=\"../docs?path=docs/api-ref-EFX-header.md\" title=\"Click to open\"> click here.</a>","key":"EFXHeader","value":"OrganizationId,<string>,TrnId,<string>,VendorId,<string>,Context,[object Object]"},{"key":"Accept","value":"application/json"}],"method":"POST","body":{"mode":"raw","raw":"{\n  \"AcctTrnSel\": {\n    \"AcctKeys\": {\n      \"AcctId\": \"<string>\",\n      \"AcctType\": \"<string>\"\n    },\n    \"DtRange\": [\n      {\n        \"StartDt\": \"<string>\",\n        \"EndDt\": \"<string>\"\n      },\n      {\n        \"StartDt\": \"<string>\",\n        \"EndDt\": \"<string>\"\n      }\n    ],\n    \"DrCrType\": \"<string>\",\n    \"TrnPostType\": \"<string>\",\n    \"Sort\": [\n      {\n        \"SortOrder\": \"<string>\"\n      },\n      {\n        \"SortOrder\": \"<string>\"\n      }\n    ]\n  },\n  \"RecCtrlIn\": {\n    \"MaxRecLimit\": \"<long>\",\n    \"Cursor\": \"<string>\"\n  }\n}","options":{"raw":{"language":"json"}}}},"status":"OK","code":200,"header":[{"key":"Content-Type","value":"application/json"}],"body":"{\n  \"AcctTrnRec\": [\n    {\n      \"AcctTrnInfo\": {\n        \"TrnCode\": \"enim veniam Ut lab\",\n        \"DrCrType\": \"Debit\",\n        \"TrnRevType\": \"Reversal\",\n        \"MemoPostInd\": true,\n        \"RestrictedInd\": false,\n        \"PostedDt\": \"6566-43-88\",\n        \"EffDt\": \"8757-44-31\",\n        \"TrnDt\": \"7366-78-03T90:70:79\",\n        \"TrnAmt\": {\n          \"Amt\": 94871490.74325636,\n          \"CurCode\": {\n            \"CurCodeValue\": {\n              \"value\": \"<Error: Too many levels of nesting to fake this schema>\"\n            },\n            \"CurCodeType\": {\n              \"value\": \"<Error: Too many levels of nesting to fake this schema>\"\n            }\n          }\n        },\n        \"CompositeCurAmt\": [\n          {\n            \"CurAmt\": {\n              \"value\": \"<Error: Too many levels of nesting to fake this schema>\"\n            },\n            \"CompositeCurAmtType\": \"Interest\"\n          },\n          {\n            \"CurAmt\": {\n              \"value\": \"<Error: Too many levels of nesting to fake this schema>\"\n            },\n            \"CompositeCurAmtType\": \"Principal\"\n          }\n        ],\n        \"StmtRunningBal\": [\n          {\n            \"Amt\": 60068683.43698412,\n            \"CurCode\": {\n              \"value\": \"<Error: Too many levels of nesting to fake this schema>\"\n            },\n            \"StmtRunningBalType\": \"Principal\"\n          },\n          {\n            \"Amt\": -30713329.35958031,\n            \"CurCode\": {\n              \"value\": \"<Error: Too many levels of nesting to fake this schema>\"\n            },\n            \"StmtRunningBalType\": \"Principal\"\n          }\n        ],\n        \"CSPRefIdent\": \"ut fugiat aliquip Excepte\",\n        \"TellerIdent\": \"ullamco ea ut sunt\"\n      },\n      \"AcctTrnKeys\": {\n        \"AcctKeys\": {\n          \"AcctId\": \"aliqua ullam\",\n          \"AcctType\": \"MLA\"\n        },\n        \"AcctTrnIdent\": \"nulla u\"\n      },\n      \"AcctTrnStatus\": {\n        \"AcctTrnStatusCode\": \"Valid\",\n        \"EffDt\": \"5812-68-68\"\n      }\n    },\n    {\n      \"AcctTrnInfo\": {\n        \"TrnCode\": \"pariatur deserunt ut laborum qui\",\n        \"DrCrType\": \"Credit\",\n        \"TrnRevType\": \"Reversal\",\n        \"MemoPostInd\": true,\n        \"RestrictedInd\": true,\n        \"PostedDt\": \"8679-02-25T05:16\",\n        \"EffDt\": \"3601-84-06\",\n        \"TrnDt\": \"5164-65-43T75:91\",\n        \"TrnAmt\": {\n          \"Amt\": 21181626.94260253,\n          \"CurCode\": {\n            \"CurCodeValue\": {\n              \"value\": \"<Error: Too many levels of nesting to fake this schema>\"\n            },\n            \"CurCodeType\": {\n              \"value\": \"<Error: Too many levels of nesting to fake this schema>\"\n            }\n          }\n        },\n        \"CompositeCurAmt\": [\n          {\n            \"CurAmt\": {\n              \"value\": \"<Error: Too many levels of nesting to fake this schema>\"\n            },\n            \"CompositeCurAmtType\": \"Insurance\"\n          },\n          {\n            \"CurAmt\": {\n              \"value\": \"<Error: Too many levels of nesting to fake this schema>\"\n            },\n            \"CompositeCurAmtType\": \"LateFee\"\n          }\n        ],\n        \"StmtRunningBal\": [\n          {\n            \"Amt\": -94619401.45451693,\n            \"CurCode\": {\n              \"value\": \"<Error: Too many levels of nesting to fake this schema>\"\n            },\n            \"StmtRunningBalType\": \"Principal\"\n          },\n          {\n            \"Amt\": 63479896.07213357,\n            \"CurCode\": {\n              \"value\": \"<Error: Too many levels of nesting to fake this schema>\"\n            },\n            \"StmtRunningBalType\": \"Principal\"\n          }\n        ],\n        \"CSPRefIdent\": \"est qui dol\",\n        \"TellerIdent\": \"elit mollit laborum\"\n      },\n      \"AcctTrnKeys\": {\n        \"AcctKeys\": {\n          \"AcctId\": \"Ut cupidatat nostr\",\n          \"AcctType\": \"MLA\"\n        },\n        \"AcctTrnIdent\": \"ullamco culpa nulla\"\n      },\n      \"AcctTrnStatus\": {\n        \"AcctTrnStatusCode\": \"Valid\",\n        \"EffDt\": \"3059-02-70\"\n      }\n    }\n  ],\n  \"Status\": {\n    \"Severity\": \"Warning\",\n    \"StatusCode\": \"sunt E\",\n    \"StatusDesc\": \"nulla ullam\",\n    \"SvcProviderName\": \"consectetur nulla\",\n    \"Id\": \"culpa \",\n    \"ServerStatusCode\": \"velit\",\n    \"ServerStatusDesc\": \"consequat aliquip dolor\",\n    \"OvrdExceptionInd\": false,\n    \"SubjectRole\": \"culpa\",\n    \"SubjectElement\": [\n      {\n        \"Path\": \"incididunt\",\n        \"ServerPath\": \"elit reprehenderit\",\n        \"Value\": \"labore\"\n      },\n      {\n        \"Path\": \"ipsum labore\",\n        \"ServerPath\": \"pariatur minim esse\",\n        \"Value\": \"laborum pariatur ullamco non\"\n      }\n    ],\n    \"ContentHTML\": \"eiusmod sint ut officia fugiat\",\n    \"AdditionalStatus\": [\n      {\n        \"StatusCode\": \"incididunt te\",\n        \"StatusDesc\": \"id labore tempor\",\n        \"Severity\": \"Info\",\n        \"SvcProviderName\": \"proident quis\",\n        \"ServerStatusCode\": \"ut Duis in\",\n        \"ServerStatusDesc\": \"et ad\",\n        \"OvrdExceptionInd\": false,\n        \"SubjectElement\": [\n          {\n            \"Path\": \"do officia\",\n            \"ServerPath\": \"nostrud\",\n            \"Value\": \"aute eu occaecat\"\n          },\n          {\n            \"Path\": \"incididunt eu deserunt\",\n            \"ServerPath\": \"cupidatat do ad\",\n            \"Value\": \"deserunt sunt eiusmod esse\"\n          }\n        ]\n      },\n      {\n        \"StatusCode\": \"elit ut qui labore\",\n        \"StatusDesc\": \"sit occaecat elit in\",\n        \"Severity\": \"Info\",\n        \"SvcProviderName\": \"incididunt magna Excepteur sed pariatur\",\n        \"ServerStatusCode\": \"labore in n\",\n        \"ServerStatusDesc\": \"sint ex\",\n        \"OvrdExceptionInd\": true,\n        \"SubjectElement\": [\n          {\n            \"Path\": \"incid\",\n            \"ServerPath\": \"consectetur Lorem Ut in\",\n            \"Value\": \"sit\"\n          },\n          {\n            \"Path\": \"ex Duis qui officia velit\",\n            \"ServerPath\": \"ullamco eu exerci\",\n            \"Value\": \"quis dolore eiusmod in aliquip\"\n          }\n        ]\n      }\n    ]\n  },\n  \"RecCtrlOut\": {\n    \"SentRecCount\": 93013638,\n    \"Cursor\": \"in Excepteur\"\n  }\n}","cookie":[],"_postman_previewlanguage":"json"},{"id":"76005943-e3f9-4bb2-9f92-e33cf63749bc","name":"To view the complete list of response codes, <a href=\"../docs/?path=docs/response-codes.md\" title=\"Click to open\">click here.</a>","originalRequest":{"url":{"path":["accttranservice","acctmgmt","acctTrn","secured"],"host":["{{baseUrl}}"],"query":[],"variable":[]},"header":[{"disabled":false,"description":"(Required) EFX Header is a common and required component for all API calls, it contains client-related parameters. Please note that the header parameters should be sent as a JSON object under the EFXHeader parameter. To view the list of header parameters, <a href=\"../docs?path=docs/api-ref-EFX-header.md\" title=\"Click to open\"> click here.</a>","key":"EFXHeader","value":"OrganizationId,<string>,TrnId,<string>,VendorId,<string>,Context,[object Object]"},{"key":"Accept","value":"application/json"}],"method":"POST","body":{"mode":"raw","raw":"{\n  \"AcctTrnSel\": {\n    \"AcctKeys\": {\n      \"AcctId\": \"<string>\",\n      \"AcctType\": \"<string>\"\n    },\n    \"DtRange\": [\n      {\n        \"StartDt\": \"<string>\",\n        \"EndDt\": \"<string>\"\n      },\n      {\n        \"StartDt\": \"<string>\",\n        \"EndDt\": \"<string>\"\n      }\n    ],\n    \"DrCrType\": \"<string>\",\n    \"TrnPostType\": \"<string>\",\n    \"Sort\": [\n      {\n        \"SortOrder\": \"<string>\"\n      },\n      {\n        \"SortOrder\": \"<string>\"\n      }\n    ]\n  },\n  \"RecCtrlIn\": {\n    \"MaxRecLimit\": \"<long>\",\n    \"Cursor\": \"<string>\"\n  }\n}","options":{"raw":{"language":"json"}}}},"status":"Internal Server Error","code":500,"header":[{"key":"Content-Type","value":"application/json"}],"body":"{\n  \"AcctTrnRec\": [\n    {\n      \"AcctTrnInfo\": {\n        \"TrnCode\": \"eiusmod magna Excepteur pariatur\",\n        \"DrCrType\": \"Debit\",\n        \"TrnRevType\": \"Reversal\",\n        \"MemoPostInd\": true,\n        \"RestrictedInd\": false,\n        \"PostedDt\": \"6180-68-19\",\n        \"EffDt\": \"8068-65-86T08:18\",\n        \"TrnDt\": \"6772-19-67\",\n        \"TrnAmt\": {\n          \"Amt\": -79963701.28259303,\n          \"CurCode\": {\n            \"CurCodeValue\": {\n              \"value\": \"<Error: Too many levels of nesting to fake this schema>\"\n            },\n            \"CurCodeType\": {\n              \"value\": \"<Error: Too many levels of nesting to fake this schema>\"\n            }\n          }\n        },\n        \"CompositeCurAmt\": [\n          {\n            \"CurAmt\": {\n              \"value\": \"<Error: Too many levels of nesting to fake this schema>\"\n            },\n            \"CompositeCurAmtType\": \"Principal\"\n          },\n          {\n            \"CurAmt\": {\n              \"value\": \"<Error: Too many levels of nesting to fake this schema>\"\n            },\n            \"CompositeCurAmtType\": \"Interest\"\n          }\n        ],\n        \"StmtRunningBal\": [\n          {\n            \"Amt\": -9902810.99857442,\n            \"CurCode\": {\n              \"value\": \"<Error: Too many levels of nesting to fake this schema>\"\n            },\n            \"StmtRunningBalType\": \"Principal\"\n          },\n          {\n            \"Amt\": 22481044.354500577,\n            \"CurCode\": {\n              \"value\": \"<Error: Too many levels of nesting to fake this schema>\"\n            },\n            \"StmtRunningBalType\": \"Principal\"\n          }\n        ],\n        \"CSPRefIdent\": \"id non\",\n        \"TellerIdent\": \"id quis\"\n      },\n      \"AcctTrnKeys\": {\n        \"AcctKeys\": {\n          \"AcctId\": \"qui ullamco tempor\",\n          \"AcctType\": \"ILA\"\n        },\n        \"AcctTrnIdent\": \"adipisicing\"\n      },\n      \"AcctTrnStatus\": {\n        \"AcctTrnStatusCode\": \"Valid\",\n        \"EffDt\": \"7089-09-37\"\n      }\n    },\n    {\n      \"AcctTrnInfo\": {\n        \"TrnCode\": \"dolore veniam ullamco culpa\",\n        \"DrCrType\": \"Credit\",\n        \"TrnRevType\": \"Reversal\",\n        \"MemoPostInd\": false,\n        \"RestrictedInd\": true,\n        \"PostedDt\": \"4367-26-01\",\n        \"EffDt\": \"8635-07-94\",\n        \"TrnDt\": \"5419-04-22\",\n        \"TrnAmt\": {\n          \"Amt\": 4691559.002600342,\n          \"CurCode\": {\n            \"CurCodeValue\": {\n              \"value\": \"<Error: Too many levels of nesting to fake this schema>\"\n            },\n            \"CurCodeType\": {\n              \"value\": \"<Error: Too many levels of nesting to fake this schema>\"\n            }\n          }\n        },\n        \"CompositeCurAmt\": [\n          {\n            \"CurAmt\": {\n              \"value\": \"<Error: Too many levels of nesting to fake this schema>\"\n            },\n            \"CompositeCurAmtType\": \"Fee\"\n          },\n          {\n            \"CurAmt\": {\n              \"value\": \"<Error: Too many levels of nesting to fake this schema>\"\n            },\n            \"CompositeCurAmtType\": \"Insurance\"\n          }\n        ],\n        \"StmtRunningBal\": [\n          {\n            \"Amt\": -58536704.6235858,\n            \"CurCode\": {\n              \"value\": \"<Error: Too many levels of nesting to fake this schema>\"\n            },\n            \"StmtRunningBalType\": \"Principal\"\n          },\n          {\n            \"Amt\": -19943318.050027743,\n            \"CurCode\": {\n              \"value\": \"<Error: Too many levels of nesting to fake this schema>\"\n            },\n            \"StmtRunningBalType\": \"Principal\"\n          }\n        ],\n        \"CSPRefIdent\": \"culpa D\",\n        \"TellerIdent\": \"adipisicing elit\"\n      },\n      \"AcctTrnKeys\": {\n        \"AcctKeys\": {\n          \"AcctId\": \"iru\",\n          \"AcctType\": \"ILA\"\n        },\n        \"AcctTrnIdent\": \"culpa magna \"\n      },\n      \"AcctTrnStatus\": {\n        \"AcctTrnStatusCode\": \"Valid\",\n        \"EffDt\": \"1439-45-47T14:84:67\"\n      }\n    }\n  ],\n  \"Status\": {\n    \"Severity\": \"Info\",\n    \"StatusCode\": \"quis sed\",\n    \"StatusDesc\": \"adipisicing magna anim dolore\",\n    \"SvcProviderName\": \"qui enim\",\n    \"Id\": \"fugiat dolore\",\n    \"ServerStatusCode\": \"\",\n    \"ServerStatusDesc\": \"laboris sed nisi\",\n    \"OvrdExceptionInd\": false,\n    \"SubjectRole\": \"adipisicing occaecat in\",\n    \"SubjectElement\": [\n      {\n        \"Path\": \"est\",\n        \"ServerPath\": \"cillum magna\",\n        \"Value\": \"t\"\n      },\n      {\n        \"Path\": \"culpa nisi laborum deserunt\",\n        \"ServerPath\": \"voluptate dolore\",\n        \"Value\": \"ipsum voluptate nulla sint\"\n      }\n    ],\n    \"ContentHTML\": \"dolore nisi non\",\n    \"AdditionalStatus\": [\n      {\n        \"StatusCode\": \"cillum nulla \",\n        \"StatusDesc\": \"fugiat commodo aliqua\",\n        \"Severity\": \"Error\",\n        \"SvcProviderName\": \"tempor magna dolore elit\",\n        \"ServerStatusCode\": \"oc\",\n        \"ServerStatusDesc\": \"fugiat\",\n        \"OvrdExceptionInd\": true,\n        \"SubjectElement\": [\n          {\n            \"Path\": \"eu sunt\",\n            \"ServerPath\": \"do in\",\n            \"Value\": \"fugiat non\"\n          },\n          {\n            \"Path\": \"et Excepteur\",\n            \"ServerPath\": \"Lorem occaecat dolor\",\n            \"Value\": \"eu ex est deserunt cillum\"\n          }\n        ]\n      },\n      {\n        \"StatusCode\": \"in conseq\",\n        \"StatusDesc\": \"sint Lorem\",\n        \"Severity\": \"Warning\",\n        \"SvcProviderName\": \"fugiat amet\",\n        \"ServerStatusCode\": \"laboris sed \",\n        \"ServerStatusDesc\": \"dolor ut incididunt\",\n        \"OvrdExceptionInd\": false,\n        \"SubjectElement\": [\n          {\n            \"Path\": \"ex deserunt Excepteur nisi\",\n            \"ServerPath\": \"quis elit do Duis\",\n            \"Value\": \"voluptate Excepteur\"\n          },\n          {\n            \"Path\": \"ut dolor dolore nulla ad\",\n            \"ServerPath\": \"labor\",\n            \"Value\": \"ut eiusmod\"\n          }\n        ]\n      }\n    ]\n  },\n  \"RecCtrlOut\": {\n    \"SentRecCount\": -46686203,\n    \"Cursor\": \"cupidatat voluptate\"\n  }\n}","cookie":[],"_postman_previewlanguage":"json"}],"event":[],"protocolProfileBehavior":{"disableBodyPruning":true}}],"event":[],"variable":[{"type":"string","value":"/","key":"baseUrl"}],"info":{"_postman_id":"a42b7a60-355a-45f6-b70f-a6206de0dfb5","name":"Account Transaction Service","schema":"https://schema.getpostman.com/json/collection/v2.1.0/collection.json","description":{"content":"The account transaction service performs the function of retrieving the monetary transaction history against a product account and is implemented in the AccTrnService service domain.<br>\nAn account is a product serviced by the financial institutions that has debit or credit balance in a particular currency.","type":"text/plain"}}}