{"item":[{"id":"94146a16-acea-491d-b9b6-d1dd836feef2","name":"Get Account Transaction History","request":{"name":"Get Account Transaction History","description":{"content":"Get Account Transaction History API retrieves the transaction history for Safe Deposit Box (SDB).<br>For Premier, this API returns both memo post (pending) transactions and hard posted transactions for the current and previous statement cycle only from the Core and not from an auxiliary storage like AMS. It also returns reversed transactions. This API does not include a selection criterion to filter pending vs posted transactions and does not return running balances. No parameter configuration is needed for this API. <br> <br> To download the API Specifications and Postman Collection, click <a href=\"../docs/?path=docs/resources/resources.md\" title=\"Click to open\">Resources</a>.","type":"text/plain"},"url":{"path":["accttranservice","acctmgmt","acctTrn","secured"],"host":["{{baseUrl}}"],"query":[],"variable":[]},"header":[{"disabled":false,"description":"(Required) EFX Header is a common and required component for all API calls, it contains client-related parameters. Please note that the header parameters should be sent as a JSON object under the EFXHeader parameter. To view the list of header parameters, <a href=\"../docs?path=docs/api-ref-EFX-header.md\" title=\"Click to open\"> click here.</a>","key":"EFXHeader","value":"OrganizationId,<string>,TrnId,<string>,VendorId,<string>,Context,[object Object]"},{"key":"Content-Type","value":"application/json"},{"key":"Accept","value":"application/json"}],"method":"POST","auth":null,"body":{"mode":"raw","raw":"{\n  \"AcctTrnSel\": {\n    \"AcctKeys\": {\n      \"AcctId\": \"<string>\",\n      \"AcctType\": \"<string>\"\n    },\n    \"TrnPostType\": \"<string>\"\n  }\n}","options":{"raw":{"language":"json"}}}},"response":[{"id":"ec92219e-142d-48d9-a4fb-9b14c8d6745d","name":"Success","originalRequest":{"url":{"path":["accttranservice","acctmgmt","acctTrn","secured"],"host":["{{baseUrl}}"],"query":[],"variable":[]},"header":[{"disabled":false,"description":"(Required) EFX Header is a common and required component for all API calls, it contains client-related parameters. Please note that the header parameters should be sent as a JSON object under the EFXHeader parameter. To view the list of header parameters, <a href=\"../docs?path=docs/api-ref-EFX-header.md\" title=\"Click to open\"> click here.</a>","key":"EFXHeader","value":"OrganizationId,<string>,TrnId,<string>,VendorId,<string>,Context,[object Object]"},{"key":"Accept","value":"application/json"}],"method":"POST","body":{"mode":"raw","raw":"{\n  \"AcctTrnSel\": {\n    \"AcctKeys\": {\n      \"AcctId\": \"<string>\",\n      \"AcctType\": \"<string>\"\n    },\n    \"TrnPostType\": \"<string>\"\n  }\n}","options":{"raw":{"language":"json"}}}},"status":"OK","code":200,"header":[{"key":"Content-Type","value":"application/json"}],"body":"{\n  \"AcctTrnRec\": [\n    {\n      \"AcctTrnInfo\": {\n        \"TrnCode\": \"dolor\",\n        \"DrCrType\": \"Debit\",\n        \"TrnRevType\": \"Reversal\",\n        \"PostedDt\": \"0802-55-40\",\n        \"EffDt\": \"1870-13-06\",\n        \"TrnDt\": \"2567-01-54T98:09:63.277\",\n        \"TrnAmt\": {\n          \"Amt\": -39017611.04993615,\n          \"CurCode\": {\n            \"CurCodeValue\": \"et incidi\",\n            \"CurCodeType\": \"ISO4217-Alpha\"\n          }\n        },\n        \"ExternalTrnCode\": \"ex pariatur\"\n      },\n      \"AcctTrnKeys\": {\n        \"AcctKeys\": {\n          \"AcctId\": \"Duis dolor sed\",\n          \"AcctType\": \"SDB\"\n        },\n        \"AcctTrnIdent\": \"deserunt ea\"\n      },\n      \"AcctTrnStatus\": {\n        \"AcctTrnStatusCode\": \"Valid\",\n        \"EffDt\": \"9414-15-97\"\n      }\n    },\n    {\n      \"AcctTrnInfo\": {\n        \"TrnCode\": \"fugiat magna\",\n        \"DrCrType\": \"Credit\",\n        \"TrnRevType\": \"Reversal\",\n        \"PostedDt\": \"2511-09-71T32:12:09.205+07:17\",\n        \"EffDt\": \"3100-95-48\",\n        \"TrnDt\": \"6336-54-90\",\n        \"TrnAmt\": {\n          \"Amt\": 19800752.197226286,\n          \"CurCode\": {\n            \"CurCodeValue\": \"quis officia eu\",\n            \"CurCodeType\": \"ISO4217-Alpha\"\n          }\n        },\n        \"ExternalTrnCode\": \"labore ut Excepteur\"\n      },\n      \"AcctTrnKeys\": {\n        \"AcctKeys\": {\n          \"AcctId\": \"id ea ut vel\",\n          \"AcctType\": \"SDB\"\n        },\n        \"AcctTrnIdent\": \"ut aliqua nulla Duis\"\n      },\n      \"AcctTrnStatus\": {\n        \"AcctTrnStatusCode\": \"Valid\",\n        \"EffDt\": \"6270-43-98\"\n      }\n    }\n  ],\n  \"Status\": {\n    \"Severity\": \"Warning\",\n    \"StatusCode\": \"qui Excepteur oc\",\n    \"StatusDesc\": \"magna ad sint velit\",\n    \"SvcProviderName\": \"ut dolore\",\n    \"Id\": \"anim esse aliquip dolor\",\n    \"ServerStatusCode\": \"ea ut et nulla\",\n    \"ServerStatusDesc\": \"aute ipsum\",\n    \"OvrdExceptionInd\": false,\n    \"SubjectRole\": \"tempor consequat do ea\",\n    \"SubjectElement\": [\n      {\n        \"Path\": \"eu consectetur exercitation do\",\n        \"ServerPath\": \"dolore consectetur\",\n        \"Value\": \"enim ad\"\n      },\n      {\n        \"Path\": \"sit occaecat culpa\",\n        \"ServerPath\": \"eiusmod elit consequat commodo\",\n        \"Value\": \"amet dolor in quis enim\"\n      }\n    ],\n    \"ContentHTML\": \"reprehe\",\n    \"AdditionalStatus\": [\n      {\n        \"StatusCode\": \"fu\",\n        \"StatusDesc\": \"sunt ut cupidatat\",\n        \"Severity\": \"Warning\",\n        \"SvcProviderName\": \"ea do exercitation nostrud velit\",\n        \"ServerStatusCode\": \"laborum m\",\n        \"ServerStatusDesc\": \"ut aute\",\n        \"OvrdExceptionInd\": false,\n        \"SubjectElement\": [\n          {\n            \"Path\": \"aliqua dolor Ut\",\n            \"ServerPath\": \"dolore Ut\",\n            \"Value\": \"adipisicing sed Duis in\"\n          },\n          {\n            \"Path\": \"magna sit\",\n            \"ServerPath\": \"culpa non\",\n            \"Value\": \"id elit\"\n          }\n        ]\n      },\n      {\n        \"StatusCode\": \"ex quis sunt aute\",\n        \"StatusDesc\": \"cupidatat Excepteur\",\n        \"Severity\": \"Warning\",\n        \"SvcProviderName\": \"in nostrud laboris\",\n        \"ServerStatusCode\": \"enim consectetur\",\n        \"ServerStatusDesc\": \"minim in incididunt laboris\",\n        \"OvrdExceptionInd\": false,\n        \"SubjectElement\": [\n          {\n            \"Path\": \"dolore ut veniam reprehenderit\",\n            \"ServerPath\": \"tempor\",\n            \"Value\": \"nisi ut\"\n          },\n          {\n            \"Path\": \"laboris esse\",\n            \"ServerPath\": \"velit\",\n            \"Value\": \"aliquip ut aliqua occaecat\"\n          }\n        ]\n      }\n    ]\n  },\n  \"RecCtrlOut\": {\n    \"SentRecCount\": 35497514\n  }\n}","cookie":[],"_postman_previewlanguage":"json"},{"id":"cf2aaf51-865a-4333-861f-e469293671ee","name":"To view the complete list of response codes, <a href=\"../docs/?path=docs/response-codes.md\" title=\"Click to open\">click here.</a>","originalRequest":{"url":{"path":["accttranservice","acctmgmt","acctTrn","secured"],"host":["{{baseUrl}}"],"query":[],"variable":[]},"header":[{"disabled":false,"description":"(Required) EFX Header is a common and required component for all API calls, it contains client-related parameters. Please note that the header parameters should be sent as a JSON object under the EFXHeader parameter. To view the list of header parameters, <a href=\"../docs?path=docs/api-ref-EFX-header.md\" title=\"Click to open\"> click here.</a>","key":"EFXHeader","value":"OrganizationId,<string>,TrnId,<string>,VendorId,<string>,Context,[object Object]"},{"key":"Accept","value":"application/json"}],"method":"POST","body":{"mode":"raw","raw":"{\n  \"AcctTrnSel\": {\n    \"AcctKeys\": {\n      \"AcctId\": \"<string>\",\n      \"AcctType\": \"<string>\"\n    },\n    \"TrnPostType\": \"<string>\"\n  }\n}","options":{"raw":{"language":"json"}}}},"status":"Internal Server Error","code":500,"header":[{"key":"Content-Type","value":"application/json"}],"body":"{\n  \"AcctTrnRec\": [\n    {\n      \"AcctTrnInfo\": {\n        \"TrnCode\": \"pariatur exercitation\",\n        \"DrCrType\": \"Debit\",\n        \"TrnRevType\": \"Reversal\",\n        \"PostedDt\": \"5061-12-99T61:43\",\n        \"EffDt\": \"4309-11-62T11:34:59-34:76\",\n        \"TrnDt\": \"4485-36-86T01:48:90.965+00:89\",\n        \"TrnAmt\": {\n          \"Amt\": 40646507.622967005,\n          \"CurCode\": {\n            \"CurCodeValue\": \"dolore exercitation\",\n            \"CurCodeType\": \"ISO4217-Alpha\"\n          }\n        },\n        \"ExternalTrnCode\": \"fug\"\n      },\n      \"AcctTrnKeys\": {\n        \"AcctKeys\": {\n          \"AcctId\": \"minim nisi fugiat non\",\n          \"AcctType\": \"SDB\"\n        },\n        \"AcctTrnIdent\": \"adipisicing Ut\"\n      },\n      \"AcctTrnStatus\": {\n        \"AcctTrnStatusCode\": \"Valid\",\n        \"EffDt\": \"4238-48-31T11:11:36.693\"\n      }\n    },\n    {\n      \"AcctTrnInfo\": {\n        \"TrnCode\": \"in aute cupidatat cillum id\",\n        \"DrCrType\": \"Debit\",\n        \"TrnRevType\": \"Reversal\",\n        \"PostedDt\": \"9819-70-99\",\n        \"EffDt\": \"0575-34-56T66:07\",\n        \"TrnDt\": \"0449-51-67T48:86\",\n        \"TrnAmt\": {\n          \"Amt\": -20580772.51797287,\n          \"CurCode\": {\n            \"CurCodeValue\": \"cupidatat ea Excepteur\",\n            \"CurCodeType\": \"ISO4217-Alpha\"\n          }\n        },\n        \"ExternalTrnCode\": \"sed ex\"\n      },\n      \"AcctTrnKeys\": {\n        \"AcctKeys\": {\n          \"AcctId\": \"ipsum sit dolor\",\n          \"AcctType\": \"SDB\"\n        },\n        \"AcctTrnIdent\": \"sit\"\n      },\n      \"AcctTrnStatus\": {\n        \"AcctTrnStatusCode\": \"Valid\",\n        \"EffDt\": \"2000-60-07\"\n      }\n    }\n  ],\n  \"Status\": {\n    \"Severity\": \"Info\",\n    \"StatusCode\": \"id sunt\",\n    \"StatusDesc\": \"qui est adipisicing\",\n    \"SvcProviderName\": \"dolor reprehenderit pariatur laboris\",\n    \"Id\": \"consectetur veniam in\",\n    \"ServerStatusCode\": \"si\",\n    \"ServerStatusDesc\": \"adipisicing ut\",\n    \"OvrdExceptionInd\": true,\n    \"SubjectRole\": \"ullamco Excepteur officia commodo et\",\n    \"SubjectElement\": [\n      {\n        \"Path\": \"qui magna\",\n        \"ServerPath\": \"ex in ad\",\n        \"Value\": \"consequat anim consectetur deserunt dolore\"\n      },\n      {\n        \"Path\": \"in tempor officia amet esse\",\n        \"ServerPath\": \"pariatur\",\n        \"Value\": \"adipisicing do occaecat veniam id\"\n      }\n    ],\n    \"ContentHTML\": \"Excepteur laborum l\",\n    \"AdditionalStatus\": [\n      {\n        \"StatusCode\": \"ex\",\n        \"StatusDesc\": \"velit\",\n        \"Severity\": \"Error\",\n        \"SvcProviderName\": \"sint sunt qui\",\n        \"ServerStatusCode\": \"amet\",\n        \"ServerStatusDesc\": \"ut\",\n        \"OvrdExceptionInd\": true,\n        \"SubjectElement\": [\n          {\n            \"Path\": \"exercitation magna ex\",\n            \"ServerPath\": \"L\",\n            \"Value\": \"Lorem commodo\"\n          },\n          {\n            \"Path\": \"occaecat pariatur\",\n            \"ServerPath\": \"qui commodo laboris\",\n            \"Value\": \"nulla in sed\"\n          }\n        ]\n      },\n      {\n        \"StatusCode\": \"dolore ex\",\n        \"StatusDesc\": \"cillum velit anim exercitation\",\n        \"Severity\": \"Error\",\n        \"SvcProviderName\": \"eu et ex incididunt in\",\n        \"ServerStatusCode\": \"ad rep\",\n        \"ServerStatusDesc\": \"eu voluptate ullamco et\",\n        \"OvrdExceptionInd\": false,\n        \"SubjectElement\": [\n          {\n            \"Path\": \"irure dolor\",\n            \"ServerPath\": \"eiusmod dolor Lorem\",\n            \"Value\": \"enim velit\"\n          },\n          {\n            \"Path\": \"laboris sed cillum\",\n            \"ServerPath\": \"irure nisi\",\n            \"Value\": \"ut\"\n          }\n        ]\n      }\n    ]\n  },\n  \"RecCtrlOut\": {\n    \"SentRecCount\": -55143832\n  }\n}","cookie":[],"_postman_previewlanguage":"json"}],"event":[],"protocolProfileBehavior":{"disableBodyPruning":true}}],"event":[],"variable":[{"type":"string","value":"/","key":"baseUrl"}],"info":{"_postman_id":"417eb20c-a979-4d8e-a8a6-e15a7a60bcd7","name":"Account Transaction Service","schema":"https://schema.getpostman.com/json/collection/v2.1.0/collection.json","description":{"content":"The account transaction service performs the function of retrieving the monetary transaction history against a product account and is implemented in the AccTrnService service domain.<br>\nAn account is a product serviced by the financial institutions that has debit or credit balance in a particular currency.","type":"text/plain"}}}