{"item":[{"id":"e44b0ef4-7f96-4318-94ed-00c899a7fe6e","name":"GET Account Transaction History.","request":{"name":"GET Account Transaction History.","description":{"content":"Get Account Transaction History API retrieves the transaction history for a Demand Deposit Account (DDA), Savings Deposit Account (SDA) or Certificate Deposit Account (CDA).<br>For Signature, this API searches and retrieves the transactions based on date range, current amount range, check number range, transaction type (credit or debit), transaction posting type (memo post transaction or not the memo post transactions). <br>This API also enables to search the transactions for the selected account by transaction group name that is the grouping of transactions by user-defined transaction codes set up in Signature's Common file for account types DDA and SDA. This filtering by transaction group name enables a single search criterion to return multiple transaction codes. This API also defines the sorting criteria and sort order in ascending or descending order for the transactions returned in the response. Signature supports sorting criteria for DDA, SDA and CDA account types using the Posted Date, Transaction Amount and Check Number fields. <br> <br> To download the API Specifications and Postman Collection, click <a href=\"../docs/?path=docs/resources/resources.md\" title=\"Click to open\">Resources</a>.","type":"text/plain"},"url":{"path":["accttranservice","acctmgmt","acctTrn","secured"],"host":["{{baseUrl}}"],"query":[],"variable":[]},"header":[{"disabled":false,"description":"(Required) EFX Header is a common and required component for all API calls, it contains client-related parameters. Please note that the header parameters should be sent as a JSON object under the EFXHeader parameter. To view the list of header parameters, <a href=\"../docs?path=docs/api-ref-EFX-header.md\" title=\"Click to open\"> click here.</a>","key":"EFXHeader","value":"OrganizationId,<string>,TrnId,<string>,VendorId,<string>,Context,[object Object]"},{"key":"Content-Type","value":"application/json"},{"key":"Accept","value":"application/json"}],"method":"POST","auth":null,"body":{"mode":"raw","raw":"{\n  \"AcctTrnSel\": {\n    \"AcctKeys\": {\n      \"AcctId\": \"<string>\",\n      \"AcctType\": \"<string>\"\n    },\n    \"DtRange\": [\n      {\n        \"StartDt\": \"<string>\",\n        \"EndDt\": \"<string>\"\n      },\n      {\n        \"StartDt\": \"<string>\",\n        \"EndDt\": \"<string>\"\n      }\n    ],\n    \"CurAmtRange\": {\n      \"LowCurAmt\": {\n        \"Amt\": \"<number>\",\n        \"CurCode\": {\n          \"CurCodeValue\": \"<string>\",\n          \"CurCodeType\": \"<string>\"\n        }\n      },\n      \"HighCurAmt\": {\n        \"Amt\": \"<number>\",\n        \"CurCode\": {\n          \"CurCodeValue\": \"<string>\",\n          \"CurCodeType\": \"<string>\"\n        }\n      }\n    },\n    \"DrCrType\": \"<string>\",\n    \"TrnGroup\": \"<string>\",\n    \"ChkNumRange\": {\n      \"ChkNumStart\": \"<string>\",\n      \"ChkNumEnd\": \"<string>\"\n    },\n    \"TrnPostType\": \"<string>\",\n    \"Sort\": [\n      {\n        \"SortCriterionType\": \"<string>\",\n        \"SortOrder\": \"<string>\"\n      },\n      {\n        \"SortCriterionType\": \"<string>\",\n        \"SortOrder\": \"<string>\"\n      }\n    ]\n  },\n  \"RecCtrlIn\": {\n    \"MaxRecLimit\": \"<long>\",\n    \"Cursor\": \"<string>\"\n  }\n}","options":{"raw":{"language":"json"}}}},"response":[{"id":"98f1a09f-d21a-46c5-bf13-990ba8a141f5","name":"Success","originalRequest":{"url":{"path":["accttranservice","acctmgmt","acctTrn","secured"],"host":["{{baseUrl}}"],"query":[],"variable":[]},"header":[{"disabled":false,"description":"(Required) EFX Header is a common and required component for all API calls, it contains client-related parameters. Please note that the header parameters should be sent as a JSON object under the EFXHeader parameter. To view the list of header parameters, <a href=\"../docs?path=docs/api-ref-EFX-header.md\" title=\"Click to open\"> click here.</a>","key":"EFXHeader","value":"OrganizationId,<string>,TrnId,<string>,VendorId,<string>,Context,[object Object]"},{"key":"Accept","value":"application/json"}],"method":"POST","body":{"mode":"raw","raw":"{\n  \"AcctTrnSel\": {\n    \"AcctKeys\": {\n      \"AcctId\": \"<string>\",\n      \"AcctType\": \"<string>\"\n    },\n    \"DtRange\": [\n      {\n        \"StartDt\": \"<string>\",\n        \"EndDt\": \"<string>\"\n      },\n      {\n        \"StartDt\": \"<string>\",\n        \"EndDt\": \"<string>\"\n      }\n    ],\n    \"CurAmtRange\": {\n      \"LowCurAmt\": {\n        \"Amt\": \"<number>\",\n        \"CurCode\": {\n          \"CurCodeValue\": \"<string>\",\n          \"CurCodeType\": \"<string>\"\n        }\n      },\n      \"HighCurAmt\": {\n        \"Amt\": \"<number>\",\n        \"CurCode\": {\n          \"CurCodeValue\": \"<string>\",\n          \"CurCodeType\": \"<string>\"\n        }\n      }\n    },\n    \"DrCrType\": \"<string>\",\n    \"TrnGroup\": \"<string>\",\n    \"ChkNumRange\": {\n      \"ChkNumStart\": \"<string>\",\n      \"ChkNumEnd\": \"<string>\"\n    },\n    \"TrnPostType\": \"<string>\",\n    \"Sort\": [\n      {\n        \"SortCriterionType\": \"<string>\",\n        \"SortOrder\": \"<string>\"\n      },\n      {\n        \"SortCriterionType\": \"<string>\",\n        \"SortOrder\": \"<string>\"\n      }\n    ]\n  },\n  \"RecCtrlIn\": {\n    \"MaxRecLimit\": \"<long>\",\n    \"Cursor\": \"<string>\"\n  }\n}","options":{"raw":{"language":"json"}}}},"status":"OK","code":200,"header":[{"key":"Content-Type","value":"application/json"}],"body":"{\n  \"AcctTrnRec\": [\n    {\n      \"AcctTrnInfo\": {\n        \"TrnCode\": \"labore fugiat minim aliquip\",\n        \"DrCrType\": \"Credit\",\n        \"TrnRevType\": \"VRU\",\n        \"TrnSrc\": \"RealTime\",\n        \"MemoPostInd\": false,\n        \"RestrictedInd\": true,\n        \"PostedDt\": \"1371-57-69T60:59:49\",\n        \"EffDt\": \"0953-66-54T11:20:08.873-11:45\",\n        \"TrnDt\": \"4970-28-86T93:22:71.290\",\n        \"TrnAmt\": {\n          \"Amt\": 46489292.60162538,\n          \"CurCode\": {\n            \"CurCodeValue\": {\n              \"value\": \"<Error: Too many levels of nesting to fake this schema>\"\n            },\n            \"CurCodeType\": {\n              \"value\": \"<Error: Too many levels of nesting to fake this schema>\"\n            }\n          }\n        },\n        \"TrnRate\": 81884860.24472219,\n        \"StmtRunningBal\": [\n          {\n            \"Amt\": 30756257.56015499,\n            \"CurCode\": {\n              \"value\": \"<Error: Too many levels of nesting to fake this schema>\"\n            },\n            \"StmtRunningBalType\": \"Running \"\n          },\n          {\n            \"Amt\": 77762624.98184034,\n            \"CurCode\": {\n              \"value\": \"<Error: Too many levels of nesting to fake this schema>\"\n            },\n            \"StmtRunningBalType\": \"Ledger\"\n          }\n        ],\n        \"ChkNum\": \"proident\",\n        \"SPRefIdent\": \"id in laboris ipsu\",\n        \"BatchPostingData\": {\n          \"SorterNum\": \"reprehen\",\n          \"RunNum\": \"pro\",\n          \"BatchNum\": \"qui aliquip mollit non\",\n          \"SeqNum\": -70209671\n        },\n        \"ExternalTrnCode\": \"in amet dolo\",\n        \"OrigPerson\": \"exercitation\"\n      },\n      \"AcctTrnKeys\": {\n        \"AcctKeys\": {\n          \"AcctId\": \"<string>\",\n          \"AcctType\": \"<string>\"\n        },\n        \"AcctTrnIdent\": \"elit nulla\"\n      },\n      \"AcctTrnStatus\": {\n        \"AcctTrnStatusCode\": \"Valid\",\n        \"EffDt\": \"4214-29-79\"\n      }\n    },\n    {\n      \"AcctTrnInfo\": {\n        \"TrnCode\": \"esse\",\n        \"DrCrType\": \"Debit\",\n        \"TrnRevType\": \"Reversal\",\n        \"TrnSrc\": \"RealTime\",\n        \"MemoPostInd\": false,\n        \"RestrictedInd\": true,\n        \"PostedDt\": \"2441-59-27T66:57:26.411+85:90\",\n        \"EffDt\": \"7038-18-54T99:04:51.383\",\n        \"TrnDt\": \"2762-49-06\",\n        \"TrnAmt\": {\n          \"Amt\": -40164552.74520623,\n          \"CurCode\": {\n            \"CurCodeValue\": {\n              \"value\": \"<Error: Too many levels of nesting to fake this schema>\"\n            },\n            \"CurCodeType\": {\n              \"value\": \"<Error: Too many levels of nesting to fake this schema>\"\n            }\n          }\n        },\n        \"TrnRate\": -19831975.2175605,\n        \"StmtRunningBal\": [\n          {\n            \"Amt\": -56736906.81795249,\n            \"CurCode\": {\n              \"value\": \"<Error: Too many levels of nesting to fake this schema>\"\n            },\n            \"StmtRunningBalType\": \"Running \"\n          },\n          {\n            \"Amt\": 30721795.11073631,\n            \"CurCode\": {\n              \"value\": \"<Error: Too many levels of nesting to fake this schema>\"\n            },\n            \"StmtRunningBalType\": \"Ledger\"\n          }\n        ],\n        \"ChkNum\": \"mi\",\n        \"SPRefIdent\": \"reprehenderit exercitation volu\",\n        \"BatchPostingData\": {\n          \"SorterNum\": \"esse\",\n          \"RunNum\": \"mol\",\n          \"BatchNum\": \"sed \",\n          \"SeqNum\": -83745178\n        },\n        \"ExternalTrnCode\": \"laboris mollit eu laborum\",\n        \"OrigPerson\": \"mollit\"\n      },\n      \"AcctTrnKeys\": {\n        \"AcctKeys\": {\n          \"AcctId\": \"<string>\",\n          \"AcctType\": \"<string>\"\n        },\n        \"AcctTrnIdent\": \"veniam\"\n      },\n      \"AcctTrnStatus\": {\n        \"AcctTrnStatusCode\": \"Valid\",\n        \"EffDt\": \"8434-32-36\"\n      }\n    }\n  ],\n  \"Status\": {\n    \"Severity\": \"Info\",\n    \"StatusCode\": \"anim ea\",\n    \"StatusDesc\": \"sunt sed\",\n    \"SvcProviderName\": \"occaecat anim\",\n    \"Id\": \"nisi Ut ad\",\n    \"ServerStatusCode\": \"ullam\",\n    \"ServerStatusDesc\": \"proident aliqua sunt\",\n    \"OvrdExceptionInd\": true,\n    \"SubjectRole\": \"dolore dolor\",\n    \"SubjectElement\": [\n      {\n        \"Path\": \"nisi do minim velit consectetur\",\n        \"ServerPath\": \"laborum incididunt occaecat\",\n        \"Value\": \"ut anim reprehenderit in\"\n      },\n      {\n        \"Path\": \"in qui minim proident\",\n        \"ServerPath\": \"eiusmod adipisicing proident dolor cupidatat\",\n        \"Value\": \"laborum sunt ex enim\"\n      }\n    ],\n    \"ContentHTML\": \"laborum\",\n    \"AdditionalStatus\": [\n      {\n        \"StatusCode\": \"sunt dolore\",\n        \"StatusDesc\": \"minim laborum ut\",\n        \"Severity\": \"Error\",\n        \"SvcProviderName\": \"enim occaecat cupidatat mollit\",\n        \"ServerStatusCode\": \"est cupidatat\",\n        \"ServerStatusDesc\": \"nisi dolore\",\n        \"OvrdExceptionInd\": true,\n        \"SubjectElement\": [\n          {\n            \"Path\": \"pariatur nisi esse in dolor\",\n            \"ServerPath\": \"esse veniam nostrud deserunt\",\n            \"Value\": \"cupidatat fugiat exercitation aliqua\"\n          },\n          {\n            \"Path\": \"sint Ut exercitation\",\n            \"ServerPath\": \"anim voluptate exercitation proident\",\n            \"Value\": \"cillum proident\"\n          }\n        ]\n      },\n      {\n        \"StatusCode\": \"of\",\n        \"StatusDesc\": \"nostrud laborum labori\",\n        \"Severity\": \"Warning\",\n        \"SvcProviderName\": \"sed in\",\n        \"ServerStatusCode\": \"incididunt\",\n        \"ServerStatusDesc\": \"cillum consequat Ut\",\n        \"OvrdExceptionInd\": true,\n        \"SubjectElement\": [\n          {\n            \"Path\": \"qui magna\",\n            \"ServerPath\": \"Excepteur et voluptate nulla\",\n            \"Value\": \"quis\"\n          },\n          {\n            \"Path\": \"Duis ut commodo ad\",\n            \"ServerPath\": \"\",\n            \"Value\": \"minim\"\n          }\n        ]\n      }\n    ]\n  },\n  \"RecCtrlOut\": {\n    \"SentRecCount\": 74502829,\n    \"MatchedRecCount\": 15708481,\n    \"Cursor\": \"ea\"\n  }\n}","cookie":[],"_postman_previewlanguage":"json"},{"id":"9726002a-dc73-4a85-9526-ab10738a0566","name":"To view the complete list of response codes, <a href=\"../docs/?path=docs/response-codes.md\" title=\"Click to open\">click here.</a>","originalRequest":{"url":{"path":["accttranservice","acctmgmt","acctTrn","secured"],"host":["{{baseUrl}}"],"query":[],"variable":[]},"header":[{"disabled":false,"description":"(Required) EFX Header is a common and required component for all API calls, it contains client-related parameters. Please note that the header parameters should be sent as a JSON object under the EFXHeader parameter. To view the list of header parameters, <a href=\"../docs?path=docs/api-ref-EFX-header.md\" title=\"Click to open\"> click here.</a>","key":"EFXHeader","value":"OrganizationId,<string>,TrnId,<string>,VendorId,<string>,Context,[object Object]"},{"key":"Accept","value":"application/json"}],"method":"POST","body":{"mode":"raw","raw":"{\n  \"AcctTrnSel\": {\n    \"AcctKeys\": {\n      \"AcctId\": \"<string>\",\n      \"AcctType\": \"<string>\"\n    },\n    \"DtRange\": [\n      {\n        \"StartDt\": \"<string>\",\n        \"EndDt\": \"<string>\"\n      },\n      {\n        \"StartDt\": \"<string>\",\n        \"EndDt\": \"<string>\"\n      }\n    ],\n    \"CurAmtRange\": {\n      \"LowCurAmt\": {\n        \"Amt\": \"<number>\",\n        \"CurCode\": {\n          \"CurCodeValue\": \"<string>\",\n          \"CurCodeType\": \"<string>\"\n        }\n      },\n      \"HighCurAmt\": {\n        \"Amt\": \"<number>\",\n        \"CurCode\": {\n          \"CurCodeValue\": \"<string>\",\n          \"CurCodeType\": \"<string>\"\n        }\n      }\n    },\n    \"DrCrType\": \"<string>\",\n    \"TrnGroup\": \"<string>\",\n    \"ChkNumRange\": {\n      \"ChkNumStart\": \"<string>\",\n      \"ChkNumEnd\": \"<string>\"\n    },\n    \"TrnPostType\": \"<string>\",\n    \"Sort\": [\n      {\n        \"SortCriterionType\": \"<string>\",\n        \"SortOrder\": \"<string>\"\n      },\n      {\n        \"SortCriterionType\": \"<string>\",\n        \"SortOrder\": \"<string>\"\n      }\n    ]\n  },\n  \"RecCtrlIn\": {\n    \"MaxRecLimit\": \"<long>\",\n    \"Cursor\": \"<string>\"\n  }\n}","options":{"raw":{"language":"json"}}}},"status":"Internal Server Error","code":500,"header":[{"key":"Content-Type","value":"application/json"}],"body":"{\n  \"AcctTrnRec\": [\n    {\n      \"AcctTrnInfo\": {\n        \"TrnCode\": \"laborum in\",\n        \"DrCrType\": \"Credit\",\n        \"TrnRevType\": \"MatchedTransaction\",\n        \"TrnSrc\": \"Batch\",\n        \"MemoPostInd\": false,\n        \"RestrictedInd\": false,\n        \"PostedDt\": \"0213-25-62T68:72\",\n        \"EffDt\": \"7409-63-53T97:43:26.361+01:80\",\n        \"TrnDt\": \"8721-78-11T90:63:11\",\n        \"TrnAmt\": {\n          \"Amt\": -41690849.25446227,\n          \"CurCode\": {\n            \"CurCodeValue\": {\n              \"value\": \"<Error: Too many levels of nesting to fake this schema>\"\n            },\n            \"CurCodeType\": {\n              \"value\": \"<Error: Too many levels of nesting to fake this schema>\"\n            }\n          }\n        },\n        \"TrnRate\": 1038568.403324008,\n        \"StmtRunningBal\": [\n          {\n            \"Amt\": 39044993.19319183,\n            \"CurCode\": {\n              \"value\": \"<Error: Too many levels of nesting to fake this schema>\"\n            },\n            \"StmtRunningBalType\": \"Ledger\"\n          },\n          {\n            \"Amt\": -61467431.53812531,\n            \"CurCode\": {\n              \"value\": \"<Error: Too many levels of nesting to fake this schema>\"\n            },\n            \"StmtRunningBalType\": \"Ledger\"\n          }\n        ],\n        \"ChkNum\": \"veniam\",\n        \"SPRefIdent\": \"ullamco aliqua adipisi\",\n        \"BatchPostingData\": {\n          \"SorterNum\": \"n\",\n          \"RunNum\": \"ut\",\n          \"BatchNum\": \"minim in\",\n          \"SeqNum\": -54891682\n        },\n        \"ExternalTrnCode\": \"nisi ex laboris\",\n        \"OrigPerson\": \"velit dolore\"\n      },\n      \"AcctTrnKeys\": {\n        \"AcctKeys\": {\n          \"AcctId\": \"<string>\",\n          \"AcctType\": \"<string>\"\n        },\n        \"AcctTrnIdent\": \"non\"\n      },\n      \"AcctTrnStatus\": {\n        \"AcctTrnStatusCode\": \"Valid\",\n        \"EffDt\": \"7695-33-43T44:11\"\n      }\n    },\n    {\n      \"AcctTrnInfo\": {\n        \"TrnCode\": \"veniam ullamco adipisicing\",\n        \"DrCrType\": \"Credit\",\n        \"TrnRevType\": \"MatchedTransaction\",\n        \"TrnSrc\": \"Batch\",\n        \"MemoPostInd\": false,\n        \"RestrictedInd\": false,\n        \"PostedDt\": \"9112-75-28T26:25\",\n        \"EffDt\": \"5943-99-67\",\n        \"TrnDt\": \"9358-47-69\",\n        \"TrnAmt\": {\n          \"Amt\": -71978055.95028512,\n          \"CurCode\": {\n            \"CurCodeValue\": {\n              \"value\": \"<Error: Too many levels of nesting to fake this schema>\"\n            },\n            \"CurCodeType\": {\n              \"value\": \"<Error: Too many levels of nesting to fake this schema>\"\n            }\n          }\n        },\n        \"TrnRate\": 90727816.91836947,\n        \"StmtRunningBal\": [\n          {\n            \"Amt\": -79303374.66394141,\n            \"CurCode\": {\n              \"value\": \"<Error: Too many levels of nesting to fake this schema>\"\n            },\n            \"StmtRunningBalType\": \"Ledger\"\n          },\n          {\n            \"Amt\": -51782602.7330917,\n            \"CurCode\": {\n              \"value\": \"<Error: Too many levels of nesting to fake this schema>\"\n            },\n            \"StmtRunningBalType\": \"Ledger\"\n          }\n        ],\n        \"ChkNum\": \"sed culpa irure in\",\n        \"SPRefIdent\": \"proident cillum nulla \",\n        \"BatchPostingData\": {\n          \"SorterNum\": \"c\",\n          \"RunNum\": \"\",\n          \"BatchNum\": \"magna in pari\",\n          \"SeqNum\": -78948211\n        },\n        \"ExternalTrnCode\": \"et ut non\",\n        \"OrigPerson\": \"est qui aliquip in\"\n      },\n      \"AcctTrnKeys\": {\n        \"AcctKeys\": {\n          \"AcctId\": \"<string>\",\n          \"AcctType\": \"<string>\"\n        },\n        \"AcctTrnIdent\": \"do\"\n      },\n      \"AcctTrnStatus\": {\n        \"AcctTrnStatusCode\": \"Valid\",\n        \"EffDt\": \"8327-53-57\"\n      }\n    }\n  ],\n  \"Status\": {\n    \"Severity\": \"Error\",\n    \"StatusCode\": \"non esse pariatur \",\n    \"StatusDesc\": \"labore sit proident laborum\",\n    \"SvcProviderName\": \"mollit occaecat cillum velit\",\n    \"Id\": \"in\",\n    \"ServerStatusCode\": \"non eu ali\",\n    \"ServerStatusDesc\": \"enim officia ad labore ut\",\n    \"OvrdExceptionInd\": true,\n    \"SubjectRole\": \"mollit sit anim\",\n    \"SubjectElement\": [\n      {\n        \"Path\": \"eu deserunt nulla eiusmod\",\n        \"ServerPath\": \"amet officia ea nostrud\",\n        \"Value\": \"velit id Ut\"\n      },\n      {\n        \"Path\": \"deserunt\",\n        \"ServerPath\": \"sit ipsum\",\n        \"Value\": \"proident eiusmod fugiat amet\"\n      }\n    ],\n    \"ContentHTML\": \"cillum ut\",\n    \"AdditionalStatus\": [\n      {\n        \"StatusCode\": \"exercitation magn\",\n        \"StatusDesc\": \"eu voluptate\",\n        \"Severity\": \"Error\",\n        \"SvcProviderName\": \"consequat commodo\",\n        \"ServerStatusCode\": \"et consequat a\",\n        \"ServerStatusDesc\": \"dolore ex\",\n        \"OvrdExceptionInd\": true,\n        \"SubjectElement\": [\n          {\n            \"Path\": \"mollit sunt reprehenderit do ullamco\",\n            \"ServerPath\": \"sit\",\n            \"Value\": \"anim sunt Excepteur ut ea\"\n          },\n          {\n            \"Path\": \"ipsum mollit eu et\",\n            \"ServerPath\": \"Excepteur esse Ut\",\n            \"Value\": \"adipisicing in exercitation elit\"\n          }\n        ]\n      },\n      {\n        \"StatusCode\": \"adipis\",\n        \"StatusDesc\": \"id consequat Duis\",\n        \"Severity\": \"Error\",\n        \"SvcProviderName\": \"Ut dolore consectetur consequat ut\",\n        \"ServerStatusCode\": \"sit eiu\",\n        \"ServerStatusDesc\": \"sit est id laborum\",\n        \"OvrdExceptionInd\": false,\n        \"SubjectElement\": [\n          {\n            \"Path\": \"exercitation deserunt ullamco\",\n            \"ServerPath\": \"ad dolore occaecat\",\n            \"Value\": \"voluptate dolor officia\"\n          },\n          {\n            \"Path\": \"elit sit laboris\",\n            \"ServerPath\": \"enim cupidatat\",\n            \"Value\": \"anim ea irure\"\n          }\n        ]\n      }\n    ]\n  },\n  \"RecCtrlOut\": {\n    \"SentRecCount\": -42509592,\n    \"MatchedRecCount\": -62057371,\n    \"Cursor\": \"laboris sed\"\n  }\n}","cookie":[],"_postman_previewlanguage":"json"}],"event":[],"protocolProfileBehavior":{"disableBodyPruning":true}}],"event":[],"variable":[{"type":"string","value":"/","key":"baseUrl"}],"info":{"_postman_id":"a79c3c8b-4781-473a-93af-cb2dd1ecaf88","name":"Account Transaction Service","schema":"https://schema.getpostman.com/json/collection/v2.1.0/collection.json","description":{"content":"The account transaction service performs the function of retrieving the monetary transaction history against a product account and is implemented in the AccTrnService service domain.<br>\nAn account is a product serviced by the financial institutions that has debit or credit balance in a particular currency.","type":"text/plain"}}}