{"item":[{"id":"01fa2aaa-7583-4ef8-8f32-7708abe12616","name":"GET Account Transaction History.","request":{"name":"GET Account Transaction History.","description":{"content":"Get Account Transaction History API retrieves the transaction history for Loan account (LOAN).<br>For Premier, this API returns transactions and transaction comments for both memo post (pending) transactions and hard post transactions and not auxiliary storage for the current and previous statement cycle only. It also returns the reversed transaction and does not include a selection criterion to filter pending vs posted transactions and also does not return running balance.<br>No parameter configuration is needed in ESF studio and service provider for this API. <br> <br> To download the API Specifications and Postman Collection, click <a href=\"../docs/?path=docs/resources/resources.md\" title=\"Click to open\">Resources</a>.","type":"text/plain"},"url":{"path":["accttranservice","acctmgmt","acctTrn","secured"],"host":["{{baseUrl}}"],"query":[],"variable":[]},"header":[{"disabled":false,"description":"(Required) EFX Header is a common and required component for all API calls, it contains client-related parameters. Please note that the header parameters should be sent as a JSON object under the EFXHeader parameter. To view the list of header parameters, <a href=\"../docs?path=docs/api-ref-EFX-header.md\" title=\"Click to open\"> click here.</a>","key":"EFXHeader","value":"OrganizationId,<string>,TrnId,<string>,VendorId,<string>,Context,[object Object]"},{"key":"Content-Type","value":"application/json"},{"key":"Accept","value":"application/json"}],"method":"POST","auth":null,"body":{"mode":"raw","raw":"{\n  \"AcctTrnSel\": {\n    \"AcctKeys\": {\n      \"AcctId\": \"<string>\",\n      \"AcctType\": \"<string>\"\n    },\n    \"TrnPostType\": \"<string>\"\n  },\n  \"RecCtrlIn\": {\n    \"Cursor\": \"<string>\"\n  }\n}","options":{"raw":{"language":"json"}}}},"response":[{"id":"cb229794-b38e-4dbf-84ad-939597acde7a","name":"Success","originalRequest":{"url":{"path":["accttranservice","acctmgmt","acctTrn","secured"],"host":["{{baseUrl}}"],"query":[],"variable":[]},"header":[{"disabled":false,"description":"(Required) EFX Header is a common and required component for all API calls, it contains client-related parameters. Please note that the header parameters should be sent as a JSON object under the EFXHeader parameter. To view the list of header parameters, <a href=\"../docs?path=docs/api-ref-EFX-header.md\" title=\"Click to open\"> click here.</a>","key":"EFXHeader","value":"OrganizationId,<string>,TrnId,<string>,VendorId,<string>,Context,[object Object]"},{"key":"Accept","value":"application/json"}],"method":"POST","body":{"mode":"raw","raw":"{\n  \"AcctTrnSel\": {\n    \"AcctKeys\": {\n      \"AcctId\": \"<string>\",\n      \"AcctType\": \"<string>\"\n    },\n    \"TrnPostType\": \"<string>\"\n  },\n  \"RecCtrlIn\": {\n    \"Cursor\": \"<string>\"\n  }\n}","options":{"raw":{"language":"json"}}}},"status":"OK","code":200,"header":[{"key":"Content-Type","value":"application/json"}],"body":"{\n  \"AcctTrnRec\": [\n    {\n      \"AcctTrnInfo\": {\n        \"TrnCode\": \"aliqua dolor aliquip\",\n        \"DrCrType\": \"Debit\",\n        \"TrnRevType\": \"MatchedTransaction\",\n        \"MemoPostInd\": true,\n        \"PostedDt\": \"9975-18-05T67:17\",\n        \"EffDt\": \"8045-15-38T76:11:71-26:54\",\n        \"PrincipalPaidToDt\": \"9576-89-85T96:69:89-52:51\",\n        \"IntPaidToDt\": \"8579-58-17\",\n        \"TrnDt\": \"2849-85-79T90:89\",\n        \"TrnAmt\": {\n          \"Amt\": -43093031.40561793,\n          \"CurCode\": {\n            \"CurCodeValue\": {\n              \"value\": \"<Error: Too many levels of nesting to fake this schema>\"\n            },\n            \"CurCodeType\": {\n              \"value\": \"<Error: Too many levels of nesting to fake this schema>\"\n            }\n          }\n        },\n        \"CompositeCurAmt\": [\n          {\n            \"CurAmt\": {\n              \"value\": \"<Error: Too many levels of nesting to fake this schema>\"\n            },\n            \"CompositeCurAmtType\": \"Fees\",\n            \"SpecialHandling\": \"ExcessToPrin\"\n          },\n          {\n            \"CurAmt\": {\n              \"value\": \"<Error: Too many levels of nesting to fake this schema>\"\n            },\n            \"CompositeCurAmtType\": \"Escrow\",\n            \"SpecialHandling\": \"ExcessToPrin\"\n          }\n        ],\n        \"ChkNum\": \"dolore\",\n        \"RateOverSplit\": -22309594.908783793,\n        \"RateUnderSplit\": -4938698.828704923,\n        \"SplitRateAmt\": {\n          \"Amt\": 18678864.275520056\n        },\n        \"ExternalTrnCode\": \"reprehenderit enim Lorem ea\",\n        \"ImageInd\": true,\n        \"TrnImageId\": \"commodo culpa\"\n      },\n      \"AcctTrnKeys\": {\n        \"AcctKeys\": {\n          \"AcctId\": \"velit irure conseq\",\n          \"AcctType\": \"LOAN\"\n        },\n        \"AcctTrnIdent\": \"minim\"\n      },\n      \"AcctTrnStatus\": {\n        \"AcctTrnStatusCode\": \"Valid\",\n        \"EffDt\": \"5935-85-16T20:71:91.896-64:18\"\n      }\n    },\n    {\n      \"AcctTrnInfo\": {\n        \"TrnCode\": \"labore\",\n        \"DrCrType\": \"Debit\",\n        \"TrnRevType\": \"MatchedTransaction\",\n        \"MemoPostInd\": true,\n        \"PostedDt\": \"8201-13-96T42:96:65.348\",\n        \"EffDt\": \"6454-36-90T33:80\",\n        \"PrincipalPaidToDt\": \"1428-41-35T35:04:39\",\n        \"IntPaidToDt\": \"9238-99-42\",\n        \"TrnDt\": \"3601-97-62T71:55:64-26:12\",\n        \"TrnAmt\": {\n          \"Amt\": -28537411.51162757,\n          \"CurCode\": {\n            \"CurCodeValue\": {\n              \"value\": \"<Error: Too many levels of nesting to fake this schema>\"\n            },\n            \"CurCodeType\": {\n              \"value\": \"<Error: Too many levels of nesting to fake this schema>\"\n            }\n          }\n        },\n        \"CompositeCurAmt\": [\n          {\n            \"CurAmt\": {\n              \"value\": \"<Error: Too many levels of nesting to fake this schema>\"\n            },\n            \"CompositeCurAmtType\": \"LateFee\",\n            \"SpecialHandling\": \"ExcessToPrin\"\n          },\n          {\n            \"CurAmt\": {\n              \"value\": \"<Error: Too many levels of nesting to fake this schema>\"\n            },\n            \"CompositeCurAmtType\": \"LateFee\",\n            \"SpecialHandling\": \"ExcessToPrin\"\n          }\n        ],\n        \"ChkNum\": \"reprehenderit ut enim \",\n        \"RateOverSplit\": 63538700.445040554,\n        \"RateUnderSplit\": 54623026.76543546,\n        \"SplitRateAmt\": {\n          \"Amt\": -35747528.84950776\n        },\n        \"ExternalTrnCode\": \"sit cillum laboris\",\n        \"ImageInd\": true,\n        \"TrnImageId\": \"culpa d\"\n      },\n      \"AcctTrnKeys\": {\n        \"AcctKeys\": {\n          \"AcctId\": \"laborum temp\",\n          \"AcctType\": \"LOAN\"\n        },\n        \"AcctTrnIdent\": \"do\"\n      },\n      \"AcctTrnStatus\": {\n        \"AcctTrnStatusCode\": \"Valid\",\n        \"EffDt\": \"8725-06-71T44:25:84\"\n      }\n    }\n  ],\n  \"Status\": {\n    \"Severity\": \"Warning\",\n    \"StatusCode\": \"aute enim in \",\n    \"StatusDesc\": \"minim nostrud la\",\n    \"SvcProviderName\": \"in aliquip Ut\",\n    \"Id\": \"enim aliquip labore ullamco\",\n    \"ServerStatusCode\": \"eu cupidatat ci\",\n    \"ServerStatusDesc\": \"cupidatat nostrud\",\n    \"OvrdExceptionInd\": false,\n    \"SubjectRole\": \"nostrud irure\",\n    \"SubjectElement\": [\n      {\n        \"Path\": \"dolor aliqua aute nostrud\",\n        \"ServerPath\": \"ipsum officia aute elit\",\n        \"Value\": \"ea sit ullamco do et\"\n      },\n      {\n        \"Path\": \"minim sed consectetur ullamco\",\n        \"ServerPath\": \"sint\",\n        \"Value\": \"consequat occaecat sed Ut\"\n      }\n    ],\n    \"ContentHTML\": \"nisi voluptate do\",\n    \"AdditionalStatus\": [\n      {\n        \"StatusCode\": \"offi\",\n        \"StatusDesc\": \"mollit sed aliquip\",\n        \"Severity\": \"Info\",\n        \"SvcProviderName\": \"pariatur elit laborum adipisicing\",\n        \"ServerStatusCode\": \"sed mollit\",\n        \"ServerStatusDesc\": \"et sint\",\n        \"OvrdExceptionInd\": false,\n        \"SubjectElement\": [\n          {\n            \"Path\": \"labore eu\",\n            \"ServerPath\": \"pariatur reprehenderit\",\n            \"Value\": \"sunt occaecat amet\"\n          },\n          {\n            \"Path\": \"aute cillum aliquip\",\n            \"ServerPath\": \"non amet qui esse\",\n            \"Value\": \"laboris anim\"\n          }\n        ]\n      },\n      {\n        \"StatusCode\": \"cillum null\",\n        \"StatusDesc\": \"reprehenderit \",\n        \"Severity\": \"Error\",\n        \"SvcProviderName\": \"consequat cupidatat culpa qui laborum\",\n        \"ServerStatusCode\": \"qui pr\",\n        \"ServerStatusDesc\": \"officia incididunt ut\",\n        \"OvrdExceptionInd\": true,\n        \"SubjectElement\": [\n          {\n            \"Path\": \"quis nisi fugiat cupidatat\",\n            \"ServerPath\": \"ipsum ad laborum\",\n            \"Value\": \"nulla quis sit\"\n          },\n          {\n            \"Path\": \"non mollit\",\n            \"ServerPath\": \"sit Duis\",\n            \"Value\": \"sint\"\n          }\n        ]\n      }\n    ]\n  },\n  \"RecCtrlOut\": {\n    \"SentRecCount\": -88472339,\n    \"Cursor\": \"officia ullamco\"\n  }\n}","cookie":[],"_postman_previewlanguage":"json"},{"id":"9bf8aa01-884e-408b-9b34-e2d14ed46aee","name":"To view the complete list of response codes, <a href=\"../docs/?path=docs/response-codes.md\" title=\"Click to open\">click here.</a>","originalRequest":{"url":{"path":["accttranservice","acctmgmt","acctTrn","secured"],"host":["{{baseUrl}}"],"query":[],"variable":[]},"header":[{"disabled":false,"description":"(Required) EFX Header is a common and required component for all API calls, it contains client-related parameters. Please note that the header parameters should be sent as a JSON object under the EFXHeader parameter. To view the list of header parameters, <a href=\"../docs?path=docs/api-ref-EFX-header.md\" title=\"Click to open\"> click here.</a>","key":"EFXHeader","value":"OrganizationId,<string>,TrnId,<string>,VendorId,<string>,Context,[object Object]"},{"key":"Accept","value":"application/json"}],"method":"POST","body":{"mode":"raw","raw":"{\n  \"AcctTrnSel\": {\n    \"AcctKeys\": {\n      \"AcctId\": \"<string>\",\n      \"AcctType\": \"<string>\"\n    },\n    \"TrnPostType\": \"<string>\"\n  },\n  \"RecCtrlIn\": {\n    \"Cursor\": \"<string>\"\n  }\n}","options":{"raw":{"language":"json"}}}},"status":"Internal Server Error","code":500,"header":[{"key":"Content-Type","value":"application/json"}],"body":"{\n  \"AcctTrnRec\": [\n    {\n      \"AcctTrnInfo\": {\n        \"TrnCode\": \"mollit id velit nostrud ullamco\",\n        \"DrCrType\": \"Debit\",\n        \"TrnRevType\": \"Reversal\",\n        \"MemoPostInd\": false,\n        \"PostedDt\": \"6203-58-03T46:11\",\n        \"EffDt\": \"3382-13-32\",\n        \"PrincipalPaidToDt\": \"9829-10-39\",\n        \"IntPaidToDt\": \"5055-30-48\",\n        \"TrnDt\": \"0740-27-89T46:99\",\n        \"TrnAmt\": {\n          \"Amt\": 43177911.96562907,\n          \"CurCode\": {\n            \"CurCodeValue\": {\n              \"value\": \"<Error: Too many levels of nesting to fake this schema>\"\n            },\n            \"CurCodeType\": {\n              \"value\": \"<Error: Too many levels of nesting to fake this schema>\"\n            }\n          }\n        },\n        \"CompositeCurAmt\": [\n          {\n            \"CurAmt\": {\n              \"value\": \"<Error: Too many levels of nesting to fake this schema>\"\n            },\n            \"CompositeCurAmtType\": \"Interest\",\n            \"SpecialHandling\": \"ExcessToPrin\"\n          },\n          {\n            \"CurAmt\": {\n              \"value\": \"<Error: Too many levels of nesting to fake this schema>\"\n            },\n            \"CompositeCurAmtType\": \"Fees\",\n            \"SpecialHandling\": \"ExcessToPrin\"\n          }\n        ],\n        \"ChkNum\": \"adipisicing occaec\",\n        \"RateOverSplit\": 18180492.975037903,\n        \"RateUnderSplit\": -70270904.28461996,\n        \"SplitRateAmt\": {\n          \"Amt\": -12844126.03034699\n        },\n        \"ExternalTrnCode\": \"sed ad ex\",\n        \"ImageInd\": true,\n        \"TrnImageId\": \"esse deserunt nulla\"\n      },\n      \"AcctTrnKeys\": {\n        \"AcctKeys\": {\n          \"AcctId\": \"ullamco anim amet\",\n          \"AcctType\": \"LOAN\"\n        },\n        \"AcctTrnIdent\": \"est minim in\"\n      },\n      \"AcctTrnStatus\": {\n        \"AcctTrnStatusCode\": \"Valid\",\n        \"EffDt\": \"3706-33-96T65:83\"\n      }\n    },\n    {\n      \"AcctTrnInfo\": {\n        \"TrnCode\": \"eiusmod ullamco sunt id\",\n        \"DrCrType\": \"Debit\",\n        \"TrnRevType\": \"Reversal\",\n        \"MemoPostInd\": true,\n        \"PostedDt\": \"9289-80-74T29:74:74\",\n        \"EffDt\": \"2814-51-61\",\n        \"PrincipalPaidToDt\": \"2209-53-32\",\n        \"IntPaidToDt\": \"4122-91-14T94:73\",\n        \"TrnDt\": \"4547-09-37T39:40:19.724\",\n        \"TrnAmt\": {\n          \"Amt\": 39164732.13313535,\n          \"CurCode\": {\n            \"CurCodeValue\": {\n              \"value\": \"<Error: Too many levels of nesting to fake this schema>\"\n            },\n            \"CurCodeType\": {\n              \"value\": \"<Error: Too many levels of nesting to fake this schema>\"\n            }\n          }\n        },\n        \"CompositeCurAmt\": [\n          {\n            \"CurAmt\": {\n              \"value\": \"<Error: Too many levels of nesting to fake this schema>\"\n            },\n            \"CompositeCurAmtType\": \"Escrow\",\n            \"SpecialHandling\": \"ExcessToPrin\"\n          },\n          {\n            \"CurAmt\": {\n              \"value\": \"<Error: Too many levels of nesting to fake this schema>\"\n            },\n            \"CompositeCurAmtType\": \"Insurance\",\n            \"SpecialHandling\": \"ExcessToPrin\"\n          }\n        ],\n        \"ChkNum\": \"voluptate eiusmod \",\n        \"RateOverSplit\": -15797468.890347853,\n        \"RateUnderSplit\": -35190511.36954081,\n        \"SplitRateAmt\": {\n          \"Amt\": 22299932.082472205\n        },\n        \"ExternalTrnCode\": \"laborum ad officia\",\n        \"ImageInd\": false,\n        \"TrnImageId\": \"dolore ad\"\n      },\n      \"AcctTrnKeys\": {\n        \"AcctKeys\": {\n          \"AcctId\": \"qui adip\",\n          \"AcctType\": \"LOAN\"\n        },\n        \"AcctTrnIdent\": \"velit labo\"\n      },\n      \"AcctTrnStatus\": {\n        \"AcctTrnStatusCode\": \"Valid\",\n        \"EffDt\": \"8205-72-47T84:89\"\n      }\n    }\n  ],\n  \"Status\": {\n    \"Severity\": \"Error\",\n    \"StatusCode\": \"\",\n    \"StatusDesc\": \"amet enim aute\",\n    \"SvcProviderName\": \"fugiat\",\n    \"Id\": \"ut\",\n    \"ServerStatusCode\": \"\",\n    \"ServerStatusDesc\": \"in ut irure enim ut\",\n    \"OvrdExceptionInd\": false,\n    \"SubjectRole\": \"eiusmod\",\n    \"SubjectElement\": [\n      {\n        \"Path\": \"irure\",\n        \"ServerPath\": \"aute tempor deserunt\",\n        \"Value\": \"ut do sunt pariatur\"\n      },\n      {\n        \"Path\": \"consequat do\",\n        \"ServerPath\": \"Excepteur qu\",\n        \"Value\": \"nisi aliquip\"\n      }\n    ],\n    \"ContentHTML\": \"nulla\",\n    \"AdditionalStatus\": [\n      {\n        \"StatusCode\": \"et\",\n        \"StatusDesc\": \"Lorem cillum in in\",\n        \"Severity\": \"Info\",\n        \"SvcProviderName\": \"deserunt nulla Excepteur\",\n        \"ServerStatusCode\": \"p\",\n        \"ServerStatusDesc\": \"voluptate consequat quis minim magna\",\n        \"OvrdExceptionInd\": false,\n        \"SubjectElement\": [\n          {\n            \"Path\": \"aliquip ullamco\",\n            \"ServerPath\": \"nostrud cillum Duis aute\",\n            \"Value\": \"nisi deserunt pariatur sint\"\n          },\n          {\n            \"Path\": \"labore\",\n            \"ServerPath\": \"sint dolore\",\n            \"Value\": \"velit consequat aliquip\"\n          }\n        ]\n      },\n      {\n        \"StatusCode\": \"occaecat\",\n        \"StatusDesc\": \"culpa id enim\",\n        \"Severity\": \"Error\",\n        \"SvcProviderName\": \"veniam ea\",\n        \"ServerStatusCode\": \"ea in ut aute\",\n        \"ServerStatusDesc\": \"reprehenderit nisi Excepteur \",\n        \"OvrdExceptionInd\": true,\n        \"SubjectElement\": [\n          {\n            \"Path\": \"cillum esse mollit dolor\",\n            \"ServerPath\": \"tempor\",\n            \"Value\": \"laborum Lorem dolor est magna\"\n          },\n          {\n            \"Path\": \"enim et proident reprehenderit\",\n            \"ServerPath\": \"cillum pariatur officia ex\",\n            \"Value\": \"pariatur fugiat proident\"\n          }\n        ]\n      }\n    ]\n  },\n  \"RecCtrlOut\": {\n    \"SentRecCount\": -45448034,\n    \"Cursor\": \"labore \"\n  }\n}","cookie":[],"_postman_previewlanguage":"json"}],"event":[],"protocolProfileBehavior":{"disableBodyPruning":true}}],"event":[],"variable":[{"type":"string","value":"/","key":"baseUrl"}],"info":{"_postman_id":"e90f773a-2c96-429e-8e5a-aa174752c373","name":"Account Transaction Service","schema":"https://schema.getpostman.com/json/collection/v2.1.0/collection.json","description":{"content":"The account transaction service performs the function of retrieving the monetary transaction history against a product account and is implemented in the AccTrnService service domain.<br>\nAn account is a product serviced by the financial institutions that has debit or credit balance in a particular currency.","type":"text/plain"}}}