{"item":[{"id":"ad7a7bdb-3477-4d08-8230-ae63f23a61cf","name":"acctholdservice/stophold/accountHolds","item":[{"id":"1aec2c75-e667-446d-a51f-fa2a14be6467","name":"Add Account Hold.","request":{"name":"Add Account Hold.","description":{"content":"Add Account Hold API creates a hold (restriction) on an account to restrict the accountholder’s ability to transfer or withdraw the funds from their account. In Cleartouch, to place a hold, the amount in the account must be a valid value and greater than 0. <br> <br> To download the API Specifications and Postman Collection, click <a href=\"../docs/?path=docs/resources/resources.md\" title=\"Click to open\">Resources</a>.","type":"text/plain"},"url":{"path":["acctholdservice","stophold","accountHolds"],"host":["{{baseUrl}}"],"query":[],"variable":[]},"header":[{"disabled":false,"description":"(Required) EFX Header is a common and required component for all API calls, it contains client-related parameters. Please note that the header parameters should be sent as a JSON object under the EFXHeader parameter. To view the list of header parameters, <a href=\"../docs?path=docs/api-ref-EFX-header.md\" title=\"Click to open\"> click here.</a>","key":"EFXHeader","value":"OrganizationId,<string>,TrnId,<string>,VendorId,<string>,Context,[object Object]"},{"key":"Content-Type","value":"application/json"},{"key":"Accept","value":"application/json"}],"method":"POST","auth":null,"body":{"mode":"raw","raw":"{\n  \"AcctHoldInfo\": {\n    \"AcctRef\": {\n      \"AcctKeys\": {\n        \"AcctId\": \"<string>\",\n        \"AcctType\": \"<string>\"\n      }\n    },\n    \"CurAmt\": {\n      \"Amt\": \"<number>\",\n      \"CurCode\": {\n        \"CurCodeValue\": \"<string>\",\n        \"CurCodeType\": \"<string>\"\n      }\n    },\n    \"HoldReasonCode\": \"<string>\",\n    \"ExpDt\": \"<date>\"\n  }\n}","options":{"raw":{"language":"json"}}}},"response":[{"id":"d5ad9b9c-4eeb-4945-934f-890b4314cc0e","name":"Created","originalRequest":{"url":{"path":["acctholdservice","stophold","accountHolds"],"host":["{{baseUrl}}"],"query":[],"variable":[]},"header":[{"disabled":false,"description":"(Required) EFX Header is a common and required component for all API calls, it contains client-related parameters. Please note that the header parameters should be sent as a JSON object under the EFXHeader parameter. To view the list of header parameters, <a href=\"../docs?path=docs/api-ref-EFX-header.md\" title=\"Click to open\"> click here.</a>","key":"EFXHeader","value":"OrganizationId,<string>,TrnId,<string>,VendorId,<string>,Context,[object Object]"},{"key":"Accept","value":"application/json"}],"method":"POST","body":{"mode":"raw","raw":"{\n  \"AcctHoldInfo\": {\n    \"AcctRef\": {\n      \"AcctKeys\": {\n        \"AcctId\": \"<string>\",\n        \"AcctType\": \"<string>\"\n      }\n    },\n    \"CurAmt\": {\n      \"Amt\": \"<number>\",\n      \"CurCode\": {\n        \"CurCodeValue\": \"<string>\",\n        \"CurCodeType\": \"<string>\"\n      }\n    },\n    \"HoldReasonCode\": \"<string>\",\n    \"ExpDt\": \"<date>\"\n  }\n}","options":{"raw":{"language":"json"}}}},"status":"Created","code":201,"header":[{"key":"Content-Type","value":"application/json"}],"body":"{\n  \"AcctHoldStatusRec\": {\n    \"AcctHoldKeys\": {\n      \"AcctKeys\": {\n        \"AcctId\": \"nulla magna\",\n        \"AcctType\": \"est occaecat in\"\n      }\n    },\n    \"AcctHoldStatus\": {\n      \"AcctHoldStatusCode\": \"Valid\",\n      \"EffDt\": \"0754-95-43T44:26\"\n    }\n  },\n  \"Status\": {\n    \"Severity\": \"Info\",\n    \"StatusCode\": \"oc\",\n    \"StatusDesc\": \"elit culpa ad Excepteur\",\n    \"SvcProviderName\": \"qui veniam do\",\n    \"Id\": \"dolore pariatur\",\n    \"ServerStatusCode\": \"quis \",\n    \"ServerStatusDesc\": \"incididunt consequat\",\n    \"OvrdExceptionInd\": false,\n    \"SubjectRole\": \"veniam amet quis tempor\",\n    \"SubjectElement\": [\n      {\n        \"Path\": \"eu dolore eiusmod id\",\n        \"ServerPath\": \"sint adipisicing dolor ex\",\n        \"Value\": \"nulla velit\"\n      },\n      {\n        \"Path\": \"consequat est\",\n        \"ServerPath\": \"Excepteur est Ut\",\n        \"Value\": \"Duis\"\n      }\n    ],\n    \"ContentHTML\": \"cup\",\n    \"AdditionalStatus\": [\n      {\n        \"StatusCode\": \"ad eius\",\n        \"StatusDesc\": \"dolor qui\",\n        \"Severity\": \"Error\",\n        \"SvcProviderName\": \"deserunt dolore ad minim\",\n        \"ServerStatusCode\": \"qui culpa eu proi\",\n        \"ServerStatusDesc\": \"sed nisi\",\n        \"OvrdExceptionInd\": false,\n        \"SubjectElement\": [\n          {\n            \"Path\": \"voluptate dolor\",\n            \"ServerPath\": \"Lorem laboris\",\n            \"Value\": \"nulla\"\n          },\n          {\n            \"Path\": \"exercitation Excepteur anim\",\n            \"ServerPath\": \"in consequat est\",\n            \"Value\": \"commodo amet non\"\n          }\n        ]\n      },\n      {\n        \"StatusCode\": \"officia vo\",\n        \"StatusDesc\": \"sed proident la\",\n        \"Severity\": \"Info\",\n        \"SvcProviderName\": \"deserunt\",\n        \"ServerStatusCode\": \"aliquip do\",\n        \"ServerStatusDesc\": \"amet exercitation enim\",\n        \"OvrdExceptionInd\": false,\n        \"SubjectElement\": [\n          {\n            \"Path\": \"laborum incididunt cupidatat nisi\",\n            \"ServerPath\": \"laboris\",\n            \"Value\": \"esse proident ea\"\n          },\n          {\n            \"Path\": \"in exercitation incididunt pariatur ullamco\",\n            \"ServerPath\": \"pariatur\",\n            \"Value\": \"ut adipisicing et non velit\"\n          }\n        ]\n      }\n    ]\n  }\n}","cookie":[],"_postman_previewlanguage":"json"},{"id":"64497e6d-9bb5-4c58-8091-fa18c38c207f","name":"To view the complete list of response codes, <a href=\"../docs/?path=docs/response-codes.md\" title=\"Click to open\">click here.</a>","originalRequest":{"url":{"path":["acctholdservice","stophold","accountHolds"],"host":["{{baseUrl}}"],"query":[],"variable":[]},"header":[{"disabled":false,"description":"(Required) EFX Header is a common and required component for all API calls, it contains client-related parameters. Please note that the header parameters should be sent as a JSON object under the EFXHeader parameter. To view the list of header parameters, <a href=\"../docs?path=docs/api-ref-EFX-header.md\" title=\"Click to open\"> click here.</a>","key":"EFXHeader","value":"OrganizationId,<string>,TrnId,<string>,VendorId,<string>,Context,[object Object]"},{"key":"Accept","value":"application/json"}],"method":"POST","body":{"mode":"raw","raw":"{\n  \"AcctHoldInfo\": {\n    \"AcctRef\": {\n      \"AcctKeys\": {\n        \"AcctId\": \"<string>\",\n        \"AcctType\": \"<string>\"\n      }\n    },\n    \"CurAmt\": {\n      \"Amt\": \"<number>\",\n      \"CurCode\": {\n        \"CurCodeValue\": \"<string>\",\n        \"CurCodeType\": \"<string>\"\n      }\n    },\n    \"HoldReasonCode\": \"<string>\",\n    \"ExpDt\": \"<date>\"\n  }\n}","options":{"raw":{"language":"json"}}}},"status":"Internal Server Error","code":500,"header":[{"key":"Content-Type","value":"application/json"}],"body":"{\n  \"AcctHoldStatusRec\": {\n    \"AcctHoldKeys\": {\n      \"AcctKeys\": {\n        \"AcctId\": \"sunt\",\n        \"AcctType\": \"enim aliqua et officia\"\n      }\n    },\n    \"AcctHoldStatus\": {\n      \"AcctHoldStatusCode\": \"Valid\",\n      \"EffDt\": \"7965-45-24\"\n    }\n  },\n  \"Status\": {\n    \"Severity\": \"Error\",\n    \"StatusCode\": \"aliqua\",\n    \"StatusDesc\": \"nulla et\",\n    \"SvcProviderName\": \"exercitation in\",\n    \"Id\": \"enim\",\n    \"ServerStatusCode\": \"velit sint Duis veni\",\n    \"ServerStatusDesc\": \"anim laborum irure sit\",\n    \"OvrdExceptionInd\": false,\n    \"SubjectRole\": \"reprehenderit sint\",\n    \"SubjectElement\": [\n      {\n        \"Path\": \"culpa ut in mollit\",\n        \"ServerPath\": \"sunt cillum\",\n        \"Value\": \"non quis\"\n      },\n      {\n        \"Path\": \"in repreh\",\n        \"ServerPath\": \"ipsum ex\",\n        \"Value\": \"anim ad\"\n      }\n    ],\n    \"ContentHTML\": \"sunt adipisicing commodo\",\n    \"AdditionalStatus\": [\n      {\n        \"StatusCode\": \"ut\",\n        \"StatusDesc\": \"Ut magna Duis\",\n        \"Severity\": \"Info\",\n        \"SvcProviderName\": \"labore nulla enim irure\",\n        \"ServerStatusCode\": \"est ut\",\n        \"ServerStatusDesc\": \"commodo in\",\n        \"OvrdExceptionInd\": false,\n        \"SubjectElement\": [\n          {\n            \"Path\": \"eiusmod Excepteur esse ven\",\n            \"ServerPath\": \"cupidatat labore laborum adipisicing\",\n            \"Value\": \"nisi laborum mollit nostrud\"\n          },\n          {\n            \"Path\": \"veniam consectetur Duis\",\n            \"ServerPath\": \"consequat Duis cupidatat\",\n            \"Value\": \"ut cillum\"\n          }\n        ]\n      },\n      {\n        \"StatusCode\": \"qui ea reprehenderit\",\n        \"StatusDesc\": \"eu ad\",\n        \"Severity\": \"Info\",\n        \"SvcProviderName\": \"labore consectetur\",\n        \"ServerStatusCode\": \"deser\",\n        \"ServerStatusDesc\": \"cillum do en\",\n        \"OvrdExceptionInd\": false,\n        \"SubjectElement\": [\n          {\n            \"Path\": \"commodo\",\n            \"ServerPath\": \"velit dolore amet culpa\",\n            \"Value\": \"pariatur ut\"\n          },\n          {\n            \"Path\": \"velit laborum anim sint\",\n            \"ServerPath\": \"proident elit\",\n            \"Value\": \"consectetur minim\"\n          }\n        ]\n      }\n    ]\n  }\n}","cookie":[],"_postman_previewlanguage":"json"}],"event":[],"protocolProfileBehavior":{"disableBodyPruning":true}},{"id":"87f6661d-0171-415d-8997-9b595f6d558f","name":"secured","item":[{"id":"637dd93c-1022-4eef-ac1a-82eb3e95a3cf","name":"Delete Account Hold.","request":{"name":"Delete Account Hold.","description":{"content":"Delete Account Hold API removes the hold (restriction) that are placed on the account.<br>For Cleartouch, the types of holds are, Management Hold (manually placed to hold funds for a specific reason) and Extended Hold (automatically placed by the system).<br> <br> To download the API Specifications and Postman Collection, click <a href=\"../docs/?path=docs/resources/resources.md\" title=\"Click to open\">Resources</a>.","type":"text/plain"},"url":{"path":["acctholdservice","stophold","accountHolds","secured"],"host":["{{baseUrl}}"],"query":[],"variable":[]},"header":[{"disabled":false,"description":"(Required) EFX Header is a common and required component for all API calls, it contains client-related parameters. Please note that the header parameters should be sent as a JSON object under the EFXHeader parameter. To view the list of header parameters, <a href=\"../docs?path=docs/api-ref-EFX-header.md\" title=\"Click to open\"> click here.</a>","key":"EFXHeader","value":"OrganizationId,<string>,TrnId,<string>,VendorId,<string>,Context,[object Object]"},{"key":"Content-Type","value":"application/json"},{"key":"Accept","value":"application/json"}],"method":"PUT","auth":null,"body":{"mode":"raw","raw":"{\n  \"AcctHoldKeys\": {\n    \"AcctKeys\": {\n      \"AcctId\": \"<string>\",\n      \"AcctType\": \"<string>\"\n    },\n    \"CurAmt\": {\n      \"Amt\": \"<number>\",\n      \"CurCode\": {\n        \"CurCodeValue\": \"<string>\",\n        \"CurCodeType\": \"<string>\"\n      }\n    },\n    \"ExpDt\": \"<date>\",\n    \"ReasonCode\": \"<long>\"\n  }\n}","options":{"raw":{"language":"json"}}}},"response":[{"id":"36de4329-4830-4821-b64d-aaf8951e0dd6","name":"Success","originalRequest":{"url":{"path":["acctholdservice","stophold","accountHolds","secured"],"host":["{{baseUrl}}"],"query":[],"variable":[]},"header":[{"disabled":false,"description":"(Required) EFX Header is a common and required component for all API calls, it contains client-related parameters. Please note that the header parameters should be sent as a JSON object under the EFXHeader parameter. To view the list of header parameters, <a href=\"../docs?path=docs/api-ref-EFX-header.md\" title=\"Click to open\"> click here.</a>","key":"EFXHeader","value":"OrganizationId,<string>,TrnId,<string>,VendorId,<string>,Context,[object Object]"},{"key":"Accept","value":"application/json"}],"method":"PUT","body":{"mode":"raw","raw":"{\n  \"AcctHoldKeys\": {\n    \"AcctKeys\": {\n      \"AcctId\": \"<string>\",\n      \"AcctType\": \"<string>\"\n    },\n    \"CurAmt\": {\n      \"Amt\": \"<number>\",\n      \"CurCode\": {\n        \"CurCodeValue\": \"<string>\",\n        \"CurCodeType\": \"<string>\"\n      }\n    },\n    \"ExpDt\": \"<date>\",\n    \"ReasonCode\": \"<long>\"\n  }\n}","options":{"raw":{"language":"json"}}}},"status":"OK","code":200,"header":[{"key":"Content-Type","value":"application/json"}],"body":"{\n  \"AcctHoldStatusRec\": {\n    \"AcctHoldStatus\": {\n      \"AcctHoldStatusCode\": \"Deleted\",\n      \"EffDt\": \"4761-51-14\"\n    }\n  },\n  \"Status\": {\n    \"Severity\": \"Info\",\n    \"StatusCode\": \"non \",\n    \"StatusDesc\": \"enim pariatur\",\n    \"SvcProviderName\": \"enim et labore irure\",\n    \"Id\": \"Ut amet incididunt\",\n    \"ServerStatusCode\": \"in\",\n    \"ServerStatusDesc\": \"id non in\",\n    \"OvrdExceptionInd\": false,\n    \"SubjectRole\": \"Duis\",\n    \"SubjectElement\": [\n      {\n        \"Path\": \"ea pariatur ipsum\",\n        \"ServerPath\": \"consectetur\",\n        \"Value\": \"minim commodo sint dolor cillum\"\n      },\n      {\n        \"Path\": \"cillum exercitation enim anim culpa\",\n        \"ServerPath\": \"tempor exercitation nisi ut\",\n        \"Value\": \"labore magna\"\n      }\n    ],\n    \"ContentHTML\": \"cillum nisi esse et\",\n    \"AdditionalStatus\": [\n      {\n        \"StatusCode\": \"par\",\n        \"StatusDesc\": \"ad cupidatat veniam magna\",\n        \"Severity\": \"Error\",\n        \"SvcProviderName\": \"ad veniam consequat Duis consectetur\",\n        \"ServerStatusCode\": \"occaecat Ut\",\n        \"ServerStatusDesc\": \"minim eiusmod esse dolor cupidatat\",\n        \"OvrdExceptionInd\": true,\n        \"SubjectElement\": [\n          {\n            \"Path\": \"adipisicing magna labore commodo cillum\",\n            \"ServerPath\": \"incididunt ipsum elit\",\n            \"Value\": \"cillum in\"\n          },\n          {\n            \"Path\": \"nulla consequat ullamco\",\n            \"ServerPath\": \"velit dolor anim et\",\n            \"Value\": \"occaecat ut\"\n          }\n        ]\n      },\n      {\n        \"StatusCode\": \"deserunt\",\n        \"StatusDesc\": \"est aliquip enim adipisici\",\n        \"Severity\": \"Warning\",\n        \"SvcProviderName\": \"Ut labore\",\n        \"ServerStatusCode\": \"in et\",\n        \"ServerStatusDesc\": \"aliqua nisi elit aute\",\n        \"OvrdExceptionInd\": false,\n        \"SubjectElement\": [\n          {\n            \"Path\": \"qui Lorem\",\n            \"ServerPath\": \"ea occaecat magna labore consequat\",\n            \"Value\": \"veniam\"\n          },\n          {\n            \"Path\": \"Lorem sint adipisicing Ut\",\n            \"ServerPath\": \"ea cupidatat\",\n            \"Value\": \"eiusmod voluptate nulla culpa\"\n          }\n        ]\n      }\n    ]\n  }\n}","cookie":[],"_postman_previewlanguage":"json"},{"id":"e5f8e188-d43c-493d-a617-040643d11200","name":"To view the complete list of response codes, <a href=\"../docs/?path=docs/response-codes.md\" title=\"Click to open\">click here.</a>","originalRequest":{"url":{"path":["acctholdservice","stophold","accountHolds","secured"],"host":["{{baseUrl}}"],"query":[],"variable":[]},"header":[{"disabled":false,"description":"(Required) EFX Header is a common and required component for all API calls, it contains client-related parameters. Please note that the header parameters should be sent as a JSON object under the EFXHeader parameter. To view the list of header parameters, <a href=\"../docs?path=docs/api-ref-EFX-header.md\" title=\"Click to open\"> click here.</a>","key":"EFXHeader","value":"OrganizationId,<string>,TrnId,<string>,VendorId,<string>,Context,[object Object]"},{"key":"Accept","value":"application/json"}],"method":"PUT","body":{"mode":"raw","raw":"{\n  \"AcctHoldKeys\": {\n    \"AcctKeys\": {\n      \"AcctId\": \"<string>\",\n      \"AcctType\": \"<string>\"\n    },\n    \"CurAmt\": {\n      \"Amt\": \"<number>\",\n      \"CurCode\": {\n        \"CurCodeValue\": \"<string>\",\n        \"CurCodeType\": \"<string>\"\n      }\n    },\n    \"ExpDt\": \"<date>\",\n    \"ReasonCode\": \"<long>\"\n  }\n}","options":{"raw":{"language":"json"}}}},"status":"Internal Server Error","code":500,"header":[{"key":"Content-Type","value":"application/json"}],"body":"{\n  \"AcctHoldStatusRec\": {\n    \"AcctHoldStatus\": {\n      \"AcctHoldStatusCode\": \"Deleted\",\n      \"EffDt\": \"4761-51-14\"\n    }\n  },\n  \"Status\": {\n    \"Severity\": \"Info\",\n    \"StatusCode\": \"non \",\n    \"StatusDesc\": \"enim pariatur\",\n    \"SvcProviderName\": \"enim et labore irure\",\n    \"Id\": \"Ut amet incididunt\",\n    \"ServerStatusCode\": \"in\",\n    \"ServerStatusDesc\": \"id non in\",\n    \"OvrdExceptionInd\": false,\n    \"SubjectRole\": \"Duis\",\n    \"SubjectElement\": [\n      {\n        \"Path\": \"ea pariatur ipsum\",\n        \"ServerPath\": \"consectetur\",\n        \"Value\": \"minim commodo sint dolor cillum\"\n      },\n      {\n        \"Path\": \"cillum exercitation enim anim culpa\",\n        \"ServerPath\": \"tempor exercitation nisi ut\",\n        \"Value\": \"labore magna\"\n      }\n    ],\n    \"ContentHTML\": \"cillum nisi esse et\",\n    \"AdditionalStatus\": [\n      {\n        \"StatusCode\": \"par\",\n        \"StatusDesc\": \"ad cupidatat veniam magna\",\n        \"Severity\": \"Error\",\n        \"SvcProviderName\": \"ad veniam consequat Duis consectetur\",\n        \"ServerStatusCode\": \"occaecat Ut\",\n        \"ServerStatusDesc\": \"minim eiusmod esse dolor cupidatat\",\n        \"OvrdExceptionInd\": true,\n        \"SubjectElement\": [\n          {\n            \"Path\": \"adipisicing magna labore commodo cillum\",\n            \"ServerPath\": \"incididunt ipsum elit\",\n            \"Value\": \"cillum in\"\n          },\n          {\n            \"Path\": \"nulla consequat ullamco\",\n            \"ServerPath\": \"velit dolor anim et\",\n            \"Value\": \"occaecat ut\"\n          }\n        ]\n      },\n      {\n        \"StatusCode\": \"deserunt\",\n        \"StatusDesc\": \"est aliquip enim adipisici\",\n        \"Severity\": \"Warning\",\n        \"SvcProviderName\": \"Ut labore\",\n        \"ServerStatusCode\": \"in et\",\n        \"ServerStatusDesc\": \"aliqua nisi elit aute\",\n        \"OvrdExceptionInd\": false,\n        \"SubjectElement\": [\n          {\n            \"Path\": \"qui Lorem\",\n            \"ServerPath\": \"ea occaecat magna labore consequat\",\n            \"Value\": \"veniam\"\n          },\n          {\n            \"Path\": \"Lorem sint adipisicing Ut\",\n            \"ServerPath\": \"ea cupidatat\",\n            \"Value\": \"eiusmod voluptate nulla culpa\"\n          }\n        ]\n      }\n    ]\n  }\n}","cookie":[],"_postman_previewlanguage":"json"}],"event":[],"protocolProfileBehavior":{"disableBodyPruning":true}},{"id":"0deb5446-7359-4e7c-a76e-4eef4f39fbc1","name":"Get Account Hold.","request":{"name":"Get Account Hold.","description":{"content":"Get Account Hold API retrieves a list of holds (restrictions) placed on a Demand Deposit Accounts (DDA), Savings Accounts (SDA) and Certificate of Deposit Account (CDA). This API can be used to retrieves the details of one specific hold (restriction) if the hold identifier is provided.<br> <br> To download the API Specifications and Postman Collection, click <a href=\"../docs/?path=docs/resources/resources.md\" title=\"Click to open\">Resources</a>.","type":"text/plain"},"url":{"path":["acctholdservice","stophold","accountHolds","secured"],"host":["{{baseUrl}}"],"query":[],"variable":[]},"header":[{"disabled":false,"description":"(Required) EFX Header is a common and required component for all API calls, it contains client-related parameters. Please note that the header parameters should be sent as a JSON object under the EFXHeader parameter. To view the list of header parameters, <a href=\"../docs?path=docs/api-ref-EFX-header.md\" title=\"Click to open\"> click here.</a>","key":"EFXHeader","value":"OrganizationId,<string>,TrnId,<string>,VendorId,<string>,Context,[object Object]"},{"key":"Content-Type","value":"application/json"},{"key":"Accept","value":"application/json"}],"method":"POST","auth":null,"body":{"mode":"raw","raw":"{\n  \"AcctHoldSel\": {\n    \"AcctHoldKeys\": {\n      \"AcctKeys\": {\n        \"AcctId\": \"<string>\",\n        \"AcctType\": \"<string>\"\n      }\n    },\n    \"AcctKeys\": {\n      \"AcctId\": \"<string>\",\n      \"AcctType\": \"<string>\"\n    }\n  }\n}","options":{"raw":{"language":"json"}}}},"response":[{"id":"a66441ed-9448-414b-a0df-c3b27f82dfb8","name":"Success","originalRequest":{"url":{"path":["acctholdservice","stophold","accountHolds","secured"],"host":["{{baseUrl}}"],"query":[],"variable":[]},"header":[{"disabled":false,"description":"(Required) EFX Header is a common and required component for all API calls, it contains client-related parameters. Please note that the header parameters should be sent as a JSON object under the EFXHeader parameter. To view the list of header parameters, <a href=\"../docs?path=docs/api-ref-EFX-header.md\" title=\"Click to open\"> click here.</a>","key":"EFXHeader","value":"OrganizationId,<string>,TrnId,<string>,VendorId,<string>,Context,[object Object]"},{"key":"Accept","value":"application/json"}],"method":"POST","body":{"mode":"raw","raw":"{\n  \"AcctHoldSel\": {\n    \"AcctHoldKeys\": {\n      \"AcctKeys\": {\n        \"AcctId\": \"<string>\",\n        \"AcctType\": \"<string>\"\n      }\n    },\n    \"AcctKeys\": {\n      \"AcctId\": \"<string>\",\n      \"AcctType\": \"<string>\"\n    }\n  }\n}","options":{"raw":{"language":"json"}}}},"status":"OK","code":200,"header":[{"key":"Content-Type","value":"application/json"}],"body":"{\n  \"AcctHoldRec\": [\n    {\n      \"AcctHoldInfo\": {\n        \"HoldType\": \"Management\",\n        \"CurAmt\": {\n          \"Amt\": -32033552.818507,\n          \"CurCode\": {\n            \"CurCodeValue\": {\n              \"value\": \"<Error: Too many levels of nesting to fake this schema>\"\n            },\n            \"CurCodeType\": {\n              \"value\": \"<Error: Too many levels of nesting to fake this schema>\"\n            }\n          }\n        },\n        \"HoldReasonCode\": \"commodo sunt in est\",\n        \"ExpDt\": \"1957-02-09\"\n      },\n      \"AcctHoldKeys\": {\n        \"AcctKeys\": {\n          \"AcctId\": \"tempor adi\",\n          \"AcctType\": \"Checking\"\n        }\n      },\n      \"AcctHoldStatus\": {\n        \"AcctHoldStatusCode\": \"Valid\",\n        \"EffDt\": \"8817-50-28T18:68\"\n      }\n    },\n    {\n      \"AcctHoldInfo\": {\n        \"HoldType\": \"Extended\",\n        \"CurAmt\": {\n          \"Amt\": 73601118.85433015,\n          \"CurCode\": {\n            \"CurCodeValue\": {\n              \"value\": \"<Error: Too many levels of nesting to fake this schema>\"\n            },\n            \"CurCodeType\": {\n              \"value\": \"<Error: Too many levels of nesting to fake this schema>\"\n            }\n          }\n        },\n        \"HoldReasonCode\": \"non ullamco ad\",\n        \"ExpDt\": \"1976-06-19\"\n      },\n      \"AcctHoldKeys\": {\n        \"AcctKeys\": {\n          \"AcctId\": \"pariatur incidi\",\n          \"AcctType\": \"Saving\"\n        }\n      },\n      \"AcctHoldStatus\": {\n        \"AcctHoldStatusCode\": \"Valid\",\n        \"EffDt\": \"1506-93-96T66:88\"\n      }\n    }\n  ],\n  \"RecCtrlOut\": {\n    \"SentRecCount\": 22354102\n  }\n}","cookie":[],"_postman_previewlanguage":"json"},{"id":"0f19aa84-46d2-4cf6-bfac-bf2c8f19ad6d","name":"To view the complete list of response codes, <a href=\"../docs/?path=docs/response-codes.md\" title=\"Click to open\">click here.</a>","originalRequest":{"url":{"path":["acctholdservice","stophold","accountHolds","secured"],"host":["{{baseUrl}}"],"query":[],"variable":[]},"header":[{"disabled":false,"description":"(Required) EFX Header is a common and required component for all API calls, it contains client-related parameters. Please note that the header parameters should be sent as a JSON object under the EFXHeader parameter. To view the list of header parameters, <a href=\"../docs?path=docs/api-ref-EFX-header.md\" title=\"Click to open\"> click here.</a>","key":"EFXHeader","value":"OrganizationId,<string>,TrnId,<string>,VendorId,<string>,Context,[object Object]"},{"key":"Accept","value":"application/json"}],"method":"POST","body":{"mode":"raw","raw":"{\n  \"AcctHoldSel\": {\n    \"AcctHoldKeys\": {\n      \"AcctKeys\": {\n        \"AcctId\": \"<string>\",\n        \"AcctType\": \"<string>\"\n      }\n    },\n    \"AcctKeys\": {\n      \"AcctId\": \"<string>\",\n      \"AcctType\": \"<string>\"\n    }\n  }\n}","options":{"raw":{"language":"json"}}}},"status":"Internal Server Error","code":500,"header":[{"key":"Content-Type","value":"application/json"}],"body":"{\n  \"AcctHoldRec\": [\n    {\n      \"AcctHoldInfo\": {\n        \"HoldType\": \"Extended\",\n        \"CurAmt\": {\n          \"Amt\": -8229010.946105838,\n          \"CurCode\": {\n            \"CurCodeValue\": {\n              \"value\": \"<Error: Too many levels of nesting to fake this schema>\"\n            },\n            \"CurCodeType\": {\n              \"value\": \"<Error: Too many levels of nesting to fake this schema>\"\n            }\n          }\n        },\n        \"HoldReasonCode\": \"laboris consectetur adipisicing dolore\",\n        \"ExpDt\": \"2016-06-05\"\n      },\n      \"AcctHoldKeys\": {\n        \"AcctKeys\": {\n          \"AcctId\": \"in\",\n          \"AcctType\": \"Checking\"\n        }\n      },\n      \"AcctHoldStatus\": {\n        \"AcctHoldStatusCode\": \"Valid\",\n        \"EffDt\": \"6955-97-49\"\n      }\n    },\n    {\n      \"AcctHoldInfo\": {\n        \"HoldType\": \"Extended\",\n        \"CurAmt\": {\n          \"Amt\": 42317978.545170486,\n          \"CurCode\": {\n            \"CurCodeValue\": {\n              \"value\": \"<Error: Too many levels of nesting to fake this schema>\"\n            },\n            \"CurCodeType\": {\n              \"value\": \"<Error: Too many levels of nesting to fake this schema>\"\n            }\n          }\n        },\n        \"HoldReasonCode\": \"veniam\",\n        \"ExpDt\": \"2019-04-19\"\n      },\n      \"AcctHoldKeys\": {\n        \"AcctKeys\": {\n          \"AcctId\": \"d\",\n          \"AcctType\": \"Checking\"\n        }\n      },\n      \"AcctHoldStatus\": {\n        \"AcctHoldStatusCode\": \"Valid\",\n        \"EffDt\": \"8160-80-29\"\n      }\n    }\n  ],\n  \"RecCtrlOut\": {\n    \"SentRecCount\": 15278075\n  }\n}","cookie":[],"_postman_previewlanguage":"json"}],"event":[],"protocolProfileBehavior":{"disableBodyPruning":true}}],"event":[]}],"event":[]}],"event":[],"variable":[{"type":"string","value":"https://swaggerhub.onefiserv.net/virts/Bank_Sol_Org/AcctHoldService/11.0.0_CT","key":"baseUrl"}],"info":{"_postman_id":"67d779ef-207b-425f-ab6f-c3df7835c919","name":"Account Hold Service","schema":"https://schema.getpostman.com/json/collection/v2.1.0/collection.json","description":{"content":"The account hold service helps to manage and support operations that are related to the holding of funds for a product account. It also restricts the accountholder’s ability to withdraw funds.","type":"text/plain"}}}