{"item":[{"id":"0bf7c2a6-e310-4a43-a081-9087c34e32f1","name":"Add Credit","request":{"name":"Add Credit","description":{"content":"Add Credit API creates one-sided monetary transactions that are credited to the General Ledger Account (GLA) either by cash, check, envelope deposits, merchandise returns or any other payment types. This API is used for a Teller transaction. <br> <br> To download the API Specifications and Postman Collection, click <a href=\"../docs/?path=docs/resources/resources.md\" title=\"Click to open\">Resources</a>.","type":"text/plain"},"url":{"path":["creditservice","payments","credits"],"host":["{{baseUrl}}"],"query":[],"variable":[]},"header":[{"disabled":false,"description":"(Required) EFX Header is a common and required component for all API calls, it contains client-related parameters. Please note that the header parameters should be sent as a JSON object under the EFXHeader parameter. To view the list of header parameters, <a href=\"../docs?path=docs/api-ref-EFX-header.md\" title=\"Click to open\"> click here.</a>","key":"EFXHeader","value":"OrganizationId,<string>,TrnId,<string>,VendorId,<string>,Context,[object Object]"},{"key":"Content-Type","value":"application/json"},{"key":"Accept","value":"application/json"}],"method":"POST","auth":null,"body":{"mode":"raw","raw":"{\n  \"CreditInfo\": {\n    \"CompositeCurAmt\": [\n      {\n        \"CurAmt\": {\n          \"Amt\": \"<number>\",\n          \"CurCode\": {\n            \"CurCodeValue\": \"<string>\",\n            \"CurCodeType\": \"<string>\"\n          }\n        }\n      },\n      {\n        \"CurAmt\": {\n          \"Amt\": \"<number>\",\n          \"CurCode\": {\n            \"CurCodeValue\": \"<string>\",\n            \"CurCodeType\": \"<string>\"\n          }\n        }\n      }\n    ],\n    \"CreditType\": \"<string>\",\n    \"AcctRef\": {\n      \"AcctKeys\": {\n        \"AcctId\": \"<string>\",\n        \"AcctType\": \"<string>\"\n      }\n    }\n  },\n  \"OvrdExceptionData\": {\n    \"OvrdAutoAckInd\": \"<boolean>\"\n  }\n}","options":{"raw":{"language":"json"}}}},"response":[{"id":"2eee5ca8-1c6d-4f97-ba07-4d6cdaba481d","name":"Created","originalRequest":{"url":{"path":["creditservice","payments","credits"],"host":["{{baseUrl}}"],"query":[],"variable":[]},"header":[{"disabled":false,"description":"(Required) EFX Header is a common and required component for all API calls, it contains client-related parameters. Please note that the header parameters should be sent as a JSON object under the EFXHeader parameter. To view the list of header parameters, <a href=\"../docs?path=docs/api-ref-EFX-header.md\" title=\"Click to open\"> click here.</a>","key":"EFXHeader","value":"OrganizationId,<string>,TrnId,<string>,VendorId,<string>,Context,[object Object]"},{"key":"Accept","value":"application/json"}],"method":"POST","body":{"mode":"raw","raw":"{\n  \"CreditInfo\": {\n    \"CompositeCurAmt\": [\n      {\n        \"CurAmt\": {\n          \"Amt\": \"<number>\",\n          \"CurCode\": {\n            \"CurCodeValue\": \"<string>\",\n            \"CurCodeType\": \"<string>\"\n          }\n        }\n      },\n      {\n        \"CurAmt\": {\n          \"Amt\": \"<number>\",\n          \"CurCode\": {\n            \"CurCodeValue\": \"<string>\",\n            \"CurCodeType\": \"<string>\"\n          }\n        }\n      }\n    ],\n    \"CreditType\": \"<string>\",\n    \"AcctRef\": {\n      \"AcctKeys\": {\n        \"AcctId\": \"<string>\",\n        \"AcctType\": \"<string>\"\n      }\n    }\n  },\n  \"OvrdExceptionData\": {\n    \"OvrdAutoAckInd\": \"<boolean>\"\n  }\n}","options":{"raw":{"language":"json"}}}},"status":"Created","code":201,"header":[{"key":"Content-Type","value":"application/json"}],"body":"{\n  \"CreditStatusRec\": {\n    \"CreditStatus\": {\n      \"CreditStatusCode\": \"Posted\",\n      \"EffDt\": \"2781-69-48\"\n    },\n    \"CreditKeys\": {\n      \"AcctKeys\": {\n        \"AcctId\": \"dolor aliquip min\",\n        \"AcctType\": \"GLA\"\n      }\n    }\n  },\n  \"Status\": {\n    \"Severity\": \"Info\",\n    \"StatusCode\": \"enim in sit i\",\n    \"StatusDesc\": \"in Lorem ut irure\",\n    \"SvcProviderName\": \"ut\",\n    \"Id\": \"adipisicing deserunt et\",\n    \"ServerStatusCode\": \"sunt est incididun\",\n    \"ServerStatusDesc\": \"sit incididunt\",\n    \"OvrdExceptionInd\": false,\n    \"SubjectRole\": \"nulla ut\",\n    \"SubjectElement\": [\n      {\n        \"Path\": \"et adipisicing proident\",\n        \"ServerPath\": \"officia\",\n        \"Value\": \"adipisicing aliqua\"\n      },\n      {\n        \"Path\": \"eu amet Ut enim\",\n        \"ServerPath\": \"sit dolor anim cupidatat laborum\",\n        \"Value\": \"aute consectetur\"\n      }\n    ],\n    \"ContentHTML\": \"esse sunt Excepteur officia eiusmod\",\n    \"AdditionalStatus\": [\n      {\n        \"StatusCode\": \"culpa id\",\n        \"StatusDesc\": \"incididunt officia\",\n        \"Severity\": \"Info\",\n        \"SvcProviderName\": \"consequat adipisicing mollit veniam\",\n        \"ServerStatusCode\": \"reprehender\",\n        \"ServerStatusDesc\": \"anim consectetur Duis incididunt id\",\n        \"OvrdExceptionInd\": true,\n        \"SubjectElement\": [\n          {\n            \"Path\": \"mollit eu et elit\",\n            \"ServerPath\": \"nisi Duis Ut voluptate exercitation\",\n            \"Value\": \"Ut eu\"\n          },\n          {\n            \"Path\": \"nulla nisi et\",\n            \"ServerPath\": \"quis Excepteur nulla\",\n            \"Value\": \"consequat nostrud quis deserunt\"\n          }\n        ]\n      },\n      {\n        \"StatusCode\": \"labo\",\n        \"StatusDesc\": \"culpa\",\n        \"Severity\": \"Info\",\n        \"SvcProviderName\": \"do non esse\",\n        \"ServerStatusCode\": \"voluptate p\",\n        \"ServerStatusDesc\": \"dolore do aliqua\",\n        \"OvrdExceptionInd\": true,\n        \"SubjectElement\": [\n          {\n            \"Path\": \"velit consectetur aliquip\",\n            \"ServerPath\": \"adipisicing deserunt consectetur\",\n            \"Value\": \"sint Ut eiusmod sunt\"\n          },\n          {\n            \"Path\": \"sunt elit et ut\",\n            \"ServerPath\": \"in\",\n            \"Value\": \"nisi\"\n          }\n        ]\n      }\n    ]\n  },\n  \"Receipt\": {\n    \"TellerIdent\": \"eu venia\",\n    \"TrnAmt\": {\n      \"Amt\": 68140583.59027055\n    },\n    \"AcctBal\": [\n      {\n        \"BalType\": \"Current\",\n        \"CurAmt\": {\n          \"Amt\": 2128196.99066031\n        }\n      },\n      {\n        \"BalType\": \"Current\",\n        \"CurAmt\": {\n          \"Amt\": 62529276.09460753\n        }\n      }\n    ]\n  }\n}","cookie":[],"_postman_previewlanguage":"json"},{"id":"4957da9f-ba5b-4f4a-91dd-572c9c079f94","name":"To view the complete list of response codes, <a href=\"../docs/?path=docs/response-codes.md\" title=\"Click to open\">click here.</a>","originalRequest":{"url":{"path":["creditservice","payments","credits"],"host":["{{baseUrl}}"],"query":[],"variable":[]},"header":[{"disabled":false,"description":"(Required) EFX Header is a common and required component for all API calls, it contains client-related parameters. Please note that the header parameters should be sent as a JSON object under the EFXHeader parameter. To view the list of header parameters, <a href=\"../docs?path=docs/api-ref-EFX-header.md\" title=\"Click to open\"> click here.</a>","key":"EFXHeader","value":"OrganizationId,<string>,TrnId,<string>,VendorId,<string>,Context,[object Object]"},{"key":"Accept","value":"application/json"}],"method":"POST","body":{"mode":"raw","raw":"{\n  \"CreditInfo\": {\n    \"CompositeCurAmt\": [\n      {\n        \"CurAmt\": {\n          \"Amt\": \"<number>\",\n          \"CurCode\": {\n            \"CurCodeValue\": \"<string>\",\n            \"CurCodeType\": \"<string>\"\n          }\n        }\n      },\n      {\n        \"CurAmt\": {\n          \"Amt\": \"<number>\",\n          \"CurCode\": {\n            \"CurCodeValue\": \"<string>\",\n            \"CurCodeType\": \"<string>\"\n          }\n        }\n      }\n    ],\n    \"CreditType\": \"<string>\",\n    \"AcctRef\": {\n      \"AcctKeys\": {\n        \"AcctId\": \"<string>\",\n        \"AcctType\": \"<string>\"\n      }\n    }\n  },\n  \"OvrdExceptionData\": {\n    \"OvrdAutoAckInd\": \"<boolean>\"\n  }\n}","options":{"raw":{"language":"json"}}}},"status":"Internal Server Error","code":500,"header":[{"key":"Content-Type","value":"application/json"}],"body":"{\n  \"CreditStatusRec\": {\n    \"CreditStatus\": {\n      \"CreditStatusCode\": \"Posted\",\n      \"EffDt\": \"9893-63-49\"\n    },\n    \"CreditKeys\": {\n      \"AcctKeys\": {\n        \"AcctId\": \"dolor Duis ut consectetur\",\n        \"AcctType\": \"GLA\"\n      }\n    }\n  },\n  \"Status\": {\n    \"Severity\": \"Error\",\n    \"StatusCode\": \"q\",\n    \"StatusDesc\": \"ipsum e\",\n    \"SvcProviderName\": \"Duis Lorem\",\n    \"Id\": \"fugiat eu sit\",\n    \"ServerStatusCode\": \"do es\",\n    \"ServerStatusDesc\": \"in Duis nostrud veniam pariatur\",\n    \"OvrdExceptionInd\": false,\n    \"SubjectRole\": \"Lorem\",\n    \"SubjectElement\": [\n      {\n        \"Path\": \"et velit eiusmod\",\n        \"ServerPath\": \"nulla sed\",\n        \"Value\": \"Ut dolor adipisicing\"\n      },\n      {\n        \"Path\": \"ullamco\",\n        \"ServerPath\": \"et in amet sint\",\n        \"Value\": \"Duis Ut velit Lorem dolore\"\n      }\n    ],\n    \"ContentHTML\": \"d\",\n    \"AdditionalStatus\": [\n      {\n        \"StatusCode\": \"et\",\n        \"StatusDesc\": \"labore ullamco\",\n        \"Severity\": \"Error\",\n        \"SvcProviderName\": \"o\",\n        \"ServerStatusCode\": \"pro\",\n        \"ServerStatusDesc\": \"officia voluptate\",\n        \"OvrdExceptionInd\": false,\n        \"SubjectElement\": [\n          {\n            \"Path\": \"est do\",\n            \"ServerPath\": \"ad exercitation con\",\n            \"Value\": \"ull\"\n          },\n          {\n            \"Path\": \"aute ea\",\n            \"ServerPath\": \"dolore\",\n            \"Value\": \"eu dolore\"\n          }\n        ]\n      },\n      {\n        \"StatusCode\": \"et dolor\",\n        \"StatusDesc\": \"eu do occaecat consequat\",\n        \"Severity\": \"Warning\",\n        \"SvcProviderName\": \"incididunt in laboris non\",\n        \"ServerStatusCode\": \"minim aliqua\",\n        \"ServerStatusDesc\": \"laboris\",\n        \"OvrdExceptionInd\": true,\n        \"SubjectElement\": [\n          {\n            \"Path\": \"irure qui e\",\n            \"ServerPath\": \"Excepteur exercitation laborum\",\n            \"Value\": \"officia consequat sed ex\"\n          },\n          {\n            \"Path\": \"incididunt Excepteur consectetur eu sit\",\n            \"ServerPath\": \"quis occaecat commodo\",\n            \"Value\": \"id voluptate\"\n          }\n        ]\n      }\n    ]\n  },\n  \"Receipt\": {\n    \"TellerIdent\": \"ut culpa sit quis est\",\n    \"TrnAmt\": {\n      \"Amt\": -74345785.51878533\n    },\n    \"AcctBal\": [\n      {\n        \"BalType\": \"Current\",\n        \"CurAmt\": {\n          \"Amt\": 27368065.012550786\n        }\n      },\n      {\n        \"BalType\": \"Current\",\n        \"CurAmt\": {\n          \"Amt\": -89835457.1794962\n        }\n      }\n    ]\n  }\n}","cookie":[],"_postman_previewlanguage":"json"}],"event":[],"protocolProfileBehavior":{"disableBodyPruning":true}}],"event":[],"variable":[{"type":"string","value":"/","key":"baseUrl"}],"info":{"_postman_id":"c86c2363-78cb-4be6-9344-1f41e0c76f01","name":"Credit Service","schema":"https://schema.getpostman.com/json/collection/v2.1.0/collection.json","description":{"content":"The Credit service is used to add or reverse credit entry for a specified loan or deposit product account. <br>\n    This service helps to reverse from or post credit entry to the beneficiary or receiver’s account for specific types of payments including wire transfers plus fees.","type":"text/plain"}}}