{"item":[{"id":"201d4194-3fc5-40ef-930d-24364089e2a8","name":"Reverse Credit","request":{"name":"Reverse Credit","description":{"content":"Reverse Credit API reverses the previously processed credit transaction in an account for General Ledger Accounts (GLA). This API reverses the effect of the Add Credit API. This API is used for the teller transactions. <br> <br> To download the API Specifications and Postman Collection, click <a href=\"../docs/?path=docs/resources/resources.md\" title=\"Click to open\">Resources</a>.","type":"text/plain"},"url":{"path":["creditservice","payments","credits"],"host":["{{baseUrl}}"],"query":[],"variable":[]},"header":[{"disabled":false,"description":"(Required) EFX Header is a common and required component for all API calls, it contains client-related parameters. Please note that the header parameters should be sent as a JSON object under the EFXHeader parameter. To view the list of header parameters, <a href=\"../docs?path=docs/api-ref-EFX-header.md\" title=\"Click to open\"> click here.</a>","key":"EFXHeader","value":"OrganizationId,<string>,TrnId,<string>,VendorId,<string>,Context,[object Object]"},{"key":"Content-Type","value":"application/json"},{"key":"Accept","value":"application/json"}],"method":"PUT","auth":null,"body":{"mode":"raw","raw":"{\n  \"CreditInfo\": {\n    \"CompositeCurAmt\": [\n      {\n        \"CurAmt\": {\n          \"Amt\": \"<number>\",\n          \"CurCode\": {\n            \"CurCodeValue\": \"<string>\",\n            \"CurCodeType\": \"<string>\"\n          }\n        },\n        \"SpecialHandling\": \"Journal\",\n        \"RefData\": {\n          \"RefType\": \"<string>\",\n          \"RefIdent\": \"<string>\"\n        }\n      },\n      {\n        \"CurAmt\": {\n          \"Amt\": \"<number>\",\n          \"CurCode\": {\n            \"CurCodeValue\": \"<string>\",\n            \"CurCodeType\": \"<string>\"\n          }\n        },\n        \"SpecialHandling\": \"Journal\",\n        \"RefData\": {\n          \"RefType\": \"<string>\",\n          \"RefIdent\": \"<string>\"\n        }\n      }\n    ],\n    \"CreditType\": \"<string>\",\n    \"EffDt\": \"<string>\",\n    \"OtherAcctRef\": {\n      \"AcctKeys\": {\n        \"AcctId\": \"<string>\",\n        \"AcctType\": \"<string>\"\n      }\n    },\n    \"CashInData\": [\n      {\n        \"CashAmt\": {\n          \"Amt\": \"<number>\",\n          \"CurCode\": {\n            \"CurCodeValue\": \"<string>\",\n            \"CurCodeType\": \"<string>\"\n          }\n        }\n      },\n      {\n        \"CashAmt\": {\n          \"Amt\": \"<number>\",\n          \"CurCode\": {\n            \"CurCodeValue\": \"<string>\",\n            \"CurCodeType\": \"<string>\"\n          }\n        }\n      }\n    ],\n    \"CashOutData\": [\n      {\n        \"CashAmt\": {\n          \"Amt\": \"<number>\",\n          \"CurCode\": {\n            \"CurCodeValue\": \"<string>\",\n            \"CurCodeType\": \"<string>\"\n          }\n        }\n      },\n      {\n        \"CashAmt\": {\n          \"Amt\": \"<number>\",\n          \"CurCode\": {\n            \"CurCodeValue\": \"<string>\",\n            \"CurCodeType\": \"<string>\"\n          }\n        }\n      }\n    ],\n    \"ChkInData\": [\n      {\n        \"ChkEnteredAmt\": {\n          \"Amt\": \"<number>\",\n          \"CurCode\": {\n            \"CurCodeValue\": \"<string>\",\n            \"CurCodeType\": \"<string>\"\n          }\n        }\n      },\n      {\n        \"ChkEnteredAmt\": {\n          \"Amt\": \"<number>\",\n          \"CurCode\": {\n            \"CurCodeValue\": \"<string>\",\n            \"CurCodeType\": \"<string>\"\n          }\n        }\n      }\n    ],\n    \"OtherFundsInAmt\": {\n      \"Amt\": \"<number>\",\n      \"CurCode\": {\n        \"CurCodeValue\": \"<string>\",\n        \"CurCodeType\": \"<string>\"\n      }\n    },\n    \"OtherFundsOutAmt\": {\n      \"Amt\": \"<number>\",\n      \"CurCode\": {\n        \"CurCodeValue\": \"<string>\",\n        \"CurCodeType\": \"<string>\"\n      }\n    }\n  },\n  \"CreditKeys\": {\n    \"CreditId\": \"<string>\",\n    \"AcctKeys\": {\n      \"AcctId\": \"<string>\",\n      \"SubAcctId\": \"<string>\",\n      \"AcctType\": \"<string>\"\n    }\n  },\n  \"RevReasonCode\": \"<string>\"\n}","options":{"raw":{"language":"json"}}}},"response":[{"id":"90311e7f-0e09-48e5-9a6f-3aedc4ea08b6","name":"Success","originalRequest":{"url":{"path":["creditservice","payments","credits"],"host":["{{baseUrl}}"],"query":[],"variable":[]},"header":[{"disabled":false,"description":"(Required) EFX Header is a common and required component for all API calls, it contains client-related parameters. Please note that the header parameters should be sent as a JSON object under the EFXHeader parameter. To view the list of header parameters, <a href=\"../docs?path=docs/api-ref-EFX-header.md\" title=\"Click to open\"> click here.</a>","key":"EFXHeader","value":"OrganizationId,<string>,TrnId,<string>,VendorId,<string>,Context,[object Object]"},{"key":"Accept","value":"application/json"}],"method":"PUT","body":{"mode":"raw","raw":"{\n  \"CreditInfo\": {\n    \"CompositeCurAmt\": [\n      {\n        \"CurAmt\": {\n          \"Amt\": \"<number>\",\n          \"CurCode\": {\n            \"CurCodeValue\": \"<string>\",\n            \"CurCodeType\": \"<string>\"\n          }\n        },\n        \"SpecialHandling\": \"Journal\",\n        \"RefData\": {\n          \"RefType\": \"<string>\",\n          \"RefIdent\": \"<string>\"\n        }\n      },\n      {\n        \"CurAmt\": {\n          \"Amt\": \"<number>\",\n          \"CurCode\": {\n            \"CurCodeValue\": \"<string>\",\n            \"CurCodeType\": \"<string>\"\n          }\n        },\n        \"SpecialHandling\": \"Journal\",\n        \"RefData\": {\n          \"RefType\": \"<string>\",\n          \"RefIdent\": \"<string>\"\n        }\n      }\n    ],\n    \"CreditType\": \"<string>\",\n    \"EffDt\": \"<string>\",\n    \"OtherAcctRef\": {\n      \"AcctKeys\": {\n        \"AcctId\": \"<string>\",\n        \"AcctType\": \"<string>\"\n      }\n    },\n    \"CashInData\": [\n      {\n        \"CashAmt\": {\n          \"Amt\": \"<number>\",\n          \"CurCode\": {\n            \"CurCodeValue\": \"<string>\",\n            \"CurCodeType\": \"<string>\"\n          }\n        }\n      },\n      {\n        \"CashAmt\": {\n          \"Amt\": \"<number>\",\n          \"CurCode\": {\n            \"CurCodeValue\": \"<string>\",\n            \"CurCodeType\": \"<string>\"\n          }\n        }\n      }\n    ],\n    \"CashOutData\": [\n      {\n        \"CashAmt\": {\n          \"Amt\": \"<number>\",\n          \"CurCode\": {\n            \"CurCodeValue\": \"<string>\",\n            \"CurCodeType\": \"<string>\"\n          }\n        }\n      },\n      {\n        \"CashAmt\": {\n          \"Amt\": \"<number>\",\n          \"CurCode\": {\n            \"CurCodeValue\": \"<string>\",\n            \"CurCodeType\": \"<string>\"\n          }\n        }\n      }\n    ],\n    \"ChkInData\": [\n      {\n        \"ChkEnteredAmt\": {\n          \"Amt\": \"<number>\",\n          \"CurCode\": {\n            \"CurCodeValue\": \"<string>\",\n            \"CurCodeType\": \"<string>\"\n          }\n        }\n      },\n      {\n        \"ChkEnteredAmt\": {\n          \"Amt\": \"<number>\",\n          \"CurCode\": {\n            \"CurCodeValue\": \"<string>\",\n            \"CurCodeType\": \"<string>\"\n          }\n        }\n      }\n    ],\n    \"OtherFundsInAmt\": {\n      \"Amt\": \"<number>\",\n      \"CurCode\": {\n        \"CurCodeValue\": \"<string>\",\n        \"CurCodeType\": \"<string>\"\n      }\n    },\n    \"OtherFundsOutAmt\": {\n      \"Amt\": \"<number>\",\n      \"CurCode\": {\n        \"CurCodeValue\": \"<string>\",\n        \"CurCodeType\": \"<string>\"\n      }\n    }\n  },\n  \"CreditKeys\": {\n    \"CreditId\": \"<string>\",\n    \"AcctKeys\": {\n      \"AcctId\": \"<string>\",\n      \"SubAcctId\": \"<string>\",\n      \"AcctType\": \"<string>\"\n    }\n  },\n  \"RevReasonCode\": \"<string>\"\n}","options":{"raw":{"language":"json"}}}},"status":"OK","code":200,"header":[{"key":"Content-Type","value":"application/json"}],"body":"{\n  \"CreditStatusRec\": {\n    \"CreditStatus\": {\n      \"CreditStatusCode\": \"Valid\",\n      \"EffDt\": \"7740-49-57T19:20\"\n    },\n    \"CreditKeys\": {\n      \"AcctKeys\": {\n        \"AcctId\": \"in esse quis eiu\",\n        \"SubAcctId\": \"officia velit ea\",\n        \"AcctType\": \"To Be Defined\"\n      }\n    }\n  },\n  \"Status\": {\n    \"Severity\": \"Warning\",\n    \"StatusCode\": \"enim minim ipsum\",\n    \"StatusDesc\": \"magna ullamco laborum\",\n    \"SvcProviderName\": \"esse irure\",\n    \"Id\": \"Duis culpa laborum\",\n    \"ServerStatusCode\": \"velit elit\",\n    \"ServerStatusDesc\": \"minim consectetur aliquip dolore\",\n    \"OvrdExceptionInd\": true,\n    \"SubjectRole\": \"commodo\",\n    \"SubjectElement\": [\n      {\n        \"Path\": \"non cillum culpa laborum\",\n        \"ServerPath\": \"amet nostrud cupidatat deserun\",\n        \"Value\": \"in adipisicing\"\n      },\n      {\n        \"Path\": \"sunt ullamco non\",\n        \"ServerPath\": \"commodo sed\",\n        \"Value\": \"velit laboris ad ea\"\n      }\n    ],\n    \"ContentHTML\": \"et culpa laborum quis\",\n    \"AdditionalStatus\": [\n      {\n        \"StatusCode\": \"an\",\n        \"StatusDesc\": \"do sunt velit non in\",\n        \"Severity\": \"Info\",\n        \"SvcProviderName\": \"culpa aute\",\n        \"ServerStatusCode\": \"ut in in\",\n        \"ServerStatusDesc\": \"sunt ex cillum eiusmod\",\n        \"OvrdExceptionInd\": false,\n        \"SubjectElement\": [\n          {\n            \"Path\": \"magna u\",\n            \"ServerPath\": \"dolore ullamco\",\n            \"Value\": \"occaecat cillum\"\n          },\n          {\n            \"Path\": \"nisi minim reprehenderit\",\n            \"ServerPath\": \"esse nisi proident in\",\n            \"Value\": \"laborum et\"\n          }\n        ]\n      },\n      {\n        \"StatusCode\": \"incididunt\",\n        \"StatusDesc\": \"Duis eu\",\n        \"Severity\": \"Info\",\n        \"SvcProviderName\": \"consequat id\",\n        \"ServerStatusCode\": \"est ess\",\n        \"ServerStatusDesc\": \"ut ex\",\n        \"OvrdExceptionInd\": false,\n        \"SubjectElement\": [\n          {\n            \"Path\": \"non sit irure\",\n            \"ServerPath\": \"quis labore ipsum\",\n            \"Value\": \"ut aliquip minim sed\"\n          },\n          {\n            \"Path\": \"magna incididunt Excepteur qui\",\n            \"ServerPath\": \"mollit ullamco non\",\n            \"Value\": \"tempor Duis est in\"\n          }\n        ]\n      }\n    ]\n  },\n  \"AcctInfoDtl\": {\n    \"AcctHoldInfo\": [\n      {\n        \"AcctRef\": {\n          \"AcctKeys\": {\n            \"AcctId\": \"dolor ut ad\",\n            \"SubAcctId\": \"labore anim ex\",\n            \"AcctType\": \"velit\"\n          }\n        }\n      },\n      {\n        \"AcctRef\": {\n          \"AcctKeys\": {\n            \"AcctId\": \"anim in al\",\n            \"SubAcctId\": \"laboris\",\n            \"AcctType\": \"amet ad esse dolore\"\n          }\n        }\n      }\n    ]\n  }\n}","cookie":[],"_postman_previewlanguage":"json"},{"id":"79c62ebe-64c0-42b4-a655-781da1a09c1a","name":"To view the complete list of response codes, <a href=\"../docs/?path=docs/response-codes.md\" title=\"Click to open\">click here.</a>","originalRequest":{"url":{"path":["creditservice","payments","credits"],"host":["{{baseUrl}}"],"query":[],"variable":[]},"header":[{"disabled":false,"description":"(Required) EFX Header is a common and required component for all API calls, it contains client-related parameters. Please note that the header parameters should be sent as a JSON object under the EFXHeader parameter. To view the list of header parameters, <a href=\"../docs?path=docs/api-ref-EFX-header.md\" title=\"Click to open\"> click here.</a>","key":"EFXHeader","value":"OrganizationId,<string>,TrnId,<string>,VendorId,<string>,Context,[object Object]"},{"key":"Accept","value":"application/json"}],"method":"PUT","body":{"mode":"raw","raw":"{\n  \"CreditInfo\": {\n    \"CompositeCurAmt\": [\n      {\n        \"CurAmt\": {\n          \"Amt\": \"<number>\",\n          \"CurCode\": {\n            \"CurCodeValue\": \"<string>\",\n            \"CurCodeType\": \"<string>\"\n          }\n        },\n        \"SpecialHandling\": \"Journal\",\n        \"RefData\": {\n          \"RefType\": \"<string>\",\n          \"RefIdent\": \"<string>\"\n        }\n      },\n      {\n        \"CurAmt\": {\n          \"Amt\": \"<number>\",\n          \"CurCode\": {\n            \"CurCodeValue\": \"<string>\",\n            \"CurCodeType\": \"<string>\"\n          }\n        },\n        \"SpecialHandling\": \"Journal\",\n        \"RefData\": {\n          \"RefType\": \"<string>\",\n          \"RefIdent\": \"<string>\"\n        }\n      }\n    ],\n    \"CreditType\": \"<string>\",\n    \"EffDt\": \"<string>\",\n    \"OtherAcctRef\": {\n      \"AcctKeys\": {\n        \"AcctId\": \"<string>\",\n        \"AcctType\": \"<string>\"\n      }\n    },\n    \"CashInData\": [\n      {\n        \"CashAmt\": {\n          \"Amt\": \"<number>\",\n          \"CurCode\": {\n            \"CurCodeValue\": \"<string>\",\n            \"CurCodeType\": \"<string>\"\n          }\n        }\n      },\n      {\n        \"CashAmt\": {\n          \"Amt\": \"<number>\",\n          \"CurCode\": {\n            \"CurCodeValue\": \"<string>\",\n            \"CurCodeType\": \"<string>\"\n          }\n        }\n      }\n    ],\n    \"CashOutData\": [\n      {\n        \"CashAmt\": {\n          \"Amt\": \"<number>\",\n          \"CurCode\": {\n            \"CurCodeValue\": \"<string>\",\n            \"CurCodeType\": \"<string>\"\n          }\n        }\n      },\n      {\n        \"CashAmt\": {\n          \"Amt\": \"<number>\",\n          \"CurCode\": {\n            \"CurCodeValue\": \"<string>\",\n            \"CurCodeType\": \"<string>\"\n          }\n        }\n      }\n    ],\n    \"ChkInData\": [\n      {\n        \"ChkEnteredAmt\": {\n          \"Amt\": \"<number>\",\n          \"CurCode\": {\n            \"CurCodeValue\": \"<string>\",\n            \"CurCodeType\": \"<string>\"\n          }\n        }\n      },\n      {\n        \"ChkEnteredAmt\": {\n          \"Amt\": \"<number>\",\n          \"CurCode\": {\n            \"CurCodeValue\": \"<string>\",\n            \"CurCodeType\": \"<string>\"\n          }\n        }\n      }\n    ],\n    \"OtherFundsInAmt\": {\n      \"Amt\": \"<number>\",\n      \"CurCode\": {\n        \"CurCodeValue\": \"<string>\",\n        \"CurCodeType\": \"<string>\"\n      }\n    },\n    \"OtherFundsOutAmt\": {\n      \"Amt\": \"<number>\",\n      \"CurCode\": {\n        \"CurCodeValue\": \"<string>\",\n        \"CurCodeType\": \"<string>\"\n      }\n    }\n  },\n  \"CreditKeys\": {\n    \"CreditId\": \"<string>\",\n    \"AcctKeys\": {\n      \"AcctId\": \"<string>\",\n      \"SubAcctId\": \"<string>\",\n      \"AcctType\": \"<string>\"\n    }\n  },\n  \"RevReasonCode\": \"<string>\"\n}","options":{"raw":{"language":"json"}}}},"status":"Internal Server Error","code":500,"header":[{"key":"Content-Type","value":"application/json"}],"body":"{\n  \"CreditStatusRec\": {\n    \"CreditStatus\": {\n      \"CreditStatusCode\": \"Valid\",\n      \"EffDt\": \"8226-90-33T04:44\"\n    },\n    \"CreditKeys\": {\n      \"AcctKeys\": {\n        \"AcctId\": \"ea incididunt\",\n        \"SubAcctId\": \"Lorem anim ea nostrud mi\",\n        \"AcctType\": \"To Be Defined\"\n      }\n    }\n  },\n  \"Status\": {\n    \"Severity\": \"Info\",\n    \"StatusCode\": \"anim est\",\n    \"StatusDesc\": \"ipsum ea \",\n    \"SvcProviderName\": \"aliquip dolor amet\",\n    \"Id\": \"nulla ea \",\n    \"ServerStatusCode\": \"qui sit\",\n    \"ServerStatusDesc\": \"sit cillum dolore\",\n    \"OvrdExceptionInd\": true,\n    \"SubjectRole\": \"nisi eiusmod\",\n    \"SubjectElement\": [\n      {\n        \"Path\": \"velit aliqua\",\n        \"ServerPath\": \"pariatur consequat proident\",\n        \"Value\": \"magna proident mollit veniam\"\n      },\n      {\n        \"Path\": \"reprehenderit laboris\",\n        \"ServerPath\": \"proident sunt\",\n        \"Value\": \"ipsum laboris ullamco commodo\"\n      }\n    ],\n    \"ContentHTML\": \"ipsum Lorem\",\n    \"AdditionalStatus\": [\n      {\n        \"StatusCode\": \"anim tempor\",\n        \"StatusDesc\": \"aliqua velit\",\n        \"Severity\": \"Info\",\n        \"SvcProviderName\": \"sunt occaecat offic\",\n        \"ServerStatusCode\": \"quis\",\n        \"ServerStatusDesc\": \"Duis\",\n        \"OvrdExceptionInd\": false,\n        \"SubjectElement\": [\n          {\n            \"Path\": \"eiusmod do ut officia\",\n            \"ServerPath\": \"commodo pariatur quis voluptate\",\n            \"Value\": \"labore Duis est\"\n          },\n          {\n            \"Path\": \"aliqua\",\n            \"ServerPath\": \"voluptate anim Ut cillum pariatur\",\n            \"Value\": \"consequat labore officia \"\n          }\n        ]\n      },\n      {\n        \"StatusCode\": \"ame\",\n        \"StatusDesc\": \"ut\",\n        \"Severity\": \"Warning\",\n        \"SvcProviderName\": \"in consectetur dolore fugiat\",\n        \"ServerStatusCode\": \"aliquip enim exerci\",\n        \"ServerStatusDesc\": \"ut labore dolore nisi\",\n        \"OvrdExceptionInd\": true,\n        \"SubjectElement\": [\n          {\n            \"Path\": \"id veniam\",\n            \"ServerPath\": \"in ipsum\",\n            \"Value\": \"ipsum\"\n          },\n          {\n            \"Path\": \"veniam fugiat ut\",\n            \"ServerPath\": \"cupidatat minim dolore aliqua\",\n            \"Value\": \"ut nulla voluptate\"\n          }\n        ]\n      }\n    ]\n  },\n  \"AcctInfoDtl\": {\n    \"AcctHoldInfo\": [\n      {\n        \"AcctRef\": {\n          \"AcctKeys\": {\n            \"AcctId\": \"id proident sit \",\n            \"SubAcctId\": \"aute fugiat\",\n            \"AcctType\": \"exercitation fugiat deserunt in\"\n          }\n        }\n      },\n      {\n        \"AcctRef\": {\n          \"AcctKeys\": {\n            \"AcctId\": \"sit amet id Ut\",\n            \"SubAcctId\": \"incididunt\",\n            \"AcctType\": \"cupidatat\"\n          }\n        }\n      }\n    ]\n  }\n}","cookie":[],"_postman_previewlanguage":"json"}],"event":[],"protocolProfileBehavior":{"disableBodyPruning":true}}],"event":[],"variable":[{"type":"string","value":"/","key":"baseUrl"}],"info":{"_postman_id":"3544e234-3737-45c4-ac97-22d4796bbdf2","name":"Credit Service","schema":"https://schema.getpostman.com/json/collection/v2.1.0/collection.json","description":{"content":"The Credit service is used to add or reverse credit entry for a specified loan or deposit product account. <br>\n    This service helps to reverse from or post credit entry to the beneficiary or receiver’s account for specific types of payments including wire transfers plus fees.","type":"text/plain"}}}