{"item":[{"id":"d310ee8d-4e2f-431a-8b11-164606b721c5","name":"Reverse Credit","request":{"name":"Reverse Credit","description":{"content":"Reverse Credit API reverses the previously processed credit transaction on an account. This API is generally used for a Teller transaction.<br> <br> To download the API Specifications and Postman Collection, click <a href=\"../docs/?path=docs/resources/resources.md\" title=\"Click to open\">Resources</a>.","type":"text/plain"},"url":{"path":["creditservice","payments","credits"],"host":["{{baseUrl}}"],"query":[],"variable":[]},"header":[{"disabled":false,"description":"(Required) EFX Header is a common and required component for all API calls, it contains client-related parameters. Please note that the header parameters should be sent as a JSON object under the EFXHeader parameter. To view the list of header parameters, <a href=\"../docs?path=docs/api-ref-EFX-header.md\" title=\"Click to open\"> click here.</a>","key":"EFXHeader","value":"OrganizationId,<string>,TrnId,<string>,VendorId,<string>,Context,[object Object]"},{"key":"Content-Type","value":"application/json"},{"key":"Accept","value":"application/json"}],"method":"PUT","auth":null,"body":{"mode":"raw","raw":"{\n  \"CreditInfo\": {\n    \"CompositeCurAmt\": [\n      {\n        \"CurAmt\": {\n          \"Amt\": \"<number>\",\n          \"CurCode\": {\n            \"CurCodeValue\": \"<string>\",\n            \"CurCodeType\": \"<string>\"\n          }\n        },\n        \"CompositeCurAmtType\": \"<string>\",\n        \"SpecialHandling\": \"NoOffset\",\n        \"RefData\": {\n          \"RefType\": \"<string>\",\n          \"RefIdent\": \"<string>\"\n        }\n      },\n      {\n        \"CurAmt\": {\n          \"Amt\": \"<number>\",\n          \"CurCode\": {\n            \"CurCodeValue\": \"<string>\",\n            \"CurCodeType\": \"<string>\"\n          }\n        },\n        \"CompositeCurAmtType\": \"<string>\",\n        \"SpecialHandling\": \"ReversalOffset\",\n        \"RefData\": {\n          \"RefType\": \"<string>\",\n          \"RefIdent\": \"<string>\"\n        }\n      }\n    ],\n    \"CreditType\": \"<string>\",\n    \"EffDt\": \"<string>\"\n  },\n  \"CreditKeys\": {\n    \"AcctKeys\": {\n      \"AcctId\": \"<string>\",\n      \"AcctType\": \"<string>\"\n    }\n  },\n  \"OvrdExceptionData\": {\n    \"OvrdAutoAckInd\": \"<boolean>\"\n  }\n}","options":{"raw":{"language":"json"}}}},"response":[{"id":"88b70f12-909f-4ac7-9986-4daa9b133916","name":"Success","originalRequest":{"url":{"path":["creditservice","payments","credits"],"host":["{{baseUrl}}"],"query":[],"variable":[]},"header":[{"disabled":false,"description":"(Required) EFX Header is a common and required component for all API calls, it contains client-related parameters. Please note that the header parameters should be sent as a JSON object under the EFXHeader parameter. To view the list of header parameters, <a href=\"../docs?path=docs/api-ref-EFX-header.md\" title=\"Click to open\"> click here.</a>","key":"EFXHeader","value":"OrganizationId,<string>,TrnId,<string>,VendorId,<string>,Context,[object Object]"},{"key":"Accept","value":"application/json"}],"method":"PUT","body":{"mode":"raw","raw":"{\n  \"CreditInfo\": {\n    \"CompositeCurAmt\": [\n      {\n        \"CurAmt\": {\n          \"Amt\": \"<number>\",\n          \"CurCode\": {\n            \"CurCodeValue\": \"<string>\",\n            \"CurCodeType\": \"<string>\"\n          }\n        },\n        \"CompositeCurAmtType\": \"<string>\",\n        \"SpecialHandling\": \"ReversalOffset\",\n        \"RefData\": {\n          \"RefType\": \"<string>\",\n          \"RefIdent\": \"<string>\"\n        }\n      },\n      {\n        \"CurAmt\": {\n          \"Amt\": \"<number>\",\n          \"CurCode\": {\n            \"CurCodeValue\": \"<string>\",\n            \"CurCodeType\": \"<string>\"\n          }\n        },\n        \"CompositeCurAmtType\": \"<string>\",\n        \"SpecialHandling\": \"ReversalOffset\",\n        \"RefData\": {\n          \"RefType\": \"<string>\",\n          \"RefIdent\": \"<string>\"\n        }\n      }\n    ],\n    \"CreditType\": \"<string>\",\n    \"EffDt\": \"<string>\"\n  },\n  \"CreditKeys\": {\n    \"AcctKeys\": {\n      \"AcctId\": \"<string>\",\n      \"AcctType\": \"<string>\"\n    }\n  },\n  \"OvrdExceptionData\": {\n    \"OvrdAutoAckInd\": \"<boolean>\"\n  }\n}","options":{"raw":{"language":"json"}}}},"status":"OK","code":200,"header":[{"key":"Content-Type","value":"application/json"}],"body":"{\n  \"CreditStatusRec\": {\n    \"CreditStatus\": {\n      \"CreditStatusCode\": \"Reversed\",\n      \"EffDt\": \"9598-99-90T87:97\"\n    },\n    \"CreditKeys\": {\n      \"AcctKeys\": {\n        \"AcctId\": \"ut ex voluptate\",\n        \"AcctType\": \"CLA\"\n      }\n    }\n  },\n  \"Status\": {\n    \"Severity\": \"Info\",\n    \"StatusCode\": \"do\",\n    \"StatusDesc\": \"amet\",\n    \"SvcProviderName\": \"ex proident eu\",\n    \"Id\": \"sit sunt et\",\n    \"ServerStatusCode\": \"consec\",\n    \"ServerStatusDesc\": \"velit\",\n    \"OvrdExceptionInd\": true,\n    \"SubjectRole\": \"elit eiusmod laboris\",\n    \"SubjectElement\": [\n      {\n        \"Path\": \"est consectetur\",\n        \"ServerPath\": \"velit anim sint\",\n        \"Value\": \"in exercitation fugiat laborum\"\n      },\n      {\n        \"Path\": \"ex nisi\",\n        \"ServerPath\": \"Lorem\",\n        \"Value\": \"in ad Duis sunt anim\"\n      }\n    ],\n    \"ContentHTML\": \"commodo mollit\",\n    \"AdditionalStatus\": [\n      {\n        \"StatusCode\": \"nisi ad aliquip\",\n        \"StatusDesc\": \"enim exercitation fugiat\",\n        \"Severity\": \"Info\",\n        \"SvcProviderName\": \"anim in\",\n        \"ServerStatusCode\": \"culpa elit\",\n        \"ServerStatusDesc\": \"laboris Duis voluptate\",\n        \"OvrdExceptionInd\": true,\n        \"SubjectElement\": [\n          {\n            \"Path\": \"est ullamco elit tempor Ut\",\n            \"ServerPath\": \"dolor consec\",\n            \"Value\": \"cupidatat non consequat\"\n          },\n          {\n            \"Path\": \"in tempor Ut\",\n            \"ServerPath\": \"voluptate\",\n            \"Value\": \"dolore reprehenderit ea\"\n          }\n        ]\n      },\n      {\n        \"StatusCode\": \"culpa \",\n        \"StatusDesc\": \"velit qui elit\",\n        \"Severity\": \"Warning\",\n        \"SvcProviderName\": \"Ut voluptate cupidatat\",\n        \"ServerStatusCode\": \"esse\",\n        \"ServerStatusDesc\": \"est Lorem incididunt\",\n        \"OvrdExceptionInd\": false,\n        \"SubjectElement\": [\n          {\n            \"Path\": \"dolore\",\n            \"ServerPath\": \"in consectetur\",\n            \"Value\": \"ut sit\"\n          },\n          {\n            \"Path\": \"in occaecat in incidi\",\n            \"ServerPath\": \"consectetur irure sed\",\n            \"Value\": \"dolore consectetur sit officia ut\"\n          }\n        ]\n      }\n    ]\n  },\n  \"Receipt\": {\n    \"Name\": \"occaecat ad nulla amet in\",\n    \"TellerIdent\": \"fugiat\",\n    \"TrnAmt\": {\n      \"Amt\": -99036273.03293847,\n      \"CurCode\": {\n        \"CurCodeValue\": \"<string>\",\n        \"CurCodeType\": \"<string>\"\n      }\n    },\n    \"AcctBal\": [\n      {\n        \"BalType\": \"Current\",\n        \"CurAmt\": {\n          \"Amt\": 19688634.22967191,\n          \"CurCode\": {\n            \"CurCodeValue\": \"<string>\",\n            \"CurCodeType\": \"<string>\"\n          }\n        }\n      },\n      {\n        \"BalType\": \"Current\",\n        \"CurAmt\": {\n          \"Amt\": -46434840.700379886,\n          \"CurCode\": {\n            \"CurCodeValue\": \"<string>\",\n            \"CurCodeType\": \"<string>\"\n          }\n        }\n      }\n    ],\n    \"ReceiptDtl\": {\n      \"CompositeCurAmt\": [\n        {\n          \"CurAmt\": {\n            \"Amt\": 11501060.180488005,\n            \"CurCode\": {\n              \"CurCodeValue\": \"<string>\",\n              \"CurCodeType\": \"<string>\"\n            }\n          },\n          \"CompositeCurAmtType\": \"LateFee\"\n        },\n        {\n          \"CurAmt\": {\n            \"Amt\": 66716523.01807928,\n            \"CurCode\": {\n              \"CurCodeValue\": \"<string>\",\n              \"CurCodeType\": \"<string>\"\n            }\n          },\n          \"CompositeCurAmtType\": \"Insurance\"\n        }\n      ]\n    }\n  }\n}","cookie":[],"_postman_previewlanguage":"json"},{"id":"9ab4eac1-ac11-4d78-aec3-bbcc067d06f9","name":"To view the complete list of response codes, <a href=\"../docs/?path=docs/response-codes.md\" title=\"Click to open\">click here.</a>","originalRequest":{"url":{"path":["creditservice","payments","credits"],"host":["{{baseUrl}}"],"query":[],"variable":[]},"header":[{"disabled":false,"description":"(Required) EFX Header is a common and required component for all API calls, it contains client-related parameters. Please note that the header parameters should be sent as a JSON object under the EFXHeader parameter. To view the list of header parameters, <a href=\"../docs?path=docs/api-ref-EFX-header.md\" title=\"Click to open\"> click here.</a>","key":"EFXHeader","value":"OrganizationId,<string>,TrnId,<string>,VendorId,<string>,Context,[object Object]"},{"key":"Accept","value":"application/json"}],"method":"PUT","body":{"mode":"raw","raw":"{\n  \"CreditInfo\": {\n    \"CompositeCurAmt\": [\n      {\n        \"CurAmt\": {\n          \"Amt\": \"<number>\",\n          \"CurCode\": {\n            \"CurCodeValue\": \"<string>\",\n            \"CurCodeType\": \"<string>\"\n          }\n        },\n        \"CompositeCurAmtType\": \"<string>\",\n        \"SpecialHandling\": \"ReversalOffset\",\n        \"RefData\": {\n          \"RefType\": \"<string>\",\n          \"RefIdent\": \"<string>\"\n        }\n      },\n      {\n        \"CurAmt\": {\n          \"Amt\": \"<number>\",\n          \"CurCode\": {\n            \"CurCodeValue\": \"<string>\",\n            \"CurCodeType\": \"<string>\"\n          }\n        },\n        \"CompositeCurAmtType\": \"<string>\",\n        \"SpecialHandling\": \"ReversalOffset\",\n        \"RefData\": {\n          \"RefType\": \"<string>\",\n          \"RefIdent\": \"<string>\"\n        }\n      }\n    ],\n    \"CreditType\": \"<string>\",\n    \"EffDt\": \"<string>\"\n  },\n  \"CreditKeys\": {\n    \"AcctKeys\": {\n      \"AcctId\": \"<string>\",\n      \"AcctType\": \"<string>\"\n    }\n  },\n  \"OvrdExceptionData\": {\n    \"OvrdAutoAckInd\": \"<boolean>\"\n  }\n}","options":{"raw":{"language":"json"}}}},"status":"Internal Server Error","code":500,"header":[{"key":"Content-Type","value":"application/json"}],"body":"{\n  \"CreditStatusRec\": {\n    \"CreditStatus\": {\n      \"CreditStatusCode\": \"Reversed\",\n      \"EffDt\": \"9694-58-20T34:47:97\"\n    },\n    \"CreditKeys\": {\n      \"AcctKeys\": {\n        \"AcctId\": \"aliquip null\",\n        \"AcctType\": \"CLA\"\n      }\n    }\n  },\n  \"Status\": {\n    \"Severity\": \"Error\",\n    \"StatusCode\": \"occa\",\n    \"StatusDesc\": \"dolor non ad\",\n    \"SvcProviderName\": \"in deserunt anim\",\n    \"Id\": \"nulla qui incididunt occaecat\",\n    \"ServerStatusCode\": \"Lorem quis\",\n    \"ServerStatusDesc\": \"in consequat\",\n    \"OvrdExceptionInd\": true,\n    \"SubjectRole\": \"nisi voluptate Excepteur\",\n    \"SubjectElement\": [\n      {\n        \"Path\": \"Lorem\",\n        \"ServerPath\": \"irure id aute Ut\",\n        \"Value\": \"nisi laboris ut\"\n      },\n      {\n        \"Path\": \"dolor in\",\n        \"ServerPath\": \"minim tempor\",\n        \"Value\": \"consequat sint do\"\n      }\n    ],\n    \"ContentHTML\": \"consequat anim sunt\",\n    \"AdditionalStatus\": [\n      {\n        \"StatusCode\": \"proident vo\",\n        \"StatusDesc\": \"qui\",\n        \"Severity\": \"Error\",\n        \"SvcProviderName\": \"sint \",\n        \"ServerStatusCode\": \"occaecat ut c\",\n        \"ServerStatusDesc\": \"laboris esse aliquip Duis\",\n        \"OvrdExceptionInd\": false,\n        \"SubjectElement\": [\n          {\n            \"Path\": \"Lorem reprehenderit\",\n            \"ServerPath\": \"nostrud amet\",\n            \"Value\": \"e\"\n          },\n          {\n            \"Path\": \"amet Duis irure consectetur mollit\",\n            \"ServerPath\": \"dolore ex in do\",\n            \"Value\": \"consequat elit\"\n          }\n        ]\n      },\n      {\n        \"StatusCode\": \"offic\",\n        \"StatusDesc\": \"fugiat ullamco\",\n        \"Severity\": \"Error\",\n        \"SvcProviderName\": \"dolore laborum eu\",\n        \"ServerStatusCode\": \"i\",\n        \"ServerStatusDesc\": \"ad aliqua mollit\",\n        \"OvrdExceptionInd\": false,\n        \"SubjectElement\": [\n          {\n            \"Path\": \"\",\n            \"ServerPath\": \"cupidatat irure cillum\",\n            \"Value\": \"cillum officia\"\n          },\n          {\n            \"Path\": \"dolor\",\n            \"ServerPath\": \"culpa\",\n            \"Value\": \"aliqua dolor nisi\"\n          }\n        ]\n      }\n    ]\n  },\n  \"Receipt\": {\n    \"Name\": \"ut qui\",\n    \"TellerIdent\": \"fugiat\",\n    \"TrnAmt\": {\n      \"Amt\": -76624617.11776522,\n      \"CurCode\": {\n        \"CurCodeValue\": \"<string>\",\n        \"CurCodeType\": \"<string>\"\n      }\n    },\n    \"AcctBal\": [\n      {\n        \"BalType\": \"Current\",\n        \"CurAmt\": {\n          \"Amt\": 46850399.22642368,\n          \"CurCode\": {\n            \"CurCodeValue\": \"<string>\",\n            \"CurCodeType\": \"<string>\"\n          }\n        }\n      },\n      {\n        \"BalType\": \"Current\",\n        \"CurAmt\": {\n          \"Amt\": 3803143.27932325,\n          \"CurCode\": {\n            \"CurCodeValue\": \"<string>\",\n            \"CurCodeType\": \"<string>\"\n          }\n        }\n      }\n    ],\n    \"ReceiptDtl\": {\n      \"CompositeCurAmt\": [\n        {\n          \"CurAmt\": {\n            \"Amt\": -2674735.4094204456,\n            \"CurCode\": {\n              \"CurCodeValue\": \"<string>\",\n              \"CurCodeType\": \"<string>\"\n            }\n          },\n          \"CompositeCurAmtType\": \"Principal\"\n        },\n        {\n          \"CurAmt\": {\n            \"Amt\": -53342447.52740278,\n            \"CurCode\": {\n              \"CurCodeValue\": \"<string>\",\n              \"CurCodeType\": \"<string>\"\n            }\n          },\n          \"CompositeCurAmtType\": \"Insurance\"\n        }\n      ]\n    }\n  }\n}","cookie":[],"_postman_previewlanguage":"json"}],"event":[],"protocolProfileBehavior":{"disableBodyPruning":true}}],"event":[],"variable":[{"type":"string","value":"/","key":"baseUrl"}],"info":{"_postman_id":"7e740a3e-1585-445c-9c82-677958e66902","name":"Credit Service","schema":"https://schema.getpostman.com/json/collection/v2.1.0/collection.json","description":{"content":"The Credit service is used to add or reverse credit entry for a specified loan or deposit product account. <br>\n    This service helps to reverse from or post credit entry to the beneficiary or receiver’s account for specific types of payments including wire transfers plus fees.","type":"text/plain"}}}