{"item":[{"id":"be4d4864-91c1-4c1c-9b9f-ac6077730f8e","name":"Reverse Debit","request":{"name":"Reverse Debit","description":{"content":"Reverse Debit API reverses the previously processed debit transaction in an account for General Ledger Accounts (GLA). This API is used for the teller transactions and reverses the effect of the Add Debit API. <br> <br> To download the API Specifications and Postman Collection, click <a href=\"../docs/?path=docs/resources/resources.md\" title=\"Click to open\">Resources</a>.","type":"text/plain"},"url":{"path":["debitservice","payments","debits"],"host":["{{baseUrl}}"],"query":[],"variable":[]},"header":[{"disabled":false,"description":"(Required) EFX Header is a common and required component for all API calls, it contains client-related parameters. Please note that the header parameters should be sent as a JSON object under the EFXHeader parameter. To view the list of header parameters, <a href=\"../docs?path=docs/api-ref-EFX-header.md\" title=\"Click to open\"> click here.</a>","key":"EFXHeader","value":"OrganizationId,<string>,TrnId,<string>,VendorId,<string>,Context,[object Object]"},{"key":"Content-Type","value":"application/json"},{"key":"Accept","value":"application/json"}],"method":"PUT","auth":null,"body":{"mode":"raw","raw":"{\n  \"DebitInfo\": {\n    \"CompositeCurAmt\": [\n      {\n        \"CurAmt\": {\n          \"Amt\": \"<number>\"\n        },\n        \"RefData\": {\n          \"RefType\": \"<string>\",\n          \"RefIdent\": \"<string>\"\n        }\n      },\n      {\n        \"CurAmt\": {\n          \"Amt\": \"<number>\"\n        },\n        \"RefData\": {\n          \"RefType\": \"<string>\",\n          \"RefIdent\": \"<string>\"\n        }\n      }\n    ],\n    \"DebitType\": \"<string>\",\n    \"EffDt\": \"<string>\",\n    \"CashOutData\": [\n      {\n        \"CashAmt\": {\n          \"Amt\": \"<number>\"\n        }\n      },\n      {\n        \"CashAmt\": {\n          \"Amt\": \"<number>\"\n        }\n      }\n    ],\n    \"PayeeData\": {\n      \"Name\": \"<string>\"\n    }\n  },\n  \"RevReasonCode\": \"<string>\",\n  \"DebitKeys\": {\n    \"DebitId\": \"<string>\",\n    \"AcctKeys\": {\n      \"AcctId\": \"<string>\",\n      \"SubAcctId\": \"<string>\",\n      \"AcctType\": \"<string>\"\n    }\n  }\n}","options":{"raw":{"language":"json"}}}},"response":[{"id":"b5b9c8f8-4768-4b30-b30d-abc46830c024","name":"Success","originalRequest":{"url":{"path":["debitservice","payments","debits"],"host":["{{baseUrl}}"],"query":[],"variable":[]},"header":[{"disabled":false,"description":"(Required) EFX Header is a common and required component for all API calls, it contains client-related parameters. Please note that the header parameters should be sent as a JSON object under the EFXHeader parameter. To view the list of header parameters, <a href=\"../docs?path=docs/api-ref-EFX-header.md\" title=\"Click to open\"> click here.</a>","key":"EFXHeader","value":"OrganizationId,<string>,TrnId,<string>,VendorId,<string>,Context,[object Object]"},{"key":"Accept","value":"application/json"}],"method":"PUT","body":{"mode":"raw","raw":"{\n  \"DebitInfo\": {\n    \"CompositeCurAmt\": [\n      {\n        \"CurAmt\": {\n          \"Amt\": \"<number>\"\n        },\n        \"RefData\": {\n          \"RefType\": \"<string>\",\n          \"RefIdent\": \"<string>\"\n        }\n      },\n      {\n        \"CurAmt\": {\n          \"Amt\": \"<number>\"\n        },\n        \"RefData\": {\n          \"RefType\": \"<string>\",\n          \"RefIdent\": \"<string>\"\n        }\n      }\n    ],\n    \"DebitType\": \"<string>\",\n    \"EffDt\": \"<string>\",\n    \"CashOutData\": [\n      {\n        \"CashAmt\": {\n          \"Amt\": \"<number>\"\n        }\n      },\n      {\n        \"CashAmt\": {\n          \"Amt\": \"<number>\"\n        }\n      }\n    ],\n    \"PayeeData\": {\n      \"Name\": \"<string>\"\n    }\n  },\n  \"RevReasonCode\": \"<string>\",\n  \"DebitKeys\": {\n    \"DebitId\": \"<string>\",\n    \"AcctKeys\": {\n      \"AcctId\": \"<string>\",\n      \"SubAcctId\": \"<string>\",\n      \"AcctType\": \"<string>\"\n    }\n  }\n}","options":{"raw":{"language":"json"}}}},"status":"OK","code":200,"header":[{"key":"Content-Type","value":"application/json"}],"body":"{\n  \"Status\": {\n    \"Severity\": \"Warning\",\n    \"StatusCode\": \"est\",\n    \"StatusDesc\": \"pariatur exercitation\",\n    \"SvcProviderName\": \"cillum est\",\n    \"Id\": \"ullamco eu Lorem do incididunt\",\n    \"ServerStatusCode\": \"ut ea laboris amet c\",\n    \"ServerStatusDesc\": \"Ut aliquip\",\n    \"OvrdExceptionInd\": false,\n    \"SubjectRole\": \"enim Duis mollit nu\",\n    \"SubjectElement\": [\n      {\n        \"Path\": \"sed dolor\",\n        \"ServerPath\": \"Ut in dolore\",\n        \"Value\": \"cupidatat anim est voluptate\"\n      },\n      {\n        \"Path\": \"velit i\",\n        \"ServerPath\": \"enim sint\",\n        \"Value\": \"non nostrud elit\"\n      }\n    ],\n    \"ContentHTML\": \"dolor consectetur minim dolore\",\n    \"AdditionalStatus\": [\n      {\n        \"StatusCode\": \"officia culpa con\",\n        \"StatusDesc\": \"amet officia ullamco\",\n        \"Severity\": \"Error\",\n        \"SvcProviderName\": \"dolore\",\n        \"ServerStatusCode\": \"esse\",\n        \"ServerStatusDesc\": \"deserunt nostrud incididunt veniam\",\n        \"OvrdExceptionInd\": true,\n        \"SubjectElement\": [\n          {\n            \"Path\": \"anim culpa in voluptate\",\n            \"ServerPath\": \"enim sint qui\",\n            \"Value\": \"qui velit\"\n          },\n          {\n            \"Path\": \"dolore ea laboris\",\n            \"ServerPath\": \"cillum dolore in\",\n            \"Value\": \"reprehenderit dolore esse do\"\n          }\n        ]\n      },\n      {\n        \"StatusCode\": \"minim co\",\n        \"StatusDesc\": \"sint Excepteur laboris dolor\",\n        \"Severity\": \"Warning\",\n        \"SvcProviderName\": \"sint cillum irure commodo dolor\",\n        \"ServerStatusCode\": \"ali\",\n        \"ServerStatusDesc\": \"sed in\",\n        \"OvrdExceptionInd\": true,\n        \"SubjectElement\": [\n          {\n            \"Path\": \"Excepteur reprehenderit\",\n            \"ServerPath\": \"Excepteur ipsum aliqua in sed\",\n            \"Value\": \"ad\"\n          },\n          {\n            \"Path\": \"in proident deserunt ut\",\n            \"ServerPath\": \"est exercitation dolore\",\n            \"Value\": \"proident nostrud\"\n          }\n        ]\n      }\n    ]\n  }\n}","cookie":[],"_postman_previewlanguage":"json"},{"id":"b2a3caee-3ea1-4633-aa95-edc837777def","name":"To view the complete list of response codes, <a href=\"../docs/?path=docs/response-codes.md\" title=\"Click to open\">click here.</a>","originalRequest":{"url":{"path":["debitservice","payments","debits"],"host":["{{baseUrl}}"],"query":[],"variable":[]},"header":[{"disabled":false,"description":"(Required) EFX Header is a common and required component for all API calls, it contains client-related parameters. Please note that the header parameters should be sent as a JSON object under the EFXHeader parameter. To view the list of header parameters, <a href=\"../docs?path=docs/api-ref-EFX-header.md\" title=\"Click to open\"> click here.</a>","key":"EFXHeader","value":"OrganizationId,<string>,TrnId,<string>,VendorId,<string>,Context,[object Object]"},{"key":"Accept","value":"application/json"}],"method":"PUT","body":{"mode":"raw","raw":"{\n  \"DebitInfo\": {\n    \"CompositeCurAmt\": [\n      {\n        \"CurAmt\": {\n          \"Amt\": \"<number>\"\n        },\n        \"RefData\": {\n          \"RefType\": \"<string>\",\n          \"RefIdent\": \"<string>\"\n        }\n      },\n      {\n        \"CurAmt\": {\n          \"Amt\": \"<number>\"\n        },\n        \"RefData\": {\n          \"RefType\": \"<string>\",\n          \"RefIdent\": \"<string>\"\n        }\n      }\n    ],\n    \"DebitType\": \"<string>\",\n    \"EffDt\": \"<string>\",\n    \"CashOutData\": [\n      {\n        \"CashAmt\": {\n          \"Amt\": \"<number>\"\n        }\n      },\n      {\n        \"CashAmt\": {\n          \"Amt\": \"<number>\"\n        }\n      }\n    ],\n    \"PayeeData\": {\n      \"Name\": \"<string>\"\n    }\n  },\n  \"RevReasonCode\": \"<string>\",\n  \"DebitKeys\": {\n    \"DebitId\": \"<string>\",\n    \"AcctKeys\": {\n      \"AcctId\": \"<string>\",\n      \"SubAcctId\": \"<string>\",\n      \"AcctType\": \"<string>\"\n    }\n  }\n}","options":{"raw":{"language":"json"}}}},"status":"Internal Server Error","code":500,"header":[{"key":"Content-Type","value":"application/json"}],"body":"{\n  \"Status\": {\n    \"Severity\": \"Info\",\n    \"StatusCode\": \"est\",\n    \"StatusDesc\": \"pariatur laborum ad do\",\n    \"SvcProviderName\": \"aliqua id eu fugiat\",\n    \"Id\": \"in mollit\",\n    \"ServerStatusCode\": \"sit offici\",\n    \"ServerStatusDesc\": \"enim amet non ad\",\n    \"OvrdExceptionInd\": false,\n    \"SubjectRole\": \"occaecat laboris\",\n    \"SubjectElement\": [\n      {\n        \"Path\": \"ad eu aliqua incididunt\",\n        \"ServerPath\": \"deserunt\",\n        \"Value\": \"consequat aliquip\"\n      },\n      {\n        \"Path\": \"nostrud anim exercitation\",\n        \"ServerPath\": \"cupidatat\",\n        \"Value\": \"v\"\n      }\n    ],\n    \"ContentHTML\": \"in eiusmod enim dolor\",\n    \"AdditionalStatus\": [\n      {\n        \"StatusCode\": \"sit\",\n        \"StatusDesc\": \"rep\",\n        \"Severity\": \"Error\",\n        \"SvcProviderName\": \"in ut veniam elit incididunt\",\n        \"ServerStatusCode\": \"cupida\",\n        \"ServerStatusDesc\": \"in mollit cillum minim consectetur\",\n        \"OvrdExceptionInd\": false,\n        \"SubjectElement\": [\n          {\n            \"Path\": \"sed qui\",\n            \"ServerPath\": \"est ad eiusmod\",\n            \"Value\": \"dolor amet enim veniam\"\n          },\n          {\n            \"Path\": \"in Duis\",\n            \"ServerPath\": \"tempor sed eu\",\n            \"Value\": \"in laborum qui magna\"\n          }\n        ]\n      },\n      {\n        \"StatusCode\": \"amet tempor\",\n        \"StatusDesc\": \"ea\",\n        \"Severity\": \"Warning\",\n        \"SvcProviderName\": \"cons\",\n        \"ServerStatusCode\": \"\",\n        \"ServerStatusDesc\": \"cillum\",\n        \"OvrdExceptionInd\": true,\n        \"SubjectElement\": [\n          {\n            \"Path\": \"cillum consectetur fugiat veniam\",\n            \"ServerPath\": \"consequat in\",\n            \"Value\": \"dolore exercitation irure cillum\"\n          },\n          {\n            \"Path\": \"aliquip incididunt\",\n            \"ServerPath\": \"ex laborum aliquip pariatur\",\n            \"Value\": \"elit non in\"\n          }\n        ]\n      }\n    ]\n  }\n}","cookie":[],"_postman_previewlanguage":"json"}],"event":[],"protocolProfileBehavior":{"disableBodyPruning":true}}],"event":[],"variable":[{"type":"string","value":"/","key":"baseUrl"}],"info":{"_postman_id":"46676290-c267-49d3-84a1-8d9e37bb3953","name":"Debit Service","schema":"https://schema.getpostman.com/json/collection/v2.1.0/collection.json","description":{"content":"This service domain is the debit facility for Accounts. A debit is performed with the use of a DebitAdd message. \\_The client \\_can use the DebitRev message to reverse the previous debit request.","type":"text/plain"}}}