{"item":[{"id":"d42e20fe-310a-47aa-9d89-1ab5fb333e52","name":"Add Debit.","request":{"name":"Add Debit.","description":{"content":"Add Debit API creates a one-sided transaction where monetary funds are debited/withdrawn from the Individual Retirement Accounts (IRA) for cash, check or disbursements.<br>This API is used for the teller transactions, however the transactions can be a memo-post or real-time post transaction, depending upon the client application processing the transaction. <br> <br> To download the API Specifications and Postman Collection, click <a href=\"../docs/?path=docs/resources/resources.md\" title=\"Click to open\">Resources</a>.","type":"text/plain"},"url":{"path":["debitservice","payments","debits"],"host":["{{baseUrl}}"],"query":[],"variable":[]},"header":[{"disabled":false,"description":"(Required) EFX Header is a common and required component for all API calls, it contains client-related parameters. Please note that the header parameters should be sent as a JSON object under the EFXHeader parameter. To view the list of header parameters, <a href=\"../docs?path=docs/api-ref-EFX-header.md\" title=\"Click to open\"> click here.</a>","key":"EFXHeader","value":"OrganizationId,<string>,TrnId,<string>,VendorId,<string>,Context,[object Object]"},{"key":"Content-Type","value":"application/json"},{"key":"Accept","value":"application/json"}],"method":"POST","auth":null,"body":{"mode":"raw","raw":"{\n  \"DebitInfo\": {\n    \"CompositeCurAmt\": [\n      {\n        \"CurAmt\": {\n          \"Amt\": \"<number>\"\n        },\n        \"CompositeCurAmtType\": \"<string>\",\n        \"CompositeSeqId\": \"<string>\",\n        \"SpecialHandling\": \"FromWdAmt\"\n      },\n      {\n        \"CurAmt\": {\n          \"Amt\": \"<number>\"\n        },\n        \"CompositeCurAmtType\": \"<string>\",\n        \"CompositeSeqId\": \"<string>\",\n        \"SpecialHandling\": \"FromWdAmt\"\n      }\n    ],\n    \"DebitType\": \"<string>\",\n    \"EffDt\": \"<string>\",\n    \"MediaType\": \"<string>\",\n    \"DistributionType\": \"<string>\",\n    \"DistributionYr\": \"<string>\",\n    \"AcctRef\": {\n      \"AcctKeys\": {\n        \"AcctId\": \"<string>\",\n        \"AcctType\": \"<string>\"\n      }\n    },\n    \"CashOutData\": [\n      {\n        \"CashAmt\": {\n          \"Amt\": \"<number>\"\n        }\n      },\n      {\n        \"CashAmt\": {\n          \"Amt\": \"<number>\"\n        }\n      }\n    ],\n    \"MonetaryInstrData\": [\n      {\n        \"MonetaryInstrNum\": \"<string>\",\n        \"MonetaryInstrAmt\": {\n          \"Amt\": \"<number>\"\n        }\n      },\n      {\n        \"MonetaryInstrNum\": \"<string>\",\n        \"MonetaryInstrAmt\": {\n          \"Amt\": \"<number>\"\n        }\n      }\n    ],\n    \"OtherFundsInAmt\": {\n      \"Amt\": \"<number>\"\n    },\n    \"OtherFundsOutAmt\": {\n      \"Amt\": \"<number>\"\n    },\n    \"PayeeData\": {\n      \"Name\": \"<string>\"\n    }\n  }\n}","options":{"raw":{"language":"json"}}}},"response":[{"id":"e5d3f590-089f-43b4-bea8-97c17d7cf89f","name":"Created","originalRequest":{"url":{"path":["debitservice","payments","debits"],"host":["{{baseUrl}}"],"query":[],"variable":[]},"header":[{"disabled":false,"description":"(Required) EFX Header is a common and required component for all API calls, it contains client-related parameters. Please note that the header parameters should be sent as a JSON object under the EFXHeader parameter. To view the list of header parameters, <a href=\"../docs?path=docs/api-ref-EFX-header.md\" title=\"Click to open\"> click here.</a>","key":"EFXHeader","value":"OrganizationId,<string>,TrnId,<string>,VendorId,<string>,Context,[object Object]"},{"key":"Accept","value":"application/json"}],"method":"POST","body":{"mode":"raw","raw":"{\n  \"DebitInfo\": {\n    \"CompositeCurAmt\": [\n      {\n        \"CurAmt\": {\n          \"Amt\": \"<number>\"\n        },\n        \"CompositeCurAmtType\": \"<string>\",\n        \"CompositeSeqId\": \"<string>\",\n        \"SpecialHandling\": \"Interest \"\n      },\n      {\n        \"CurAmt\": {\n          \"Amt\": \"<number>\"\n        },\n        \"CompositeCurAmtType\": \"<string>\",\n        \"CompositeSeqId\": \"<string>\",\n        \"SpecialHandling\": \"Penalty\"\n      }\n    ],\n    \"DebitType\": \"<string>\",\n    \"EffDt\": \"<string>\",\n    \"MediaType\": \"<string>\",\n    \"DistributionType\": \"<string>\",\n    \"DistributionYr\": \"<string>\",\n    \"AcctRef\": {\n      \"AcctKeys\": {\n        \"AcctId\": \"<string>\",\n        \"AcctType\": \"<string>\"\n      }\n    },\n    \"CashOutData\": [\n      {\n        \"CashAmt\": {\n          \"Amt\": \"<number>\"\n        }\n      },\n      {\n        \"CashAmt\": {\n          \"Amt\": \"<number>\"\n        }\n      }\n    ],\n    \"MonetaryInstrData\": [\n      {\n        \"MonetaryInstrNum\": \"<string>\",\n        \"MonetaryInstrAmt\": {\n          \"Amt\": \"<number>\"\n        }\n      },\n      {\n        \"MonetaryInstrNum\": \"<string>\",\n        \"MonetaryInstrAmt\": {\n          \"Amt\": \"<number>\"\n        }\n      }\n    ],\n    \"OtherFundsInAmt\": {\n      \"Amt\": \"<number>\"\n    },\n    \"OtherFundsOutAmt\": {\n      \"Amt\": \"<number>\"\n    },\n    \"PayeeData\": {\n      \"Name\": \"<string>\"\n    }\n  }\n}","options":{"raw":{"language":"json"}}}},"status":"Created","code":201,"header":[{"key":"Content-Type","value":"application/json"}],"body":"{\n  \"DebitStatusRec\": {\n    \"DebitStatus\": {\n      \"DebitStatusCode\": \"Valid\",\n      \"EffDt\": \"6966-19-43T18:29:77.027-69:55\"\n    },\n    \"DebitKeys\": {\n      \"AcctKeys\": {\n        \"AcctId\": \"Ut exercitation\",\n        \"AcctType\": \"IRA\"\n      }\n    }\n  },\n  \"Status\": {\n    \"Severity\": \"Warning\",\n    \"StatusCode\": \"sed\",\n    \"StatusDesc\": \"eu cillum et\",\n    \"SvcProviderName\": \"pariatur dolor commodo\",\n    \"Id\": \"elit ad aliqua exercitation\",\n    \"ServerStatusCode\": \"irur\",\n    \"ServerStatusDesc\": \"do eu\",\n    \"OvrdExceptionInd\": false,\n    \"SubjectRole\": \"Excepteur enim\",\n    \"SubjectElement\": [\n      {\n        \"Path\": \"et velit\",\n        \"ServerPath\": \"cillum aute fugiat nulla\",\n        \"Value\": \"in incididunt irure aliqua\"\n      },\n      {\n        \"Path\": \"reprehenderit voluptate u\",\n        \"ServerPath\": \"dolor quis\",\n        \"Value\": \"labore culpa irure\"\n      }\n    ],\n    \"ContentHTML\": \"ullamco veniam\",\n    \"AdditionalStatus\": [\n      {\n        \"StatusCode\": \"in n\",\n        \"StatusDesc\": \"elit dolore laboris\",\n        \"Severity\": \"Warning\",\n        \"SvcProviderName\": \"sed\",\n        \"ServerStatusCode\": \"officia fug\",\n        \"ServerStatusDesc\": \"Excepteur cupidatat nostrud quis\",\n        \"OvrdExceptionInd\": false,\n        \"SubjectElement\": [\n          {\n            \"Path\": \"dolore sint officia deserunt\",\n            \"ServerPath\": \"do\",\n            \"Value\": \"aliquip deserunt\"\n          },\n          {\n            \"Path\": \"pariatur Lorem tempor cillum adipisicing\",\n            \"ServerPath\": \"in ad do ea\",\n            \"Value\": \"aliqua sunt\"\n          }\n        ]\n      },\n      {\n        \"StatusCode\": \"veniam \",\n        \"StatusDesc\": \"occaecat non aliqua magna\",\n        \"Severity\": \"Error\",\n        \"SvcProviderName\": \"elit exercitation consequat\",\n        \"ServerStatusCode\": \"nostrud consectetur\",\n        \"ServerStatusDesc\": \"amet\",\n        \"OvrdExceptionInd\": false,\n        \"SubjectElement\": [\n          {\n            \"Path\": \"dolor fugiat laborum\",\n            \"ServerPath\": \"incididunt consectetur veniam\",\n            \"Value\": \"aliquip commodo\"\n          },\n          {\n            \"Path\": \"eiusmod cillum sunt\",\n            \"ServerPath\": \"sint ipsum irure\",\n            \"Value\": \"consequat fugiat sit velit et\"\n          }\n        ]\n      }\n    ]\n  },\n  \"AcctInfoDtl\": {\n    \"Name\": \"ex do commodo\",\n    \"MaturityDt\": \"1980-10-10\",\n    \"Rate\": 55065027.13671157,\n    \"AcctBal\": [\n      {\n        \"BalType\": \"Avail\",\n        \"CurAmt\": {\n          \"Amt\": \"<number>\"\n        }\n      },\n      {\n        \"BalType\": \"Current\",\n        \"CurAmt\": {\n          \"Amt\": \"<number>\"\n        }\n      }\n    ]\n  },\n  \"Receipt\": {\n    \"Name\": \"anim occaecat veniam\",\n    \"MaturityDt\": \"1977-12-02\",\n    \"Rate\": 39635023.129312545,\n    \"AcctBal\": [\n      {\n        \"BalType\": \"Current\",\n        \"CurAmt\": {\n          \"Amt\": \"<number>\"\n        }\n      },\n      {\n        \"BalType\": \"Current\",\n        \"CurAmt\": {\n          \"Amt\": \"<number>\"\n        }\n      }\n    ]\n  }\n}","cookie":[],"_postman_previewlanguage":"json"},{"id":"66a4c1cb-69ba-47ca-952d-d65d7c616640","name":"To view the complete list of response codes, <a href=\"../docs/?path=docs/response-codes.md\" title=\"Click to open\">click here.</a>","originalRequest":{"url":{"path":["debitservice","payments","debits"],"host":["{{baseUrl}}"],"query":[],"variable":[]},"header":[{"disabled":false,"description":"(Required) EFX Header is a common and required component for all API calls, it contains client-related parameters. Please note that the header parameters should be sent as a JSON object under the EFXHeader parameter. To view the list of header parameters, <a href=\"../docs?path=docs/api-ref-EFX-header.md\" title=\"Click to open\"> click here.</a>","key":"EFXHeader","value":"OrganizationId,<string>,TrnId,<string>,VendorId,<string>,Context,[object Object]"},{"key":"Accept","value":"application/json"}],"method":"POST","body":{"mode":"raw","raw":"{\n  \"DebitInfo\": {\n    \"CompositeCurAmt\": [\n      {\n        \"CurAmt\": {\n          \"Amt\": \"<number>\"\n        },\n        \"CompositeCurAmtType\": \"<string>\",\n        \"CompositeSeqId\": \"<string>\",\n        \"SpecialHandling\": \"Interest \"\n      },\n      {\n        \"CurAmt\": {\n          \"Amt\": \"<number>\"\n        },\n        \"CompositeCurAmtType\": \"<string>\",\n        \"CompositeSeqId\": \"<string>\",\n        \"SpecialHandling\": \"Penalty\"\n      }\n    ],\n    \"DebitType\": \"<string>\",\n    \"EffDt\": \"<string>\",\n    \"MediaType\": \"<string>\",\n    \"DistributionType\": \"<string>\",\n    \"DistributionYr\": \"<string>\",\n    \"AcctRef\": {\n      \"AcctKeys\": {\n        \"AcctId\": \"<string>\",\n        \"AcctType\": \"<string>\"\n      }\n    },\n    \"CashOutData\": [\n      {\n        \"CashAmt\": {\n          \"Amt\": \"<number>\"\n        }\n      },\n      {\n        \"CashAmt\": {\n          \"Amt\": \"<number>\"\n        }\n      }\n    ],\n    \"MonetaryInstrData\": [\n      {\n        \"MonetaryInstrNum\": \"<string>\",\n        \"MonetaryInstrAmt\": {\n          \"Amt\": \"<number>\"\n        }\n      },\n      {\n        \"MonetaryInstrNum\": \"<string>\",\n        \"MonetaryInstrAmt\": {\n          \"Amt\": \"<number>\"\n        }\n      }\n    ],\n    \"OtherFundsInAmt\": {\n      \"Amt\": \"<number>\"\n    },\n    \"OtherFundsOutAmt\": {\n      \"Amt\": \"<number>\"\n    },\n    \"PayeeData\": {\n      \"Name\": \"<string>\"\n    }\n  }\n}","options":{"raw":{"language":"json"}}}},"status":"Internal Server Error","code":500,"header":[{"key":"Content-Type","value":"application/json"}],"body":"{\n  \"DebitStatusRec\": {\n    \"DebitStatus\": {\n      \"DebitStatusCode\": \"Valid\",\n      \"EffDt\": \"9577-89-53T32:24:14.948\"\n    },\n    \"DebitKeys\": {\n      \"AcctKeys\": {\n        \"AcctId\": \"amet cupidatat d\",\n        \"AcctType\": \"IRA\"\n      }\n    }\n  },\n  \"Status\": {\n    \"Severity\": \"Info\",\n    \"StatusCode\": \"adipisicing inc\",\n    \"StatusDesc\": \"est ipsum nisi\",\n    \"SvcProviderName\": \"exercitation mollit reprehenderit\",\n    \"Id\": \"incididunt esse\",\n    \"ServerStatusCode\": \"cillum ex\",\n    \"ServerStatusDesc\": \"ad velit\",\n    \"OvrdExceptionInd\": true,\n    \"SubjectRole\": \"est dolore eiusmod pariatur\",\n    \"SubjectElement\": [\n      {\n        \"Path\": \"ad\",\n        \"ServerPath\": \"dolore Ut est occaecat\",\n        \"Value\": \"minim consectetur dolor\"\n      },\n      {\n        \"Path\": \"enim mollit\",\n        \"ServerPath\": \"dolor quis nostrud non\",\n        \"Value\": \"sint consectetur nulla occaecat dolor\"\n      }\n    ],\n    \"ContentHTML\": \"ea incididunt proident Duis enim\",\n    \"AdditionalStatus\": [\n      {\n        \"StatusCode\": \"occaecat\",\n        \"StatusDesc\": \"nulla\",\n        \"Severity\": \"Error\",\n        \"SvcProviderName\": \"do mollit ut labore minim\",\n        \"ServerStatusCode\": \"in Duis\",\n        \"ServerStatusDesc\": \"consectetur sit\",\n        \"OvrdExceptionInd\": false,\n        \"SubjectElement\": [\n          {\n            \"Path\": \"adipisicing Ut consequat\",\n            \"ServerPath\": \"exercitation sint\",\n            \"Value\": \"sed in tempor consectetur\"\n          },\n          {\n            \"Path\": \"minim ess\",\n            \"ServerPath\": \"sunt veniam\",\n            \"Value\": \"deserunt\"\n          }\n        ]\n      },\n      {\n        \"StatusCode\": \"nu\",\n        \"StatusDesc\": \"proident cupidatat voluptate\",\n        \"Severity\": \"Info\",\n        \"SvcProviderName\": \"Duis sit pariatur aliqua in\",\n        \"ServerStatusCode\": \"sed in\",\n        \"ServerStatusDesc\": \"enim\",\n        \"OvrdExceptionInd\": true,\n        \"SubjectElement\": [\n          {\n            \"Path\": \"dolor \",\n            \"ServerPath\": \"consequat nulla magna sunt\",\n            \"Value\": \"dolor enim veniam voluptate in\"\n          },\n          {\n            \"Path\": \"aliqua quis\",\n            \"ServerPath\": \"in sed voluptate\",\n            \"Value\": \"ullamco\"\n          }\n        ]\n      }\n    ]\n  },\n  \"AcctInfoDtl\": {\n    \"Name\": \"exercitation ad aliquip la\",\n    \"MaturityDt\": \"1982-11-02\",\n    \"Rate\": -88394688.72628821,\n    \"AcctBal\": [\n      {\n        \"BalType\": \"Avail\",\n        \"CurAmt\": {\n          \"Amt\": \"<number>\"\n        }\n      },\n      {\n        \"BalType\": \"Current\",\n        \"CurAmt\": {\n          \"Amt\": \"<number>\"\n        }\n      }\n    ]\n  },\n  \"Receipt\": {\n    \"Name\": \"officia\",\n    \"MaturityDt\": \"2019-03-24\",\n    \"Rate\": -23024430.18261209,\n    \"AcctBal\": [\n      {\n        \"BalType\": \"Current\",\n        \"CurAmt\": {\n          \"Amt\": \"<number>\"\n        }\n      },\n      {\n        \"BalType\": \"Current\",\n        \"CurAmt\": {\n          \"Amt\": \"<number>\"\n        }\n      }\n    ]\n  }\n}","cookie":[],"_postman_previewlanguage":"json"}],"event":[],"protocolProfileBehavior":{"disableBodyPruning":true}}],"event":[],"variable":[{"type":"string","value":"/","key":"baseUrl"}],"info":{"_postman_id":"96dca8e3-684d-4c06-b96f-a3f06cecd978","name":"Debit Service","schema":"https://schema.getpostman.com/json/collection/v2.1.0/collection.json","description":{"content":"This service domain is the debit facility for Accounts. A debit is performed with the use of a DebitAdd message. \\_The client \\_can use the DebitRev message to reverse the previous debit request.","type":"text/plain"}}}