{"item":[{"id":"aadfc06c-9a78-440e-b58b-20f95cc6ef42","name":"Get Memo Tickler.","request":{"name":"Get Memo Tickler.","description":{"content":"Get Memo Ticker API retrieves the memos and ticklers for the Loan Accounts (LOAN). <br> <br> To download the API Specifications and Postman Collection, click <a href=\"../docs/?path=docs/resources/resources.md\" title=\"Click to open\">Resources</a>.","type":"text/plain"},"url":{"path":["memoticklerservice","partyacctsvc","memotickler","secured"],"host":["{{baseUrl}}"],"query":[],"variable":[]},"header":[{"disabled":false,"description":"(Required) EFX Header is a common and required component for all API calls, it contains client-related parameters. Please note that the header parameters should be sent as a JSON object under the EFXHeader parameter. To view the list of header parameters, <a href=\"../docs?path=docs/api-ref-EFX-header.md\" title=\"Click to open\"> click here.</a>","key":"EFXHeader","value":"OrganizationId,<string>,TrnId,<string>,VendorId,<string>,Context,[object Object]"},{"key":"Content-Type","value":"application/json"},{"key":"Accept","value":"application/json"}],"method":"POST","auth":null,"body":{"mode":"raw","raw":"{\n  \"MemoTicklerSel\": {\n    \"MemoTicklerKeys\": {\n      \"AcctKeys\": {\n        \"AcctId\": \"<string>\",\n        \"AcctType\": \"<string>\"\n      },\n      \"MemoTicklerUse\": \"<string>\",\n      \"MemoTicklerIdent\": \"<string>\"\n    },\n    \"AcctKeys\": {\n      \"AcctId\": \"<string>\",\n      \"AcctType\": \"<string>\"\n    },\n    \"MemoTicklerUse\": \"<string>\"\n  }\n}","options":{"raw":{"language":"json"}}}},"response":[{"id":"7d7cefa9-2714-4e71-81c1-620c179ab8cc","name":"Success","originalRequest":{"url":{"path":["memoticklerservice","partyacctsvc","memotickler","secured"],"host":["{{baseUrl}}"],"query":[],"variable":[]},"header":[{"disabled":false,"description":"(Required) EFX Header is a common and required component for all API calls, it contains client-related parameters. Please note that the header parameters should be sent as a JSON object under the EFXHeader parameter. To view the list of header parameters, <a href=\"../docs?path=docs/api-ref-EFX-header.md\" title=\"Click to open\"> click here.</a>","key":"EFXHeader","value":"OrganizationId,<string>,TrnId,<string>,VendorId,<string>,Context,[object Object]"},{"key":"Accept","value":"application/json"}],"method":"POST","body":{"mode":"raw","raw":"{\n  \"MemoTicklerSel\": {\n    \"MemoTicklerKeys\": {\n      \"AcctKeys\": {\n        \"AcctId\": \"<string>\",\n        \"AcctType\": \"<string>\"\n      },\n      \"MemoTicklerUse\": \"<string>\",\n      \"MemoTicklerIdent\": \"<string>\"\n    },\n    \"AcctKeys\": {\n      \"AcctId\": \"<string>\",\n      \"AcctType\": \"<string>\"\n    },\n    \"MemoTicklerUse\": \"<string>\"\n  }\n}","options":{"raw":{"language":"json"}}}},"status":"OK","code":200,"header":[{"key":"Content-Type","value":"application/json"}],"body":"{\n  \"MemoTicklerRec\": [\n    {\n      \"MemoTicklerInfo\": {\n        \"MemoTicklerUse\": \"Tickler\",\n        \"RelationshipMgr\": [\n          {\n            \"RelationshipMgrIdent\": \"ut exercitatio\",\n            \"RelationshipRole\": \"Officer\"\n          },\n          {\n            \"RelationshipMgrIdent\": \"occaecat enim ir\",\n            \"RelationshipRole\": \"Officer\"\n          }\n        ],\n        \"RequiredViewInd\": true,\n        \"DeliveryInstruction\": {\n          \"DeliveryMethod\": \"Notice\",\n          \"DeliveryMedia\": \"ut ad\"\n        },\n        \"ReportGroupCode\": \"aliquip aliqua\",\n        \"RecurRule\": {\n          \"RecurType\": \"Daily\",\n          \"RecurInterval\": -81369342,\n          \"LeadDays\": -91724506\n        },\n        \"NextMemoTicklerDt\": \"1951-07-30\",\n        \"ExpDt\": \"1969-01-11\"\n      },\n      \"MemoTicklerKeys\": {\n        \"AcctKeys\": {\n          \"AcctId\": \"<string>\",\n          \"AcctType\": \"<string>\"\n        },\n        \"MemoTicklerUse\": \"Memo\",\n        \"MemoTicklerIdent\": \"pariatur deser\"\n      },\n      \"MemoTicklerStatus\": {\n        \"MemoTicklerStatusCode\": \"Valid\",\n        \"EffDt\": \"1334-06-31\"\n      }\n    },\n    {\n      \"MemoTicklerInfo\": {\n        \"MemoTicklerUse\": \"Tickler\",\n        \"RelationshipMgr\": [\n          {\n            \"RelationshipMgrIdent\": \"mollit reprehenderit\",\n            \"RelationshipRole\": \"Officer\"\n          },\n          {\n            \"RelationshipMgrIdent\": \"sit ut reprehenderit\",\n            \"RelationshipRole\": \"Officer\"\n          }\n        ],\n        \"RequiredViewInd\": true,\n        \"DeliveryInstruction\": {\n          \"DeliveryMethod\": \"Notice\",\n          \"DeliveryMedia\": \"ex irure esse\"\n        },\n        \"ReportGroupCode\": \"incididunt exercitation\",\n        \"RecurRule\": {\n          \"RecurType\": \"Quaterly\",\n          \"RecurInterval\": 63645606,\n          \"LeadDays\": -65470729\n        },\n        \"NextMemoTicklerDt\": \"1975-06-17\",\n        \"ExpDt\": \"1946-04-06\"\n      },\n      \"MemoTicklerKeys\": {\n        \"AcctKeys\": {\n          \"AcctId\": \"<string>\",\n          \"AcctType\": \"<string>\"\n        },\n        \"MemoTicklerUse\": \"Tickler\",\n        \"MemoTicklerIdent\": \"irure\"\n      },\n      \"MemoTicklerStatus\": {\n        \"MemoTicklerStatusCode\": \"Valid\",\n        \"EffDt\": \"6137-65-64T93:61\"\n      }\n    }\n  ],\n  \"Status\": {\n    \"Severity\": \"Error\",\n    \"StatusCode\": \"dolore laborum\",\n    \"StatusDesc\": \"ut eu sint voluptate laborum\",\n    \"SvcProviderName\": \"do magna labore id\",\n    \"Id\": \"Lorem anim in Ut\",\n    \"ServerStatusCode\": \"ipsum cupida\",\n    \"ServerStatusDesc\": \"occaecat tempor qui\",\n    \"OvrdExceptionInd\": false,\n    \"SubjectRole\": \"elit magna sed officia commo\",\n    \"SubjectElement\": [\n      {\n        \"Path\": \"in\",\n        \"ServerPath\": \"nisi repreh\",\n        \"Value\": \"mollit tempor\"\n      },\n      {\n        \"Path\": \"ad minim\",\n        \"ServerPath\": \"sed nostrud elit non Duis\",\n        \"Value\": \"consectetur ea eiusmod\"\n      }\n    ],\n    \"ContentHTML\": \"sit dolore ut\",\n    \"AdditionalStatus\": [\n      {\n        \"StatusCode\": \"est Duis\",\n        \"StatusDesc\": \"ullamco velit\",\n        \"Severity\": \"Warning\",\n        \"SvcProviderName\": \"Ut\",\n        \"ServerStatusCode\": \"dolore \",\n        \"ServerStatusDesc\": \"ut minim\",\n        \"OvrdExceptionInd\": false,\n        \"SubjectElement\": [\n          {\n            \"Path\": \"aliqua ad Lorem\",\n            \"ServerPath\": \"ut ex in exercitation\",\n            \"Value\": \"voluptate\"\n          },\n          {\n            \"Path\": \"ipsum Ut ad mollit pariatur\",\n            \"ServerPath\": \"mollit sunt\",\n            \"Value\": \"Lorem id sint\"\n          }\n        ]\n      },\n      {\n        \"StatusCode\": \"of\",\n        \"StatusDesc\": \"incididunt\",\n        \"Severity\": \"Warning\",\n        \"SvcProviderName\": \"consequat minim irure\",\n        \"ServerStatusCode\": \"cupidatat es\",\n        \"ServerStatusDesc\": \"nisi ullamco adipisicing cillum\",\n        \"OvrdExceptionInd\": false,\n        \"SubjectElement\": [\n          {\n            \"Path\": \"nisi\",\n            \"ServerPath\": \"ven\",\n            \"Value\": \"fugiat veniam Excepteur\"\n          },\n          {\n            \"Path\": \"aliqua consectetur qui ad eu\",\n            \"ServerPath\": \"ut laboris voluptate proident\",\n            \"Value\": \"laboris tempor sit et non\"\n          }\n        ]\n      }\n    ]\n  },\n  \"RecCtrlOut\": {\n    \"SentRecCount\": 48621897\n  }\n}","cookie":[],"_postman_previewlanguage":"json"},{"id":"360e4029-2e6d-4260-b7d4-3876c723ef71","name":"To view the complete list of response codes, <a href=\"../docs/?path=docs/response-codes.md\" title=\"Click to open\">click here.</a>","originalRequest":{"url":{"path":["memoticklerservice","partyacctsvc","memotickler","secured"],"host":["{{baseUrl}}"],"query":[],"variable":[]},"header":[{"disabled":false,"description":"(Required) EFX Header is a common and required component for all API calls, it contains client-related parameters. Please note that the header parameters should be sent as a JSON object under the EFXHeader parameter. To view the list of header parameters, <a href=\"../docs?path=docs/api-ref-EFX-header.md\" title=\"Click to open\"> click here.</a>","key":"EFXHeader","value":"OrganizationId,<string>,TrnId,<string>,VendorId,<string>,Context,[object Object]"},{"key":"Accept","value":"application/json"}],"method":"POST","body":{"mode":"raw","raw":"{\n  \"MemoTicklerSel\": {\n    \"MemoTicklerKeys\": {\n      \"AcctKeys\": {\n        \"AcctId\": \"<string>\",\n        \"AcctType\": \"<string>\"\n      },\n      \"MemoTicklerUse\": \"<string>\",\n      \"MemoTicklerIdent\": \"<string>\"\n    },\n    \"AcctKeys\": {\n      \"AcctId\": \"<string>\",\n      \"AcctType\": \"<string>\"\n    },\n    \"MemoTicklerUse\": \"<string>\"\n  }\n}","options":{"raw":{"language":"json"}}}},"status":"Internal Server Error","code":500,"header":[{"key":"Content-Type","value":"application/json"}],"body":"{\n  \"MemoTicklerRec\": [\n    {\n      \"MemoTicklerInfo\": {\n        \"MemoTicklerUse\": \"Tickler\",\n        \"RelationshipMgr\": [\n          {\n            \"RelationshipMgrIdent\": \"incididunt\",\n            \"RelationshipRole\": \"Officer\"\n          },\n          {\n            \"RelationshipMgrIdent\": \"velit enim pariatur ad\",\n            \"RelationshipRole\": \"Officer\"\n          }\n        ],\n        \"RequiredViewInd\": false,\n        \"DeliveryInstruction\": {\n          \"DeliveryMethod\": \"Notice\",\n          \"DeliveryMedia\": \"adipisicing reprehenderit qui officia\"\n        },\n        \"ReportGroupCode\": \"aliqua moll\",\n        \"RecurRule\": {\n          \"RecurType\": \"Quaterly\",\n          \"RecurInterval\": -99959305,\n          \"LeadDays\": 14178180\n        },\n        \"NextMemoTicklerDt\": \"1992-02-29\",\n        \"ExpDt\": \"1981-03-20\"\n      },\n      \"MemoTicklerKeys\": {\n        \"AcctKeys\": {\n          \"AcctId\": \"<string>\",\n          \"AcctType\": \"<string>\"\n        },\n        \"MemoTicklerUse\": \"Memo\",\n        \"MemoTicklerIdent\": \"id officia ipsu\"\n      },\n      \"MemoTicklerStatus\": {\n        \"MemoTicklerStatusCode\": \"Valid\",\n        \"EffDt\": \"0376-01-47T10:44\"\n      }\n    },\n    {\n      \"MemoTicklerInfo\": {\n        \"MemoTicklerUse\": \"Tickler\",\n        \"RelationshipMgr\": [\n          {\n            \"RelationshipMgrIdent\": \"reprehenderit anim\",\n            \"RelationshipRole\": \"Officer\"\n          },\n          {\n            \"RelationshipMgrIdent\": \"ex amet dolore\",\n            \"RelationshipRole\": \"Officer\"\n          }\n        ],\n        \"RequiredViewInd\": true,\n        \"DeliveryInstruction\": {\n          \"DeliveryMethod\": \"Notice\",\n          \"DeliveryMedia\": \"laborum cupidatat nisi labore\"\n        },\n        \"ReportGroupCode\": \"dolore mollit esse\",\n        \"RecurRule\": {\n          \"RecurType\": \"PayOff\",\n          \"RecurInterval\": -37921369,\n          \"LeadDays\": 96796567\n        },\n        \"NextMemoTicklerDt\": \"1994-08-07\",\n        \"ExpDt\": \"1946-05-18\"\n      },\n      \"MemoTicklerKeys\": {\n        \"AcctKeys\": {\n          \"AcctId\": \"<string>\",\n          \"AcctType\": \"<string>\"\n        },\n        \"MemoTicklerUse\": \"Tickler\",\n        \"MemoTicklerIdent\": \"ut\"\n      },\n      \"MemoTicklerStatus\": {\n        \"MemoTicklerStatusCode\": \"Valid\",\n        \"EffDt\": \"0412-09-31\"\n      }\n    }\n  ],\n  \"Status\": {\n    \"Severity\": \"Error\",\n    \"StatusCode\": \"eu consectetur\",\n    \"StatusDesc\": \"ex nisi dolore\",\n    \"SvcProviderName\": \"nisi\",\n    \"Id\": \"q\",\n    \"ServerStatusCode\": \"sint\",\n    \"ServerStatusDesc\": \"fu\",\n    \"OvrdExceptionInd\": false,\n    \"SubjectRole\": \"aliquip labore\",\n    \"SubjectElement\": [\n      {\n        \"Path\": \"consectetur nostrud\",\n        \"ServerPath\": \"do dolore commodo dolor ullamco\",\n        \"Value\": \"quis\"\n      },\n      {\n        \"Path\": \"mollit cillum\",\n        \"ServerPath\": \"officia eiusmod\",\n        \"Value\": \"dolore fugiat\"\n      }\n    ],\n    \"ContentHTML\": \"do\",\n    \"AdditionalStatus\": [\n      {\n        \"StatusCode\": \"consectetur \",\n        \"StatusDesc\": \"eiusmod dolore cupidatat ex ipsum\",\n        \"Severity\": \"Error\",\n        \"SvcProviderName\": \"laboris\",\n        \"ServerStatusCode\": \"oc\",\n        \"ServerStatusDesc\": \"quis deserunt nisi\",\n        \"OvrdExceptionInd\": true,\n        \"SubjectElement\": [\n          {\n            \"Path\": \"commodo dolor\",\n            \"ServerPath\": \"elit dolor Ut ut pariatur\",\n            \"Value\": \"id aute qui\"\n          },\n          {\n            \"Path\": \"dolor\",\n            \"ServerPath\": \"dolore\",\n            \"Value\": \"Duis eu\"\n          }\n        ]\n      },\n      {\n        \"StatusCode\": \"eiusmod\",\n        \"StatusDesc\": \"commodo Duis sed Excepteur laborum\",\n        \"Severity\": \"Info\",\n        \"SvcProviderName\": \"eiusmod consectetur voluptate\",\n        \"ServerStatusCode\": \"et incididunt\",\n        \"ServerStatusDesc\": \"id nisi\",\n        \"OvrdExceptionInd\": true,\n        \"SubjectElement\": [\n          {\n            \"Path\": \"culpa sit dolore\",\n            \"ServerPath\": \"pariatur\",\n            \"Value\": \"dolo\"\n          },\n          {\n            \"Path\": \"anim sunt\",\n            \"ServerPath\": \"minim dolor\",\n            \"Value\": \"ea nulla deserunt\"\n          }\n        ]\n      }\n    ]\n  },\n  \"RecCtrlOut\": {\n    \"SentRecCount\": 79832404\n  }\n}","cookie":[],"_postman_previewlanguage":"json"}],"event":[],"protocolProfileBehavior":{"disableBodyPruning":true}}],"event":[],"variable":[{"type":"string","value":"/","key":"baseUrl"}],"info":{"_postman_id":"2f5ecb27-f625-4cc6-b4b5-55539eeefa3b","name":"Memo Tickler Service","schema":"https://schema.getpostman.com/json/collection/v2.1.0/collection.json","description":{"content":"Memo tickler service supports operations to manage memo and ticklers.\n    <br>\n    Memo and ticklers are used to notify the officers from financial institutions regarding important messages or actions that need to take place when interacting with the customer or performing a transaction to the customer's account.\n    <br>\n    Memo is a continuous message that does not require any specific action to be taken on it. Tickler is a one-time or recurring message which may require some specific action to be taken.","type":"text/plain"}}}