{"item":[{"id":"47801ac3-7281-46ae-9501-5b761f0e6f43","name":"Add Memo Tickler","request":{"name":"Add Memo Tickler","description":{"content":"Add Memo Ticker API creates the memos and ticklers for the Loan Accounts (LOAN). <br> <br> To download the API Specifications and Postman Collection, click <a href=\"../docs/?path=docs/resources/resources.md\" title=\"Click to open\">Resources</a>.","type":"text/plain"},"url":{"path":["memoticklerservice","partyacctsvc","memotickler"],"host":["{{baseUrl}}"],"query":[],"variable":[]},"header":[{"disabled":false,"description":"(Required) EFX Header is a common and required component for all API calls, it contains client-related parameters. Please note that the header parameters should be sent as a JSON object under the EFXHeader parameter. To view the list of header parameters, <a href=\"../docs?path=docs/api-ref-EFX-header.md\" title=\"Click to open\"> click here.</a>","key":"EFXHeader","value":"OrganizationId,<string>,TrnId,<string>,VendorId,<string>,Context,[object Object]"},{"key":"Content-Type","value":"application/json"},{"key":"Accept","value":"application/json"}],"method":"POST","auth":null,"body":{"mode":"raw","raw":"{\n  \"MemoTicklerInfo\": {\n    \"AcctKeys\": {\n      \"AcctId\": \"<string>\",\n      \"AcctType\": \"<string>\"\n    },\n    \"MemoTicklerUse\": \"<string>\",\n    \"RelationshipMgr\": [\n      {\n        \"RelationshipMgrIdent\": \"<string>\",\n        \"RelationshipRole\": \"<string>\"\n      },\n      {\n        \"RelationshipMgrIdent\": \"<string>\",\n        \"RelationshipRole\": \"<string>\"\n      }\n    ],\n    \"RequiredViewInd\": \"<boolean>\",\n    \"DeliveryInstruction\": {\n      \"DeliveryMethod\": \"<string>\",\n      \"DeliveryMedia\": \"<string>\"\n    },\n    \"ReportGroupCode\": \"<string>\",\n    \"RecurRule\": {\n      \"RecurType\": \"<string>\",\n      \"RecurInterval\": \"<long>\",\n      \"LeadDays\": \"<long>\"\n    },\n    \"NextMemoTicklerDt\": \"<date>\",\n    \"ExpDt\": \"<date>\"\n  }\n}","options":{"raw":{"language":"json"}}}},"response":[{"id":"9c672092-eb13-42dd-9c88-64b062b48f06","name":"Created","originalRequest":{"url":{"path":["memoticklerservice","partyacctsvc","memotickler"],"host":["{{baseUrl}}"],"query":[],"variable":[]},"header":[{"disabled":false,"description":"(Required) EFX Header is a common and required component for all API calls, it contains client-related parameters. Please note that the header parameters should be sent as a JSON object under the EFXHeader parameter. To view the list of header parameters, <a href=\"../docs?path=docs/api-ref-EFX-header.md\" title=\"Click to open\"> click here.</a>","key":"EFXHeader","value":"OrganizationId,<string>,TrnId,<string>,VendorId,<string>,Context,[object Object]"},{"key":"Accept","value":"application/json"}],"method":"POST","body":{"mode":"raw","raw":"{\n  \"MemoTicklerInfo\": {\n    \"AcctKeys\": {\n      \"AcctId\": \"<string>\",\n      \"AcctType\": \"<string>\"\n    },\n    \"MemoTicklerUse\": \"<string>\",\n    \"RelationshipMgr\": [\n      {\n        \"RelationshipMgrIdent\": \"<string>\",\n        \"RelationshipRole\": \"<string>\"\n      },\n      {\n        \"RelationshipMgrIdent\": \"<string>\",\n        \"RelationshipRole\": \"<string>\"\n      }\n    ],\n    \"RequiredViewInd\": \"<boolean>\",\n    \"DeliveryInstruction\": {\n      \"DeliveryMethod\": \"<string>\",\n      \"DeliveryMedia\": \"<string>\"\n    },\n    \"ReportGroupCode\": \"<string>\",\n    \"RecurRule\": {\n      \"RecurType\": \"<string>\",\n      \"RecurInterval\": \"<long>\",\n      \"LeadDays\": \"<long>\"\n    },\n    \"NextMemoTicklerDt\": \"<date>\",\n    \"ExpDt\": \"<date>\"\n  }\n}","options":{"raw":{"language":"json"}}}},"status":"Created","code":201,"header":[{"key":"Content-Type","value":"application/json"}],"body":"{\n  \"MemoTicklerStatusRec\": {\n    \"MemoTicklerKeys\": {\n      \"AcctKeys\": {\n        \"AcctId\": \"rep\",\n        \"AcctType\": \"LOAN\"\n      },\n      \"MemoTicklerUse\": \"Memo\",\n      \"MemoTicklerIdent\": \"ut e\"\n    },\n    \"MemoTicklerStatus\": {\n      \"MemoTicklerStatusCode\": \"Valid\",\n      \"EffDt\": \"5571-63-70\"\n    }\n  },\n  \"Status\": {\n    \"Severity\": \"Warning\",\n    \"StatusCode\": \"U\",\n    \"StatusDesc\": \"velit ex officia irure\",\n    \"SvcProviderName\": \"non velit in\",\n    \"Id\": \"Ut aliqua\",\n    \"ServerStatusCode\": \"ea\",\n    \"ServerStatusDesc\": \"fugiat minim\",\n    \"OvrdExceptionInd\": false,\n    \"SubjectRole\": \"et fugiat enim qui dolore\",\n    \"SubjectElement\": [\n      {\n        \"Path\": \"dolor est ei\",\n        \"ServerPath\": \"irure Duis ex esse eiusmod\",\n        \"Value\": \"commodo offi\"\n      },\n      {\n        \"Path\": \"sunt sed in\",\n        \"ServerPath\": \"laborum es\",\n        \"Value\": \"\"\n      }\n    ],\n    \"ContentHTML\": \"commodo tempor\",\n    \"AdditionalStatus\": [\n      {\n        \"StatusCode\": \"tempor et es\",\n        \"StatusDesc\": \"ullamco magna veniam\",\n        \"Severity\": \"Warning\",\n        \"SvcProviderName\": \"fugiat\",\n        \"ServerStatusCode\": \"sed ex in\",\n        \"ServerStatusDesc\": \"nisi sed sint ea\",\n        \"OvrdExceptionInd\": false,\n        \"SubjectElement\": [\n          {\n            \"Path\": \"culpa nisi veniam eiusmod\",\n            \"ServerPath\": \"magna officia\",\n            \"Value\": \"deserunt dolore consequat\"\n          },\n          {\n            \"Path\": \"sit\",\n            \"ServerPath\": \"esse id proident Duis nulla\",\n            \"Value\": \"labore elit\"\n          }\n        ]\n      },\n      {\n        \"StatusCode\": \"do commodo\",\n        \"StatusDesc\": \"in do cupidatat\",\n        \"Severity\": \"Warning\",\n        \"SvcProviderName\": \"Excepteur magna in cillum\",\n        \"ServerStatusCode\": \"in reprehenderit\",\n        \"ServerStatusDesc\": \"dolor proident\",\n        \"OvrdExceptionInd\": true,\n        \"SubjectElement\": [\n          {\n            \"Path\": \"Duis amet sunt adipisicing cillum\",\n            \"ServerPath\": \"nisi aliqua tempor\",\n            \"Value\": \"Duis\"\n          },\n          {\n            \"Path\": \"sint ut\",\n            \"ServerPath\": \"sed\",\n            \"Value\": \"non sunt consectetur\"\n          }\n        ]\n      }\n    ]\n  }\n}","cookie":[],"_postman_previewlanguage":"json"},{"id":"9f28db74-d9f2-40a6-aa1d-c2b6a0b5f136","name":"To view the complete list of response codes, <a href=\"../docs/?path=docs/response-codes.md\" title=\"Click to open\">click here.</a>","originalRequest":{"url":{"path":["memoticklerservice","partyacctsvc","memotickler"],"host":["{{baseUrl}}"],"query":[],"variable":[]},"header":[{"disabled":false,"description":"(Required) EFX Header is a common and required component for all API calls, it contains client-related parameters. Please note that the header parameters should be sent as a JSON object under the EFXHeader parameter. To view the list of header parameters, <a href=\"../docs?path=docs/api-ref-EFX-header.md\" title=\"Click to open\"> click here.</a>","key":"EFXHeader","value":"OrganizationId,<string>,TrnId,<string>,VendorId,<string>,Context,[object Object]"},{"key":"Accept","value":"application/json"}],"method":"POST","body":{"mode":"raw","raw":"{\n  \"MemoTicklerInfo\": {\n    \"AcctKeys\": {\n      \"AcctId\": \"<string>\",\n      \"AcctType\": \"<string>\"\n    },\n    \"MemoTicklerUse\": \"<string>\",\n    \"RelationshipMgr\": [\n      {\n        \"RelationshipMgrIdent\": \"<string>\",\n        \"RelationshipRole\": \"<string>\"\n      },\n      {\n        \"RelationshipMgrIdent\": \"<string>\",\n        \"RelationshipRole\": \"<string>\"\n      }\n    ],\n    \"RequiredViewInd\": \"<boolean>\",\n    \"DeliveryInstruction\": {\n      \"DeliveryMethod\": \"<string>\",\n      \"DeliveryMedia\": \"<string>\"\n    },\n    \"ReportGroupCode\": \"<string>\",\n    \"RecurRule\": {\n      \"RecurType\": \"<string>\",\n      \"RecurInterval\": \"<long>\",\n      \"LeadDays\": \"<long>\"\n    },\n    \"NextMemoTicklerDt\": \"<date>\",\n    \"ExpDt\": \"<date>\"\n  }\n}","options":{"raw":{"language":"json"}}}},"status":"Internal Server Error","code":500,"header":[{"key":"Content-Type","value":"application/json"}],"body":"{\n  \"MemoTicklerStatusRec\": {\n    \"MemoTicklerKeys\": {\n      \"AcctKeys\": {\n        \"AcctId\": \"sint\",\n        \"AcctType\": \"LOAN\"\n      },\n      \"MemoTicklerUse\": \"Tickler\",\n      \"MemoTicklerIdent\": \"in ess\"\n    },\n    \"MemoTicklerStatus\": {\n      \"MemoTicklerStatusCode\": \"Valid\",\n      \"EffDt\": \"5473-99-29T77:29\"\n    }\n  },\n  \"Status\": {\n    \"Severity\": \"Error\",\n    \"StatusCode\": \"esse ad culpa\",\n    \"StatusDesc\": \"labore eu\",\n    \"SvcProviderName\": \"proident consectetur ex\",\n    \"Id\": \"non\",\n    \"ServerStatusCode\": \"nostru\",\n    \"ServerStatusDesc\": \"proident consequat commodo\",\n    \"OvrdExceptionInd\": false,\n    \"SubjectRole\": \"pariatur dolor ea\",\n    \"SubjectElement\": [\n      {\n        \"Path\": \"aliquip officia id\",\n        \"ServerPath\": \"in sint incididunt dolor\",\n        \"Value\": \"aute enim mollit ex\"\n      },\n      {\n        \"Path\": \"culpa proident amet\",\n        \"ServerPath\": \"consequat\",\n        \"Value\": \"cupidatat adipisicing Excepteur labore\"\n      }\n    ],\n    \"ContentHTML\": \"lab\",\n    \"AdditionalStatus\": [\n      {\n        \"StatusCode\": \"conseq\",\n        \"StatusDesc\": \"deserunt\",\n        \"Severity\": \"Info\",\n        \"SvcProviderName\": \"fugiat ad elit\",\n        \"ServerStatusCode\": \"anim ex\",\n        \"ServerStatusDesc\": \"ullamco officia dolore\",\n        \"OvrdExceptionInd\": true,\n        \"SubjectElement\": [\n          {\n            \"Path\": \"sint \",\n            \"ServerPath\": \"amet proident exercitation incididunt\",\n            \"Value\": \"in laborum in in adipisicing\"\n          },\n          {\n            \"Path\": \"laborum consequat veniam ad\",\n            \"ServerPath\": \"adipisicing in mollit\",\n            \"Value\": \"dolor ex\"\n          }\n        ]\n      },\n      {\n        \"StatusCode\": \"ullamco esse \",\n        \"StatusDesc\": \"ea irure reprehenderit\",\n        \"Severity\": \"Warning\",\n        \"SvcProviderName\": \"Duis cupidatat nulla non\",\n        \"ServerStatusCode\": \"fugiat\",\n        \"ServerStatusDesc\": \"sint ullamco\",\n        \"OvrdExceptionInd\": true,\n        \"SubjectElement\": [\n          {\n            \"Path\": \"aliqua in ullamco\",\n            \"ServerPath\": \"sit quis do aute non\",\n            \"Value\": \"non magna nostrud Duis\"\n          },\n          {\n            \"Path\": \"culpa Ut consequat\",\n            \"ServerPath\": \"nulla\",\n            \"Value\": \"sed ipsum consectetur nostrud\"\n          }\n        ]\n      }\n    ]\n  }\n}","cookie":[],"_postman_previewlanguage":"json"}],"event":[],"protocolProfileBehavior":{"disableBodyPruning":true}}],"event":[],"variable":[{"type":"string","value":"/","key":"baseUrl"}],"info":{"_postman_id":"2a8ebbd5-4057-442d-b34c-a8470855d840","name":"Memo Tickler Service","schema":"https://schema.getpostman.com/json/collection/v2.1.0/collection.json","description":{"content":"Memo tickler service supports operations to manage memo and ticklers.\n    <br>\n    Memo and ticklers are used to notify the officers from financial institutions regarding important messages or actions that need to take place when interacting with the customer or performing a transaction to the customer's account.\n    <br>\n    Memo is a continuous message that does not require any specific action to be taken on it. Tickler is a one-time or recurring message which may require some specific action to be taken.","type":"text/plain"}}}