{"item":[{"id":"a809217c-3fb2-4f22-a5bf-16c994688226","name":"Delete Memo Tickler","request":{"name":"Delete Memo Tickler","description":{"content":"Delete Memo Ticker API deletes the memos and ticklers for the selected party. <br> <br> To download the API Specifications and Postman Collection, click <a href=\"../docs/?path=docs/resources/resources.md\" title=\"Click to open\">Resources</a>.","type":"text/plain"},"url":{"path":["memoticklerservice","partyacctsvc","memotickler","secured"],"host":["{{baseUrl}}"],"query":[],"variable":[]},"header":[{"disabled":false,"description":"(Required) EFX Header is a common and required component for all API calls, it contains client-related parameters. Please note that the header parameters should be sent as a JSON object under the EFXHeader parameter. To view the list of header parameters, <a href=\"../docs?path=docs/api-ref-EFX-header.md\" title=\"Click to open\"> click here.</a>","key":"EFXHeader","value":"OrganizationId,<string>,TrnId,<string>,VendorId,<string>,Context,[object Object]"},{"key":"Content-Type","value":"application/json"},{"key":"Accept","value":"application/json"}],"method":"PUT","auth":null,"body":{"mode":"raw","raw":"{\n  \"MemoTicklerKeys\": {\n    \"PartyKeys\": {\n      \"PartyId\": \"<string>\"\n    },\n    \"MemoTicklerUse\": \"<string>\",\n    \"MemoTicklerIdent\": \"<string>\"\n  }\n}","options":{"raw":{"language":"json"}}}},"response":[{"id":"1a7426f8-9d50-4d7c-bf86-a9df505a736a","name":"Success","originalRequest":{"url":{"path":["memoticklerservice","partyacctsvc","memotickler","secured"],"host":["{{baseUrl}}"],"query":[],"variable":[]},"header":[{"disabled":false,"description":"(Required) EFX Header is a common and required component for all API calls, it contains client-related parameters. Please note that the header parameters should be sent as a JSON object under the EFXHeader parameter. To view the list of header parameters, <a href=\"../docs?path=docs/api-ref-EFX-header.md\" title=\"Click to open\"> click here.</a>","key":"EFXHeader","value":"OrganizationId,<string>,TrnId,<string>,VendorId,<string>,Context,[object Object]"},{"key":"Accept","value":"application/json"}],"method":"PUT","body":{"mode":"raw","raw":"{\n  \"MemoTicklerKeys\": {\n    \"PartyKeys\": {\n      \"PartyId\": \"<string>\"\n    },\n    \"MemoTicklerUse\": \"<string>\",\n    \"MemoTicklerIdent\": \"<string>\"\n  }\n}","options":{"raw":{"language":"json"}}}},"status":"OK","code":200,"header":[{"key":"Content-Type","value":"application/json"}],"body":"{\n  \"MemoTicklerStatusRec\": {\n    \"MemoTicklerKeys\": {\n      \"PartyKeys\": {\n        \"PartyId\": \"laboris eu et\"\n      },\n      \"MemoTicklerUse\": \"Memo\",\n      \"MemoTicklerIdent\": \"dolore cillum ipsum c\"\n    },\n    \"MemoTicklerStatus\": {\n      \"MemoTicklerStatusCode\": \"Valid\",\n      \"EffDt\": \"7876-21-24T75:41:41.941\"\n    }\n  },\n  \"Status\": {\n    \"Severity\": \"Warning\",\n    \"StatusCode\": \"et eli\",\n    \"StatusDesc\": \"qui eu dolor \",\n    \"SvcProviderName\": \"irure dolore ipsum velit\",\n    \"Id\": \"fugiat Lorem proident elit\",\n    \"ServerStatusCode\": \"\",\n    \"ServerStatusDesc\": \"in nostrud commodo\",\n    \"OvrdExceptionInd\": true,\n    \"SubjectRole\": \"non\",\n    \"SubjectElement\": [\n      {\n        \"Path\": \"occaecat nisi Duis aliqua \",\n        \"ServerPath\": \"dolor velit ut sed\",\n        \"Value\": \"cupidatat veniam\"\n      },\n      {\n        \"Path\": \"nisi pariatur cupidatat\",\n        \"ServerPath\": \"nisi mollit magna\",\n        \"Value\": \"id cillum irure\"\n      }\n    ],\n    \"ContentHTML\": \"ut incididunt fugiat v\",\n    \"AdditionalStatus\": [\n      {\n        \"StatusCode\": \"Excepteur ut\",\n        \"StatusDesc\": \"aliqua anim laboris consequat\",\n        \"Severity\": \"Info\",\n        \"SvcProviderName\": \"n\",\n        \"ServerStatusCode\": \"nulla dolor commo\",\n        \"ServerStatusDesc\": \"exercitation proident et labore ipsum\",\n        \"OvrdExceptionInd\": true,\n        \"SubjectElement\": [\n          {\n            \"Path\": \"magna occaecat veniam culpa\",\n            \"ServerPath\": \"magna deserunt\",\n            \"Value\": \"amet\"\n          },\n          {\n            \"Path\": \"esse adipisi\",\n            \"ServerPath\": \"in id amet quis nisi\",\n            \"Value\": \"dolore proident\"\n          }\n        ]\n      },\n      {\n        \"StatusCode\": \"no\",\n        \"StatusDesc\": \"in sunt magna\",\n        \"Severity\": \"Info\",\n        \"SvcProviderName\": \"Lorem sed ad exercitation sit\",\n        \"ServerStatusCode\": \"commodo \",\n        \"ServerStatusDesc\": \"velit in consectetur et\",\n        \"OvrdExceptionInd\": true,\n        \"SubjectElement\": [\n          {\n            \"Path\": \"nostrud eu dolor\",\n            \"ServerPath\": \"exercitation cupidatat\",\n            \"Value\": \"ullamco mollit aliquip ea\"\n          },\n          {\n            \"Path\": \"ea quis aliquip ut proident\",\n            \"ServerPath\": \"laborum Ut ad proident\",\n            \"Value\": \"in est sed aute Duis\"\n          }\n        ]\n      }\n    ]\n  }\n}","cookie":[],"_postman_previewlanguage":"json"},{"id":"d44d364d-d5db-449f-9e3a-779edb67644c","name":"To view the complete list of response codes, <a href=\"../docs/?path=docs/response-codes.md\" title=\"Click to open\">click here.</a>","originalRequest":{"url":{"path":["memoticklerservice","partyacctsvc","memotickler","secured"],"host":["{{baseUrl}}"],"query":[],"variable":[]},"header":[{"disabled":false,"description":"(Required) EFX Header is a common and required component for all API calls, it contains client-related parameters. Please note that the header parameters should be sent as a JSON object under the EFXHeader parameter. To view the list of header parameters, <a href=\"../docs?path=docs/api-ref-EFX-header.md\" title=\"Click to open\"> click here.</a>","key":"EFXHeader","value":"OrganizationId,<string>,TrnId,<string>,VendorId,<string>,Context,[object Object]"},{"key":"Accept","value":"application/json"}],"method":"PUT","body":{"mode":"raw","raw":"{\n  \"MemoTicklerKeys\": {\n    \"PartyKeys\": {\n      \"PartyId\": \"<string>\"\n    },\n    \"MemoTicklerUse\": \"<string>\",\n    \"MemoTicklerIdent\": \"<string>\"\n  }\n}","options":{"raw":{"language":"json"}}}},"status":"Internal Server Error","code":500,"header":[{"key":"Content-Type","value":"application/json"}],"body":"{\n  \"MemoTicklerStatusRec\": {\n    \"MemoTicklerKeys\": {\n      \"PartyKeys\": {\n        \"PartyId\": \"irure sed est\"\n      },\n      \"MemoTicklerUse\": \"Memo\",\n      \"MemoTicklerIdent\": \"minim ut\"\n    },\n    \"MemoTicklerStatus\": {\n      \"MemoTicklerStatusCode\": \"Valid\",\n      \"EffDt\": \"7210-99-08T36:90\"\n    }\n  },\n  \"Status\": {\n    \"Severity\": \"Error\",\n    \"StatusCode\": \"exercitation pro\",\n    \"StatusDesc\": \"in consectetur su\",\n    \"SvcProviderName\": \"commodo veniam\",\n    \"Id\": \"est consectetur exercitation voluptate\",\n    \"ServerStatusCode\": \"velit aute\",\n    \"ServerStatusDesc\": \"adip\",\n    \"OvrdExceptionInd\": true,\n    \"SubjectRole\": \"aute officia\",\n    \"SubjectElement\": [\n      {\n        \"Path\": \"Lorem labore in sunt\",\n        \"ServerPath\": \"aliqua voluptate\",\n        \"Value\": \"dolore deserunt Excepteur\"\n      },\n      {\n        \"Path\": \"cillum sit\",\n        \"ServerPath\": \"nulla\",\n        \"Value\": \"Duis aliqua\"\n      }\n    ],\n    \"ContentHTML\": \"deserunt culpa\",\n    \"AdditionalStatus\": [\n      {\n        \"StatusCode\": \"anim \",\n        \"StatusDesc\": \"dolore ut in mollit\",\n        \"Severity\": \"Error\",\n        \"SvcProviderName\": \"laboris lab\",\n        \"ServerStatusCode\": \"enim adipisicing mi\",\n        \"ServerStatusDesc\": \"aute occaecat\",\n        \"OvrdExceptionInd\": false,\n        \"SubjectElement\": [\n          {\n            \"Path\": \"ullamco fugiat consequat magna do\",\n            \"ServerPath\": \"amet consequat labore\",\n            \"Value\": \"non irure\"\n          },\n          {\n            \"Path\": \"et eu\",\n            \"ServerPath\": \"velit\",\n            \"Value\": \"ipsum ut\"\n          }\n        ]\n      },\n      {\n        \"StatusCode\": \"dolor au\",\n        \"StatusDesc\": \"commodo reprehenderit in dolore aliquip\",\n        \"Severity\": \"Info\",\n        \"SvcProviderName\": \"anim culpa sit fugiat nulla\",\n        \"ServerStatusCode\": \"officia Ex\",\n        \"ServerStatusDesc\": \"est\",\n        \"OvrdExceptionInd\": true,\n        \"SubjectElement\": [\n          {\n            \"Path\": \"mollit esse Lorem ullamco non\",\n            \"ServerPath\": \"irure ea\",\n            \"Value\": \"exercitation sed\"\n          },\n          {\n            \"Path\": \"veniam\",\n            \"ServerPath\": \"et ad\",\n            \"Value\": \"quis aute\"\n          }\n        ]\n      }\n    ]\n  }\n}","cookie":[],"_postman_previewlanguage":"json"}],"event":[],"protocolProfileBehavior":{"disableBodyPruning":true}}],"event":[],"variable":[{"type":"string","value":"/","key":"baseUrl"}],"info":{"_postman_id":"7a1cf3de-971b-4714-9d1c-94501804c72f","name":"Memo Tickler Service","schema":"https://schema.getpostman.com/json/collection/v2.1.0/collection.json","description":{"content":"Memo tickler service supports operations to manage memo and ticklers.\n    <br>\n    Memo and ticklers are used to notify the officers from financial institutions regarding important messages or actions that need to take place when interacting with the customer or performing a transaction to the customer's account.\n    <br>\n    Memo is a continuous message that does not require any specific action to be taken on it. Tickler is a one-time or recurring message which may require some specific action to be taken.","type":"text/plain"}}}