{"item":[{"id":"0799c677-59d6-446e-96f3-a2f216056065","name":"Get Memo Tickler.","request":{"name":"Get Memo Tickler.","description":{"content":"Get Memo Tickler by Acct API retrieves ticklers or critical alerts associated to an account or safe deposit box.<br>This API is used to determine if a critical alert or tickler exists for the account.<br>A tickler is a scheduled reminder or account review reminder whereas a critical alert often pertains to a regulatory or compliance issue that requires attention. <br>Many systems display the critical alert on the screen or in a pop-up window that requires the user to view the alert whenever the account is accessed. <br>This API does not support Precision account Notes.<br> <br> To download the API Specifications and Postman Collection, click <a href=\"../docs/?path=docs/resources/resources.md\" title=\"Click to open\">Resources</a>.","type":"text/plain"},"url":{"path":["memoticklerservice","partyacctsvc","memotickler","secured"],"host":["{{baseUrl}}"],"query":[],"variable":[]},"header":[{"disabled":false,"description":"(Required) EFX Header is a common and required component for all API calls, it contains client-related parameters. Please note that the header parameters should be sent as a JSON object under the EFXHeader parameter. To view the list of header parameters, <a href=\"../docs?path=docs/api-ref-EFX-header.md\" title=\"Click to open\"> click here.</a>","key":"EFXHeader","value":"OrganizationId,<string>,TrnId,<string>,VendorId,<string>,Context,[object Object]"},{"key":"Content-Type","value":"application/json"},{"key":"Accept","value":"application/json"}],"method":"POST","auth":null,"body":{"mode":"raw","raw":"{\n  \"MemoTicklerSel\": {\n    \"MemoTicklerKeys\": {\n      \"AcctKeys\": {\n        \"AcctId\": \"<string>\",\n        \"AcctType\": \"<string>\"\n      },\n      \"MemoTicklerUse\": \"<string>\",\n      \"MemoTicklerIdent\": \"<string>\"\n    },\n    \"AcctKeys\": {\n      \"AcctId\": \"<string>\",\n      \"AcctType\": \"<string>\"\n    },\n    \"MemoTicklerUse\": \"<string>\"\n  }\n}","options":{"raw":{"language":"json"}}}},"response":[{"id":"154721ab-319c-4183-8e05-5c749fc33451","name":"Success","originalRequest":{"url":{"path":["memoticklerservice","partyacctsvc","memotickler","secured"],"host":["{{baseUrl}}"],"query":[],"variable":[]},"header":[{"disabled":false,"description":"(Required) EFX Header is a common and required component for all API calls, it contains client-related parameters. Please note that the header parameters should be sent as a JSON object under the EFXHeader parameter. To view the list of header parameters, <a href=\"../docs?path=docs/api-ref-EFX-header.md\" title=\"Click to open\"> click here.</a>","key":"EFXHeader","value":"OrganizationId,<string>,TrnId,<string>,VendorId,<string>,Context,[object Object]"},{"key":"Accept","value":"application/json"}],"method":"POST","body":{"mode":"raw","raw":"{\n  \"MemoTicklerSel\": {\n    \"MemoTicklerKeys\": {\n      \"AcctKeys\": {\n        \"AcctId\": \"<string>\",\n        \"AcctType\": \"<string>\"\n      },\n      \"MemoTicklerUse\": \"<string>\",\n      \"MemoTicklerIdent\": \"<string>\"\n    },\n    \"AcctKeys\": {\n      \"AcctId\": \"<string>\",\n      \"AcctType\": \"<string>\"\n    },\n    \"MemoTicklerUse\": \"<string>\"\n  }\n}","options":{"raw":{"language":"json"}}}},"status":"OK","code":200,"header":[{"key":"Content-Type","value":"application/json"}],"body":"{\n  \"MemoTicklerRec\": [\n    {\n      \"MemoTicklerInfo\": {\n        \"MemoTicklerType\": \"non aliquip voluptate consectetur\",\n        \"MemoTicklerTypeDesc\": \"consequat irure ut tempor\",\n        \"MemoTicklerTitle\": \"mollit ut\",\n        \"MemoTicklerUse\": \"TicklerRequired\",\n        \"CreateDt\": \"5142-43-77\",\n        \"RelationshipMgr\": [\n          {\n            \"RelationshipMgrIdent\": \"id irure Ut nulla\",\n            \"RelationshipRole\": \"Officer\"\n          },\n          {\n            \"RelationshipMgrIdent\": \"minim u\",\n            \"RelationshipRole\": \"Officer\"\n          }\n        ],\n        \"RequiredViewInd\": false,\n        \"DeliveryInstruction\": {\n          \"DeliveryMethod\": \"Message\",\n          \"DeliveryDestination\": \"Customer\",\n          \"Contact\": [\n            {\n              \"value\": \"<Error: Too many levels of nesting to fake this schema>\"\n            },\n            {\n              \"value\": \"<Error: Too many levels of nesting to fake this schema>\"\n            }\n          ]\n        },\n        \"RecurRule\": {\n          \"RecurType\": \"BiMonthly\",\n          \"RecurInterval\": 64439168,\n          \"RecurStartDate\": \"1961-04-19\",\n          \"RecurEndDate\": \"1954-08-14\"\n        },\n        \"NextMemoTicklerDt\": \"1953-05-23\",\n        \"ExpDt\": \"1975-07-18\",\n        \"AccessLevelData\": {\n          \"AccessLevelType\": \"ve\",\n          \"AccessLevelCode\": \"irure\"\n        }\n      },\n      \"MemoTicklerKeys\": {\n        \"AcctKeys\": {\n          \"AcctId\": \"<string>\",\n          \"AcctType\": \"<string>\"\n        },\n        \"MemoTicklerUse\": \"Tickler\",\n        \"MemoTicklerIdent\": \"veniam aute labore \"\n      },\n      \"MemoTicklerStatus\": {\n        \"MemoTicklerStatusCode\": \"adipisicing dolore in\",\n        \"EffDt\": \"7712-05-97\"\n      }\n    },\n    {\n      \"MemoTicklerInfo\": {\n        \"MemoTicklerType\": \"inc\",\n        \"MemoTicklerTypeDesc\": \"ut adipisicing magna\",\n        \"MemoTicklerTitle\": \"esse\",\n        \"MemoTicklerUse\": \"TicklerRequired\",\n        \"CreateDt\": \"3446-36-27\",\n        \"RelationshipMgr\": [\n          {\n            \"RelationshipMgrIdent\": \"in cillum ex\",\n            \"RelationshipRole\": \"Officer\"\n          },\n          {\n            \"RelationshipMgrIdent\": \"aliqua cupidatat adipisicing ve\",\n            \"RelationshipRole\": \"Officer\"\n          }\n        ],\n        \"RequiredViewInd\": false,\n        \"DeliveryInstruction\": {\n          \"DeliveryMethod\": \"Message\",\n          \"DeliveryDestination\": \"Customer\",\n          \"Contact\": [\n            {\n              \"value\": \"<Error: Too many levels of nesting to fake this schema>\"\n            },\n            {\n              \"value\": \"<Error: Too many levels of nesting to fake this schema>\"\n            }\n          ]\n        },\n        \"RecurRule\": {\n          \"RecurType\": \"Weekly\",\n          \"RecurInterval\": 60783661,\n          \"RecurStartDate\": \"1977-08-19\",\n          \"RecurEndDate\": \"2008-05-07\"\n        },\n        \"NextMemoTicklerDt\": \"2018-05-10\",\n        \"ExpDt\": \"1973-10-30\",\n        \"AccessLevelData\": {\n          \"AccessLevelType\": \"cillum aliqua sit ipsum\",\n          \"AccessLevelCode\": \"consectetur ad ut\"\n        }\n      },\n      \"MemoTicklerKeys\": {\n        \"AcctKeys\": {\n          \"AcctId\": \"<string>\",\n          \"AcctType\": \"<string>\"\n        },\n        \"MemoTicklerUse\": \"Tickler\",\n        \"MemoTicklerIdent\": \"dolor elit dolore\"\n      },\n      \"MemoTicklerStatus\": {\n        \"MemoTicklerStatusCode\": \"ad dolore id aute\",\n        \"EffDt\": \"4167-64-26T33:73:04-13:64\"\n      }\n    }\n  ],\n  \"Status\": {\n    \"Severity\": \"Warning\",\n    \"StatusCode\": \"dol\",\n    \"StatusDesc\": \"minim laboris consequat\",\n    \"SvcProviderName\": \"cupidatat reprehenderit\",\n    \"Id\": \"sint et anim nostrud occaecat\",\n    \"ServerStatusCode\": \"laboru\",\n    \"ServerStatusDesc\": \"Lorem fugiat\",\n    \"OvrdExceptionInd\": false,\n    \"SubjectRole\": \"nostrud Ut ipsum\",\n    \"SubjectElement\": [\n      {\n        \"Path\": \"ipsum laboris sed anim dolore\",\n        \"ServerPath\": \"mollit nulla officia\",\n        \"Value\": \"esse dol\"\n      },\n      {\n        \"Path\": \"Lorem consectetur\",\n        \"ServerPath\": \"est elit\",\n        \"Value\": \"quis eu \"\n      }\n    ],\n    \"ContentHTML\": \"magna nulla occaecat officia\",\n    \"AdditionalStatus\": [\n      {\n        \"StatusCode\": \"in ex dol\",\n        \"StatusDesc\": \"enim ex laborum ut\",\n        \"Severity\": \"Warning\",\n        \"SvcProviderName\": \"culpa aliqua et sint ea\",\n        \"ServerStatusCode\": \"no\",\n        \"ServerStatusDesc\": \"cillum incididunt\",\n        \"OvrdExceptionInd\": false,\n        \"SubjectElement\": [\n          {\n            \"Path\": \"am\",\n            \"ServerPath\": \"qui nostrud esse velit\",\n            \"Value\": \"consectetur Ut\"\n          },\n          {\n            \"Path\": \"veniam ut in\",\n            \"ServerPath\": \"i\",\n            \"Value\": \"culpa in commodo\"\n          }\n        ]\n      },\n      {\n        \"StatusCode\": \"aliqua minim\",\n        \"StatusDesc\": \"amet deserunt laborum\",\n        \"Severity\": \"Error\",\n        \"SvcProviderName\": \"Ut veniam\",\n        \"ServerStatusCode\": \"et adipisicing\",\n        \"ServerStatusDesc\": \"mollit aliquip consectetur enim\",\n        \"OvrdExceptionInd\": false,\n        \"SubjectElement\": [\n          {\n            \"Path\": \"culpa id\",\n            \"ServerPath\": \"officia eu tempor\",\n            \"Value\": \"Lorem irure tempor\"\n          },\n          {\n            \"Path\": \"sit est ut\",\n            \"ServerPath\": \"pariatur ipsum fugiat in\",\n            \"Value\": \"deserunt id consectetur nisi\"\n          }\n        ]\n      }\n    ]\n  },\n  \"RecCtrlOut\": {\n    \"SentRecCount\": 87913200\n  }\n}","cookie":[],"_postman_previewlanguage":"json"},{"id":"b8bd6153-f637-4161-ab12-4d613a839f16","name":"To view the complete list of response codes, <a href=\"../docs/?path=docs/response-codes.md\" title=\"Click to open\">click here.</a>","originalRequest":{"url":{"path":["memoticklerservice","partyacctsvc","memotickler","secured"],"host":["{{baseUrl}}"],"query":[],"variable":[]},"header":[{"disabled":false,"description":"(Required) EFX Header is a common and required component for all API calls, it contains client-related parameters. Please note that the header parameters should be sent as a JSON object under the EFXHeader parameter. To view the list of header parameters, <a href=\"../docs?path=docs/api-ref-EFX-header.md\" title=\"Click to open\"> click here.</a>","key":"EFXHeader","value":"OrganizationId,<string>,TrnId,<string>,VendorId,<string>,Context,[object Object]"},{"key":"Accept","value":"application/json"}],"method":"POST","body":{"mode":"raw","raw":"{\n  \"MemoTicklerSel\": {\n    \"MemoTicklerKeys\": {\n      \"AcctKeys\": {\n        \"AcctId\": \"<string>\",\n        \"AcctType\": \"<string>\"\n      },\n      \"MemoTicklerUse\": \"<string>\",\n      \"MemoTicklerIdent\": \"<string>\"\n    },\n    \"AcctKeys\": {\n      \"AcctId\": \"<string>\",\n      \"AcctType\": \"<string>\"\n    },\n    \"MemoTicklerUse\": \"<string>\"\n  }\n}","options":{"raw":{"language":"json"}}}},"status":"Internal Server Error","code":500,"header":[{"key":"Content-Type","value":"application/json"}],"body":"{\n  \"MemoTicklerRec\": [\n    {\n      \"MemoTicklerInfo\": {\n        \"MemoTicklerType\": \"sunt\",\n        \"MemoTicklerTypeDesc\": \"aute do\",\n        \"MemoTicklerTitle\": \"\",\n        \"MemoTicklerUse\": \"TicklerRequired\",\n        \"CreateDt\": \"9423-31-10T44:25:01.093+35:99\",\n        \"RelationshipMgr\": [\n          {\n            \"RelationshipMgrIdent\": \"sint eu \",\n            \"RelationshipRole\": \"Officer\"\n          },\n          {\n            \"RelationshipMgrIdent\": \"pariatur sint\",\n            \"RelationshipRole\": \"Officer\"\n          }\n        ],\n        \"RequiredViewInd\": false,\n        \"DeliveryInstruction\": {\n          \"DeliveryMethod\": \"Message\",\n          \"DeliveryDestination\": \"Teller\",\n          \"Contact\": [\n            {\n              \"value\": \"<Error: Too many levels of nesting to fake this schema>\"\n            },\n            {\n              \"value\": \"<Error: Too many levels of nesting to fake this schema>\"\n            }\n          ]\n        },\n        \"RecurRule\": {\n          \"RecurType\": \"SemiMonthly\",\n          \"RecurInterval\": 62791137,\n          \"RecurStartDate\": \"1952-10-13\",\n          \"RecurEndDate\": \"1958-03-24\"\n        },\n        \"NextMemoTicklerDt\": \"2017-04-28\",\n        \"ExpDt\": \"2010-10-22\",\n        \"AccessLevelData\": {\n          \"AccessLevelType\": \"fugiat ut non\",\n          \"AccessLevelCode\": \"fugiat consec\"\n        }\n      },\n      \"MemoTicklerKeys\": {\n        \"AcctKeys\": {\n          \"AcctId\": \"<string>\",\n          \"AcctType\": \"<string>\"\n        },\n        \"MemoTicklerUse\": \"TicklerRequired\",\n        \"MemoTicklerIdent\": \"enim cillum \"\n      },\n      \"MemoTicklerStatus\": {\n        \"MemoTicklerStatusCode\": \"est ipsum dolore non\",\n        \"EffDt\": \"4227-32-11T38:63\"\n      }\n    },\n    {\n      \"MemoTicklerInfo\": {\n        \"MemoTicklerType\": \"minim\",\n        \"MemoTicklerTypeDesc\": \"aute\",\n        \"MemoTicklerTitle\": \"voluptate anim laborum\",\n        \"MemoTicklerUse\": \"TicklerRequired\",\n        \"CreateDt\": \"8312-00-75\",\n        \"RelationshipMgr\": [\n          {\n            \"RelationshipMgrIdent\": \"nisi in ut\",\n            \"RelationshipRole\": \"Officer\"\n          },\n          {\n            \"RelationshipMgrIdent\": \"eu in velit mollit sit\",\n            \"RelationshipRole\": \"Officer\"\n          }\n        ],\n        \"RequiredViewInd\": false,\n        \"DeliveryInstruction\": {\n          \"DeliveryMethod\": \"NoNotice\",\n          \"DeliveryDestination\": \"Customer\",\n          \"Contact\": [\n            {\n              \"value\": \"<Error: Too many levels of nesting to fake this schema>\"\n            },\n            {\n              \"value\": \"<Error: Too many levels of nesting to fake this schema>\"\n            }\n          ]\n        },\n        \"RecurRule\": {\n          \"RecurType\": \"BiMonthly\",\n          \"RecurInterval\": -64257199,\n          \"RecurStartDate\": \"1999-12-09\",\n          \"RecurEndDate\": \"1992-02-01\"\n        },\n        \"NextMemoTicklerDt\": \"1969-07-25\",\n        \"ExpDt\": \"1953-03-26\",\n        \"AccessLevelData\": {\n          \"AccessLevelType\": \"velit eiusmod\",\n          \"AccessLevelCode\": \"cupidatat\"\n        }\n      },\n      \"MemoTicklerKeys\": {\n        \"AcctKeys\": {\n          \"AcctId\": \"<string>\",\n          \"AcctType\": \"<string>\"\n        },\n        \"MemoTicklerUse\": \"TicklerRequired\",\n        \"MemoTicklerIdent\": \"dolor cupidatat\"\n      },\n      \"MemoTicklerStatus\": {\n        \"MemoTicklerStatusCode\": \"incididunt cupidatat aliquip\",\n        \"EffDt\": \"4034-27-88\"\n      }\n    }\n  ],\n  \"Status\": {\n    \"Severity\": \"Info\",\n    \"StatusCode\": \"\",\n    \"StatusDesc\": \"consequat in deserunt\",\n    \"SvcProviderName\": \"non ad aliqua fugiat\",\n    \"Id\": \"eiusmod\",\n    \"ServerStatusCode\": \"\",\n    \"ServerStatusDesc\": \"incididunt Duis\",\n    \"OvrdExceptionInd\": true,\n    \"SubjectRole\": \"dolor sit\",\n    \"SubjectElement\": [\n      {\n        \"Path\": \"repre\",\n        \"ServerPath\": \"aliquip consectetur quis cillum\",\n        \"Value\": \"est sunt\"\n      },\n      {\n        \"Path\": \"c\",\n        \"ServerPath\": \"minim mollit\",\n        \"Value\": \"Duis\"\n      }\n    ],\n    \"ContentHTML\": \"nostrud sit velit reprehenderit dolore\",\n    \"AdditionalStatus\": [\n      {\n        \"StatusCode\": \"adip\",\n        \"StatusDesc\": \"cillum id dolore\",\n        \"Severity\": \"Warning\",\n        \"SvcProviderName\": \"nisi pariatur eu\",\n        \"ServerStatusCode\": \"nostrud culpa s\",\n        \"ServerStatusDesc\": \"irure ut\",\n        \"OvrdExceptionInd\": false,\n        \"SubjectElement\": [\n          {\n            \"Path\": \"Duis ullamco est veniam officia\",\n            \"ServerPath\": \"ve\",\n            \"Value\": \"dolor\"\n          },\n          {\n            \"Path\": \"elit laborum sunt irure\",\n            \"ServerPath\": \"nisi et\",\n            \"Value\": \"nulla est\"\n          }\n        ]\n      },\n      {\n        \"StatusCode\": \"fugiat consec\",\n        \"StatusDesc\": \"pariatur proident\",\n        \"Severity\": \"Info\",\n        \"SvcProviderName\": \"consequat aute nisi\",\n        \"ServerStatusCode\": \"ex dolore in aute\",\n        \"ServerStatusDesc\": \"elit est deserunt dolor\",\n        \"OvrdExceptionInd\": true,\n        \"SubjectElement\": [\n          {\n            \"Path\": \"enim est cupidatat\",\n            \"ServerPath\": \"aute\",\n            \"Value\": \"sit nisi\"\n          },\n          {\n            \"Path\": \"voluptate aute sed\",\n            \"ServerPath\": \"in incididunt laboris\",\n            \"Value\": \"id velit esse\"\n          }\n        ]\n      }\n    ]\n  },\n  \"RecCtrlOut\": {\n    \"SentRecCount\": -27557966\n  }\n}","cookie":[],"_postman_previewlanguage":"json"}],"event":[],"protocolProfileBehavior":{"disableBodyPruning":true}}],"event":[],"variable":[{"type":"string","value":"/","key":"baseUrl"}],"info":{"_postman_id":"49eddf0e-9854-4c2a-a802-86db42778347","name":"Memo Tickler Service","schema":"https://schema.getpostman.com/json/collection/v2.1.0/collection.json","description":{"content":"Memo tickler service supports operations to manage memo and ticklers.\n    <br>\n    Memo and ticklers are used to notify the officers from financial institutions regarding important messages or actions that need to take place when interacting with the customer or performing a transaction to the customer's account.\n    <br>\n    Memo is a continuous message that does not require any specific action to be taken on it. Tickler is a one-time or recurring message which may require some specific action to be taken.","type":"text/plain"}}}