{"item":[{"id":"35ed929a-c074-4234-b03d-17167672f6ed","name":"memoticklerservice/partyacctsvc/memotickler","item":[{"id":"1ba83d9b-0a91-4493-ada8-16a8fdf0468d","name":"Update Memo Tickler.","request":{"name":"Update Memo Tickler.","description":{"content":"Update Memo Tickler API modifies an existing memo or tickler associated for an account or a customer (party). <br>For Signature, this API deletes the field value from the memo tickler record if the final state of the record is not sent in the request. <br> <br> To download the API Specifications and Postman Collection, click <a href=\"../docs/?path=docs/resources/resources.md\" title=\"Click to open\">Resources</a>.","type":"text/plain"},"url":{"path":["memoticklerservice","partyacctsvc","memotickler"],"host":["{{baseUrl}}"],"query":[],"variable":[]},"header":[{"disabled":false,"description":"(Required) EFX Header is a common and required component for all API calls, it contains client-related parameters. Please note that the header parameters should be sent as a JSON object under the EFXHeader parameter. To view the list of header parameters, <a href=\"../docs?path=docs/api-ref-EFX-header.md\" title=\"Click to open\"> click here.</a>","key":"EFXHeader","value":"OrganizationId,<string>,TrnId,<string>,VendorId,<string>,Context,[object Object]"},{"key":"Content-Type","value":"application/json"},{"key":"Accept","value":"application/json"}],"method":"PUT","auth":null,"body":{"mode":"raw","raw":"{\n  \"MemoTicklerInfo\": {\n    \"MemoTicklerType\": \"<string>\",\n    \"MemoTicklerTypeDesc\": \"<string>\",\n    \"MemoTicklerTitle\": \"<string>\",\n    \"MemoTicklerUse\": \"<string>\",\n    \"RelationshipMgr\": [\n      {\n        \"RelationshipMgrIdent\": \"<string>\",\n        \"RelationshipRole\": \"<string>\"\n      },\n      {\n        \"RelationshipMgrIdent\": \"<string>\",\n        \"RelationshipRole\": \"<string>\"\n      }\n    ],\n    \"PrivateMemoTicklerInd\": \"<boolean>\",\n    \"ActionRequiredCode\": \"<string>\",\n    \"DeliveryInstruction\": {\n      \"DeliveryMethod\": \"<string>\",\n      \"DeliveryDestination\": \"<string>\"\n    },\n    \"RecurRule\": {\n      \"RecurType\": \"<string>\",\n      \"RecurInterval\": \"<long>\"\n    },\n    \"NextMemoTicklerDt\": \"<date>\",\n    \"Duration\": {\n      \"Count\": \"<long>\",\n      \"Unit\": \"<string>\"\n    },\n    \"ExpDt\": \"<date>\",\n    \"MaintBy\": \"<string>\"\n  },\n  \"MemoTicklerKeys\": {\n    \"AcctKeys\": {\n      \"AcctId\": \"<string>\",\n      \"AcctType\": \"<string>\"\n    },\n    \"PartyKeys\": {\n      \"PartyId\": \"<string>\"\n    },\n    \"MemoTicklerUse\": \"<string>\",\n    \"MemoTicklerIdent\": \"<string>\"\n  }\n}","options":{"raw":{"language":"json"}}}},"response":[{"id":"d91a41cb-4573-45c5-b2a5-2e67e6d2b223","name":"Success","originalRequest":{"url":{"path":["memoticklerservice","partyacctsvc","memotickler"],"host":["{{baseUrl}}"],"query":[],"variable":[]},"header":[{"disabled":false,"description":"(Required) EFX Header is a common and required component for all API calls, it contains client-related parameters. Please note that the header parameters should be sent as a JSON object under the EFXHeader parameter. To view the list of header parameters, <a href=\"../docs?path=docs/api-ref-EFX-header.md\" title=\"Click to open\"> click here.</a>","key":"EFXHeader","value":"OrganizationId,<string>,TrnId,<string>,VendorId,<string>,Context,[object Object]"},{"key":"Accept","value":"application/json"}],"method":"PUT","body":{"mode":"raw","raw":"{\n  \"MemoTicklerInfo\": {\n    \"MemoTicklerType\": \"<string>\",\n    \"MemoTicklerTypeDesc\": \"<string>\",\n    \"MemoTicklerTitle\": \"<string>\",\n    \"MemoTicklerUse\": \"<string>\",\n    \"RelationshipMgr\": [\n      {\n        \"RelationshipMgrIdent\": \"<string>\",\n        \"RelationshipRole\": \"<string>\"\n      },\n      {\n        \"RelationshipMgrIdent\": \"<string>\",\n        \"RelationshipRole\": \"<string>\"\n      }\n    ],\n    \"PrivateMemoTicklerInd\": \"<boolean>\",\n    \"ActionRequiredCode\": \"<string>\",\n    \"DeliveryInstruction\": {\n      \"DeliveryMethod\": \"<string>\",\n      \"DeliveryDestination\": \"<string>\"\n    },\n    \"RecurRule\": {\n      \"RecurType\": \"<string>\",\n      \"RecurInterval\": \"<long>\"\n    },\n    \"NextMemoTicklerDt\": \"<date>\",\n    \"Duration\": {\n      \"Count\": \"<long>\",\n      \"Unit\": \"<string>\"\n    },\n    \"ExpDt\": \"<date>\",\n    \"MaintBy\": \"<string>\"\n  },\n  \"MemoTicklerKeys\": {\n    \"AcctKeys\": {\n      \"AcctId\": \"<string>\",\n      \"AcctType\": \"<string>\"\n    },\n    \"PartyKeys\": {\n      \"PartyId\": \"<string>\"\n    },\n    \"MemoTicklerUse\": \"<string>\",\n    \"MemoTicklerIdent\": \"<string>\"\n  }\n}","options":{"raw":{"language":"json"}}}},"status":"OK","code":200,"header":[{"key":"Content-Type","value":"application/json"}],"body":"{\n  \"MemoTicklerStatusRec\": {\n    \"MemoTicklerKeys\": {\n      \"AcctKeys\": {\n        \"AcctId\": \"sunt deserunt exercitation\",\n        \"AcctType\": \"DDA\"\n      },\n      \"PartyKeys\": {\n        \"PartyId\": \"aliquip\"\n      },\n      \"MemoTicklerUse\": \"Tickler\",\n      \"MemoTicklerIdent\": \"do dolore i\"\n    },\n    \"MemoTicklerStatus\": {\n      \"MemoTicklerStatusCode\": \"Valid\",\n      \"EffDt\": \"9608-56-04T57:22\"\n    }\n  },\n  \"Status\": {\n    \"Severity\": \"Info\",\n    \"StatusCode\": \"minim eiusmo\",\n    \"StatusDesc\": \"culpa sit consequat enim\",\n    \"SvcProviderName\": \"mollit dolore cillum ex\",\n    \"Id\": \"in est consectetur ad minim\",\n    \"ServerStatusCode\": \"ex cil\",\n    \"ServerStatusDesc\": \"ipsum proident\",\n    \"OvrdExceptionInd\": true,\n    \"SubjectRole\": \"reprehenderit ut et\",\n    \"SubjectElement\": [\n      {\n        \"Path\": \"incididunt est\",\n        \"ServerPath\": \"ea cillum\",\n        \"Value\": \"dolore elit nostrud\"\n      },\n      {\n        \"Path\": \"in Duis adipisicing\",\n        \"ServerPath\": \"anim ex elit\",\n        \"Value\": \"sunt exercitation dolor\"\n      }\n    ],\n    \"ContentHTML\": \"nulla consectetur pariatur\",\n    \"AdditionalStatus\": [\n      {\n        \"StatusCode\": \"\",\n        \"StatusDesc\": \"anim veniam qui\",\n        \"Severity\": \"Info\",\n        \"SvcProviderName\": \"aliquip sit est\",\n        \"ServerStatusCode\": \"l\",\n        \"ServerStatusDesc\": \"eu aute sunt laborum\",\n        \"OvrdExceptionInd\": true,\n        \"SubjectElement\": [\n          {\n            \"Path\": \"Excepteur\",\n            \"ServerPath\": \"do cillum aliquip culpa minim\",\n            \"Value\": \"dolor et tempor incididunt labore\"\n          },\n          {\n            \"Path\": \"sint dolor\",\n            \"ServerPath\": \"elit ullamco\",\n            \"Value\": \"id dolore dolor\"\n          }\n        ]\n      },\n      {\n        \"StatusCode\": \"dolore in\",\n        \"StatusDesc\": \"non\",\n        \"Severity\": \"Info\",\n        \"SvcProviderName\": \"pariatur sed est sit\",\n        \"ServerStatusCode\": \"nulla tempor qui\",\n        \"ServerStatusDesc\": \"Duis enim\",\n        \"OvrdExceptionInd\": false,\n        \"SubjectElement\": [\n          {\n            \"Path\": \"sunt Lorem voluptate\",\n            \"ServerPath\": \"culpa laborum ipsum\",\n            \"Value\": \"culpa ea aute\"\n          },\n          {\n            \"Path\": \"nulla laborum\",\n            \"ServerPath\": \"consectet\",\n            \"Value\": \"et amet\"\n          }\n        ]\n      }\n    ]\n  }\n}","cookie":[],"_postman_previewlanguage":"json"},{"id":"780b1116-2a60-4122-865d-38de2a3997c0","name":"To view the complete list of response codes, <a href=\"../docs/?path=docs/response-codes.md\" title=\"Click to open\">click here.</a>","originalRequest":{"url":{"path":["memoticklerservice","partyacctsvc","memotickler"],"host":["{{baseUrl}}"],"query":[],"variable":[]},"header":[{"disabled":false,"description":"(Required) EFX Header is a common and required component for all API calls, it contains client-related parameters. Please note that the header parameters should be sent as a JSON object under the EFXHeader parameter. To view the list of header parameters, <a href=\"../docs?path=docs/api-ref-EFX-header.md\" title=\"Click to open\"> click here.</a>","key":"EFXHeader","value":"OrganizationId,<string>,TrnId,<string>,VendorId,<string>,Context,[object Object]"},{"key":"Accept","value":"application/json"}],"method":"PUT","body":{"mode":"raw","raw":"{\n  \"MemoTicklerInfo\": {\n    \"MemoTicklerType\": \"<string>\",\n    \"MemoTicklerTypeDesc\": \"<string>\",\n    \"MemoTicklerTitle\": \"<string>\",\n    \"MemoTicklerUse\": \"<string>\",\n    \"RelationshipMgr\": [\n      {\n        \"RelationshipMgrIdent\": \"<string>\",\n        \"RelationshipRole\": \"<string>\"\n      },\n      {\n        \"RelationshipMgrIdent\": \"<string>\",\n        \"RelationshipRole\": \"<string>\"\n      }\n    ],\n    \"PrivateMemoTicklerInd\": \"<boolean>\",\n    \"ActionRequiredCode\": \"<string>\",\n    \"DeliveryInstruction\": {\n      \"DeliveryMethod\": \"<string>\",\n      \"DeliveryDestination\": \"<string>\"\n    },\n    \"RecurRule\": {\n      \"RecurType\": \"<string>\",\n      \"RecurInterval\": \"<long>\"\n    },\n    \"NextMemoTicklerDt\": \"<date>\",\n    \"Duration\": {\n      \"Count\": \"<long>\",\n      \"Unit\": \"<string>\"\n    },\n    \"ExpDt\": \"<date>\",\n    \"MaintBy\": \"<string>\"\n  },\n  \"MemoTicklerKeys\": {\n    \"AcctKeys\": {\n      \"AcctId\": \"<string>\",\n      \"AcctType\": \"<string>\"\n    },\n    \"PartyKeys\": {\n      \"PartyId\": \"<string>\"\n    },\n    \"MemoTicklerUse\": \"<string>\",\n    \"MemoTicklerIdent\": \"<string>\"\n  }\n}","options":{"raw":{"language":"json"}}}},"status":"Internal Server Error","code":500,"header":[{"key":"Content-Type","value":"application/json"}],"body":"{\n  \"MemoTicklerStatusRec\": {\n    \"MemoTicklerKeys\": {\n      \"AcctKeys\": {\n        \"AcctId\": \"ex exercitati\",\n        \"AcctType\": \"CDA\"\n      },\n      \"PartyKeys\": {\n        \"PartyId\": \"est consectetur\"\n      },\n      \"MemoTicklerUse\": \"TicklerRequired\",\n      \"MemoTicklerIdent\": \"anim Excepteur est eius\"\n    },\n    \"MemoTicklerStatus\": {\n      \"MemoTicklerStatusCode\": \"Valid\",\n      \"EffDt\": \"1576-48-78T80:70:79.622+46:98\"\n    }\n  },\n  \"Status\": {\n    \"Severity\": \"Error\",\n    \"StatusCode\": \"minim laborum\",\n    \"StatusDesc\": \"nisi magna consequat\",\n    \"SvcProviderName\": \"Excepteur ipsum dolor eu\",\n    \"Id\": \"exercitation sed laborum\",\n    \"ServerStatusCode\": \"amet ad anim\",\n    \"ServerStatusDesc\": \"irure labore dolor exercitation Duis\",\n    \"OvrdExceptionInd\": false,\n    \"SubjectRole\": \"sed\",\n    \"SubjectElement\": [\n      {\n        \"Path\": \"commodo cillum nulla officia reprehenderit\",\n        \"ServerPath\": \"minim et do quis\",\n        \"Value\": \"consectetur\"\n      },\n      {\n        \"Path\": \"non labore nisi sed\",\n        \"ServerPath\": \"in laboris ex\",\n        \"Value\": \"Ut mollit id eiusmod\"\n      }\n    ],\n    \"ContentHTML\": \"aute sint\",\n    \"AdditionalStatus\": [\n      {\n        \"StatusCode\": \"nulla\",\n        \"StatusDesc\": \"deserunt non sint ex\",\n        \"Severity\": \"Info\",\n        \"SvcProviderName\": \"sed laborum do et\",\n        \"ServerStatusCode\": \"tempor Lorem lab\",\n        \"ServerStatusDesc\": \"occaecat pariatur quis exercitation mollit\",\n        \"OvrdExceptionInd\": false,\n        \"SubjectElement\": [\n          {\n            \"Path\": \"ut laborum\",\n            \"ServerPath\": \"commodo ullamco non quis\",\n            \"Value\": \"laborum sint\"\n          },\n          {\n            \"Path\": \"sint quis dolor\",\n            \"ServerPath\": \"Excepteur ad in aute\",\n            \"Value\": \"magna ex esse\"\n          }\n        ]\n      },\n      {\n        \"StatusCode\": \"ex sint enim velit i\",\n        \"StatusDesc\": \"deserunt dolore\",\n        \"Severity\": \"Error\",\n        \"SvcProviderName\": \"consequat anim\",\n        \"ServerStatusCode\": \"eu \",\n        \"ServerStatusDesc\": \"deseru\",\n        \"OvrdExceptionInd\": true,\n        \"SubjectElement\": [\n          {\n            \"Path\": \"tempor\",\n            \"ServerPath\": \"Duis laboris ut sit\",\n            \"Value\": \"elit dolore adipisicing\"\n          },\n          {\n            \"Path\": \"consequat laboris aute\",\n            \"ServerPath\": \"culpa velit magna sint\",\n            \"Value\": \"veniam laboris\"\n          }\n        ]\n      }\n    ]\n  }\n}","cookie":[],"_postman_previewlanguage":"json"}],"event":[],"protocolProfileBehavior":{"disableBodyPruning":true}},{"id":"e7dfc0b4-dce8-4d4e-aeaf-b435f58552ae","name":"Add Memo Tickler.","request":{"name":"Add Memo Tickler.","description":{"content":"Add Memo Tickler API adds a new memo or tickler to an account or a customer (party). <br> <br> To download the API Specifications and Postman Collection, click <a href=\"../docs/?path=docs/resources/resources.md\" title=\"Click to open\">Resources</a>.","type":"text/plain"},"url":{"path":["memoticklerservice","partyacctsvc","memotickler"],"host":["{{baseUrl}}"],"query":[],"variable":[]},"header":[{"disabled":false,"description":"(Required) EFX Header is a common and required component for all API calls, it contains client-related parameters. Please note that the header parameters should be sent as a JSON object under the EFXHeader parameter. To view the list of header parameters, <a href=\"../docs?path=docs/api-ref-EFX-header.md\" title=\"Click to open\"> click here.</a>","key":"EFXHeader","value":"OrganizationId,<string>,TrnId,<string>,VendorId,<string>,Context,[object Object]"},{"key":"Content-Type","value":"application/json"},{"key":"Accept","value":"application/json"}],"method":"POST","auth":null,"body":{"mode":"raw","raw":"{\n  \"MemoTicklerInfo\": {\n    \"AcctKeys\": {\n      \"AcctId\": \"<string>\",\n      \"AcctType\": \"<string>\"\n    },\n    \"PartyKeys\": {\n      \"PartyId\": \"<string>\"\n    },\n    \"MemoTicklerType\": \"<string>\",\n    \"MemoTicklerTypeDesc\": \"<string>\",\n    \"MemoTicklerTitle\": \"<string>\",\n    \"MemoTicklerUse\": \"<string>\",\n    \"CreatedBy\": \"<string>\",\n    \"RelationshipMgr\": [\n      {\n        \"RelationshipMgrIdent\": \"<string>\",\n        \"RelationshipRole\": \"<string>\"\n      },\n      {\n        \"RelationshipMgrIdent\": \"<string>\",\n        \"RelationshipRole\": \"<string>\"\n      }\n    ],\n    \"PrivateMemoTicklerInd\": \"<boolean>\",\n    \"ActionRequiredCode\": \"<string>\",\n    \"DeliveryInstruction\": {\n      \"DeliveryMethod\": \"<string>\",\n      \"DeliveryDestination\": \"<string>\"\n    },\n    \"RecurRule\": {\n      \"RecurType\": \"<string>\",\n      \"RecurInterval\": \"<long>\"\n    },\n    \"NextMemoTicklerDt\": \"<date>\",\n    \"Duration\": {\n      \"Count\": \"<long>\",\n      \"Unit\": \"<string>\"\n    },\n    \"ExpDt\": \"<date>\",\n    \"UpdateContactCode\": \"<string>\"\n  }\n}","options":{"raw":{"language":"json"}}}},"response":[{"id":"6e30edd9-d6a2-4306-9119-f1698d8e5e27","name":"Created","originalRequest":{"url":{"path":["memoticklerservice","partyacctsvc","memotickler"],"host":["{{baseUrl}}"],"query":[],"variable":[]},"header":[{"disabled":false,"description":"(Required) EFX Header is a common and required component for all API calls, it contains client-related parameters. Please note that the header parameters should be sent as a JSON object under the EFXHeader parameter. To view the list of header parameters, <a href=\"../docs?path=docs/api-ref-EFX-header.md\" title=\"Click to open\"> click here.</a>","key":"EFXHeader","value":"OrganizationId,<string>,TrnId,<string>,VendorId,<string>,Context,[object Object]"},{"key":"Accept","value":"application/json"}],"method":"POST","body":{"mode":"raw","raw":"{\n  \"MemoTicklerInfo\": {\n    \"AcctKeys\": {\n      \"AcctId\": \"<string>\",\n      \"AcctType\": \"<string>\"\n    },\n    \"PartyKeys\": {\n      \"PartyId\": \"<string>\"\n    },\n    \"MemoTicklerType\": \"<string>\",\n    \"MemoTicklerTypeDesc\": \"<string>\",\n    \"MemoTicklerTitle\": \"<string>\",\n    \"MemoTicklerUse\": \"<string>\",\n    \"CreatedBy\": \"<string>\",\n    \"RelationshipMgr\": [\n      {\n        \"RelationshipMgrIdent\": \"<string>\",\n        \"RelationshipRole\": \"<string>\"\n      },\n      {\n        \"RelationshipMgrIdent\": \"<string>\",\n        \"RelationshipRole\": \"<string>\"\n      }\n    ],\n    \"PrivateMemoTicklerInd\": \"<boolean>\",\n    \"ActionRequiredCode\": \"<string>\",\n    \"DeliveryInstruction\": {\n      \"DeliveryMethod\": \"<string>\",\n      \"DeliveryDestination\": \"<string>\"\n    },\n    \"RecurRule\": {\n      \"RecurType\": \"<string>\",\n      \"RecurInterval\": \"<long>\"\n    },\n    \"NextMemoTicklerDt\": \"<date>\",\n    \"Duration\": {\n      \"Count\": \"<long>\",\n      \"Unit\": \"<string>\"\n    },\n    \"ExpDt\": \"<date>\",\n    \"UpdateContactCode\": \"<string>\"\n  }\n}","options":{"raw":{"language":"json"}}}},"status":"Created","code":201,"header":[{"key":"Content-Type","value":"application/json"}],"body":"{\n  \"MemoTicklerStatusRec\": {\n    \"MemoTicklerKeys\": {\n      \"AcctKeys\": {\n        \"AcctId\": \"Ut qui\",\n        \"AcctType\": \"LOAN\"\n      },\n      \"PartyKeys\": {\n        \"PartyId\": \"tempor nisi eius\"\n      },\n      \"MemoTicklerUse\": \"Memo\",\n      \"MemoTicklerIdent\": \"ut velit laborum\"\n    },\n    \"MemoTicklerStatus\": {\n      \"MemoTicklerStatusCode\": \"Valid\",\n      \"EffDt\": \"8270-19-98T46:15:79\"\n    }\n  },\n  \"Status\": {\n    \"Severity\": \"Info\",\n    \"StatusCode\": \"sunt anim au\",\n    \"StatusDesc\": \"eiusmod dolore\",\n    \"SvcProviderName\": \"reprehenderit ad do\",\n    \"Id\": \"ipsum cillum nostrud\",\n    \"ServerStatusCode\": \"consectetur \",\n    \"ServerStatusDesc\": \"aliqua in deserunt magna esse\",\n    \"OvrdExceptionInd\": false,\n    \"SubjectRole\": \"exercitation ad ipsum cillum\",\n    \"SubjectElement\": [\n      {\n        \"Path\": \"sint adipisicing ipsum proident\",\n        \"ServerPath\": \"sit dolore fugiat ad\",\n        \"Value\": \"sit occaecat do minim\"\n      },\n      {\n        \"Path\": \"dolore consectetur\",\n        \"ServerPath\": \"Excepteur laborum quis fugiat ipsum\",\n        \"Value\": \"velit elit\"\n      }\n    ],\n    \"ContentHTML\": \"ut in non\",\n    \"AdditionalStatus\": [\n      {\n        \"StatusCode\": \"dolor eni\",\n        \"StatusDesc\": \"aliquip ut veniam adipisicing esse\",\n        \"Severity\": \"Error\",\n        \"SvcProviderName\": \"sed minim amet consequat eiusmod\",\n        \"ServerStatusCode\": \"in ad Ut\",\n        \"ServerStatusDesc\": \"exercitation aute occaecat\",\n        \"OvrdExceptionInd\": true,\n        \"SubjectElement\": [\n          {\n            \"Path\": \"aliquip anim tempor\",\n            \"ServerPath\": \"eiusmod laborum in nisi\",\n            \"Value\": \"nisi Lorem mollit sit proident\"\n          },\n          {\n            \"Path\": \"qui irure id nulla ut\",\n            \"ServerPath\": \"officia commodo\",\n            \"Value\": \"occaecat enim\"\n          }\n        ]\n      },\n      {\n        \"StatusCode\": \"minim ess\",\n        \"StatusDesc\": \"occaecat non\",\n        \"Severity\": \"Warning\",\n        \"SvcProviderName\": \"dolore ut\",\n        \"ServerStatusCode\": \"adipisicing in\",\n        \"ServerStatusDesc\": \"ad consequat culpa\",\n        \"OvrdExceptionInd\": false,\n        \"SubjectElement\": [\n          {\n            \"Path\": \"dolor minim ipsum \",\n            \"ServerPath\": \"eu est sunt\",\n            \"Value\": \"deserunt officia\"\n          },\n          {\n            \"Path\": \"culpa consectetur\",\n            \"ServerPath\": \"proident commodo Excepteur reprehenderit\",\n            \"Value\": \"ut sit dolore ut mollit\"\n          }\n        ]\n      }\n    ]\n  }\n}","cookie":[],"_postman_previewlanguage":"json"},{"id":"9725ef26-66f2-4271-a039-c7658dccca8d","name":"To view the complete list of response codes, <a href=\"../docs/?path=docs/response-codes.md\" title=\"Click to open\">click here.</a>","originalRequest":{"url":{"path":["memoticklerservice","partyacctsvc","memotickler"],"host":["{{baseUrl}}"],"query":[],"variable":[]},"header":[{"disabled":false,"description":"(Required) EFX Header is a common and required component for all API calls, it contains client-related parameters. Please note that the header parameters should be sent as a JSON object under the EFXHeader parameter. To view the list of header parameters, <a href=\"../docs?path=docs/api-ref-EFX-header.md\" title=\"Click to open\"> click here.</a>","key":"EFXHeader","value":"OrganizationId,<string>,TrnId,<string>,VendorId,<string>,Context,[object Object]"},{"key":"Accept","value":"application/json"}],"method":"POST","body":{"mode":"raw","raw":"{\n  \"MemoTicklerInfo\": {\n    \"AcctKeys\": {\n      \"AcctId\": \"<string>\",\n      \"AcctType\": \"<string>\"\n    },\n    \"PartyKeys\": {\n      \"PartyId\": \"<string>\"\n    },\n    \"MemoTicklerType\": \"<string>\",\n    \"MemoTicklerTypeDesc\": \"<string>\",\n    \"MemoTicklerTitle\": \"<string>\",\n    \"MemoTicklerUse\": \"<string>\",\n    \"CreatedBy\": \"<string>\",\n    \"RelationshipMgr\": [\n      {\n        \"RelationshipMgrIdent\": \"<string>\",\n        \"RelationshipRole\": \"<string>\"\n      },\n      {\n        \"RelationshipMgrIdent\": \"<string>\",\n        \"RelationshipRole\": \"<string>\"\n      }\n    ],\n    \"PrivateMemoTicklerInd\": \"<boolean>\",\n    \"ActionRequiredCode\": \"<string>\",\n    \"DeliveryInstruction\": {\n      \"DeliveryMethod\": \"<string>\",\n      \"DeliveryDestination\": \"<string>\"\n    },\n    \"RecurRule\": {\n      \"RecurType\": \"<string>\",\n      \"RecurInterval\": \"<long>\"\n    },\n    \"NextMemoTicklerDt\": \"<date>\",\n    \"Duration\": {\n      \"Count\": \"<long>\",\n      \"Unit\": \"<string>\"\n    },\n    \"ExpDt\": \"<date>\",\n    \"UpdateContactCode\": \"<string>\"\n  }\n}","options":{"raw":{"language":"json"}}}},"status":"Internal Server Error","code":500,"header":[{"key":"Content-Type","value":"application/json"}],"body":"{\n  \"MemoTicklerStatusRec\": {\n    \"MemoTicklerKeys\": {\n      \"AcctKeys\": {\n        \"AcctId\": \"Ut qui\",\n        \"AcctType\": \"LOAN\"\n      },\n      \"PartyKeys\": {\n        \"PartyId\": \"tempor nisi eius\"\n      },\n      \"MemoTicklerUse\": \"Memo\",\n      \"MemoTicklerIdent\": \"ut velit laborum\"\n    },\n    \"MemoTicklerStatus\": {\n      \"MemoTicklerStatusCode\": \"Valid\",\n      \"EffDt\": \"8270-19-98T46:15:79\"\n    }\n  },\n  \"Status\": {\n    \"Severity\": \"Info\",\n    \"StatusCode\": \"sunt anim au\",\n    \"StatusDesc\": \"eiusmod dolore\",\n    \"SvcProviderName\": \"reprehenderit ad do\",\n    \"Id\": \"ipsum cillum nostrud\",\n    \"ServerStatusCode\": \"consectetur \",\n    \"ServerStatusDesc\": \"aliqua in deserunt magna esse\",\n    \"OvrdExceptionInd\": false,\n    \"SubjectRole\": \"exercitation ad ipsum cillum\",\n    \"SubjectElement\": [\n      {\n        \"Path\": \"sint adipisicing ipsum proident\",\n        \"ServerPath\": \"sit dolore fugiat ad\",\n        \"Value\": \"sit occaecat do minim\"\n      },\n      {\n        \"Path\": \"dolore consectetur\",\n        \"ServerPath\": \"Excepteur laborum quis fugiat ipsum\",\n        \"Value\": \"velit elit\"\n      }\n    ],\n    \"ContentHTML\": \"ut in non\",\n    \"AdditionalStatus\": [\n      {\n        \"StatusCode\": \"dolor eni\",\n        \"StatusDesc\": \"aliquip ut veniam adipisicing esse\",\n        \"Severity\": \"Error\",\n        \"SvcProviderName\": \"sed minim amet consequat eiusmod\",\n        \"ServerStatusCode\": \"in ad Ut\",\n        \"ServerStatusDesc\": \"exercitation aute occaecat\",\n        \"OvrdExceptionInd\": true,\n        \"SubjectElement\": [\n          {\n            \"Path\": \"aliquip anim tempor\",\n            \"ServerPath\": \"eiusmod laborum in nisi\",\n            \"Value\": \"nisi Lorem mollit sit proident\"\n          },\n          {\n            \"Path\": \"qui irure id nulla ut\",\n            \"ServerPath\": \"officia commodo\",\n            \"Value\": \"occaecat enim\"\n          }\n        ]\n      },\n      {\n        \"StatusCode\": \"minim ess\",\n        \"StatusDesc\": \"occaecat non\",\n        \"Severity\": \"Warning\",\n        \"SvcProviderName\": \"dolore ut\",\n        \"ServerStatusCode\": \"adipisicing in\",\n        \"ServerStatusDesc\": \"ad consequat culpa\",\n        \"OvrdExceptionInd\": false,\n        \"SubjectElement\": [\n          {\n            \"Path\": \"dolor minim ipsum \",\n            \"ServerPath\": \"eu est sunt\",\n            \"Value\": \"deserunt officia\"\n          },\n          {\n            \"Path\": \"culpa consectetur\",\n            \"ServerPath\": \"proident commodo Excepteur reprehenderit\",\n            \"Value\": \"ut sit dolore ut mollit\"\n          }\n        ]\n      }\n    ]\n  }\n}","cookie":[],"_postman_previewlanguage":"json"}],"event":[],"protocolProfileBehavior":{"disableBodyPruning":true}},{"id":"58a903dd-ade1-4813-b3b7-e565e8957b8e","name":"secured","item":[{"id":"76351e97-6315-46fd-84cc-966e49d3df87","name":"Delete Memo Tickler.","request":{"name":"Delete Memo Tickler.","description":{"content":"Delete Memo Tickler API deletes an existing memo or tickler for an account or a customer (party). <br>Only one memo or tickler can be deleted per request. <br> <br> To download the API Specifications and Postman Collection, click <a href=\"../docs/?path=docs/resources/resources.md\" title=\"Click to open\">Resources</a>.","type":"text/plain"},"url":{"path":["memoticklerservice","partyacctsvc","memotickler","secured"],"host":["{{baseUrl}}"],"query":[],"variable":[]},"header":[{"disabled":false,"description":"(Required) EFX Header is a common and required component for all API calls, it contains client-related parameters. Please note that the header parameters should be sent as a JSON object under the EFXHeader parameter. To view the list of header parameters, <a href=\"../docs?path=docs/api-ref-EFX-header.md\" title=\"Click to open\"> click here.</a>","key":"EFXHeader","value":"OrganizationId,<string>,TrnId,<string>,VendorId,<string>,Context,[object Object]"},{"key":"Content-Type","value":"application/json"},{"key":"Accept","value":"application/json"}],"method":"PUT","auth":null,"body":{"mode":"raw","raw":"{\n  \"MemoTicklerKeys\": {\n    \"AcctKeys\": {\n      \"AcctId\": \"<string>\",\n      \"AcctType\": \"<string>\"\n    },\n    \"PartyKeys\": {\n      \"PartyId\": \"<string>\"\n    },\n    \"MemoTicklerUse\": \"<string>\",\n    \"MemoTicklerIdent\": \"<string>\"\n  }\n}","options":{"raw":{"language":"json"}}}},"response":[{"id":"ffb25a47-d011-4e8c-ae7e-ebbb93de98e1","name":"Success","originalRequest":{"url":{"path":["memoticklerservice","partyacctsvc","memotickler","secured"],"host":["{{baseUrl}}"],"query":[],"variable":[]},"header":[{"disabled":false,"description":"(Required) EFX Header is a common and required component for all API calls, it contains client-related parameters. Please note that the header parameters should be sent as a JSON object under the EFXHeader parameter. To view the list of header parameters, <a href=\"../docs?path=docs/api-ref-EFX-header.md\" title=\"Click to open\"> click here.</a>","key":"EFXHeader","value":"OrganizationId,<string>,TrnId,<string>,VendorId,<string>,Context,[object Object]"},{"key":"Accept","value":"application/json"}],"method":"PUT","body":{"mode":"raw","raw":"{\n  \"MemoTicklerKeys\": {\n    \"AcctKeys\": {\n      \"AcctId\": \"<string>\",\n      \"AcctType\": \"<string>\"\n    },\n    \"PartyKeys\": {\n      \"PartyId\": \"<string>\"\n    },\n    \"MemoTicklerUse\": \"<string>\",\n    \"MemoTicklerIdent\": \"<string>\"\n  }\n}","options":{"raw":{"language":"json"}}}},"status":"OK","code":200,"header":[{"key":"Content-Type","value":"application/json"}],"body":"{\n  \"MemoTicklerStatusRec\": {\n    \"MemoTicklerKeys\": {\n      \"AcctKeys\": {\n        \"AcctId\": \"aute reprehenderit\",\n        \"AcctType\": \"SDA\"\n      },\n      \"PartyKeys\": {\n        \"PartyId\": \"consequat\"\n      },\n      \"MemoTicklerUse\": \"TicklerRequired\",\n      \"MemoTicklerIdent\": \"c\"\n    },\n    \"MemoTicklerStatus\": {\n      \"MemoTicklerStatusCode\": \"Deleted\",\n      \"EffDt\": \"2025-67-31\"\n    }\n  },\n  \"Status\": {\n    \"Severity\": \"Info\",\n    \"StatusCode\": \"amet Lorem magna\",\n    \"StatusDesc\": \"sed nulla\",\n    \"SvcProviderName\": \"laboris ad\",\n    \"Id\": \"elit aliqua culpa in\",\n    \"ServerStatusCode\": \"consequat m\",\n    \"ServerStatusDesc\": \"aliqua ipsum\",\n    \"OvrdExceptionInd\": true,\n    \"SubjectRole\": \"mollit amet eu\",\n    \"SubjectElement\": [\n      {\n        \"Path\": \"sunt nulla\",\n        \"ServerPath\": \"lab\",\n        \"Value\": \"id nulla labore aliqua\"\n      },\n      {\n        \"Path\": \"exercitation ut mollit Ut\",\n        \"ServerPath\": \"esse voluptate velit\",\n        \"Value\": \"esse\"\n      }\n    ],\n    \"ContentHTML\": \"labore do voluptate magna\",\n    \"AdditionalStatus\": [\n      {\n        \"StatusCode\": \"aliqua dolore \",\n        \"StatusDesc\": \"sunt a\",\n        \"Severity\": \"Warning\",\n        \"SvcProviderName\": \"irure in\",\n        \"ServerStatusCode\": \"\",\n        \"ServerStatusDesc\": \"dolor dolor\",\n        \"OvrdExceptionInd\": true,\n        \"SubjectElement\": [\n          {\n            \"Path\": \"et ad non fugiat\",\n            \"ServerPath\": \"aute Excepteur laborum proide\",\n            \"Value\": \"voluptate consectetur\"\n          },\n          {\n            \"Path\": \"anim in ut ipsum dolore\",\n            \"ServerPath\": \"amet ut exercitation\",\n            \"Value\": \"adipisicing mollit ut sunt\"\n          }\n        ]\n      },\n      {\n        \"StatusCode\": \"p\",\n        \"StatusDesc\": \"qui eiusmod\",\n        \"Severity\": \"Info\",\n        \"SvcProviderName\": \"ea\",\n        \"ServerStatusCode\": \"aute\",\n        \"ServerStatusDesc\": \"officia et nostrud tempor veniam\",\n        \"OvrdExceptionInd\": false,\n        \"SubjectElement\": [\n          {\n            \"Path\": \"occaecat eiusmod reprehenderit ullamco\",\n            \"ServerPath\": \"Duis ut proident culpa\",\n            \"Value\": \"ut consectetur quis dolor\"\n          },\n          {\n            \"Path\": \"cillum occaecat\",\n            \"ServerPath\": \"sunt officia ullamco incididunt occaecat\",\n            \"Value\": \"adipisicing quis dolore\"\n          }\n        ]\n      }\n    ]\n  }\n}","cookie":[],"_postman_previewlanguage":"json"},{"id":"4caf2690-2051-44a2-8c7c-7f595c9bb579","name":"To view the complete list of response codes, <a href=\"../docs/?path=docs/response-codes.md\" title=\"Click to open\">click here.</a>","originalRequest":{"url":{"path":["memoticklerservice","partyacctsvc","memotickler","secured"],"host":["{{baseUrl}}"],"query":[],"variable":[]},"header":[{"disabled":false,"description":"(Required) EFX Header is a common and required component for all API calls, it contains client-related parameters. Please note that the header parameters should be sent as a JSON object under the EFXHeader parameter. To view the list of header parameters, <a href=\"../docs?path=docs/api-ref-EFX-header.md\" title=\"Click to open\"> click here.</a>","key":"EFXHeader","value":"OrganizationId,<string>,TrnId,<string>,VendorId,<string>,Context,[object Object]"},{"key":"Accept","value":"application/json"}],"method":"PUT","body":{"mode":"raw","raw":"{\n  \"MemoTicklerKeys\": {\n    \"AcctKeys\": {\n      \"AcctId\": \"<string>\",\n      \"AcctType\": \"<string>\"\n    },\n    \"PartyKeys\": {\n      \"PartyId\": \"<string>\"\n    },\n    \"MemoTicklerUse\": \"<string>\",\n    \"MemoTicklerIdent\": \"<string>\"\n  }\n}","options":{"raw":{"language":"json"}}}},"status":"Internal Server Error","code":500,"header":[{"key":"Content-Type","value":"application/json"}],"body":"{\n  \"MemoTicklerStatusRec\": {\n    \"MemoTicklerKeys\": {\n      \"AcctKeys\": {\n        \"AcctId\": \"aute reprehenderit\",\n        \"AcctType\": \"SDA\"\n      },\n      \"PartyKeys\": {\n        \"PartyId\": \"consequat\"\n      },\n      \"MemoTicklerUse\": \"TicklerRequired\",\n      \"MemoTicklerIdent\": \"c\"\n    },\n    \"MemoTicklerStatus\": {\n      \"MemoTicklerStatusCode\": \"Deleted\",\n      \"EffDt\": \"2025-67-31\"\n    }\n  },\n  \"Status\": {\n    \"Severity\": \"Info\",\n    \"StatusCode\": \"amet Lorem magna\",\n    \"StatusDesc\": \"sed nulla\",\n    \"SvcProviderName\": \"laboris ad\",\n    \"Id\": \"elit aliqua culpa in\",\n    \"ServerStatusCode\": \"consequat m\",\n    \"ServerStatusDesc\": \"aliqua ipsum\",\n    \"OvrdExceptionInd\": true,\n    \"SubjectRole\": \"mollit amet eu\",\n    \"SubjectElement\": [\n      {\n        \"Path\": \"sunt nulla\",\n        \"ServerPath\": \"lab\",\n        \"Value\": \"id nulla labore aliqua\"\n      },\n      {\n        \"Path\": \"exercitation ut mollit Ut\",\n        \"ServerPath\": \"esse voluptate velit\",\n        \"Value\": \"esse\"\n      }\n    ],\n    \"ContentHTML\": \"labore do voluptate magna\",\n    \"AdditionalStatus\": [\n      {\n        \"StatusCode\": \"aliqua dolore \",\n        \"StatusDesc\": \"sunt a\",\n        \"Severity\": \"Warning\",\n        \"SvcProviderName\": \"irure in\",\n        \"ServerStatusCode\": \"\",\n        \"ServerStatusDesc\": \"dolor dolor\",\n        \"OvrdExceptionInd\": true,\n        \"SubjectElement\": [\n          {\n            \"Path\": \"et ad non fugiat\",\n            \"ServerPath\": \"aute Excepteur laborum proide\",\n            \"Value\": \"voluptate consectetur\"\n          },\n          {\n            \"Path\": \"anim in ut ipsum dolore\",\n            \"ServerPath\": \"amet ut exercitation\",\n            \"Value\": \"adipisicing mollit ut sunt\"\n          }\n        ]\n      },\n      {\n        \"StatusCode\": \"p\",\n        \"StatusDesc\": \"qui eiusmod\",\n        \"Severity\": \"Info\",\n        \"SvcProviderName\": \"ea\",\n        \"ServerStatusCode\": \"aute\",\n        \"ServerStatusDesc\": \"officia et nostrud tempor veniam\",\n        \"OvrdExceptionInd\": false,\n        \"SubjectElement\": [\n          {\n            \"Path\": \"occaecat eiusmod reprehenderit ullamco\",\n            \"ServerPath\": \"Duis ut proident culpa\",\n            \"Value\": \"ut consectetur quis dolor\"\n          },\n          {\n            \"Path\": \"cillum occaecat\",\n            \"ServerPath\": \"sunt officia ullamco incididunt occaecat\",\n            \"Value\": \"adipisicing quis dolore\"\n          }\n        ]\n      }\n    ]\n  }\n}","cookie":[],"_postman_previewlanguage":"json"}],"event":[],"protocolProfileBehavior":{"disableBodyPruning":true}},{"id":"c07897c2-9e55-4ed5-9ba6-a68e16680ff1","name":"Get Memo Tickler.","request":{"name":"Get Memo Tickler.","description":{"content":"Get Memo Tickler API retrieves and searches information about one particular memo or tickler or list of memos and ticklers associated to an account or party (customer). <br>For Signature, when the memo tickler identifier is not sent in the request, this API returns the list of memo or ticklers associated to the account or party based upon the search criteria fields sent in the request. <br> <br> To download the API Specifications and Postman Collection, click <a href=\"../docs/?path=docs/resources/resources.md\" title=\"Click to open\">Resources</a>.","type":"text/plain"},"url":{"path":["memoticklerservice","partyacctsvc","memotickler","secured"],"host":["{{baseUrl}}"],"query":[],"variable":[]},"header":[{"disabled":false,"description":"(Required) EFX Header is a common and required component for all API calls, it contains client-related parameters. Please note that the header parameters should be sent as a JSON object under the EFXHeader parameter. To view the list of header parameters, <a href=\"../docs?path=docs/api-ref-EFX-header.md\" title=\"Click to open\"> click here.</a>","key":"EFXHeader","value":"OrganizationId,<string>,TrnId,<string>,VendorId,<string>,Context,[object Object]"},{"key":"Content-Type","value":"application/json"},{"key":"Accept","value":"application/json"}],"method":"POST","auth":null,"body":{"mode":"raw","raw":"{\n  \"MemoTicklerSel\": {\n    \"MemoTicklerKeys\": {\n      \"AcctKeys\": {\n        \"AcctId\": \"<string>\",\n        \"AcctType\": \"<string>\"\n      },\n      \"PartyKeys\": {\n        \"PartyId\": \"<string>\"\n      },\n      \"MemoTicklerUse\": \"<string>\",\n      \"MemoTicklerIdent\": \"<string>\"\n    },\n    \"AcctKeys\": {\n      \"AcctId\": \"<string>\",\n      \"AcctType\": \"<string>\"\n    },\n    \"PartyKeys\": {\n      \"PartyId\": \"<string>\"\n    },\n    \"MemoTicklerType\": \"<string>\",\n    \"MemoTicklerTitle\": \"<string>\",\n    \"MemoTicklerUse\": \"<string>\",\n    \"CreatedBy\": \"<string>\",\n    \"RelationshipMgr\": [\n      {\n        \"RelationshipMgrIdent\": \"<string>\",\n        \"RelationshipRole\": \"<string>\"\n      },\n      {\n        \"RelationshipMgrIdent\": \"<string>\",\n        \"RelationshipRole\": \"<string>\"\n      }\n    ],\n    \"NextMemoTicklerDt\": \"<date>\"\n  },\n  \"RecCtrlIn\": {\n    \"MaxRecLimit\": \"<long>\",\n    \"Cursor\": \"<string>\"\n  }\n}","options":{"raw":{"language":"json"}}}},"response":[{"id":"356628bb-8563-4619-9220-55cfd4887177","name":"Success","originalRequest":{"url":{"path":["memoticklerservice","partyacctsvc","memotickler","secured"],"host":["{{baseUrl}}"],"query":[],"variable":[]},"header":[{"disabled":false,"description":"(Required) EFX Header is a common and required component for all API calls, it contains client-related parameters. Please note that the header parameters should be sent as a JSON object under the EFXHeader parameter. To view the list of header parameters, <a href=\"../docs?path=docs/api-ref-EFX-header.md\" title=\"Click to open\"> click here.</a>","key":"EFXHeader","value":"OrganizationId,<string>,TrnId,<string>,VendorId,<string>,Context,[object Object]"},{"key":"Accept","value":"application/json"}],"method":"POST","body":{"mode":"raw","raw":"{\n  \"MemoTicklerSel\": {\n    \"MemoTicklerKeys\": {\n      \"AcctKeys\": {\n        \"AcctId\": \"<string>\",\n        \"AcctType\": \"<string>\"\n      },\n      \"PartyKeys\": {\n        \"PartyId\": \"<string>\"\n      },\n      \"MemoTicklerUse\": \"<string>\",\n      \"MemoTicklerIdent\": \"<string>\"\n    },\n    \"AcctKeys\": {\n      \"AcctId\": \"<string>\",\n      \"AcctType\": \"<string>\"\n    },\n    \"PartyKeys\": {\n      \"PartyId\": \"<string>\"\n    },\n    \"MemoTicklerType\": \"<string>\",\n    \"MemoTicklerTitle\": \"<string>\",\n    \"MemoTicklerUse\": \"<string>\",\n    \"CreatedBy\": \"<string>\",\n    \"RelationshipMgr\": [\n      {\n        \"RelationshipMgrIdent\": \"<string>\",\n        \"RelationshipRole\": \"<string>\"\n      },\n      {\n        \"RelationshipMgrIdent\": \"<string>\",\n        \"RelationshipRole\": \"<string>\"\n      }\n    ],\n    \"NextMemoTicklerDt\": \"<date>\"\n  },\n  \"RecCtrlIn\": {\n    \"MaxRecLimit\": \"<long>\",\n    \"Cursor\": \"<string>\"\n  }\n}","options":{"raw":{"language":"json"}}}},"status":"OK","code":200,"header":[{"key":"Content-Type","value":"application/json"}],"body":"{\n  \"MemoTicklerRec\": [\n    {\n      \"MemoTicklerInfo\": {\n        \"MemoTicklerType\": \"ut irure\",\n        \"MemoTicklerTypeDesc\": \"occaecat voluptate ad\",\n        \"MemoTicklerTitle\": \"ex n\",\n        \"MemoTicklerUse\": \"Tickler\",\n        \"CreateDt\": \"0641-81-38\",\n        \"CreatedBy\": \"pariatur Excepte\",\n        \"RelationshipMgr\": [\n          {\n            \"RelationshipMgrIdent\": \"sed\",\n            \"RelationshipRole\": \"Officer\"\n          },\n          {\n            \"RelationshipMgrIdent\": \"et eu\",\n            \"RelationshipRole\": \"SecondOfficer\"\n          }\n        ],\n        \"RequiredViewInd\": true,\n        \"PrivateMemoTicklerInd\": false,\n        \"ActionRequiredCode\": \"NoActionRq\",\n        \"DeliveryInstruction\": {\n          \"DeliveryMethod\": \"Notice\",\n          \"DeliveryDestination\": \"Officer\"\n        },\n        \"RecurRule\": {\n          \"RecurType\": \"Monthly\",\n          \"RecurInterval\": 6369668\n        },\n        \"NextMemoTicklerDt\": \"2000-10-25\",\n        \"Duration\": {\n          \"Count\": -18762235,\n          \"Unit\": \"Days\"\n        },\n        \"ExpDt\": \"1990-09-30\",\n        \"MaintBy\": \"ad consequat\",\n        \"MaintDt\": \"4418-17-67T83:22\",\n        \"MemoTicklerDtlStatus\": \"Active\",\n        \"RestrictedInd\": true\n      },\n      \"MemoTicklerKeys\": {\n        \"AcctKeys\": {\n          \"AcctId\": \"deserunt ut\",\n          \"AcctType\": \"SDA\"\n        },\n        \"PartyKeys\": {\n          \"PartyId\": \"<string>\"\n        },\n        \"MemoTicklerUse\": \"Tickler\",\n        \"MemoTicklerIdent\": \"quis occaecat velit\"\n      },\n      \"MemoTicklerStatus\": {\n        \"MemoTicklerStatusCode\": \"Valid\",\n        \"EffDt\": \"1033-97-43T13:49:33.344+78:67\"\n      }\n    },\n    {\n      \"MemoTicklerInfo\": {\n        \"MemoTicklerType\": \"aute Ut amet\",\n        \"MemoTicklerTypeDesc\": \"esse sit anim\",\n        \"MemoTicklerTitle\": \"fugiat qui\",\n        \"MemoTicklerUse\": \"Memo\",\n        \"CreateDt\": \"3512-26-99\",\n        \"CreatedBy\": \"sunt Excepteur ea magna\",\n        \"RelationshipMgr\": [\n          {\n            \"RelationshipMgrIdent\": \"adipisicing sunt\",\n            \"RelationshipRole\": \"Officer\"\n          },\n          {\n            \"RelationshipMgrIdent\": \"amet ipsum\",\n            \"RelationshipRole\": \"Officer\"\n          }\n        ],\n        \"RequiredViewInd\": true,\n        \"PrivateMemoTicklerInd\": true,\n        \"ActionRequiredCode\": \"NoActionRq\",\n        \"DeliveryInstruction\": {\n          \"DeliveryMethod\": \"ReportAndMessage\",\n          \"DeliveryDestination\": \"AllOfficers\"\n        },\n        \"RecurRule\": {\n          \"RecurType\": \"Monthly\",\n          \"RecurInterval\": 21553428\n        },\n        \"NextMemoTicklerDt\": \"1964-01-19\",\n        \"Duration\": {\n          \"Count\": -25586438,\n          \"Unit\": \"Days\"\n        },\n        \"ExpDt\": \"1951-10-22\",\n        \"MaintBy\": \"adipisicing culp\",\n        \"MaintDt\": \"1536-36-73\",\n        \"MemoTicklerDtlStatus\": \"Inactive\",\n        \"RestrictedInd\": true\n      },\n      \"MemoTicklerKeys\": {\n        \"AcctKeys\": {\n          \"AcctId\": \"quis mi\",\n          \"AcctType\": \"LOAN\"\n        },\n        \"PartyKeys\": {\n          \"PartyId\": \"<string>\"\n        },\n        \"MemoTicklerUse\": \"TicklerRequired\",\n        \"MemoTicklerIdent\": \"qui ex labore am\"\n      },\n      \"MemoTicklerStatus\": {\n        \"MemoTicklerStatusCode\": \"Valid\",\n        \"EffDt\": \"4049-34-27T53:91:83.688-35:62\"\n      }\n    }\n  ],\n  \"Status\": {\n    \"Severity\": \"Info\",\n    \"StatusCode\": \"elit dolor ipsum\",\n    \"StatusDesc\": \"ut esse\",\n    \"SvcProviderName\": \"elit enim\",\n    \"Id\": \"dolor\",\n    \"ServerStatusCode\": \"do\",\n    \"ServerStatusDesc\": \"cupidatat\",\n    \"OvrdExceptionInd\": false,\n    \"SubjectRole\": \"ex\",\n    \"SubjectElement\": [\n      {\n        \"Path\": \"qui ex voluptate officia\",\n        \"ServerPath\": \"nulla Lorem voluptate aliquip\",\n        \"Value\": \"dolor ex officia Duis ipsum\"\n      },\n      {\n        \"Path\": \"Duis nulla ex sed proid\",\n        \"ServerPath\": \"Excepteur\",\n        \"Value\": \"aliquip consequat\"\n      }\n    ],\n    \"ContentHTML\": \"et voluptate culpa cillum\",\n    \"AdditionalStatus\": [\n      {\n        \"StatusCode\": \"in aute est proiden\",\n        \"StatusDesc\": \"quis deserunt magna non\",\n        \"Severity\": \"Error\",\n        \"SvcProviderName\": \"sint anim\",\n        \"ServerStatusCode\": \"in\",\n        \"ServerStatusDesc\": \"in quis ad Excepteur velit\",\n        \"OvrdExceptionInd\": true,\n        \"SubjectElement\": [\n          {\n            \"Path\": \"voluptate sed te\",\n            \"ServerPath\": \"esse laboris magna aliquip velit\",\n            \"Value\": \"cillum fugiat in aute ut\"\n          },\n          {\n            \"Path\": \"commodo nisi ullamco qui\",\n            \"ServerPath\": \"cupidatat consequat fugiat\",\n            \"Value\": \"in\"\n          }\n        ]\n      },\n      {\n        \"StatusCode\": \"aute eu exercit\",\n        \"StatusDesc\": \"sint ni\",\n        \"Severity\": \"Warning\",\n        \"SvcProviderName\": \"in tempor in\",\n        \"ServerStatusCode\": \"veniam iru\",\n        \"ServerStatusDesc\": \"commodo occaecat labore in deserunt\",\n        \"OvrdExceptionInd\": true,\n        \"SubjectElement\": [\n          {\n            \"Path\": \"sunt ut\",\n            \"ServerPath\": \"esse id proident\",\n            \"Value\": \"magna\"\n          },\n          {\n            \"Path\": \"in enim\",\n            \"ServerPath\": \"ex laboris proident\",\n            \"Value\": \"nostrud labore\"\n          }\n        ]\n      }\n    ]\n  },\n  \"RecCtrlOut\": {\n    \"SentRecCount\": 51006306,\n    \"MatchedRecCount\": -99171789,\n    \"Cursor\": \"sint consectetur dolor\"\n  }\n}","cookie":[],"_postman_previewlanguage":"json"},{"id":"26063d69-9d44-4ccf-8dc9-773cf4bbe640","name":"To view the complete list of response codes, <a href=\"../docs/?path=docs/response-codes.md\" title=\"Click to open\">click here.</a>","originalRequest":{"url":{"path":["memoticklerservice","partyacctsvc","memotickler","secured"],"host":["{{baseUrl}}"],"query":[],"variable":[]},"header":[{"disabled":false,"description":"(Required) EFX Header is a common and required component for all API calls, it contains client-related parameters. Please note that the header parameters should be sent as a JSON object under the EFXHeader parameter. To view the list of header parameters, <a href=\"../docs?path=docs/api-ref-EFX-header.md\" title=\"Click to open\"> click here.</a>","key":"EFXHeader","value":"OrganizationId,<string>,TrnId,<string>,VendorId,<string>,Context,[object Object]"},{"key":"Accept","value":"application/json"}],"method":"POST","body":{"mode":"raw","raw":"{\n  \"MemoTicklerSel\": {\n    \"MemoTicklerKeys\": {\n      \"AcctKeys\": {\n        \"AcctId\": \"<string>\",\n        \"AcctType\": \"<string>\"\n      },\n      \"PartyKeys\": {\n        \"PartyId\": \"<string>\"\n      },\n      \"MemoTicklerUse\": \"<string>\",\n      \"MemoTicklerIdent\": \"<string>\"\n    },\n    \"AcctKeys\": {\n      \"AcctId\": \"<string>\",\n      \"AcctType\": \"<string>\"\n    },\n    \"PartyKeys\": {\n      \"PartyId\": \"<string>\"\n    },\n    \"MemoTicklerType\": \"<string>\",\n    \"MemoTicklerTitle\": \"<string>\",\n    \"MemoTicklerUse\": \"<string>\",\n    \"CreatedBy\": \"<string>\",\n    \"RelationshipMgr\": [\n      {\n        \"RelationshipMgrIdent\": \"<string>\",\n        \"RelationshipRole\": \"<string>\"\n      },\n      {\n        \"RelationshipMgrIdent\": \"<string>\",\n        \"RelationshipRole\": \"<string>\"\n      }\n    ],\n    \"NextMemoTicklerDt\": \"<date>\"\n  },\n  \"RecCtrlIn\": {\n    \"MaxRecLimit\": \"<long>\",\n    \"Cursor\": \"<string>\"\n  }\n}","options":{"raw":{"language":"json"}}}},"status":"Internal Server Error","code":500,"header":[{"key":"Content-Type","value":"application/json"}],"body":"{\n  \"MemoTicklerRec\": [\n    {\n      \"MemoTicklerInfo\": {\n        \"MemoTicklerType\": \"incididunt labore\",\n        \"MemoTicklerTypeDesc\": \"minim id\",\n        \"MemoTicklerTitle\": \"Duis elit officia ut\",\n        \"MemoTicklerUse\": \"Tickler\",\n        \"CreateDt\": \"3841-34-12T30:77:08.021\",\n        \"CreatedBy\": \"reprehenderit quis\",\n        \"RelationshipMgr\": [\n          {\n            \"RelationshipMgrIdent\": \"e\",\n            \"RelationshipRole\": \"Officer\"\n          },\n          {\n            \"RelationshipMgrIdent\": \"labore ea in\",\n            \"RelationshipRole\": \"Officer\"\n          }\n        ],\n        \"RequiredViewInd\": true,\n        \"PrivateMemoTicklerInd\": true,\n        \"ActionRequiredCode\": \"NoActionRq\",\n        \"DeliveryInstruction\": {\n          \"DeliveryMethod\": \"Message\",\n          \"DeliveryDestination\": \"User\"\n        },\n        \"RecurRule\": {\n          \"RecurType\": \"Monthly\",\n          \"RecurInterval\": 6019432\n        },\n        \"NextMemoTicklerDt\": \"1972-11-02\",\n        \"Duration\": {\n          \"Count\": 68522179,\n          \"Unit\": \"Days\"\n        },\n        \"ExpDt\": \"1959-11-28\",\n        \"MaintBy\": \"laboris enim\",\n        \"MaintDt\": \"8148-60-22\",\n        \"MemoTicklerDtlStatus\": \"Inactive\",\n        \"RestrictedInd\": false\n      },\n      \"MemoTicklerKeys\": {\n        \"AcctKeys\": {\n          \"AcctId\": \"\",\n          \"AcctType\": \"LOAN\"\n        },\n        \"PartyKeys\": {\n          \"PartyId\": \"<string>\"\n        },\n        \"MemoTicklerUse\": \"MemoRequired\",\n        \"MemoTicklerIdent\": \"quis qui anim dolor Duis\"\n      },\n      \"MemoTicklerStatus\": {\n        \"MemoTicklerStatusCode\": \"Valid\",\n        \"EffDt\": \"2323-99-22\"\n      }\n    },\n    {\n      \"MemoTicklerInfo\": {\n        \"MemoTicklerType\": \"n\",\n        \"MemoTicklerTypeDesc\": \"ut proident et\",\n        \"MemoTicklerTitle\": \"sit consectetur ex nisi\",\n        \"MemoTicklerUse\": \"Memo\",\n        \"CreateDt\": \"3328-88-91T81:71:13.155+52:76\",\n        \"CreatedBy\": \"cillum ut\",\n        \"RelationshipMgr\": [\n          {\n            \"RelationshipMgrIdent\": \"consectetur\",\n            \"RelationshipRole\": \"SecondOfficer\"\n          },\n          {\n            \"RelationshipMgrIdent\": \"elit irure\",\n            \"RelationshipRole\": \"SecondOfficer\"\n          }\n        ],\n        \"RequiredViewInd\": true,\n        \"PrivateMemoTicklerInd\": false,\n        \"ActionRequiredCode\": \"NoActionRq\",\n        \"DeliveryInstruction\": {\n          \"DeliveryMethod\": \"ReportAndMessage\",\n          \"DeliveryDestination\": \"Officer\"\n        },\n        \"RecurRule\": {\n          \"RecurType\": \"Daily\",\n          \"RecurInterval\": 93311266\n        },\n        \"NextMemoTicklerDt\": \"1993-01-31\",\n        \"Duration\": {\n          \"Count\": 86925642,\n          \"Unit\": \"Days\"\n        },\n        \"ExpDt\": \"2015-05-12\",\n        \"MaintBy\": \"sit L\",\n        \"MaintDt\": \"9811-31-04\",\n        \"MemoTicklerDtlStatus\": \"Active\",\n        \"RestrictedInd\": true\n      },\n      \"MemoTicklerKeys\": {\n        \"AcctKeys\": {\n          \"AcctId\": \"inci\",\n          \"AcctType\": \"SDA\"\n        },\n        \"PartyKeys\": {\n          \"PartyId\": \"<string>\"\n        },\n        \"MemoTicklerUse\": \"Memo\",\n        \"MemoTicklerIdent\": \"mollit sed exercitation mi\"\n      },\n      \"MemoTicklerStatus\": {\n        \"MemoTicklerStatusCode\": \"Valid\",\n        \"EffDt\": \"4757-33-81\"\n      }\n    }\n  ],\n  \"Status\": {\n    \"Severity\": \"Warning\",\n    \"StatusCode\": \"l\",\n    \"StatusDesc\": \"aliqua vo\",\n    \"SvcProviderName\": \"enim nostrud\",\n    \"Id\": \"anim enim\",\n    \"ServerStatusCode\": \"Ut fu\",\n    \"ServerStatusDesc\": \"esse elit occaecat\",\n    \"OvrdExceptionInd\": true,\n    \"SubjectRole\": \"do reprehenderit\",\n    \"SubjectElement\": [\n      {\n        \"Path\": \"dolor reprehenderit Ut ea\",\n        \"ServerPath\": \"in\",\n        \"Value\": \"pariatur nisi irure nulla\"\n      },\n      {\n        \"Path\": \"reprehenderit deserunt\",\n        \"ServerPath\": \"Duis anim aliquip laborum\",\n        \"Value\": \"consectetur consequat occaecat\"\n      }\n    ],\n    \"ContentHTML\": \"cupidatat la\",\n    \"AdditionalStatus\": [\n      {\n        \"StatusCode\": \"dolore cupi\",\n        \"StatusDesc\": \"Lorem\",\n        \"Severity\": \"Info\",\n        \"SvcProviderName\": \"aliquip sunt Lorem occaecat pariatur\",\n        \"ServerStatusCode\": \"ip\",\n        \"ServerStatusDesc\": \"aliquip ut\",\n        \"OvrdExceptionInd\": false,\n        \"SubjectElement\": [\n          {\n            \"Path\": \"cillum\",\n            \"ServerPath\": \"Lorem incididunt ullamco consectetur sit\",\n            \"Value\": \"voluptate\"\n          },\n          {\n            \"Path\": \"consequat ex\",\n            \"ServerPath\": \"laboris fugiat sit\",\n            \"Value\": \"ea culpa do\"\n          }\n        ]\n      },\n      {\n        \"StatusCode\": \"ir\",\n        \"StatusDesc\": \"dolore dolore\",\n        \"Severity\": \"Info\",\n        \"SvcProviderName\": \"id adipisici\",\n        \"ServerStatusCode\": \"exercitation cillum\",\n        \"ServerStatusDesc\": \"voluptate ad\",\n        \"OvrdExceptionInd\": false,\n        \"SubjectElement\": [\n          {\n            \"Path\": \"aliquip d\",\n            \"ServerPath\": \"minim amet pariatur\",\n            \"Value\": \"eu ullamco dolore in\"\n          },\n          {\n            \"Path\": \"dolor elit\",\n            \"ServerPath\": \"consequat sed esse\",\n            \"Value\": \"eiusmod qui nisi cupidatat esse\"\n          }\n        ]\n      }\n    ]\n  },\n  \"RecCtrlOut\": {\n    \"SentRecCount\": -70051159,\n    \"MatchedRecCount\": -5938023,\n    \"Cursor\": \"voluptate officia Duis mollit\"\n  }\n}","cookie":[],"_postman_previewlanguage":"json"}],"event":[],"protocolProfileBehavior":{"disableBodyPruning":true}}],"event":[]}],"event":[]}],"event":[],"variable":[{"type":"string","value":"/","key":"baseUrl"}],"info":{"_postman_id":"c1c9a96a-a3fd-46dc-9dca-7e2c96752a45","name":"Memo Tickler Service","schema":"https://schema.getpostman.com/json/collection/v2.1.0/collection.json","description":{"content":"Memo tickler service supports operations to manage memo and ticklers.\n    <br>\n    Memo and ticklers are used to notify the officers from financial institutions regarding important messages or actions that need to take place when interacting with the customer or performing a transaction to the customer's account.\n    <br>\n    Memo is a continuous message that does not require any specific action to be taken on it. Tickler is a one-time or recurring message which may require some specific action to be taken.","type":"text/plain"}}}